o Mesh
v 0.45858344435691833 4.3483452796936035 -25
v 0.9203830361366272 -0.49325165152549744 -25
v 0.5381656885147095 -1.2218565940856934 -25
v 0.9203830361366272 3.838460683822632 -25
v -0.45858344435691833 4.3483452796936035 -25
v -0.9203831553459167 -0.49325165152549744 -25
v -0.9203831553459167 3.838460683822632 -25
v -0.5381657481193542 -1.2218565940856934 -25
v -0.45858344435691833 4.3483452796936035 -25
v 0.5381656885147095 -1.2218565940856934 -25
v -0.5381657481193542 -1.2218565940856934 -25
v 0.45858344435691833 4.3483452796936035 -25
v -2.1531397524703023e-15 4.191936016082764 -24.876907348632812
v -0.4723709225654602 -1.0697463750839233 -24.876907348632812
v -0.4723709225654602 4.191936016082764 -24.876907348632812
v -2.797510114456881e-15 -1.0697463750839233 -24.876907348632812
v -0.8010222911834717 -0.45347917079925537 -24.876907348632812
v -0.8010222911834717 3.7810921669006348 -24.876907348632812
v 0.4723709225654602 4.191936016082764 -24.876907348632812
v 0.4723709225654602 -1.0697463750839233 -24.876907348632812
v -2.1531397524703023e-15 4.191936016082764 -24.876907348632812
v -2.797510114456881e-15 -1.0697463750839233 -24.876907348632812
v 0.8010222911834717 -0.45347917079925537 -24.876907348632812
v 0.8010222911834717 3.7810921669006348 -24.876907348632812
v -0.24510236084461212 4.654054164886475 25
v -0.4245297610759735 4.474626541137695 25
v -0.27317020297050476 4.387239933013916 25
v -0.1577148735523224 4.502695560455322 25
v -0.3154297471046448 4.229524612426758 25
v -0.4245297610759735 4.474626541137695 25
v -0.49020472168922424 4.229524612426758 25
v -0.27317020297050476 4.387239933013916 25
v 0.24510236084461212 3.8049943447113037 25
v -8.981737575908255e-10 3.914095401763916 25
v -1.2332335961483991e-15 3.7393195629119873 25
v 0.1577148735523224 3.9563546180725098 25
v -0.24510236084461212 3.8049943447113037 25
v -1.2332335961483991e-15 3.7393195629119873 25
v -8.981737575908255e-10 3.914095401763916 25
v -0.1577148735523224 3.9563546180725098 25
v -0.49020472168922424 4.229524612426758 25
v -0.27317020297050476 4.071810245513916 25
v -0.3154297471046448 4.229524612426758 25
v -0.4245297610759735 3.984421730041504 25
v 0.1577148735523224 3.9563546180725098 25
v 0.4245297610759735 3.984421730041504 25
v 0.27317020297050476 4.071810245513916 25
v 0.24510236084461212 3.8049943447113037 25
v -0.1577148735523224 3.9563546180725098 25
v -0.27317020297050476 4.071810245513916 25
v -0.4245297610759735 3.984421730041504 25
v -0.24510236084461212 3.8049943447113037 25
v 0.27317020297050476 4.071810245513916 25
v 0.49020472168922424 4.229524612426758 25
v 0.3154297471046448 4.229524612426758 25
v 0.4245297610759735 3.984421730041504 25
v 0.4245297610759735 4.474626541137695 25
v 0.3154297471046448 4.229524612426758 25
v 0.49020472168922424 4.229524612426758 25
v 0.27317020297050476 4.387239933013916 25
v 0.24510236084461212 4.654054164886475 25
v 0.27317020297050476 4.387239933013916 25
v 0.4245297610759735 4.474626541137695 25
v 0.1577148735523224 4.502695560455322 25
v 0.1577148735523224 4.502695560455322 25
v -8.954733850792345e-16 4.719728946685791 25
v -8.981735355462206e-10 4.544954776763916 25
v 0.24510236084461212 4.654054164886475 25
v -0.1577148735523224 4.502695560455322 25
v -0.24510236084461212 4.654054164886475 25
v -0.1858387589454651 3.3988869190216064 24.154653549194336
v 0.1858387589454651 3.3988869190216064 24.154653549194336
v -0.1858387589454651 3.8026907444000244 24.154653549194336
v 0.1858387589454651 3.8026907444000244 24.154653549194336
v -0.277416467666626 4.710024356842041 24.146682739257812
v -0.48049935698509216 4.506941795349121 24.146682739257812
v -0.3896593451499939 4.454495429992676 24.146682739257812
v -0.22496993839740753 4.619184494018555 24.146682739257812
v -0.1858387589454651 6.571360111236572 24.154653549194336
v -0.1858387589454651 4.708897590637207 24.154653549194336
v 0.1858387589454651 4.708897590637207 24.154653549194336
v 0.1858387589454651 6.571360111236572 24.154653549194336
v -0.292632132768631 6.738964557647705 24.146570205688477
v -4.480323176261208e-15 6.4857306480407715 24.146570205688477
v -3.78615172389905e-15 6.617753028869629 24.146570205688477
v -0.38792693614959717 6.646414756774902 24.146570205688477
v 0.292632132768631 6.738964557647705 24.146570205688477
v -4.480323176261208e-15 6.4857306480407715 24.146570205688477
v 0.38792693614959717 6.646414756774902 24.146570205688477
v -3.78615172389905e-15 6.617753028869629 24.146570205688477
v 0.4138443171977997 7.03159761428833 24.146570205688477
v 0.5486115217208862 7.034342288970947 24.146570205688477
v 0.4450276792049408 7.284416198730469 24.146570205688477
v 0.4138443171977997 7.03159761428833 24.146570205688477
v 0.5486115217208862 7.034342288970947 24.146570205688477
v 0.3582955002784729 7.264134407043457 24.146570205688477
v -0.38792693614959717 6.646414756774902 24.146570205688477
v -0.4138443171977997 7.03159761428833 24.146570205688477
v -0.5486115217208862 7.034342288970947 24.146570205688477
v -0.292632132768631 6.738964557647705 24.146570205688477
v -0.4138443171977997 7.03159761428833 24.146570205688477
v -0.4450276792049408 7.284416198730469 24.146570205688477
v -0.5486115217208862 7.034342288970947 24.146570205688477
v -0.3582955002784729 7.264134407043457 24.146570205688477
v -0.44993987679481506 4.229525566101074 24.146682739257812
v -0.48049935698509216 4.506941795349121 24.146682739257812
v -0.554832935333252 4.229525566101074 24.146682739257812
v -0.3896593451499939 4.454495429992676 24.146682739257812
v 0.277416467666626 3.749025821685791 24.146682739257812
v -2.9340405105493517e-10 3.7795848846435547 24.146682739257812
v -2.3735044793026915e-15 3.674692392349243 24.146682739257812
v 0.22496993839740753 3.8398656845092773 24.146682739257812
v -0.277416467666626 3.749025821685791 24.146682739257812
v -2.3735044793026915e-15 3.674692392349243 24.146682739257812
v -2.9340405105493517e-10 3.7795848846435547 24.146682739257812
v -0.22496993839740753 3.8398656845092773 24.146682739257812
v -0.554832935333252 4.229525566101074 24.146682739257812
v -0.3896593451499939 4.004555702209473 24.146682739257812
v -0.44993987679481506 4.229525566101074 24.146682739257812
v -0.48049935698509216 3.952108860015869 24.146682739257812
v 0.22496993839740753 3.8398656845092773 24.146682739257812
v 0.48049935698509216 3.952108860015869 24.146682739257812
v 0.3896593451499939 4.004555702209473 24.146682739257812
v 0.277416467666626 3.749025821685791 24.146682739257812
v -0.22496993839740753 3.8398656845092773 24.146682739257812
v -0.3896593451499939 4.004555702209473 24.146682739257812
v -0.48049935698509216 3.952108860015869 24.146682739257812
v -0.277416467666626 3.749025821685791 24.146682739257812
v 0.3896593451499939 4.004555702209473 24.146682739257812
v 0.554832935333252 4.229525566101074 24.146682739257812
v 0.44993987679481506 4.229525566101074 24.146682739257812
v 0.48049935698509216 3.952108860015869 24.146682739257812
v 0.48049935698509216 4.506941795349121 24.146682739257812
v 0.44993987679481506 4.229525566101074 24.146682739257812
v 0.554832935333252 4.229525566101074 24.146682739257812
v 0.3896593451499939 4.454495429992676 24.146682739257812
v 0.277416467666626 4.710024356842041 24.146682739257812
v 0.3896593451499939 4.454495429992676 24.146682739257812
v 0.48049935698509216 4.506941795349121 24.146682739257812
v 0.22496993839740753 4.619184494018555 24.146682739257812
v 0.22496993839740753 4.619184494018555 24.146682739257812
v -1.9912141580095922e-15 4.78435754776001 24.146682739257812
v -2.934037457436034e-10 4.679465293884277 24.146682739257812
v 0.277416467666626 4.710024356842041 24.146682739257812
v -0.22496993839740753 4.619184494018555 24.146682739257812
v -2.934037457436034e-10 4.679465293884277 24.146682739257812
v -1.9912141580095922e-15 4.78435754776001 24.146682739257812
v -0.277416467666626 4.710024356842041 24.146682739257812
v 0.09868448972702026 3.497821807861328 24.07952880859375
v -0.09868448972702026 3.300452947616577 24.07952880859375
v 0.09868448972702026 3.300452947616577 24.07952880859375
v -1.6493875535188965e-15 3.2595767974853516 24.07952880859375
v 0.13956095278263092 3.3991377353668213 24.07952880859375
v -0.09868448972702026 3.497821807861328 24.07952880859375
v -0.13956095278263092 3.3991377353668213 24.07952880859375
v -1.55322760878626e-15 3.53869891166687 24.07952880859375
v -0.06099977716803551 6.980063438415527 23.85781478881836
v -0.06099977716803551 6.332729339599609 23.85781478881836
v 0.06099977716803551 6.332729339599609 23.85781478881836
v 0.06099977716803551 6.980063438415527 23.85781478881836
v -2.3414997629071614e-15 4.4062042236328125 -12.196601867675781
v -1.035879373550415 1.9628863334655762 -12.196602821350098
v -1.035879373550415 4.4062042236328125 -12.196601867675781
v -2.6407200807553738e-15 1.9628863334655762 -12.196602821350098
v 1.035879373550415 4.4062042236328125 -12.196601867675781
v 1.035879373550415 1.9628863334655762 -12.196602821350098
v -2.3414997629071614e-15 4.4062042236328125 -12.196601867675781
v -2.6407200807553738e-15 1.9628863334655762 -12.196602821350098
v 0.8015029430389404 2.3778812885284424 -11.187068939208984
v -0.8015029430389404 1.5588369369506836 -11.1870698928833
v -0.8015029430389404 2.3778812885284424 -11.187068939208984
v 0.8015029430389404 1.5588369369506836 -11.1870698928833
v 0.27317020297050476 4.071810245513916 22.2032527923584
v -8.981737575908255e-10 3.914095401763916 22.2032527923584
v 0.1577148735523224 3.9563546180725098 22.2032527923584
v 0.3154297471046448 4.229525566101074 22.2032527923584
v -0.27317020297050476 4.071810245513916 22.2032527923584
v -0.1577148735523224 3.9563546180725098 22.2032527923584
v -0.3154297471046448 4.229525566101074 22.2032527923584
v 0.1577148735523224 4.502695560455322 22.2032527923584
v 0.27317020297050476 4.387239933013916 22.2032527923584
v -0.1577148735523224 4.502695560455322 22.2032527923584
v -0.27317020297050476 4.387239933013916 22.2032527923584
v -8.981735355462206e-10 4.544954776763916 22.2032527923584
v 0.8015029430389404 1.5588369369506836 -11.1870698928833
v -0.8015029430389404 0.7701273560523987 -10.79915714263916
v -0.8015029430389404 1.5588369369506836 -11.1870698928833
v 0.8015029430389404 0.7701273560523987 -10.79915714263916
v 0.8015029430389404 -1.6713957786560059 -11.599321365356445
v 0.8015029430389404 -3.2880241870880127 -11.962892532348633
v -0.8015029430389404 -1.6713957786560059 -11.599321365356445
v -0.8015029430389404 -3.2880241870880127 -11.962892532348633
v -0.8015029430389404 0.7701273560523987 -10.79915714263916
v 0.8015029430389404 0.7701273560523987 -10.79915714263916
v 0.8015029430389404 0.3577967882156372 -10.934290885925293
v -0.8015029430389404 0.3577967882156372 -10.934290885925293
v 0.8015029430389404 0.3577967882156372 -10.934290885925293
v 0.8015029430389404 -1.6713957786560059 -11.599321365356445
v -0.8015029430389404 0.3577967882156372 -10.934290885925293
v -0.8015029430389404 -1.6713957786560059 -11.599321365356445
v 0.8015029430389404 -3.2880241870880127 -11.962892532348633
v 0.8015029430389404 -3.959409475326538 -10.262049674987793
v -0.8015029430389404 -3.2880241870880127 -11.962892532348633
v -0.8015029430389404 -3.959409475326538 -10.262049674987793
v -0.492700457572937 0.9455766677856445 -8.215877532958984
v 0.492700457572937 0.9455766677856445 -8.215877532958984
v 0.49270033836364746 0.1385137438774109 -7.676602363586426
v -0.49270033836364746 0.1385137438774109 -7.676602363586426
v -2.1274217146092936e-15 6.154285430908203 -10.502033233642578
v -2.238389595204948e-15 5.248164653778076 -11.380417823791504
v -0.4473579525947571 6.020510196685791 -10.6317138671875
v -2.238389595204948e-15 5.248164653778076 -11.380417823791504
v -0.7368460297584534 5.234844207763672 -11.393330574035645
v -0.4473579525947571 6.020510196685791 -10.6317138671875
v -1.035879373550415 4.988898754119873 -11.631746292114258
v -2.270140413474539e-15 4.988898754119873 -11.631746292114258
v -2.3414997629071614e-15 4.4062042236328125 -12.196601867675781
v -1.035879373550415 4.4062042236328125 -12.196601867675781
v 1.035879373550415 4.988898754119873 -11.631746292114258
v 1.035879373550415 4.4062042236328125 -12.196601867675781
v -0.7368460297584534 5.234844207763672 -11.393330574035645
v -2.238389595204948e-15 5.248164653778076 -11.380417823791504
v -2.270140413474539e-15 4.988898754119873 -11.631746292114258
v -1.035879373550415 4.988898754119873 -11.631746292114258
v 0.4473579525947571 6.020510196685791 -10.6317138671875
v -2.238389595204948e-15 5.248164653778076 -11.380417823791504
v -2.1274217146092936e-15 6.154285430908203 -10.502033233642578
v 0.7368460297584534 5.234844207763672 -11.393330574035645
v 0.7368460297584534 5.234844207763672 -11.393330574035645
v -2.270140413474539e-15 4.988898754119873 -11.631746292114258
v -2.238389595204948e-15 5.248164653778076 -11.380417823791504
v 1.035879373550415 4.988898754119873 -11.631746292114258
v -2.308939816414706e-15 3.6746931076049805 18.51367950439453
v -0.48049935698509216 3.9521095752716064 18.51367950439453
v -0.277416467666626 3.7490265369415283 18.51367950439453
v 0.48049935698509216 3.9521095752716064 18.51367950439453
v 0.277416467666626 3.7490265369415283 18.51367950439453
v -0.48049935698509216 4.506941795349121 18.51367950439453
v -0.554832935333252 4.229525566101074 18.51367950439453
v 0.48049935698509216 4.506941795349121 18.51367950439453
v 0.554832935333252 4.229525566101074 18.51367950439453
v -0.277416467666626 4.710024833679199 18.51367950439453
v 0.277416467666626 4.710024833679199 18.51367950439453
v -1.9266497068798436e-15 4.784358501434326 18.51367950439453
v -0.09827237576246262 3.464996337890625 18.401521682739258
v 0.09827237576246262 3.464996337890625 18.401521682739258
v -0.09827237576246262 3.8026914596557617 18.401521682739258
v 0.09827237576246262 3.8026914596557617 18.401521682739258
v -0.277416467666626 3.7490265369415283 18.51367950439453
v -3.165210504991762e-15 3.6746931076049805 16.4111328125
v -2.308939816414706e-15 3.6746931076049805 18.51367950439453
v -0.277416467666626 3.7490265369415283 16.4111328125
v -0.48049935698509216 3.9521095752716064 18.51367950439453
v -0.48049935698509216 3.9521095752716064 16.4111328125
v -0.554832935333252 4.229525566101074 18.51367950439453
v -0.554832935333252 4.229526042938232 16.4111328125
v -0.48049935698509216 4.506941795349121 18.51367950439453
v -0.48049935698509216 4.5069427490234375 16.4111328125
v -0.277416467666626 4.710024833679199 18.51367950439453
v -0.277416467666626 4.710025787353516 16.4111328125
v -2.7829201836986625e-15 4.784359455108643 16.4111328125
v -1.9266497068798436e-15 4.784358501434326 18.51367950439453
v 0.277416467666626 4.710025787353516 16.4111328125
v 0.277416467666626 4.710024833679199 18.51367950439453
v 0.48049935698509216 4.5069427490234375 16.4111328125
v 0.48049935698509216 4.506941795349121 18.51367950439453
v 0.554832935333252 4.229526042938232 16.4111328125
v 0.554832935333252 4.229525566101074 18.51367950439453
v 0.48049935698509216 3.9521095752716064 16.4111328125
v 0.48049935698509216 3.9521095752716064 18.51367950439453
v 0.277416467666626 3.7490265369415283 16.4111328125
v 0.277416467666626 3.7490265369415283 18.51367950439453
v -2.308939816414706e-15 3.6746931076049805 18.51367950439453
v -3.165210504991762e-15 3.6746931076049805 16.4111328125
v -0.5421718955039978 5.654205799102783 17.315670013427734
v -2.5050279437040766e-15 6.196377754211426 17.009626388549805
v -0.2710859477519989 6.1237406730651855 17.05062484741211
v -0.2710859477519989 5.184670925140381 17.580713272094727
v -0.46953463554382324 5.925292491912842 17.162649154663086
v -0.2710859477519989 5.184670925140381 17.580713272094727
v -0.5421718955039978 5.654205799102783 17.315670013427734
v -0.46953463554382324 5.383120536804199 17.46869468688965
v -2.5050279437040766e-15 6.196377754211426 17.009626388549805
v -2.7426827305722943e-15 5.112033843994141 17.621719360351562
v 0.2710859477519989 5.184670925140381 17.580713272094727
v -2.5050279437040766e-15 6.196377754211426 17.009626388549805
v -2.7426827305722943e-15 5.112033843994141 17.621719360351562
v 0.5421718955039978 5.654205799102783 17.315670013427734
v 0.46953463554382324 5.383120536804199 17.46869468688965
v -2.5050279437040766e-15 6.196377754211426 17.009626388549805
v 0.2710859477519989 5.184670925140381 17.580713272094727
v 0.5421718955039978 5.654205799102783 17.315670013427734
v 0.2710859477519989 6.1237406730651855 17.05062484741211
v 0.46953463554382324 5.925292491912842 17.162649154663086
v 0.676423192024231 2.3340065479278564 -4.968531131744385
v -0.676423192024231 0.5068808794021606 -4.934076309204102
v -0.676423192024231 2.3340065479278564 -4.968531131744385
v 0.676423192024231 0.5068808794021606 -4.934076309204102
v 0.676423192024231 -0.4032514989376068 -3.7152674198150635
v -0.676423192024231 0.5268849730491638 -3.726487636566162
v 0.676423192024231 0.5268849730491638 -3.726487636566162
v -0.676423192024231 -0.4032514989376068 -3.7152674198150635
v 0.790141224861145 3.825965642929077 -3.657196283340454
v -0.790141224861145 2.1113784313201904 -3.657196283340454
v -0.790141224861145 3.825965642929077 -3.657196283340454
v 0.790141224861145 2.1113784313201904 -3.657196283340454
v 0.790141224861145 -0.5256736278533936 -2.9417684078216553
v -0.790141224861145 -0.5256736278533936 -2.9417684078216553
v 0.790141224861145 -2.86250638961792 -2.051912307739258
v -0.790141224861145 -2.86250638961792 -2.051912307739258
v 0.790141224861145 -5.371581554412842 -0.7847231030464172
v -0.790141224861145 -5.371581554412842 -0.7847231030464172
v 0.790141224861145 -7.284416198730469 0.3906902074813843
v -0.790141224861145 -7.284416198730469 0.3906902074813843
v -0.1838688999414444 4.663217067718506 18.104501724243164
v 0.1838688999414444 4.663217067718506 18.104501724243164
v -0.1838688999414444 5.264716148376465 17.383359909057617
v 0.1838688999414444 5.264716148376465 17.383359909057617
v -2.86500593485884e-15 3.528886079788208 12.988585472106934
v -0.7006402015686035 4.229526042938232 12.988585472106934
v -0.6067721843719482 3.879206418991089 12.988585472106934
v -0.35032010078430176 3.6227543354034424 12.988585472106934
v 0.6067721843719482 3.879206418991089 12.988585472106934
v 0.35032010078430176 3.6227543354034424 12.988585472106934
v 0.7006402015686035 4.229526042938232 12.988585472106934
v -2.38225157679075e-15 4.930166244506836 12.988585472106934
v -0.6067721843719482 4.579846382141113 12.988585472106934
v -0.35032010078430176 4.83629846572876 12.988585472106934
v 0.35032010078430176 4.83629846572876 12.988585472106934
v 0.6067721843719482 4.579846382141113 12.988585472106934
v -1.0560940504074097 5.9722161293029785 12.449101448059082
v -1.0560940504074097 3.6660633087158203 12.449101448059082
v 1.0560940504074097 5.9722161293029785 12.449101448059082
v 1.0560940504074097 3.6660633087158203 12.449101448059082
v 0.3968074321746826 6.4342498779296875 12.449101448059082
v -0.3968074321746826 6.4342498779296875 12.449101448059082
v 1.0560940504074097 3.6660633087158203 12.449101448059082
v -1.0560940504074097 3.6660633087158203 12.449101448059082
v -0.42000654339790344 3.170919895172119 12.449101448059082
v 0.42000654339790344 3.170919895172119 12.449101448059082
v -0.4104393720626831 5.090205192565918 12.066849708557129
v -1.1030558347702026 5.090205192565918 12.066849708557129
v -1.1030558347702026 4.9726338386535645 12.066849708557129
v -1.1030558347702026 6.088869094848633 12.066849708557129
v -0.4104393720626831 6.566730976104736 12.066849708557129
v -2.9592817606794277e-15 6.566730976104736 12.066849708557129
v -0.4104393720626831 4.9726338386535645 12.066849708557129
v -3.1401040249186708e-15 5.090205192565918 12.066849708557129
v -3.1545027379890466e-15 4.9726338386535645 12.066849708557129
v -1.1030558347702026 4.787250518798828 12.066849708557129
v -0.411457359790802 4.787250518798828 12.066849708557129
v -1.1030558347702026 4.896324634552002 12.066849708557129
v -0.411457359790802 4.896324634552002 12.066849708557129
v -1.1030558347702026 3.5622196197509766 12.066847801208496
v -3.1638476289796297e-15 4.896324634552002 12.066849708557129
v -0.411457359790802 3.025566816329956 12.066847801208496
v -3.177205550316067e-15 4.787250518798828 12.066849708557129
v -3.39294928890471e-15 3.025566816329956 12.066847801208496
v 0.4104393720626831 4.9726338386535645 12.066849708557129
v 1.1030558347702026 4.9726338386535645 12.066849708557129
v 0.4104393720626831 5.090205192565918 12.066849708557129
v 1.1030558347702026 5.090205192565918 12.066849708557129
v 1.1030558347702026 6.088869094848633 12.066849708557129
v 0.4104393720626831 6.566730976104736 12.066849708557129
v -2.9592817606794277e-15 6.566730976104736 12.066849708557129
v -3.1401040249186708e-15 5.090205192565918 12.066849708557129
v -3.1545027379890466e-15 4.9726338386535645 12.066849708557129
v 1.1030558347702026 4.896324634552002 12.066849708557129
v 0.411457359790802 4.896324634552002 12.066849708557129
v 0.411457359790802 4.787250518798828 12.066849708557129
v -3.1638476289796297e-15 4.896324634552002 12.066849708557129
v 1.1030558347702026 4.787250518798828 12.066849708557129
v 1.1030558347702026 3.5622196197509766 12.066847801208496
v -3.177205550316067e-15 4.787250518798828 12.066849708557129
v 0.411457359790802 3.025566816329956 12.066847801208496
v -3.39294928890471e-15 3.025566816329956 12.066847801208496
v -0.790141224861145 -5.115820407867432 3.3833200931549072
v -0.790141224861145 -7.284416198730469 0.3906902074813843
v 0.790141224861145 -5.115820407867432 3.3833200931549072
v 0.790141224861145 -7.284416198730469 0.3906902074813843
v -1.6493875535188965e-15 3.2595767974853516 24.07952880859375
v -0.09868448972702026 3.300454616546631 12.27446174621582
v -3.708291184838014e-15 3.259578227996826 12.27446174621582
v -0.09868448972702026 3.300452947616577 24.07952880859375
v -0.13956095278263092 3.399139404296875 12.27446174621582
v -0.13956095278263092 3.3991377353668213 24.07952880859375
v -0.09868448972702026 3.497824192047119 12.27446174621582
v -0.09868448972702026 3.497821807861328 24.07952880859375
v -1.55322760878626e-15 3.53869891166687 24.07952880859375
v -3.6121313459844956e-15 3.5387003421783447 12.27446174621582
v 0.09868448972702026 3.497821807861328 24.07952880859375
v 0.09868448972702026 3.497824192047119 12.27446174621582
v 0.13956095278263092 3.3991377353668213 24.07952880859375
v 0.13956095278263092 3.399139404296875 12.27446174621582
v 0.09868448972702026 3.300452947616577 24.07952880859375
v 0.09868448972702026 3.300454616546631 12.27446174621582
v -3.708291184838014e-15 3.259578227996826 12.27446174621582
v -1.6493875535188965e-15 3.2595767974853516 24.07952880859375
v -0.5381657481193542 -1.2218565940856934 -25
v 0.5381656885147095 -1.2218565940856934 -25
v 0.5381656885147095 -1.2218565940856934 -24.631853103637695
v -0.5381657481193542 -1.2218565940856934 -24.631853103637695
v -0.49270036816596985 1.1905170679092407 -4.2331085205078125
v 0.49270036816596985 1.1905170679092407 -4.2331085205078125
v 0.49270033836364746 0.47620728611946106 -4.92553186416626
v -0.49270033836364746 0.47620728611946106 -4.92553186416626
v 0.492700457572937 1.130800724029541 -7.933512210845947
v -0.492700457572937 0.9455766677856445 -8.215877532958984
v -0.492700457572937 1.130800724029541 -7.933512210845947
v 0.492700457572937 0.9455766677856445 -8.215877532958984
v -0.08830449730157852 6.898063659667969 0.8860060572624207
v 0.08830449730157852 6.898063659667969 0.8860060572624207
v 0.08830449730157852 6.831312656402588 0.8816946148872375
v 0.398840993642807 6.831312656402588 0.8816946148872375
v -0.08830449730157852 7.060375690460205 0.8964894413948059
v -0.398840993642807 7.060375690460205 0.8964894413948059
v 0.398840993642807 6.898063659667969 0.8860060572624207
v 0.08830449730157852 7.060375690460205 0.8964894413948059
v 0.398840993642807 7.060375690460205 0.8964894413948059
v 0.6296154260635376 6.831312656402588 0.8816946148872375
v 0.398840993642807 6.633685111999512 0.8689303994178772
v 0.6296154260635376 6.633685111999512 0.8689303994178772
v 0.6296154260635376 6.898063659667969 0.8860060572624207
v 0.6296154260635376 7.060375690460205 0.8964894413948059
v -0.08830449730157852 6.6344709396362305 0.8689814805984497
v 0.08830449730157852 6.634078502655029 0.8689563274383545
v -0.08830449730157852 6.831312656402588 0.8816946148872375
v -0.398840993642807 6.634862899780273 0.8690066933631897
v -0.398840993642807 6.898063659667969 0.8860060572624207
v -0.6296154260635376 7.060375690460205 0.8964894413948059
v -0.6296154260635376 6.898063659667969 0.8860060572624207
v -0.398840993642807 6.831312656402588 0.8816946148872375
v -0.6296154260635376 6.634862899780273 0.8690066933631897
v -0.6296154260635376 6.831312656402588 0.8816946148872375
v 0.398840993642807 6.831312656402588 0.8816946148872375
v 0.08830449730157852 6.634078502655029 0.8689563274383545
v 0.08830449730157852 6.831312656402588 0.8816946148872375
v 0.398840993642807 6.633685111999512 0.8689303994178772
v 0.3968074321746826 6.4342498779296875 12.449101448059082
v 0.44416630268096924 6.628989219665527 11.991762161254883
v -0.3968074321746826 6.4342498779296875 12.449101448059082
v -0.44416630268096924 6.628989219665527 11.991762161254883
v -0.8015029430389404 -3.959409475326538 -10.262049674987793
v 0.8015029430389404 -3.959409475326538 -10.262049674987793
v 0.8015029430389404 -3.8251326084136963 -9.578659057617188
v -0.8015029430389404 -3.8251326084136963 -9.578659057617188
v 0.44416630268096924 6.628989219665527 11.991762161254883
v 0.3968074321746826 6.4342498779296875 12.449101448059082
v 1.0560940504074097 5.9722161293029785 12.449101448059082
v 1.1821388006210327 6.111811637878418 11.991762161254883
v -1.0560940504074097 5.9722161293029785 12.449101448059082
v -0.44416630268096924 6.628989219665527 11.991762161254883
v -1.1821388006210327 6.111811637878418 11.991762161254883
v -0.3968074321746826 6.4342498779296875 12.449101448059082
v -0.676423192024231 -0.4032514989376068 -3.7152674198150635
v 0.676423192024231 -0.4032514989376068 -3.7152674198150635
v 0.676423192024231 -0.39952513575553894 -3.4903416633605957
v -0.676423192024231 -0.39952513575553894 -3.4903416633605957
v -0.277416467666626 3.749025821685791 24.146682739257812
v -3.08362280920457e-15 3.674692392349243 22.70234489440918
v -2.3735044793026915e-15 3.674692392349243 24.146682739257812
v -0.277416467666626 3.749025821685791 22.70234489440918
v -0.48049935698509216 3.952108860015869 24.146682739257812
v -0.48049935698509216 3.952108860015869 22.70234489440918
v -0.554832935333252 4.229525566101074 24.146682739257812
v -0.554832935333252 4.229525566101074 22.70234489440918
v -0.48049935698509216 4.506941795349121 24.146682739257812
v -0.48049935698509216 4.506941795349121 22.70234489440918
v -0.277416467666626 4.710024356842041 24.146682739257812
v -0.277416467666626 4.710024833679199 22.702348709106445
v -2.7013324879114706e-15 4.784358501434326 22.702348709106445
v -1.9912141580095922e-15 4.78435754776001 24.146682739257812
v 0.277416467666626 4.710024833679199 22.702348709106445
v 0.277416467666626 4.710024356842041 24.146682739257812
v 0.48049935698509216 4.506941795349121 22.70234489440918
v 0.48049935698509216 4.506941795349121 24.146682739257812
v 0.554832935333252 4.229525566101074 22.70234489440918
v 0.554832935333252 4.229525566101074 24.146682739257812
v 0.48049935698509216 3.952108860015869 22.70234489440918
v 0.48049935698509216 3.952108860015869 24.146682739257812
v 0.277416467666626 3.749025821685791 22.70234489440918
v 0.277416467666626 3.749025821685791 24.146682739257812
v -2.3735044793026915e-15 3.674692392349243 24.146682739257812
v -3.08362280920457e-15 3.674692392349243 22.70234489440918
v 0.49270033836364746 0.1385137438774109 -7.676602363586426
v 0.49270033836364746 0.13851222395896912 -4.746531963348389
v -0.49270033836364746 0.1385137438774109 -7.676602363586426
v -0.49270033836364746 0.13851222395896912 -4.746531963348389
v -2.183592280989989e-15 3.9432730674743652 -14.386442184448242
v -2.1339553032479397e-15 4.348588943481445 -12.15552043914795
v 0.4723709225654602 4.348588943481445 -12.15552043914795
v 0.4723709225654602 3.9432730674743652 -14.386442184448242
v 0.8010222911834717 3.7305214405059814 -14.386442184448242
v 0.9447418451309204 4.348588943481445 -12.15552043914795
v 0.7539513111114502 6.281720161437988 1.8605414628982544
v -0.7539513111114502 4.811763286590576 1.8605414628982544
v -0.7539513111114502 6.281720161437988 1.8605414628982544
v 0.7539513111114502 4.811763286590576 1.8605414628982544
v 0.4701341986656189 2.9761812686920166 11.991762161254883
v 0.42000654339790344 3.170919895172119 12.449101448059082
v -0.4701341986656189 2.9761812686920166 11.991762161254883
v -0.42000654339790344 3.170919895172119 12.449101448059082
v 0.4701341986656189 2.9761812686920166 11.991762161254883
v 1.0560940504074097 3.6660633087158203 12.449101448059082
v 0.42000654339790344 3.170919895172119 12.449101448059082
v 1.1821388006210327 3.53041934967041 11.991762161254883
v -0.4701341986656189 2.9761812686920166 11.991762161254883
v -1.0560940504074097 3.6660633087158203 12.449101448059082
v -1.1821388006210327 3.53041934967041 11.991762161254883
v -0.42000654339790344 3.170919895172119 12.449101448059082
v -0.676423192024231 0.5068808794021606 -4.934076309204102
v 0.676423192024231 0.5068808794021606 -4.934076309204102
v 0.676423192024231 0.5268849730491638 -3.726487636566162
v -0.676423192024231 0.5268849730491638 -3.726487636566162
v -0.3582955002784729 7.264134407043457 24.146570205688477
v -0.3582955002784729 7.264134407043457 23.369129180908203
v -0.4450276792049408 7.284416198730469 24.146570205688477
v -0.4450276792049408 7.284414768218994 23.369129180908203
v 0.3582955002784729 7.264134407043457 24.146570205688477
v 0.4450276792049408 7.284416198730469 24.146570205688477
v 0.3582955002784729 7.264134407043457 23.369129180908203
v 0.4450276792049408 7.284414768218994 23.369129180908203
v -0.9203831553459167 -0.49325165152549744 -25
v -0.5381657481193542 -1.2218565940856934 -24.631853103637695
v -0.9203831553459167 -0.49325165152549744 -24.631853103637695
v -0.5381657481193542 -1.2218565940856934 -25
v 0.5381656885147095 -1.2218565940856934 -24.631853103637695
v 0.5381656885147095 -1.2218565940856934 -25
v 0.9203830361366272 -0.49325165152549744 -24.631853103637695
v 0.9203830361366272 -0.49325165152549744 -25
v -0.06099977716803551 6.980063438415527 23.85781478881836
v 0.06099977716803551 6.980063438415527 23.85781478881836
v 0.06099977716803551 6.980063438415527 23.63514518737793
v -0.06099977716803551 6.980063438415527 23.63514518737793
v 1.156939148902893 2.5818898677825928 2.8362982273101807
v -1.156939148902893 4.871756076812744 2.8362982273101807
v 1.156939148902893 4.871756076812744 2.8362982273101807
v -1.156939148902893 2.5818898677825928 2.8362982273101807
v 1.0560940504074097 5.9722161293029785 12.449101448059082
v 1.1821388006210327 3.53041934967041 11.991762161254883
v 1.1821388006210327 6.111811637878418 11.991762161254883
v 1.0560940504074097 3.6660633087158203 12.449101448059082
v -1.0560940504074097 5.9722161293029785 12.449101448059082
v -1.1821388006210327 3.53041934967041 11.991762161254883
v -1.0560940504074097 3.6660633087158203 12.449101448059082
v -1.1821388006210327 6.111811637878418 11.991762161254883
v -3.1625118580218096e-15 4.907232761383057 9.104706764221191
v -0.411457359790802 4.907232761383057 9.104706764221191
v -0.411457359790802 4.787250995635986 9.269388198852539
v -3.177205550316067e-15 4.787250995635986 9.269388198852539
v -0.411457359790802 4.907232761383057 9.104706764221191
v -1.1030558347702026 4.907232761383057 9.104706764221191
v -1.1030558347702026 4.787250995635986 9.269388198852539
v -0.411457359790802 4.787250995635986 9.269388198852539
v -3.1625118580218096e-15 4.907232761383057 9.104706764221191
v 0.411457359790802 4.787250995635986 9.269388198852539
v 0.411457359790802 4.907232761383057 9.104706764221191
v -3.177205550316067e-15 4.787250995635986 9.269388198852539
v 0.411457359790802 4.907232761383057 9.104706764221191
v 1.1030558347702026 4.787250995635986 9.269388198852539
v 1.1030558347702026 4.907232761383057 9.104706764221191
v 0.411457359790802 4.787250995635986 9.269388198852539
v 0.08830449730157852 7.045668601989746 1.1242077350616455
v 0.398840993642807 7.045668601989746 1.1242077350616455
v 0.398840993642807 7.060375690460205 0.8964894413948059
v 0.08830449730157852 7.060375690460205 0.8964894413948059
v 0.6296154260635376 7.045668601989746 1.1242077350616455
v 0.6296154260635376 7.060375690460205 0.8964894413948059
v -0.398840993642807 7.060375690460205 0.8964894413948059
v -0.6296154260635376 7.060375690460205 0.8964894413948059
v -0.398840993642807 7.045668601989746 1.1242077350616455
v -0.6296154260635376 7.045668601989746 1.1242077350616455
v -0.08830449730157852 7.060375690460205 0.8964894413948059
v -0.08830449730157852 7.045668601989746 1.1242077350616455
v -0.7539513111114502 6.698998928070068 5.612021446228027
v 0.7539513111114502 6.698998928070068 5.612021446228027
v 0.7539513111114502 6.698998928070068 4.077324390411377
v -0.7539513111114502 6.698998928070068 4.077324390411377
v 0.5065949559211731 6.703891754150391 6.065756797790527
v 0.5065949559211731 6.703891754150391 5.608417510986328
v -0.5065949559211731 6.703891754150391 6.065756797790527
v -0.5065949559211731 6.703891754150391 5.608417510986328
v -0.08830449730157852 6.88335657119751 1.1137243509292603
v 0.08830449730157852 6.88335657119751 1.1137243509292603
v 0.08830449730157852 6.898063659667969 0.8860060572624207
v -0.08830449730157852 6.898063659667969 0.8860060572624207
v 0.1858387589454651 6.571360111236572 23.302536010742188
v -0.1858387589454651 6.571360111236572 24.154653549194336
v 0.1858387589454651 6.571360111236572 24.154653549194336
v -0.1858387589454651 6.571360111236572 23.302536010742188
v -0.4104393720626831 6.628897666931152 6.058915615081787
v -1.1030558347702026 6.225256443023682 6.587198257446289
v -0.4104393720626831 6.7117838859558105 6.587199687957764
v -1.1030558347702026 6.1295485496521 6.058915615081787
v -2.9415179974678473e-15 6.7117838859558105 6.587199687957764
v -2.951668840307743e-15 6.628897666931152 6.058915615081787
v -0.4104393720626831 6.672057628631592 8.08796501159668
v -1.1030558347702026 6.197437763214111 8.08796501159668
v -2.946383354716876e-15 6.672057628631592 8.08796501159668
v -0.4104393720626831 6.641419887542725 9.245342254638672
v -1.1030558347702026 6.1759843826293945 9.245342254638672
v -2.950135075398502e-15 6.641419887542725 9.245342254638672
v -0.4104393720626831 6.600191116333008 10.802815437316895
v -1.1030558347702026 6.1471147537231445 10.802813529968262
v -2.955184238797085e-15 6.600191116333008 10.802815437316895
v -0.4104393720626831 6.566730976104736 12.066849708557129
v -1.1030558347702026 6.088869094848633 12.066849708557129
v -2.9592817606794277e-15 6.566730976104736 12.066849708557129
v 0.4104393720626831 6.628897666931152 6.058915615081787
v 1.1030558347702026 6.225256443023682 6.587198257446289
v 1.1030558347702026 6.1295485496521 6.058915615081787
v 0.4104393720626831 6.7117838859558105 6.587199687957764
v -2.9415179974678473e-15 6.7117838859558105 6.587199687957764
v -2.951668840307743e-15 6.628897666931152 6.058915615081787
v 0.4104393720626831 6.672057628631592 8.08796501159668
v 1.1030558347702026 6.197437763214111 8.08796501159668
v -2.946383354716876e-15 6.672057628631592 8.08796501159668
v 0.4104393720626831 6.641419887542725 9.245342254638672
v 1.1030558347702026 6.1759843826293945 9.245342254638672
v -2.950135075398502e-15 6.641419887542725 9.245342254638672
v 0.4104393720626831 6.600191116333008 10.802815437316895
v 1.1030558347702026 6.1471147537231445 10.802813529968262
v -2.955184238797085e-15 6.600191116333008 10.802815437316895
v 0.4104393720626831 6.566730976104736 12.066849708557129
v 1.1030558347702026 6.088869094848633 12.066849708557129
v -2.9592817606794277e-15 6.566730976104736 12.066849708557129
v 0.398840993642807 6.599240779876709 4.474913597106934
v 0.398840993642807 6.816605567932129 1.1094136238098145
v 0.08830449730157852 6.599240779876709 4.474913597106934
v 0.08830449730157852 6.816605567932129 1.1094136238098145
v -0.08830449730157852 6.599240779876709 4.474913597106934
v -0.08830449730157852 6.816605567932129 1.1094136238098145
v -0.398840993642807 6.599240779876709 4.474913597106934
v -0.398840993642807 6.816605567932129 1.1094136238098145
v -0.411457359790802 4.877467632293701 3.294572591781616
v -3.466965145418159e-15 2.4211843013763428 3.294572591781616
v -0.411457359790802 2.4211819171905518 3.294572591781616
v -3.1661568525520817e-15 4.877467632293701 3.294572591781616
v -1.1030558347702026 2.4211819171905518 3.294572591781616
v -1.1030558347702026 4.877467632293701 3.294572591781616
v 0.411457359790802 4.877467632293701 3.294572591781616
v -3.466965145418159e-15 2.4211843013763428 3.294572591781616
v -3.1661568525520817e-15 4.877467632293701 3.294572591781616
v 0.411457359790802 2.4211819171905518 3.294572591781616
v 1.1030558347702026 2.4211819171905518 3.294572591781616
v 1.1030558347702026 4.877467632293701 3.294572591781616
v 1.156939148902893 6.207049369812012 6.065756797790527
v 1.156939148902893 6.207050800323486 5.608417510986328
v 0.5065949559211731 6.703891754150391 6.065756797790527
v 0.5065949559211731 6.703891754150391 5.608417510986328
v -0.5065949559211731 6.703891754150391 5.608417510986328
v -1.156939148902893 6.207049369812012 6.065756797790527
v -0.5065949559211731 6.703891754150391 6.065756797790527
v -1.156939148902893 6.207050800323486 5.608417510986328
v -3.78615172389905e-15 6.617753028869629 24.146570205688477
v -0.292632132768631 6.738964557647705 23.369129180908203
v -0.292632132768631 6.738964557647705 24.146570205688477
v -2.2488267351810157e-15 6.617753028869629 23.369129180908203
v 0.7539513111114502 6.281720161437988 4.077324390411377
v 0.7539513111114502 6.281720161437988 1.8605414628982544
v -0.7539513111114502 6.281720161437988 4.077324390411377
v -0.7539513111114502 6.281720161437988 1.8605414628982544
v -0.8010222911834717 3.7305214405059814 -14.386442184448242
v -0.9447418451309204 1.9992765188217163 -12.15552043914795
v -0.9447418451309204 4.348588943481445 -12.15552043914795
v -0.8010222911834717 1.8075875043869019 -14.386442184448242
v 0.9447418451309204 4.348588943481445 -12.15552043914795
v 0.9447418451309204 1.9992765188217163 -12.15552043914795
v 0.8010222911834717 3.7305214405059814 -14.386442184448242
v 0.8010222911834717 1.8075875043869019 -14.386442184448242
v -2.1274219263675304e-15 6.154282569885254 1.8644235134124756
v -2.1274217146092936e-15 6.154285430908203 -10.502033233642578
v -0.4473579525947571 6.020508766174316 1.8644226789474487
v -0.4473579525947571 6.020510196685791 -10.6317138671875
v -2.1274217146092936e-15 6.154285430908203 -10.502033233642578
v -2.1274219263675304e-15 6.154282569885254 1.8644235134124756
v 0.4473579525947571 6.020508766174316 1.8644226789474487
v 0.4473579525947571 6.020510196685791 -10.6317138671875
v -0.4104393720626831 5.088778495788574 9.245342254638672
v -1.1030558347702026 5.088778495788574 9.245342254638672
v -1.1030558347702026 4.947418212890625 9.095427513122559
v -0.4104393720626831 4.947418212890625 9.095427513122559
v -0.4104393720626831 5.088778495788574 9.245342254638672
v -0.4104393720626831 4.947418212890625 9.095427513122559
v -3.1402789372222788e-15 5.088778495788574 9.245342254638672
v -3.1575903848400253e-15 4.947418212890625 9.095425605773926
v 0.4104393720626831 4.947418212890625 9.095427513122559
v 1.1030558347702026 4.947418212890625 9.095427513122559
v 0.4104393720626831 5.088778495788574 9.245342254638672
v 1.1030558347702026 5.088778495788574 9.245342254638672
v 0.4104393720626831 5.088778495788574 9.245342254638672
v -3.1402789372222788e-15 5.088778495788574 9.245342254638672
v 0.4104393720626831 4.947418212890625 9.095427513122559
v -3.1575903848400253e-15 4.947418212890625 9.095425605773926
v -0.7539513111114502 6.698998928070068 4.077324390411377
v 0.7539513111114502 6.698998928070068 4.077324390411377
v 0.7539513111114502 6.281720161437988 4.077324390411377
v -0.7539513111114502 6.281720161437988 4.077324390411377
v -3.4595635597668142e-15 2.481621265411377 5.159532070159912
v -3.433129143790665e-15 2.6974732875823975 6.587198257446289
v -0.411457359790802 2.481621265411377 5.159532070159912
v -0.411457359790802 2.6974732875823975 6.587198257446289
v -3.4221835722880083e-15 2.7868525981903076 8.079970359802246
v -0.411457359790802 2.7868525981903076 8.079970359802246
v -3.4134618857883676e-15 2.8580689430236816 9.269388198852539
v -1.1030558347702026 3.1217458248138428 6.587198257446289
v -1.1030558347702026 2.6123673915863037 5.159532070159912
v -1.1030558347702026 3.3017032146453857 8.079970359802246
v -1.1030558347702026 2.3500430583953857 4.270222187042236
v -0.411457359790802 2.8580689430236816 9.269388198852539
v -1.1030558347702026 3.3947219848632812 9.269388198852539
v -0.411457359790802 2.9483301639556885 10.776881217956543
v -3.402408105826699e-15 2.9483301639556885 10.776881217956543
v -1.1030558347702026 3.484982967376709 10.776881217956543
v -0.411457359790802 3.025566816329956 12.066847801208496
v -3.39294928890471e-15 3.025566816329956 12.066847801208496
v -1.1030558347702026 3.5622196197509766 12.066847801208496
v -0.411457359790802 2.248502254486084 4.270222187042236
v -1.1030558347702026 2.3500430583953857 3.68310546875
v -3.4881123817375468e-15 2.248502254486084 4.270222187042236
v -0.411457359790802 2.248502254486084 3.68310546875
v -1.1030558347702026 2.4211819171905518 3.294572591781616
v -3.4881123817375468e-15 2.248502254486084 3.68310546875
v -0.411457359790802 2.4211819171905518 3.294572591781616
v -3.466965145418159e-15 2.4211843013763428 3.294572591781616
v 0.411457359790802 2.481621265411377 5.159532070159912
v -3.433129143790665e-15 2.6974732875823975 6.587198257446289
v -3.4595635597668142e-15 2.481621265411377 5.159532070159912
v 0.411457359790802 2.6974732875823975 6.587198257446289
v -3.4221835722880083e-15 2.7868525981903076 8.079970359802246
v 0.411457359790802 2.248502254486084 4.270222187042236
v -3.4881123817375468e-15 2.248502254486084 4.270222187042236
v 1.1030558347702026 3.1217458248138428 6.587198257446289
v 1.1030558347702026 2.6123673915863037 5.159532070159912
v 1.1030558347702026 2.3500430583953857 4.270222187042236
v 1.1030558347702026 2.3500430583953857 3.68310546875
v 0.411457359790802 2.7868525981903076 8.079970359802246
v -3.4134618857883676e-15 2.8580689430236816 9.269388198852539
v 1.1030558347702026 3.3017032146453857 8.079970359802246
v 0.411457359790802 2.248502254486084 3.68310546875
v 1.1030558347702026 2.4211819171905518 3.294572591781616
v -3.4881123817375468e-15 2.248502254486084 3.68310546875
v 0.411457359790802 2.4211819171905518 3.294572591781616
v -3.466965145418159e-15 2.4211843013763428 3.294572591781616
v 0.411457359790802 2.8580689430236816 9.269388198852539
v 1.1030558347702026 3.3947219848632812 9.269388198852539
v 0.411457359790802 2.9483301639556885 10.776881217956543
v -3.402408105826699e-15 2.9483301639556885 10.776881217956543
v 1.1030558347702026 3.484982967376709 10.776881217956543
v 0.411457359790802 3.025566816329956 12.066847801208496
v -3.39294928890471e-15 3.025566816329956 12.066847801208496
v 1.1030558347702026 3.5622196197509766 12.066847801208496
v -1.156939148902893 2.5818898677825928 2.8362982273101807
v 1.156939148902893 2.5818898677825928 2.8362982273101807
v 1.156939148902893 2.5818898677825928 3.293635845184326
v -1.156939148902893 2.5818898677825928 3.293635845184326
v -1.035879373550415 4.988895416259766 1.8644226789474487
v -0.7368460297584534 5.234844207763672 -11.393330574035645
v -1.035879373550415 4.988898754119873 -11.631746292114258
v -0.7368460297584534 5.234841346740723 1.8644226789474487
v 1.035879373550415 4.988895416259766 1.8644226789474487
v 0.7368460297584534 5.234844207763672 -11.393330574035645
v 0.7368460297584534 5.234841346740723 1.8644226789474487
v 1.035879373550415 4.988898754119873 -11.631746292114258
v -2.6407200807553738e-15 1.9628863334655762 -12.196602821350098
v -2.5663357649098693e-15 2.5702788829803467 1.9164849519729614
v -1.035879373550415 1.9628863334655762 -12.196602821350098
v -1.035879373550415 2.5702788829803467 1.9164849519729614
v -1.035879373550415 2.5702788829803467 1.9164849519729614
v -2.5663357649098693e-15 2.5702788829803467 1.9164849519729614
v -2.5603097607648654e-15 2.619485855102539 3.0598232746124268
v -1.035879373550415 2.619485855102539 3.0598232746124268
v 1.035879373550415 1.9628863334655762 -12.196602821350098
v -2.5663357649098693e-15 2.5702788829803467 1.9164849519729614
v -2.6407200807553738e-15 1.9628863334655762 -12.196602821350098
v 1.035879373550415 2.5702788829803467 1.9164849519729614
v 1.035879373550415 2.5702788829803467 1.9164849519729614
v -2.5603097607648654e-15 2.619485855102539 3.0598232746124268
v -2.5663357649098693e-15 2.5702788829803467 1.9164849519729614
v 1.035879373550415 2.619485855102539 3.0598232746124268
v -0.1838688999414444 5.264716148376465 17.383359909057617
v 0.1838688999414444 5.264716148376465 17.383359909057617
v 0.1838688999414444 5.2647175788879395 16.152503967285156
v -0.1838688999414444 5.2647175788879395 16.152503967285156
v 1.156939148902893 6.207049369812012 6.065756797790527
v 1.156939148902893 4.891616344451904 5.608417510986328
v 1.156939148902893 6.207050800323486 5.608417510986328
v 1.156939148902893 4.891616344451904 6.065756797790527
v -1.156939148902893 6.207050800323486 5.608417510986328
v -1.156939148902893 4.891616344451904 6.065756797790527
v -1.156939148902893 6.207049369812012 6.065756797790527
v -1.156939148902893 4.891616344451904 5.608417510986328
v 1.156939148902893 4.871756076812744 3.293637275695801
v 1.156939148902893 2.5818898677825928 2.8362982273101807
v 1.156939148902893 4.871756076812744 2.8362982273101807
v 1.156939148902893 2.5818898677825928 3.293635845184326
v -1.156939148902893 4.871756076812744 2.8362982273101807
v -1.156939148902893 2.5818898677825928 3.293635845184326
v -1.156939148902893 4.871756076812744 3.293637275695801
v -1.156939148902893 2.5818898677825928 2.8362982273101807
v -0.4473579525947571 6.020510196685791 -10.6317138671875
v -0.7368460297584534 5.234841346740723 1.8644226789474487
v -0.4473579525947571 6.020508766174316 1.8644226789474487
v -0.7368460297584534 5.234844207763672 -11.393330574035645
v 0.7368460297584534 5.234841346740723 1.8644226789474487
v 0.4473579525947571 6.020510196685791 -10.6317138671875
v 0.4473579525947571 6.020508766174316 1.8644226789474487
v 0.7368460297584534 5.234844207763672 -11.393330574035645
v -1.1030558347702026 6.197437763214111 8.08796501159668
v -1.1030558347702026 5.088780403137207 6.587198257446289
v -1.1030558347702026 5.088778495788574 8.08796501159668
v -1.1030558347702026 6.225256443023682 6.587198257446289
v -1.1030558347702026 6.1295485496521 6.058915615081787
v -1.1030558347702026 6.1759843826293945 9.245342254638672
v -1.1030558347702026 5.088780403137207 6.0589141845703125
v -1.1030558347702026 4.963126182556152 6.473414897918701
v -1.1030558347702026 4.963126182556152 6.0589141845703125
v -1.1030558347702026 5.088778495788574 9.245342254638672
v -1.1030558347702026 4.947418212890625 8.255221366882324
v -1.1030558347702026 4.947418212890625 9.095427513122559
v -1.1030558347702026 6.1471147537231445 10.802813529968262
v -1.1030558347702026 5.088778495788574 10.802813529968262
v -1.1030558347702026 6.088869094848633 12.066849708557129
v -1.1030558347702026 5.090205192565918 12.066849708557129
v -1.1030558347702026 4.9726338386535645 10.917434692382812
v -1.1030558347702026 4.9726338386535645 12.066849708557129
v -1.1030558347702026 4.877467632293701 4.270224094390869
v -1.1030558347702026 2.6123673915863037 5.159532070159912
v -1.1030558347702026 4.787250995635986 5.159532070159912
v -1.1030558347702026 2.3500430583953857 4.270222187042236
v -1.1030558347702026 4.877467632293701 3.6831068992614746
v -1.1030558347702026 2.3500430583953857 3.68310546875
v -1.1030558347702026 2.4211819171905518 3.294572591781616
v -1.1030558347702026 4.877467632293701 3.294572591781616
v -1.1030558347702026 4.877467632293701 4.958178997039795
v -1.1030558347702026 4.877467632293701 5.159532070159912
v -1.1030558347702026 4.877467632293701 6.454642295837402
v -1.1030558347702026 3.1217458248138428 6.587198257446289
v -1.1030558347702026 4.787250995635986 6.587198257446289
v -1.1030558347702026 3.3017032146453857 8.079970359802246
v -1.1030558347702026 4.787250995635986 8.079970359802246
v -1.1030558347702026 3.3947219848632812 9.269388198852539
v -1.1030558347702026 4.787250995635986 9.269388198852539
v -1.1030558347702026 4.907232761383057 8.253012657165527
v -1.1030558347702026 4.907232761383057 9.104706764221191
v -1.1030558347702026 3.484982967376709 10.776881217956543
v -1.1030558347702026 4.787250518798828 10.77688217163086
v -1.1030558347702026 3.5622196197509766 12.066847801208496
v -1.1030558347702026 4.787250518798828 12.066849708557129
v -1.1030558347702026 4.896324634552002 10.927546501159668
v -1.1030558347702026 4.896324634552002 12.066849708557129
v 1.1030558347702026 6.197437763214111 8.08796501159668
v 1.1030558347702026 5.088780403137207 6.587198257446289
v 1.1030558347702026 6.225256443023682 6.587198257446289
v 1.1030558347702026 6.1295485496521 6.058915615081787
v 1.1030558347702026 5.088780403137207 6.0589141845703125
v 1.1030558347702026 4.963126182556152 6.473414897918701
v 1.1030558347702026 4.963126182556152 6.0589141845703125
v 1.1030558347702026 5.088778495788574 8.08796501159668
v 1.1030558347702026 6.1759843826293945 9.245342254638672
v 1.1030558347702026 5.088778495788574 9.245342254638672
v 1.1030558347702026 4.947418212890625 8.255221366882324
v 1.1030558347702026 4.947418212890625 9.095427513122559
v 1.1030558347702026 6.1471147537231445 10.802813529968262
v 1.1030558347702026 5.088778495788574 9.245342254638672
v 1.1030558347702026 6.1759843826293945 9.245342254638672
v 1.1030558347702026 5.088778495788574 10.802813529968262
v 1.1030558347702026 5.090205192565918 12.066849708557129
v 1.1030558347702026 4.9726338386535645 10.917434692382812
v 1.1030558347702026 5.088778495788574 10.802813529968262
v 1.1030558347702026 4.9726338386535645 12.066849708557129
v 1.1030558347702026 6.088869094848633 12.066849708557129
v 1.1030558347702026 6.1471147537231445 10.802813529968262
v 1.1030558347702026 4.877467632293701 4.270224094390869
v 1.1030558347702026 2.6123673915863037 5.159532070159912
v 1.1030558347702026 2.3500430583953857 4.270222187042236
v 1.1030558347702026 4.877467632293701 3.6831068992614746
v 1.1030558347702026 2.3500430583953857 3.68310546875
v 1.1030558347702026 2.4211819171905518 3.294572591781616
v 1.1030558347702026 4.877467632293701 3.294572591781616
v 1.1030558347702026 4.787250995635986 5.159532070159912
v 1.1030558347702026 4.877467632293701 4.958178997039795
v 1.1030558347702026 3.1217458248138428 6.587198257446289
v 1.1030558347702026 4.877467632293701 5.159532070159912
v 1.1030558347702026 4.787250995635986 6.587198257446289
v 1.1030558347702026 4.877467632293701 6.454642295837402
v 1.1030558347702026 4.787250995635986 8.079970359802246
v 1.1030558347702026 3.3017032146453857 8.079970359802246
v 1.1030558347702026 4.787250995635986 6.587198257446289
v 1.1030558347702026 3.1217458248138428 6.587198257446289
v 1.1030558347702026 4.787250518798828 10.77688217163086
v 1.1030558347702026 3.484982967376709 10.776881217956543
v 1.1030558347702026 4.787250995635986 9.269388198852539
v 1.1030558347702026 3.3947219848632812 9.269388198852539
v 1.1030558347702026 4.787250995635986 9.269388198852539
v 1.1030558347702026 3.3947219848632812 9.269388198852539
v 1.1030558347702026 4.787250995635986 8.079970359802246
v 1.1030558347702026 3.3017032146453857 8.079970359802246
v 1.1030558347702026 4.907232761383057 8.253012657165527
v 1.1030558347702026 4.907232761383057 9.104706764221191
v 1.1030558347702026 4.787250518798828 10.77688217163086
v 1.1030558347702026 3.5622196197509766 12.066847801208496
v 1.1030558347702026 3.484982967376709 10.776881217956543
v 1.1030558347702026 4.787250518798828 12.066849708557129
v 1.1030558347702026 4.896324634552002 10.927546501159668
v 1.1030558347702026 4.896324634552002 12.066849708557129
v 0.292632132768631 6.738964557647705 24.146570205688477
v -2.2488267351810157e-15 6.617753028869629 23.369129180908203
v -3.78615172389905e-15 6.617753028869629 24.146570205688477
v 0.292632132768631 6.738964557647705 23.369129180908203
v 0.4138443171977997 7.03159761428833 23.369129180908203
v 0.4138443171977997 7.03159761428833 24.146570205688477
v 0.3582955002784729 7.264134407043457 23.369129180908203
v 0.3582955002784729 7.264134407043457 24.146570205688477
v -3.1661568525520817e-15 4.877467632293701 6.454642295837402
v -0.411457359790802 4.877467632293701 6.454642295837402
v -0.411457359790802 4.787250995635986 6.587198257446289
v -3.177205126799593e-15 4.787250995635986 6.587198257446289
v -1.1030558347702026 4.877467632293701 6.454642295837402
v -0.411457359790802 4.787250995635986 6.587198257446289
v -0.411457359790802 4.877467632293701 6.454642295837402
v -1.1030558347702026 4.787250995635986 6.587198257446289
v -3.1661568525520817e-15 4.877467632293701 6.454642295837402
v 0.411457359790802 4.787250995635986 6.587198257446289
v 0.411457359790802 4.877467632293701 6.454642295837402
v -3.177205126799593e-15 4.787250995635986 6.587198257446289
v 1.1030558347702026 4.877467632293701 6.454642295837402
v 0.411457359790802 4.787250995635986 6.587198257446289
v 1.1030558347702026 4.787250995635986 6.587198257446289
v 0.411457359790802 4.877467632293701 6.454642295837402
v -1.035879373550415 4.4062042236328125 -12.196601867675781
v -1.035879373550415 2.5702788829803467 1.9164849519729614
v -1.035879373550415 4.40620231628418 1.8644226789474487
v -1.035879373550415 1.9628863334655762 -12.196602821350098
v -1.035879373550415 4.406201362609863 3.003544330596924
v -1.035879373550415 2.5702788829803467 1.9164849519729614
v -1.035879373550415 2.619485855102539 3.0598232746124268
v -1.035879373550415 4.40620231628418 1.8644226789474487
v -1.035879373550415 4.988898754119873 -11.631746292114258
v -1.035879373550415 4.40620231628418 1.8644226789474487
v -1.035879373550415 4.988895416259766 1.8644226789474487
v -1.035879373550415 4.4062042236328125 -12.196601867675781
v -1.035879373550415 4.743957996368408 3.003544330596924
v -1.035879373550415 4.988895416259766 1.8644226789474487
v -1.035879373550415 4.40620231628418 1.8644226789474487
v -1.035879373550415 4.406201362609863 3.003544330596924
v 1.035879373550415 4.4062042236328125 -12.196601867675781
v 1.035879373550415 4.40620231628418 1.8644226789474487
v 1.035879373550415 2.5702788829803467 1.9164849519729614
v 1.035879373550415 1.9628863334655762 -12.196602821350098
v 1.035879373550415 4.406201362609863 3.003544330596924
v 1.035879373550415 2.5702788829803467 1.9164849519729614
v 1.035879373550415 4.40620231628418 1.8644226789474487
v 1.035879373550415 2.619485855102539 3.0598232746124268
v 1.035879373550415 4.40620231628418 1.8644226789474487
v 1.035879373550415 4.988898754119873 -11.631746292114258
v 1.035879373550415 4.988895416259766 1.8644226789474487
v 1.035879373550415 4.4062042236328125 -12.196601867675781
v 1.035879373550415 4.743957996368408 3.003544330596924
v 1.035879373550415 4.40620231628418 1.8644226789474487
v 1.035879373550415 4.988895416259766 1.8644226789474487
v 1.035879373550415 4.406201362609863 3.003544330596924
v 0.9203830361366272 3.838460683822632 -24.631851196289062
v 0.9203830361366272 -0.49325165152549744 -25
v 0.9203830361366272 3.838460683822632 -25
v 0.9203830361366272 -0.49325165152549744 -24.631853103637695
v -0.9203831553459167 3.838460683822632 -25
v -0.9203831553459167 -0.49325165152549744 -24.631853103637695
v -0.9203831553459167 3.838460683822632 -24.631851196289062
v -0.9203831553459167 -0.49325165152549744 -25
v -3.1638476289796297e-15 4.896324634552002 12.066849708557129
v -3.1638476289796297e-15 4.896324634552002 10.927544593811035
v -0.411457359790802 4.896324634552002 12.066849708557129
v -0.411457359790802 4.896324634552002 10.927544593811035
v -3.1625118580218096e-15 4.907232761383057 9.104706764221191
v -3.1625118580218096e-15 4.907232761383057 8.253012657165527
v -0.411457359790802 4.907232761383057 9.104706764221191
v -0.411457359790802 4.907232761383057 8.253012657165527
v -1.1030558347702026 4.907232761383057 9.104706764221191
v -1.1030558347702026 4.907232761383057 8.253012657165527
v -0.411457359790802 4.896324634552002 12.066849708557129
v -1.1030558347702026 4.896324634552002 10.927546501159668
v -1.1030558347702026 4.896324634552002 12.066849708557129
v -0.411457359790802 4.896324634552002 10.927544593811035
v -3.1638476289796297e-15 4.896324634552002 10.927544593811035
v -3.1638476289796297e-15 4.896324634552002 12.066849708557129
v 0.411457359790802 4.896324634552002 12.066849708557129
v 0.411457359790802 4.896324634552002 10.927544593811035
v -3.1625118580218096e-15 4.907232761383057 9.104706764221191
v 0.411457359790802 4.907232761383057 9.104706764221191
v -3.1625118580218096e-15 4.907232761383057 8.253012657165527
v 0.411457359790802 4.907232761383057 8.253012657165527
v 1.1030558347702026 4.907232761383057 9.104706764221191
v 1.1030558347702026 4.907232761383057 8.253012657165527
v 0.411457359790802 4.896324634552002 12.066849708557129
v 1.1030558347702026 4.896324634552002 10.927546501159668
v 0.411457359790802 4.896324634552002 10.927544593811035
v 1.1030558347702026 4.896324634552002 12.066849708557129
v 0.790141224861145 3.825965642929077 0.03856419026851654
v 0.790141224861145 2.1113784313201904 -3.657196283340454
v 0.790141224861145 3.825965642929077 -3.657196283340454
v 0.790141224861145 2.1113784313201904 0.03856419026851654
v 0.790141224861145 0.4903498888015747 0.6025571823120117
v 0.790141224861145 -0.5256736278533936 -2.9417684078216553
v 0.790141224861145 -1.4167119264602661 1.345412254333496
v 0.790141224861145 -2.86250638961792 -2.051912307739258
v 0.790141224861145 -3.4447028636932373 2.3689701557159424
v 0.790141224861145 -5.371581554412842 -0.7847231030464172
v 0.790141224861145 -5.115820407867432 3.3833200931549072
v 0.790141224861145 -7.284416198730469 0.3906902074813843
v -0.790141224861145 3.825965642929077 -3.657196283340454
v -0.790141224861145 2.1113784313201904 0.03856419026851654
v -0.790141224861145 3.825965642929077 0.03856419026851654
v -0.790141224861145 2.1113784313201904 -3.657196283340454
v -0.790141224861145 0.4903498888015747 0.6025571823120117
v -0.790141224861145 -0.5256736278533936 -2.9417684078216553
v -0.790141224861145 -1.4167119264602661 1.345412254333496
v -0.790141224861145 -2.86250638961792 -2.051912307739258
v -0.790141224861145 -3.4447028636932373 2.3689701557159424
v -0.790141224861145 -5.371581554412842 -0.7847231030464172
v -0.790141224861145 -5.115820407867432 3.3833200931549072
v -0.790141224861145 -7.284416198730469 0.3906902074813843
v 1.156939148902893 4.871756076812744 3.293637275695801
v 1.156939148902893 4.871756076812744 2.8362982273101807
v -1.156939148902893 4.871756076812744 3.293637275695801
v -1.156939148902893 4.871756076812744 2.8362982273101807
v -0.411457359790802 4.877467632293701 5.159532070159912
v -3.1661568525520817e-15 4.877467632293701 5.159532070159912
v -3.1661568525520817e-15 4.877467632293701 4.958178997039795
v -0.411457359790802 4.877467632293701 6.454642295837402
v -3.1661568525520817e-15 4.877467632293701 6.454642295837402
v -1.1030558347702026 4.877467632293701 6.454642295837402
v -1.1030558347702026 4.877467632293701 5.159532070159912
v -0.411457359790802 4.877467632293701 4.958178997039795
v -3.1661568525520817e-15 4.877467632293701 4.270224094390869
v -1.1030558347702026 4.877467632293701 4.958178997039795
v -0.411457359790802 4.877467632293701 4.270224094390869
v -3.1661568525520817e-15 4.877467632293701 3.6831068992614746
v -1.1030558347702026 4.877467632293701 4.270224094390869
v -0.411457359790802 4.877467632293701 3.6831068992614746
v -3.1661568525520817e-15 4.877467632293701 3.294572591781616
v -1.1030558347702026 4.877467632293701 3.6831068992614746
v -0.411457359790802 4.877467632293701 3.294572591781616
v -1.1030558347702026 4.877467632293701 3.294572591781616
v 0.411457359790802 4.877467632293701 4.958178997039795
v -3.1661568525520817e-15 4.877467632293701 4.958178997039795
v 0.411457359790802 4.877467632293701 5.159532070159912
v -3.1661568525520817e-15 4.877467632293701 5.159532070159912
v -3.1661568525520817e-15 4.877467632293701 4.270224094390869
v 0.411457359790802 4.877467632293701 6.454642295837402
v -3.1661568525520817e-15 4.877467632293701 6.454642295837402
v 1.1030558347702026 4.877467632293701 6.454642295837402
v 1.1030558347702026 4.877467632293701 5.159532070159912
v 1.1030558347702026 4.877467632293701 4.958178997039795
v 0.411457359790802 4.877467632293701 4.270224094390869
v -3.1661568525520817e-15 4.877467632293701 3.6831068992614746
v 1.1030558347702026 4.877467632293701 4.270224094390869
v 0.411457359790802 4.877467632293701 3.6831068992614746
v -3.1661568525520817e-15 4.877467632293701 3.294572591781616
v 1.1030558347702026 4.877467632293701 3.6831068992614746
v 0.411457359790802 4.877467632293701 3.294572591781616
v 1.1030558347702026 4.877467632293701 3.294572591781616
v -0.8010222911834717 3.3078227043151855 -16.59952735900879
v -0.8010222911834717 1.8075875043869019 -14.386442184448242
v -0.8010222911834717 3.7305214405059814 -14.386442184448242
v -0.8010222911834717 1.3058732748031616 -16.59952735900879
v -0.8010222911834717 3.3078227043151855 -16.59952735900879
v -0.8010222911834717 1.0396441221237183 -17.43254280090332
v -0.8010222911834717 1.3058732748031616 -16.59952735900879
v -0.8010222911834717 3.7481369972229004 -17.43254280090332
v -0.8010222911834717 3.7810921669006348 -23.31968116760254
v -0.8010222911834717 1.0396441221237183 -17.43254280090332
v -0.8010222911834717 3.7481369972229004 -17.43254280090332
v -0.8010222911834717 3.7810921669006348 -23.31968116760254
v -0.8010222911834717 -0.45347917079925537 -23.319683074951172
v -0.8010222911834717 1.0396441221237183 -17.43254280090332
v -0.8010222911834717 3.7810921669006348 -24.351625442504883
v -0.8010222911834717 -0.45347917079925537 -23.319683074951172
v -0.8010222911834717 3.7810921669006348 -23.31968116760254
v -0.8010222911834717 -0.45347917079925537 -24.351627349853516
v -0.8010222911834717 3.7810921669006348 -24.876907348632812
v -0.8010222911834717 -0.45347917079925537 -24.876907348632812
v 0.8010222911834717 3.3078227043151855 -16.59952735900879
v 0.8010222911834717 1.8075875043869019 -14.386442184448242
v 0.8010222911834717 1.3058732748031616 -16.59952735900879
v 0.8010222911834717 3.7305214405059814 -14.386442184448242
v 0.8010222911834717 1.0396441221237183 -17.43254280090332
v 0.8010222911834717 3.3078227043151855 -16.59952735900879
v 0.8010222911834717 1.3058732748031616 -16.59952735900879
v 0.8010222911834717 3.7481369972229004 -17.43254280090332
v 0.8010222911834717 3.7810921669006348 -23.31968116760254
v 0.8010222911834717 1.0396441221237183 -17.43254280090332
v 0.8010222911834717 -0.45347917079925537 -23.319683074951172
v 0.8010222911834717 3.7810921669006348 -23.31968116760254
v 0.8010222911834717 3.7481369972229004 -17.43254280090332
v 0.8010222911834717 1.0396441221237183 -17.43254280090332
v 0.8010222911834717 3.7810921669006348 -23.31968116760254
v 0.8010222911834717 -0.45347917079925537 -23.319683074951172
v 0.8010222911834717 3.7810921669006348 -24.351625442504883
v 0.8010222911834717 -0.45347917079925537 -24.351627349853516
v 0.8010222911834717 3.7810921669006348 -24.876907348632812
v 0.8010222911834717 -0.45347917079925537 -24.876907348632812
v 0.8015029430389404 2.3778812885284424 -7.923109531402588
v 0.8015029430389404 1.5588369369506836 -11.1870698928833
v 0.8015029430389404 2.3778812885284424 -11.187068939208984
v 0.8015029430389404 1.5588361024856567 -7.923109531402588
v 0.8015029430389404 0.7701273560523987 -10.79915714263916
v 0.8015029430389404 0.7701265811920166 -7.923110485076904
v 0.8015029430389404 0.3577967882156372 -8.505297660827637
v 0.8015029430389404 0.3577967882156372 -10.934290885925293
v -0.8015029430389404 2.3778812885284424 -11.187068939208984
v -0.8015029430389404 1.5588361024856567 -7.923109531402588
v -0.8015029430389404 2.3778812885284424 -7.923109531402588
v -0.8015029430389404 1.5588369369506836 -11.1870698928833
v -0.8015029430389404 0.7701273560523987 -10.79915714263916
v -0.8015029430389404 0.7701265811920166 -7.923110485076904
v -0.8015029430389404 0.3577967882156372 -8.505297660827637
v -0.8015029430389404 0.3577967882156372 -10.934290885925293
v -0.8015029430389404 -1.6713957786560059 -11.599321365356445
v -0.8015029430389404 -3.2880241870880127 -11.962892532348633
v -0.8015029430389404 -2.7807557582855225 -9.533899307250977
v -0.8015029430389404 -3.3327834606170654 -9.399622917175293
v -0.8015029430389404 -3.959409475326538 -10.262049674987793
v -0.8015029430389404 -3.8251326084136963 -9.578659057617188
v 0.8015029430389404 -3.2880241870880127 -11.962892532348633
v 0.8015029430389404 -2.7807557582855225 -9.533899307250977
v 0.8015029430389404 -3.3327834606170654 -9.399622917175293
v 0.8015029430389404 -1.6713957786560059 -11.599321365356445
v 0.8015029430389404 -3.959409475326538 -10.262049674987793
v 0.8015029430389404 -3.8251326084136963 -9.578659057617188
v -0.8015029430389404 -1.6713957786560059 -11.599321365356445
v -0.8015029430389404 0.3577967882156372 -8.505297660827637
v -0.8015029430389404 0.3577967882156372 -10.934290885925293
v -0.8015029430389404 -2.7807557582855225 -9.533899307250977
v 0.8015029430389404 0.3577967882156372 -8.505297660827637
v 0.8015029430389404 -1.6713957786560059 -11.599321365356445
v 0.8015029430389404 0.3577967882156372 -10.934290885925293
v 0.8015029430389404 -2.7807557582855225 -9.533899307250977
v 0.7539513111114502 6.281720161437988 5.612021446228027
v 0.7539513111114502 4.811763286590576 4.077324390411377
v 0.7539513111114502 6.281720161437988 4.077324390411377
v 0.7539513111114502 4.811763286590576 5.6120195388793945
v 0.7539513111114502 4.811763286590576 1.8605414628982544
v 0.7539513111114502 6.281720161437988 1.8605414628982544
v 0.7539513111114502 6.698998928070068 4.077324390411377
v 0.7539513111114502 6.698998928070068 5.612021446228027
v -0.7539513111114502 6.281720161437988 4.077324390411377
v -0.7539513111114502 4.811763286590576 1.8605414628982544
v -0.7539513111114502 4.811763286590576 4.077324390411377
v -0.7539513111114502 6.281720161437988 1.8605414628982544
v -0.7539513111114502 6.281720161437988 5.612021446228027
v -0.7539513111114502 4.811763286590576 5.6120195388793945
v -0.7539513111114502 6.698998928070068 5.612021446228027
v -0.7539513111114502 6.698998928070068 4.077324390411377
v -3.177205550316067e-15 4.787250518798828 10.77688217163086
v -0.411457359790802 4.787250995635986 9.269388198852539
v -0.411457359790802 4.787250518798828 10.77688217163086
v -3.177205550316067e-15 4.787250995635986 9.269388198852539
v -3.177205126799593e-15 4.787250995635986 8.079970359802246
v -3.177205126799593e-15 4.787250995635986 6.587198257446289
v -0.411457359790802 4.787250995635986 8.079970359802246
v -0.411457359790802 4.787250995635986 6.587198257446289
v -0.411457359790802 4.787250995635986 8.079970359802246
v -0.411457359790802 4.787250995635986 6.587198257446289
v -1.1030558347702026 4.787250995635986 8.079970359802246
v -1.1030558347702026 4.787250995635986 6.587198257446289
v -0.411457359790802 4.787250518798828 10.77688217163086
v -0.411457359790802 4.787250995635986 9.269388198852539
v -1.1030558347702026 4.787250518798828 10.77688217163086
v -1.1030558347702026 4.787250995635986 9.269388198852539
v -3.177205550316067e-15 4.787250518798828 10.77688217163086
v 0.411457359790802 4.787250995635986 9.269388198852539
v -3.177205550316067e-15 4.787250995635986 9.269388198852539
v 0.411457359790802 4.787250518798828 10.77688217163086
v -3.177205126799593e-15 4.787250995635986 6.587198257446289
v -3.177205126799593e-15 4.787250995635986 8.079970359802246
v 0.411457359790802 4.787250995635986 8.079970359802246
v 0.411457359790802 4.787250995635986 6.587198257446289
v 0.411457359790802 4.787250995635986 6.587198257446289
v 0.411457359790802 4.787250995635986 8.079970359802246
v 1.1030558347702026 4.787250995635986 8.079970359802246
v 1.1030558347702026 4.787250995635986 6.587198257446289
v 0.411457359790802 4.787250995635986 9.269388198852539
v 0.411457359790802 4.787250518798828 10.77688217163086
v 1.1030558347702026 4.787250518798828 10.77688217163086
v 1.1030558347702026 4.787250995635986 9.269388198852539
v 0.1858387589454651 3.3988869190216064 24.154653549194336
v -0.1858387589454651 3.3988869190216064 24.154653549194336
v -0.1858387589454651 3.3988869190216064 23.24399757385254
v 0.1858387589454651 3.3988869190216064 23.24399757385254
v 0.676423192024231 2.357736110687256 -3.5360169410705566
v 0.676423192024231 0.5268849730491638 -3.726487636566162
v 0.676423192024231 2.354010581970215 -3.7609424591064453
v 0.676423192024231 0.5306105613708496 -3.5015618801116943
v 0.676423192024231 -0.39952513575553894 -3.4903416633605957
v 0.676423192024231 -0.4032514989376068 -3.7152674198150635
v 0.676423192024231 0.5068808794021606 -4.934076309204102
v 0.676423192024231 2.3340065479278564 -4.968531131744385
v -0.676423192024231 2.354010581970215 -3.7609424591064453
v -0.676423192024231 0.5068808794021606 -4.934076309204102
v -0.676423192024231 0.5268849730491638 -3.726487636566162
v -0.676423192024231 2.3340065479278564 -4.968531131744385
v -0.676423192024231 2.357736110687256 -3.5360169410705566
v -0.676423192024231 0.5306105613708496 -3.5015618801116943
v -0.676423192024231 -0.39952513575553894 -3.4903416633605957
v -0.676423192024231 -0.4032514989376068 -3.7152674198150635
v 0.6296154260635376 6.633685111999512 0.8689303994178772
v 0.6296154260635376 6.831312656402588 0.8816946148872375
v 0.6296154260635376 6.816605567932129 1.1094136238098145
v 0.6296154260635376 6.618978023529053 1.096649408340454
v 0.6296154260635376 6.898063659667969 0.8860060572624207
v 0.6296154260635376 6.88335657119751 1.1137243509292603
v 0.6296154260635376 7.060375690460205 0.8964894413948059
v 0.6296154260635376 7.045668601989746 1.1242077350616455
v -0.6296154260635376 6.831312656402588 0.8816946148872375
v -0.6296154260635376 6.62015438079834 1.0967249870300293
v -0.6296154260635376 6.816605567932129 1.1094136238098145
v -0.6296154260635376 6.634862899780273 0.8690066933631897
v -0.6296154260635376 6.88335657119751 1.1137243509292603
v -0.6296154260635376 6.898063659667969 0.8860060572624207
v -0.6296154260635376 7.045668601989746 1.1242077350616455
v -0.6296154260635376 7.060375690460205 0.8964894413948059
v 0.09827237576246262 3.464996337890625 18.401521682739258
v -0.09827237576246262 3.464996337890625 18.401521682739258
v -0.09827237576246262 3.464996337890625 17.702863693237305
v 0.09827237576246262 3.464996337890625 17.702863693237305
v 0.9203830361366272 3.838460683822632 -24.631851196289062
v 0.9203830361366272 3.838460683822632 -25
v 0.45858344435691833 4.3483452796936035 -24.631851196289062
v 0.45858344435691833 4.3483452796936035 -25
v -0.45858344435691833 4.3483452796936035 -25
v -0.9203831553459167 3.838460683822632 -24.631851196289062
v -0.45858344435691833 4.3483452796936035 -24.631851196289062
v -0.9203831553459167 3.838460683822632 -25
v 0.49270033836364746 0.1385137438774109 -7.676602363586426
v 0.49270033836364746 0.47620728611946106 -4.92553186416626
v 0.49270033836364746 0.13851222395896912 -4.746531963348389
v 0.49270033836364746 0.47620803117752075 -7.504292964935303
v -0.49270033836364746 0.1385137438774109 -7.676602363586426
v -0.49270033836364746 0.47620728611946106 -4.92553186416626
v -0.49270033836364746 0.47620803117752075 -7.504292964935303
v -0.49270033836364746 0.13851222395896912 -4.746531963348389
v 0.49270033836364746 0.1385137438774109 -7.676602363586426
v 0.492700457572937 1.130800724029541 -7.933512210845947
v 0.49270033836364746 0.47620803117752075 -7.504292964935303
v 0.492700457572937 0.9455766677856445 -8.215877532958984
v -0.49270033836364746 0.47620803117752075 -7.504292964935303
v -0.492700457572937 1.130800724029541 -7.933512210845947
v -0.49270033836364746 0.1385137438774109 -7.676602363586426
v -0.492700457572937 0.9455766677856445 -8.215877532958984
v 0.49270033836364746 0.47620728611946106 -4.92553186416626
v 0.49270036816596985 1.1905170679092407 -4.2331085205078125
v 0.49270033836364746 0.13851222395896912 -4.746531963348389
v 0.49270036816596985 0.9397349953651428 -4.006953239440918
v -0.49270033836364746 0.13851222395896912 -4.746531963348389
v -0.49270036816596985 1.1905170679092407 -4.2331085205078125
v -0.49270033836364746 0.47620728611946106 -4.92553186416626
v -0.49270036816596985 0.9397349953651428 -4.006953239440918
v 0.398840993642807 6.816605567932129 1.1094136238098145
v 0.398840993642807 6.40278959274292 4.462226390838623
v 0.398840993642807 6.618978023529053 1.096649408340454
v 0.398840993642807 6.599240779876709 4.474913597106934
v -0.398840993642807 6.816605567932129 1.1094136238098145
v -0.398840993642807 6.40278959274292 4.462226390838623
v -0.398840993642807 6.599240779876709 4.474913597106934
v -0.398840993642807 6.62015438079834 1.0967249870300293
v -0.5065949559211731 4.891616344451904 6.065756797790527
v -0.5065949559211731 6.703891754150391 6.065756797790527
v -1.156939148902893 6.207049369812012 6.065756797790527
v -1.156939148902893 4.891616344451904 6.065756797790527
v 0.5065949559211731 4.891616344451904 6.065756797790527
v 0.5065949559211731 6.703891754150391 6.065756797790527
v 1.156939148902893 6.207049369812012 6.065756797790527
v 1.156939148902893 4.891616344451904 6.065756797790527
v 0.45858344435691833 4.3483452796936035 -24.631851196289062
v 0.45858344435691833 4.3483452796936035 -25
v -0.45858344435691833 4.3483452796936035 -24.631851196289062
v -0.45858344435691833 4.3483452796936035 -25
v 0.1838688999414444 5.264716148376465 17.383359909057617
v 0.1838688999414444 4.663217067718506 18.104501724243164
v 0.1838688999414444 4.663218021392822 16.87364387512207
v 0.1838688999414444 5.2647175788879395 16.152503967285156
v -0.1838688999414444 5.264716148376465 17.383359909057617
v -0.1838688999414444 4.663218021392822 16.87364387512207
v -0.1838688999414444 4.663217067718506 18.104501724243164
v -0.1838688999414444 5.2647175788879395 16.152503967285156
v 0.1858387589454651 3.8026907444000244 24.154653549194336
v 0.1858387589454651 3.3988869190216064 24.154653549194336
v 0.1858387589454651 3.3988869190216064 23.24399757385254
v 0.1858387589454651 3.8026907444000244 22.871177673339844
v -0.1858387589454651 3.8026907444000244 24.154653549194336
v -0.1858387589454651 3.3988869190216064 23.24399757385254
v -0.1858387589454651 3.3988869190216064 24.154653549194336
v -0.1858387589454651 3.8026907444000244 22.871177673339844
v 0.1858387589454651 4.708897590637207 24.154653549194336
v 0.1858387589454651 6.571360111236572 23.302536010742188
v 0.1858387589454651 6.571360111236572 24.154653549194336
v 0.1858387589454651 4.708897590637207 22.866090774536133
v -0.1858387589454651 4.708897590637207 24.154653549194336
v -0.1858387589454651 6.571360111236572 24.154653549194336
v -0.1858387589454651 6.571360111236572 23.302536010742188
v -0.1858387589454651 4.708897590637207 22.866090774536133
v -0.2710859477519989 5.184670925140381 17.580713272094727
v -3.3587594392635008e-15 5.112035274505615 14.847152709960938
v -2.7426827305722943e-15 5.112033843994141 17.621719360351562
v -0.2710859477519989 5.1846723556518555 14.847152709960938
v -0.46953463554382324 5.383120536804199 17.46869468688965
v -0.46953463554382324 5.383120536804199 14.847152709960938
v -0.5421718955039978 5.654205799102783 17.315670013427734
v -0.5421718955039978 5.654207229614258 14.847152709960938
v -0.46953463554382324 5.925292491912842 17.162649154663086
v -0.46953463554382324 5.925292491912842 14.847152709960938
v -0.2710859477519989 6.1237406730651855 17.05062484741211
v -0.2710859477519989 6.1237406730651855 14.847152709960938
v -2.5050279437040766e-15 6.196377754211426 17.009626388549805
v -2.985193133810647e-15 6.1963791847229 14.847152709960938
v 0.2710859477519989 5.184670925140381 17.580713272094727
v -2.7426827305722943e-15 5.112033843994141 17.621719360351562
v -3.3587594392635008e-15 5.112035274505615 14.847152709960938
v 0.2710859477519989 5.1846723556518555 14.847152709960938
v 0.46953463554382324 5.383120536804199 17.46869468688965
v 0.46953463554382324 5.383120536804199 14.847152709960938
v 0.5421718955039978 5.654205799102783 17.315670013427734
v 0.5421718955039978 5.654207229614258 14.847152709960938
v 0.46953463554382324 5.925292491912842 17.162649154663086
v 0.46953463554382324 5.925292491912842 14.847152709960938
v 0.2710859477519989 6.1237406730651855 17.05062484741211
v 0.2710859477519989 6.1237406730651855 14.847152709960938
v -2.5050279437040766e-15 6.196377754211426 17.009626388549805
v -2.985193133810647e-15 6.1963791847229 14.847152709960938
v 0.5065949559211731 4.891616344451904 5.608417510986328
v 0.5065949559211731 6.703891754150391 5.608417510986328
v 1.156939148902893 6.207050800323486 5.608417510986328
v 1.156939148902893 4.891616344451904 5.608417510986328
v -0.5065949559211731 4.891616344451904 5.608417510986328
v -0.5065949559211731 6.703891754150391 5.608417510986328
v -1.156939148902893 6.207050800323486 5.608417510986328
v -1.156939148902893 4.891616344451904 5.608417510986328
v 0.09827237576246262 3.464996337890625 18.401521682739258
v 0.09827237576246262 3.8026914596557617 17.702863693237305
v 0.09827237576246262 3.8026914596557617 18.401521682739258
v 0.09827237576246262 3.464996337890625 17.702863693237305
v -0.09827237576246262 3.464996337890625 18.401521682739258
v -0.09827237576246262 3.8026914596557617 18.401521682739258
v -0.09827237576246262 3.8026914596557617 17.702863693237305
v -0.09827237576246262 3.464996337890625 17.702863693237305
v -2.300136814752129e-15 4.743957996368408 3.003544330596924
v -1.035879373550415 4.988895416259766 1.8644226789474487
v -1.035879373550415 4.743957996368408 3.003544330596924
v -2.2701408369910124e-15 4.988895416259766 1.8644226789474487
v 1.035879373550415 4.988895416259766 1.8644226789474487
v 1.035879373550415 4.743957996368408 3.003544330596924
v 0.06099977716803551 6.980063438415527 23.85781478881836
v 0.06099977716803551 6.332729339599609 23.85781478881836
v 0.06099977716803551 6.332729339599609 23.635147094726562
v 0.06099977716803551 6.980063438415527 23.63514518737793
v -0.06099977716803551 6.980063438415527 23.85781478881836
v -0.06099977716803551 6.332729339599609 23.635147094726562
v -0.06099977716803551 6.332729339599609 23.85781478881836
v -0.06099977716803551 6.980063438415527 23.63514518737793
v -2.160752884600224e-15 4.129769802093506 -17.43254280090332
v -2.153139964228539e-15 4.1919355392456055 -23.31968116760254
v -0.4723709225654602 4.129769802093506 -17.43254280090332
v -0.4723709225654602 3.669745445251465 -16.59952735900879
v -0.8010222911834717 3.7481369972229004 -17.43254280090332
v -0.8010222911834717 3.7810921669006348 -23.31968116760254
v -0.8010222911834717 3.3078227043151855 -16.59952735900879
v -0.8010222911834717 3.7305214405059814 -14.386442184448242
v -0.4723709225654602 4.1919355392456055 -23.31968116760254
v -0.4723709225654602 4.1919355392456055 -24.351625442504883
v -0.8010222911834717 3.7810921669006348 -24.351625442504883
v -0.4723709225654602 4.191936016082764 -24.876907348632812
v -0.8010222911834717 3.7810921669006348 -24.876907348632812
v -2.1531397524703023e-15 4.191936016082764 -24.876907348632812
v -2.153139964228539e-15 4.1919355392456055 -24.351625442504883
v 0.4723709225654602 4.1919355392456055 -24.351625442504883
v 0.4723709225654602 4.191936016082764 -24.876907348632812
v 0.4723709225654602 4.1919355392456055 -23.31968116760254
v 0.8010222911834717 3.7810921669006348 -24.351625442504883
v 0.8010222911834717 3.7810921669006348 -24.876907348632812
v 0.8010222911834717 3.7810921669006348 -23.31968116760254
v 0.4723709225654602 4.129769802093506 -17.43254280090332
v 0.8010222911834717 3.7481369972229004 -17.43254280090332
v 0.4723709225654602 3.669745445251465 -16.59952735900879
v 0.8010222911834717 3.3078227043151855 -16.59952735900879
v 0.8010222911834717 3.7305214405059814 -14.386442184448242
v 0.4723709225654602 3.9432730674743652 -14.386442184448242
v -2.217089469438581e-15 3.669745445251465 -16.59952735900879
v -2.183592280989989e-15 3.9432730674743652 -14.386442184448242
v -0.4723709225654602 3.9432730674743652 -14.386442184448242
v -0.4723709225654602 4.348588943481445 -12.15552043914795
v -2.1339553032479397e-15 4.348588943481445 -12.15552043914795
v -0.9447418451309204 4.348588943481445 -12.15552043914795
v -0.4104393720626831 5.088778495788574 6.587198257446289
v -1.1030558347702026 5.088780403137207 6.587198257446289
v -1.1030558347702026 4.963126182556152 6.473414897918701
v -0.4104393720626831 4.963126182556152 6.473414897918701
v -0.4104393720626831 5.088778495788574 6.587198257446289
v -3.1556669847750476e-15 4.963126182556152 6.473414897918701
v -3.1402789372222788e-15 5.088778495788574 6.587198257446289
v -0.4104393720626831 4.963126182556152 6.473414897918701
v 0.4104393720626831 4.963126182556152 6.473414897918701
v 1.1030558347702026 4.963126182556152 6.473414897918701
v 0.4104393720626831 5.088778495788574 6.587198257446289
v 1.1030558347702026 5.088780403137207 6.587198257446289
v -3.1556669847750476e-15 4.963126182556152 6.473414897918701
v 0.4104393720626831 5.088778495788574 6.587198257446289
v -3.1402789372222788e-15 5.088778495788574 6.587198257446289
v 0.4104393720626831 4.963126182556152 6.473414897918701
v -2.797510114456881e-15 -1.0697463750839233 -24.876907348632812
v -2.1531397524703023e-15 4.191936016082764 -24.876907348632812
v -2.153139964228539e-15 4.1919355392456055 -24.351625442504883
v -2.797510114456881e-15 -1.0697463750839233 -24.351627349853516
v -2.86500593485884e-15 3.528886079788208 12.988585472106934
v -0.35032010078430176 3.6227543354034424 12.988585472106934
v -0.35032010078430176 3.6227543354034424 12.263944625854492
v -2.534161853683125e-15 3.528886079788208 12.263944625854492
v -0.6067721843719482 3.879206418991089 12.263944625854492
v -0.6067721843719482 3.879206418991089 12.988585472106934
v -0.7006402015686035 4.229526042938232 12.263944625854492
v -0.7006402015686035 4.229526042938232 12.988585472106934
v -0.6067721843719482 4.579846382141113 12.263944625854492
v -0.6067721843719482 4.579846382141113 12.988585472106934
v -0.35032010078430176 4.83629846572876 12.263944625854492
v -0.35032010078430176 4.83629846572876 12.988585472106934
v -2.38225157679075e-15 4.930166244506836 12.988585472106934
v -2.051407707373272e-15 4.930166244506836 12.263944625854492
v 0.35032010078430176 4.83629846572876 12.988585472106934
v 0.35032010078430176 4.83629846572876 12.263944625854492
v 0.6067721843719482 4.579846382141113 12.988585472106934
v 0.6067721843719482 4.579846382141113 12.263944625854492
v 0.7006402015686035 4.229526042938232 12.988585472106934
v 0.7006402015686035 4.229526042938232 12.263944625854492
v 0.6067721843719482 3.879206418991089 12.988585472106934
v 0.6067721843719482 3.879206418991089 12.263944625854492
v 0.35032010078430176 3.6227543354034424 12.263944625854492
v 0.35032010078430176 3.6227543354034424 12.988585472106934
v -2.534161853683125e-15 3.528886079788208 12.263944625854492
v -2.86500593485884e-15 3.528886079788208 12.988585472106934
v -0.292632132768631 6.738964557647705 24.146570205688477
v -0.4138443171977997 7.03159761428833 23.369129180908203
v -0.4138443171977997 7.03159761428833 24.146570205688477
v -0.292632132768631 6.738964557647705 23.369129180908203
v -0.3582955002784729 7.264134407043457 23.369129180908203
v -0.3582955002784729 7.264134407043457 24.146570205688477
v -8.981737575908255e-10 3.914095401763916 25
v -0.1577148735523224 3.9563546180725098 22.2032527923584
v -0.1577148735523224 3.9563546180725098 25
v -8.981737575908255e-10 3.914095401763916 22.2032527923584
v -0.27317020297050476 4.071810245513916 22.2032527923584
v -0.27317020297050476 4.071810245513916 25
v -0.3154297471046448 4.229525566101074 22.2032527923584
v -0.3154297471046448 4.229524612426758 25
v -0.27317020297050476 4.387239933013916 22.2032527923584
v -0.27317020297050476 4.387239933013916 25
v -0.1577148735523224 4.502695560455322 25
v -0.1577148735523224 4.502695560455322 22.2032527923584
v -8.981735355462206e-10 4.544954776763916 25
v -8.981735355462206e-10 4.544954776763916 22.2032527923584
v 0.1577148735523224 4.502695560455322 25
v 0.1577148735523224 4.502695560455322 22.2032527923584
v 0.27317020297050476 4.387239933013916 25
v 0.27317020297050476 4.387239933013916 22.2032527923584
v 0.3154297471046448 4.229524612426758 25
v 0.3154297471046448 4.229525566101074 22.2032527923584
v 0.27317020297050476 4.071810245513916 25
v 0.27317020297050476 4.071810245513916 22.2032527923584
v 0.1577148735523224 3.9563546180725098 25
v 0.1577148735523224 3.9563546180725098 22.2032527923584
v -8.981737575908255e-10 3.914095401763916 22.2032527923584
v -8.981737575908255e-10 3.914095401763916 25
v -0.08830449730157852 7.045668601989746 1.1242077350616455
v -0.08830449730157852 6.88335657119751 1.1137243509292603
v -0.08830449730157852 7.060375690460205 0.8964894413948059
v -0.08830449730157852 6.898063659667969 0.8860060572624207
v 0.08830449730157852 7.060375690460205 0.8964894413948059
v 0.08830449730157852 6.898063659667969 0.8860060572624207
v 0.08830449730157852 7.045668601989746 1.1242077350616455
v 0.08830449730157852 6.88335657119751 1.1137243509292603
v -0.7539513111114502 6.281720161437988 5.612021446228027
v 0.7539513111114502 4.811763286590576 5.6120195388793945
v 0.7539513111114502 6.281720161437988 5.612021446228027
v -0.7539513111114502 4.811763286590576 5.6120195388793945
v 0.7539513111114502 6.698998928070068 5.612021446228027
v -0.7539513111114502 6.698998928070068 5.612021446228027
v -0.24510236084461212 3.8049943447113037 25
v -4.5314221328702185e-15 3.7393219470977783 11.695751190185547
v -1.2332335961483991e-15 3.7393195629119873 25
v -0.24510236084461212 3.8049967288970947 11.695751190185547
v -0.4245297610759735 3.984421730041504 25
v -0.4245297610759735 3.984424114227295 11.695751190185547
v -0.49020472168922424 4.229524612426758 25
v -0.49020472168922424 4.229526042938232 11.69575309753418
v -0.4245297610759735 4.474626541137695 25
v -0.4245297610759735 4.474628925323486 11.69575309753418
v -0.24510236084461212 4.654054164886475 25
v -0.24510236084461212 4.654056549072266 11.69575309753418
v -4.1936618159219355e-15 4.719731330871582 11.69575309753418
v -8.954733850792345e-16 4.719728946685791 25
v 0.24510236084461212 4.654056549072266 11.69575309753418
v 0.24510236084461212 4.654054164886475 25
v 0.4245297610759735 4.474628925323486 11.69575309753418
v 0.4245297610759735 4.474626541137695 25
v 0.49020472168922424 4.229526042938232 11.69575309753418
v 0.49020472168922424 4.229524612426758 25
v 0.4245297610759735 3.984424114227295 11.695751190185547
v 0.4245297610759735 3.984421730041504 25
v 0.24510236084461212 3.8049967288970947 11.695751190185547
v 0.24510236084461212 3.8049943447113037 25
v -1.2332335961483991e-15 3.7393195629119873 25
v -4.5314221328702185e-15 3.7393219470977783 11.695751190185547
v 0.790141224861145 3.825965642929077 0.03856419026851654
v 0.790141224861145 3.825965642929077 -3.657196283340454
v -0.790141224861145 3.825965642929077 0.03856419026851654
v -0.790141224861145 3.825965642929077 -3.657196283340454
v -0.09827237576246262 3.8026914596557617 18.401521682739258
v 0.09827237576246262 3.8026914596557617 18.401521682739258
v 0.09827237576246262 3.8026914596557617 17.702863693237305
v -0.09827237576246262 3.8026914596557617 17.702863693237305
v -0.1858387589454651 3.8026907444000244 24.154653549194336
v 0.1858387589454651 3.8026907444000244 24.154653549194336
v 0.1858387589454651 3.8026907444000244 22.871177673339844
v -0.1858387589454651 3.8026907444000244 22.871177673339844
v -2.951668840307743e-15 6.628897666931152 6.058915615081787
v -0.4104393720626831 4.963126182556152 6.0589141845703125
v -0.4104393720626831 6.628897666931152 6.058915615081787
v -3.1556669847750476e-15 4.963126182556152 6.0589141845703125
v 0.4104393720626831 6.628897666931152 6.058915615081787
v 0.4104393720626831 4.963126182556152 6.0589141845703125
v -2.951668840307743e-15 6.628897666931152 6.058915615081787
v -3.1556669847750476e-15 4.963126182556152 6.0589141845703125
v 0.1838688999414444 4.663217067718506 18.104501724243164
v -0.1838688999414444 4.663217067718506 18.104501724243164
v -0.1838688999414444 4.663218021392822 16.87364387512207
v 0.1838688999414444 4.663218021392822 16.87364387512207
v 0.1858387589454651 4.708897590637207 24.154653549194336
v -0.1858387589454651 4.708897590637207 24.154653549194336
v -0.1858387589454651 4.708897590637207 22.866090774536133
v 0.1858387589454651 4.708897590637207 22.866090774536133
v -0.7539513111114502 4.811763286590576 1.8605414628982544
v 0.7539513111114502 4.811763286590576 1.8605414628982544
v 0.7539513111114502 4.811763286590576 4.077324390411377
v -0.7539513111114502 4.811763286590576 4.077324390411377
v 0.7539513111114502 4.811763286590576 5.6120195388793945
v -0.7539513111114502 4.811763286590576 5.6120195388793945
v -0.411457359790802 4.907232761383057 8.253012657165527
v -3.1625118580218096e-15 4.907232761383057 8.253012657165527
v -3.177205126799593e-15 4.787250995635986 8.079970359802246
v -0.411457359790802 4.787250995635986 8.079970359802246
v -0.411457359790802 4.787250995635986 8.079970359802246
v -1.1030558347702026 4.907232761383057 8.253012657165527
v -0.411457359790802 4.907232761383057 8.253012657165527
v -1.1030558347702026 4.787250995635986 8.079970359802246
v 0.411457359790802 4.787250995635986 8.079970359802246
v -3.177205126799593e-15 4.787250995635986 8.079970359802246
v 0.411457359790802 4.907232761383057 8.253012657165527
v -3.1625118580218096e-15 4.907232761383057 8.253012657165527
v 1.1030558347702026 4.787250995635986 8.079970359802246
v 0.411457359790802 4.787250995635986 8.079970359802246
v 1.1030558347702026 4.907232761383057 8.253012657165527
v 0.411457359790802 4.907232761383057 8.253012657165527
v -0.5065949559211731 4.891616344451904 5.608417510986328
v -0.5065949559211731 4.891616344451904 6.065756797790527
v -1.156939148902893 4.891616344451904 5.608417510986328
v -1.156939148902893 4.891616344451904 6.065756797790527
v 1.156939148902893 4.891616344451904 5.608417510986328
v 1.156939148902893 4.891616344451904 6.065756797790527
v 0.5065949559211731 4.891616344451904 5.608417510986328
v 0.5065949559211731 4.891616344451904 6.065756797790527
v 0.5065949559211731 4.891616344451904 5.608417510986328
v 0.5065949559211731 4.891616344451904 6.065756797790527
v -0.5065949559211731 4.891616344451904 5.608417510986328
v -0.5065949559211731 4.891616344451904 6.065756797790527
v 0.8010222911834717 1.8075875043869019 -14.386442184448242
v 0.4723709225654602 1.9992765188217163 -12.15552043914795
v 0.4723709225654602 1.562181830406189 -14.386442184448242
v 0.9447418451309204 1.9992765188217163 -12.15552043914795
v -2.4216631727935452e-15 1.9992765188217163 -12.15552043914795
v -2.4751918434117543e-15 1.562181830406189 -14.386442184448242
v -1.1030558347702026 4.947418212890625 8.255221366882324
v -0.4104393720626831 4.947418212890625 8.255221366882324
v -0.4104393720626831 4.947418212890625 9.095427513122559
v -1.1030558347702026 4.947418212890625 9.095427513122559
v -3.1575903848400253e-15 4.947418212890625 9.095425605773926
v -3.1575903848400253e-15 4.947418212890625 8.255221366882324
v 1.1030558347702026 4.947418212890625 8.255221366882324
v 0.4104393720626831 4.947418212890625 9.095427513122559
v 0.4104393720626831 4.947418212890625 8.255221366882324
v 1.1030558347702026 4.947418212890625 9.095427513122559
v -3.1575903848400253e-15 4.947418212890625 9.095425605773926
v -3.1575903848400253e-15 4.947418212890625 8.255221366882324
v -1.1030558347702026 4.963126182556152 6.0589141845703125
v -0.4104393720626831 4.963126182556152 6.0589141845703125
v -0.4104393720626831 4.963126182556152 6.473414897918701
v -1.1030558347702026 4.963126182556152 6.473414897918701
v -1.1030558347702026 4.9726338386535645 10.917434692382812
v -0.4104393720626831 4.9726338386535645 10.917434692382812
v -0.4104393720626831 4.9726338386535645 12.066849708557129
v -1.1030558347702026 4.9726338386535645 12.066849708557129
v -3.1545027379890466e-15 4.9726338386535645 12.066849708557129
v -3.1545027379890466e-15 4.9726338386535645 10.917434692382812
v -0.4104393720626831 4.963126182556152 6.0589141845703125
v -3.1556669847750476e-15 4.963126182556152 6.0589141845703125
v -3.1556669847750476e-15 4.963126182556152 6.473414897918701
v -0.4104393720626831 4.963126182556152 6.473414897918701
v 1.1030558347702026 4.963126182556152 6.0589141845703125
v 0.4104393720626831 4.963126182556152 6.473414897918701
v 0.4104393720626831 4.963126182556152 6.0589141845703125
v 1.1030558347702026 4.963126182556152 6.473414897918701
v 1.1030558347702026 4.9726338386535645 10.917434692382812
v 0.4104393720626831 4.9726338386535645 12.066849708557129
v 0.4104393720626831 4.9726338386535645 10.917434692382812
v 1.1030558347702026 4.9726338386535645 12.066849708557129
v -3.1545027379890466e-15 4.9726338386535645 12.066849708557129
v -3.1545027379890466e-15 4.9726338386535645 10.917434692382812
v 0.4104393720626831 4.963126182556152 6.0589141845703125
v -3.1556669847750476e-15 4.963126182556152 6.473414897918701
v -3.1556669847750476e-15 4.963126182556152 6.0589141845703125
v 0.4104393720626831 4.963126182556152 6.473414897918701
v -0.4104393720626831 5.088778495788574 6.587198257446289
v -0.4104393720626831 5.088778495788574 8.08796501159668
v -1.1030558347702026 5.088780403137207 6.587198257446289
v -1.1030558347702026 5.088778495788574 8.08796501159668
v -0.4104393720626831 5.088778495788574 9.245342254638672
v -0.4104393720626831 5.088778495788574 10.802813529968262
v -1.1030558347702026 5.088778495788574 9.245342254638672
v -1.1030558347702026 5.088778495788574 10.802813529968262
v -3.1402789372222788e-15 5.088778495788574 9.245342254638672
v -3.1402789372222788e-15 5.088778495788574 10.802813529968262
v -0.4104393720626831 5.088778495788574 9.245342254638672
v -0.4104393720626831 5.088778495788574 10.802813529968262
v -3.1402789372222788e-15 5.088778495788574 6.587198257446289
v -3.1402789372222788e-15 5.088778495788574 8.08796501159668
v -0.4104393720626831 5.088778495788574 6.587198257446289
v -0.4104393720626831 5.088778495788574 8.08796501159668
v 1.1030558347702026 5.088780403137207 6.587198257446289
v 0.4104393720626831 5.088778495788574 8.08796501159668
v 0.4104393720626831 5.088778495788574 6.587198257446289
v 1.1030558347702026 5.088778495788574 8.08796501159668
v 1.1030558347702026 5.088778495788574 9.245342254638672
v 0.4104393720626831 5.088778495788574 10.802813529968262
v 0.4104393720626831 5.088778495788574 9.245342254638672
v 1.1030558347702026 5.088778495788574 10.802813529968262
v -3.1402789372222788e-15 5.088778495788574 10.802813529968262
v -3.1402789372222788e-15 5.088778495788574 9.245342254638672
v 0.4104393720626831 5.088778495788574 6.587198257446289
v -3.1402789372222788e-15 5.088778495788574 8.08796501159668
v -3.1402789372222788e-15 5.088778495788574 6.587198257446289
v 0.4104393720626831 5.088778495788574 8.08796501159668
v -4.480323176261208e-15 6.4857306480407715 24.146570205688477
v -0.38792693614959717 6.646414756774902 23.369129180908203
v -2.442372916595676e-15 6.4857306480407715 23.369129180908203
v -0.38792693614959717 6.646414756774902 24.146570205688477
v -0.5486115217208862 7.034342288970947 23.369129180908203
v -0.5486115217208862 7.034342288970947 24.146570205688477
v -0.4450276792049408 7.284414768218994 23.369129180908203
v -0.4450276792049408 7.284416198730469 24.146570205688477
v 0.5486115217208862 7.034342288970947 24.146570205688477
v 0.4450276792049408 7.284414768218994 23.369129180908203
v 0.4450276792049408 7.284416198730469 24.146570205688477
v 0.5486115217208862 7.034342288970947 23.369129180908203
v 0.38792693614959717 6.646414756774902 24.146570205688477
v 0.38792693614959717 6.646414756774902 23.369129180908203
v -2.442372916595676e-15 6.4857306480407715 23.369129180908203
v -4.480323176261208e-15 6.4857306480407715 24.146570205688477
v -0.398840993642807 6.599240779876709 4.474913597106934
v -0.08830449730157852 6.40278959274292 4.462226390838623
v -0.08830449730157852 6.599240779876709 4.474913597106934
v -0.398840993642807 6.40278959274292 4.462226390838623
v 0.08830449730157852 6.40278959274292 4.462226390838623
v 0.08830449730157852 6.599240779876709 4.474913597106934
v 0.398840993642807 6.40278959274292 4.462226390838623
v 0.398840993642807 6.599240779876709 4.474913597106934
v 0.676423192024231 2.354010581970215 -3.7609424591064453
v 0.676423192024231 2.3340065479278564 -4.968531131744385
v -0.676423192024231 2.354010581970215 -3.7609424591064453
v -0.676423192024231 2.3340065479278564 -4.968531131744385
v -0.676423192024231 2.357736110687256 -3.5360169410705566
v 0.676423192024231 2.357736110687256 -3.5360169410705566
v 0.8015029430389404 2.3778812885284424 -7.923109531402588
v 0.8015029430389404 2.3778812885284424 -11.187068939208984
v -0.8015029430389404 2.3778812885284424 -7.923109531402588
v -0.8015029430389404 2.3778812885284424 -11.187068939208984
v -0.8010222911834717 1.0396441221237183 -17.43254280090332
v -0.4723709225654602 0.6297035217285156 -17.43254280090332
v -0.4723709225654602 0.8907973170280457 -16.59952735900879
v -0.4723709225654602 1.562181830406189 -14.386442184448242
v -0.4723709225654602 1.9992765188217163 -12.15552043914795
v -0.8010222911834717 1.8075875043869019 -14.386442184448242
v -0.9447418451309204 1.9992765188217163 -12.15552043914795
v -2.4216631727935452e-15 1.9992765188217163 -12.15552043914795
v -0.8010222911834717 1.3058732748031616 -16.59952735900879
v -2.4751918434117543e-15 1.562181830406189 -14.386442184448242
v -0.4723709225654602 0.8907973170280457 -16.59952735900879
v -0.8010222911834717 1.0396441221237183 -17.43254280090332
v -2.557412696327019e-15 0.8907973170280457 -16.59952735900879
v -0.4723709225654602 0.6297035217285156 -17.43254280090332
v -0.8010222911834717 -0.45347917079925537 -23.319683074951172
v 0.4723709225654602 0.8907973170280457 -16.59952735900879
v 0.4723709225654602 1.562181830406189 -14.386442184448242
v 0.8010222911834717 1.3058732748031616 -16.59952735900879
v 0.8010222911834717 1.8075875043869019 -14.386442184448242
v 0.8010222911834717 1.0396441221237183 -17.43254280090332
v 0.4723709225654602 0.6297035217285156 -17.43254280090332
v 0.8010222911834717 -0.45347917079925537 -23.319683074951172
v -2.5893873430529214e-15 0.6297035217285156 -17.43254280090332
v 0.4723709225654602 -1.0697472095489502 -23.319683074951172
v 0.8010222911834717 -0.45347917079925537 -24.351627349853516
v -0.4723709225654602 -1.0697472095489502 -23.319683074951172
v -0.8010222911834717 -0.45347917079925537 -24.351627349853516
v -2.797510114456881e-15 -1.0697472095489502 -23.319683074951172
v -0.4723709225654602 -1.0697463750839233 -24.351627349853516
v -0.8010222911834717 -0.45347917079925537 -24.876907348632812
v -0.4723709225654602 -1.0697463750839233 -24.876907348632812
v 0.4723709225654602 -1.0697463750839233 -24.351627349853516
v 0.8010222911834717 -0.45347917079925537 -24.876907348632812
v 0.4723709225654602 -1.0697463750839233 -24.876907348632812
v -2.797510114456881e-15 -1.0697463750839233 -24.351627349853516
v -2.797510114456881e-15 -1.0697463750839233 -24.876907348632812
v -0.08830449730157852 6.619761943817139 1.0966997146606445
v -0.08830449730157852 6.40278959274292 4.462226390838623
v -0.398840993642807 6.62015438079834 1.0967249870300293
v -0.398840993642807 6.40278959274292 4.462226390838623
v -0.08830449730157852 6.6344709396362305 0.8689814805984497
v 0.08830449730157852 6.634078502655029 0.8689563274383545
v 0.08830449730157852 6.619369983673096 1.0966745615005493
v -0.08830449730157852 6.619761943817139 1.0966997146606445
v -0.398840993642807 6.634862899780273 0.8690066933631897
v -0.08830449730157852 6.6344709396362305 0.8689814805984497
v -0.08830449730157852 6.619761943817139 1.0966997146606445
v -0.398840993642807 6.62015438079834 1.0967249870300293
v 0.08830449730157852 6.634078502655029 0.8689563274383545
v 0.398840993642807 6.633685111999512 0.8689303994178772
v 0.398840993642807 6.618978023529053 1.096649408340454
v 0.08830449730157852 6.619369983673096 1.0966745615005493
v 0.398840993642807 6.618978023529053 1.096649408340454
v 0.398840993642807 6.40278959274292 4.462226390838623
v 0.08830449730157852 6.619369983673096 1.0966745615005493
v 0.08830449730157852 6.40278959274292 4.462226390838623
v 0.08830449730157852 6.619369983673096 1.0966745615005493
v 0.08830449730157852 6.40278959274292 4.462226390838623
v -0.08830449730157852 6.619761943817139 1.0966997146606445
v -0.08830449730157852 6.40278959274292 4.462226390838623
v -0.398840993642807 6.62015438079834 1.0967249870300293
v -0.6296154260635376 6.62015438079834 1.0967249870300293
v -0.398840993642807 6.634862899780273 0.8690066933631897
v -0.6296154260635376 6.634862899780273 0.8690066933631897
v 0.6296154260635376 6.633685111999512 0.8689303994178772
v 0.398840993642807 6.618978023529053 1.096649408340454
v 0.398840993642807 6.633685111999512 0.8689303994178772
v 0.6296154260635376 6.618978023529053 1.096649408340454
v 0.06099977716803551 6.332729339599609 23.85781478881836
v -0.06099977716803551 6.332729339599609 23.85781478881836
v -0.06099977716803551 6.332729339599609 23.635147094726562
v 0.06099977716803551 6.332729339599609 23.635147094726562
v -1.1030558347702026 5.088778495788574 8.08796501159668
v -0.4104393720626831 5.088778495788574 8.08796501159668
v -0.4104393720626831 4.947418212890625 8.255221366882324
v -1.1030558347702026 4.947418212890625 8.255221366882324
v -0.4104393720626831 5.088778495788574 8.08796501159668
v -3.1402789372222788e-15 5.088778495788574 8.08796501159668
v -3.1575903848400253e-15 4.947418212890625 8.255221366882324
v -0.4104393720626831 4.947418212890625 8.255221366882324
v 1.1030558347702026 5.088778495788574 8.08796501159668
v 0.4104393720626831 4.947418212890625 8.255221366882324
v 0.4104393720626831 5.088778495788574 8.08796501159668
v 1.1030558347702026 4.947418212890625 8.255221366882324
v 0.4104393720626831 5.088778495788574 8.08796501159668
v -3.1575903848400253e-15 4.947418212890625 8.255221366882324
v -3.1402789372222788e-15 5.088778495788574 8.08796501159668
v 0.4104393720626831 4.947418212890625 8.255221366882324
v -0.411457359790802 4.896324634552002 10.927544593811035
v -3.1638476289796297e-15 4.896324634552002 10.927544593811035
v -3.177205550316067e-15 4.787250518798828 10.77688217163086
v -0.411457359790802 4.787250518798828 10.77688217163086
v -1.1030558347702026 4.896324634552002 10.927546501159668
v -0.411457359790802 4.896324634552002 10.927544593811035
v -0.411457359790802 4.787250518798828 10.77688217163086
v -1.1030558347702026 4.787250518798828 10.77688217163086
v 0.411457359790802 4.787250518798828 10.77688217163086
v -3.177205550316067e-15 4.787250518798828 10.77688217163086
v 0.411457359790802 4.896324634552002 10.927544593811035
v -3.1638476289796297e-15 4.896324634552002 10.927544593811035
v 1.1030558347702026 4.787250518798828 10.77688217163086
v 0.411457359790802 4.787250518798828 10.77688217163086
v 1.1030558347702026 4.896324634552002 10.927546501159668
v 0.411457359790802 4.896324634552002 10.927544593811035
v -1.156939148902893 2.5818898677825928 3.293635845184326
v 1.156939148902893 4.871756076812744 3.293637275695801
v -1.156939148902893 4.871756076812744 3.293637275695801
v 1.156939148902893 2.5818898677825928 3.293635845184326
v -1.035879373550415 4.406201362609863 3.003544330596924
v -2.5603097607648654e-15 2.619485855102539 3.0598232746124268
v -2.341500186423635e-15 4.40620231628418 3.003544330596924
v -1.035879373550415 2.619485855102539 3.0598232746124268
v 1.035879373550415 4.406201362609863 3.003544330596924
v -2.341500186423635e-15 4.40620231628418 3.003544330596924
v -2.5603097607648654e-15 2.619485855102539 3.0598232746124268
v 1.035879373550415 2.619485855102539 3.0598232746124268
v -1.035879373550415 4.743957996368408 3.003544330596924
v -2.341500186423635e-15 4.40620231628418 3.003544330596924
v -2.300136814752129e-15 4.743957996368408 3.003544330596924
v -1.035879373550415 4.406201362609863 3.003544330596924
v 1.035879373550415 4.743957996368408 3.003544330596924
v 1.035879373550415 4.406201362609863 3.003544330596924
v 0.49270033836364746 0.47620728611946106 -4.92553186416626
v 0.49270033836364746 0.47620803117752075 -7.504292964935303
v -0.49270033836364746 0.47620728611946106 -4.92553186416626
v -0.49270033836364746 0.47620803117752075 -7.504292964935303
v -0.4473579525947571 6.020508766174316 1.8644226789474487
v -2.198781275800153e-15 5.571589469909668 1.8644226789474487
v -2.1274219263675304e-15 6.154282569885254 1.8644235134124756
v -0.7368460297584534 5.234841346740723 1.8644226789474487
v 0.4473579525947571 6.020508766174316 1.8644226789474487
v 0.7368460297584534 5.234841346740723 1.8644226789474487
v -1.035879373550415 4.988895416259766 1.8644226789474487
v -2.2701408369910124e-15 4.988895416259766 1.8644226789474487
v -0.7368460297584534 5.234841346740723 1.8644226789474487
v -2.198781275800153e-15 5.571589469909668 1.8644226789474487
v 0.7368460297584534 5.234841346740723 1.8644226789474487
v 1.035879373550415 4.988895416259766 1.8644226789474487
v -2.198781275800153e-15 5.571589469909668 1.8644226789474487
v 0.4473579525947571 6.020508766174316 1.8644226789474487
v -2.1274219263675304e-15 6.154282569885254 1.8644235134124756
v -1.1030558347702026 5.088778495788574 10.802813529968262
v -0.4104393720626831 5.088778495788574 10.802813529968262
v -0.4104393720626831 4.9726338386535645 10.917434692382812
v -1.1030558347702026 4.9726338386535645 10.917434692382812
v -0.4104393720626831 5.088778495788574 10.802813529968262
v -3.1402789372222788e-15 5.088778495788574 10.802813529968262
v -3.1545027379890466e-15 4.9726338386535645 10.917434692382812
v -0.4104393720626831 4.9726338386535645 10.917434692382812
v 1.1030558347702026 5.088778495788574 10.802813529968262
v 0.4104393720626831 4.9726338386535645 10.917434692382812
v 0.4104393720626831 5.088778495788574 10.802813529968262
v 1.1030558347702026 4.9726338386535645 10.917434692382812
v 0.4104393720626831 5.088778495788574 10.802813529968262
v -3.1545027379890466e-15 4.9726338386535645 10.917434692382812
v -3.1402789372222788e-15 5.088778495788574 10.802813529968262
v 0.4104393720626831 4.9726338386535645 10.917434692382812
v 0.398840993642807 6.88335657119751 1.1137243509292603
v 0.08830449730157852 6.88335657119751 1.1137243509292603
v 0.08830449730157852 6.816605567932129 1.1094136238098145
v 0.398840993642807 6.816605567932129 1.1094136238098145
v 0.398840993642807 7.045668601989746 1.1242077350616455
v 0.08830449730157852 7.045668601989746 1.1242077350616455
v -0.08830449730157852 6.816605567932129 1.1094136238098145
v -0.08830449730157852 6.88335657119751 1.1137243509292603
v -0.398840993642807 6.816605567932129 1.1094136238098145
v -0.398840993642807 6.88335657119751 1.1137243509292603
v -0.08830449730157852 7.045668601989746 1.1242077350616455
v -0.398840993642807 7.045668601989746 1.1242077350616455
v -0.6296154260635376 6.816605567932129 1.1094136238098145
v -0.398840993642807 6.62015438079834 1.0967249870300293
v -0.6296154260635376 6.62015438079834 1.0967249870300293
v -0.6296154260635376 6.88335657119751 1.1137243509292603
v -0.6296154260635376 7.045668601989746 1.1242077350616455
v 0.6296154260635376 6.618978023529053 1.096649408340454
v 0.6296154260635376 6.816605567932129 1.1094136238098145
v 0.398840993642807 6.816605567932129 1.1094136238098145
v 0.398840993642807 6.618978023529053 1.096649408340454
v 0.6296154260635376 6.88335657119751 1.1137243509292603
v 0.398840993642807 6.88335657119751 1.1137243509292603
v 0.6296154260635376 7.045668601989746 1.1242077350616455
v 0.398840993642807 7.045668601989746 1.1242077350616455
v 0.49270036816596985 0.9397349953651428 -4.006953239440918
v -0.49270033836364746 0.13851222395896912 -4.746531963348389
v 0.49270033836364746 0.13851222395896912 -4.746531963348389
v -0.49270036816596985 0.9397349953651428 -4.006953239440918
v 0.8015029430389404 0.7701265811920166 -7.923110485076904
v -0.8015029430389404 0.7701265811920166 -7.923110485076904
v -0.8015029430389404 0.3577967882156372 -8.505297660827637
v 0.8015029430389404 0.3577967882156372 -8.505297660827637
v -0.790141224861145 3.825965642929077 0.03856419026851654
v 0.790141224861145 2.1113784313201904 0.03856419026851654
v 0.790141224861145 3.825965642929077 0.03856419026851654
v -0.790141224861145 2.1113784313201904 0.03856419026851654
v -0.790141224861145 0.4903498888015747 0.6025571823120117
v 0.790141224861145 0.4903498888015747 0.6025571823120117
v -0.790141224861145 -1.4167119264602661 1.345412254333496
v 0.790141224861145 -1.4167119264602661 1.345412254333496
v -0.790141224861145 -3.4447028636932373 2.3689701557159424
v 0.790141224861145 -3.4447028636932373 2.3689701557159424
v -0.790141224861145 -5.115820407867432 3.3833200931549072
v 0.790141224861145 -5.115820407867432 3.3833200931549072
v 1.1821388006210327 6.111811637878418 11.991762161254883
v 1.1821388006210327 3.53041934967041 11.991762161254883
v -1.1821388006210327 6.111811637878418 11.991762161254883
v -1.1821388006210327 3.53041934967041 11.991762161254883
v 0.4701341986656189 2.9761812686920166 11.991762161254883
v -1.1821388006210327 3.53041934967041 11.991762161254883
v 1.1821388006210327 3.53041934967041 11.991762161254883
v -0.4701341986656189 2.9761812686920166 11.991762161254883
v 1.1821388006210327 6.111811637878418 11.991762161254883
v -1.1821388006210327 6.111811637878418 11.991762161254883
v -0.44416630268096924 6.628989219665527 11.991762161254883
v 0.44416630268096924 6.628989219665527 11.991762161254883
v -0.09868448972702026 3.497824192047119 12.27446174621582
v -0.09868448972702026 3.300454616546631 12.27446174621582
v -0.13956095278263092 3.399139404296875 12.27446174621582
v 0.09868448972702026 3.497824192047119 12.27446174621582
v -3.6121313459844956e-15 3.5387003421783447 12.27446174621582
v 0.09868448972702026 3.300454616546631 12.27446174621582
v -3.708291184838014e-15 3.259578227996826 12.27446174621582
v 0.13956095278263092 3.399139404296875 12.27446174621582
v -0.24510236084461212 5.22967529296875 14.908632278442383
v -4.356950709911251e-15 5.16400146484375 11.69575309753418
v -1.0587622790685504e-15 5.16400146484375 14.908632278442383
v -0.24510236084461212 5.229677200317383 11.69575309753418
v -0.4245297610759735 5.409103870391846 14.908632278442383
v -0.4245297610759735 5.40910530090332 11.69575309753418
v -0.49020472168922424 5.654205799102783 14.908632278442383
v -0.49020472168922424 5.654207229614258 11.69575309753418
v -0.4245297610759735 5.899307727813721 14.908632278442383
v -0.4245297610759735 5.899309158325195 11.69575309753418
v -0.24510236084461212 6.078735828399658 14.908632278442383
v -0.24510236084461212 6.078735828399658 11.69575309753418
v -4.019190392962968e-15 6.144411563873291 11.69575309753418
v -7.210020679993857e-16 6.144410133361816 14.908632278442383
v 0.24510236084461212 6.078735828399658 11.69575309753418
v 0.24510236084461212 6.078735828399658 14.908632278442383
v 0.4245297610759735 5.899307727813721 14.908632278442383
v 0.4245297610759735 5.899309158325195 11.69575309753418
v 0.49020472168922424 5.654207229614258 11.69575309753418
v 0.49020472168922424 5.654205799102783 14.908632278442383
v 0.4245297610759735 5.40910530090332 11.69575309753418
v 0.4245297610759735 5.409103870391846 14.908632278442383
v 0.24510236084461212 5.229677200317383 11.69575309753418
v 0.24510236084461212 5.22967529296875 14.908632278442383
v -1.0587622790685504e-15 5.16400146484375 14.908632278442383
v -4.356950709911251e-15 5.16400146484375 11.69575309753418
v 0.1838688999414444 5.2647175788879395 16.152503967285156
v -0.1838688999414444 4.663218021392822 16.87364387512207
v -0.1838688999414444 5.2647175788879395 16.152503967285156
v 0.1838688999414444 4.663218021392822 16.87364387512207
v -2.985193133810647e-15 6.1963791847229 14.847152709960938
v -3.3587594392635008e-15 5.112035274505615 14.847152709960938
v -0.2710859477519989 6.1237406730651855 14.847152709960938
v -0.2710859477519989 5.1846723556518555 14.847152709960938
v -0.46953463554382324 5.383120536804199 14.847152709960938
v -0.5421718955039978 5.654207229614258 14.847152709960938
v -0.46953463554382324 5.925292491912842 14.847152709960938
v 0.2710859477519989 6.1237406730651855 14.847152709960938
v -3.3587594392635008e-15 5.112035274505615 14.847152709960938
v -2.985193133810647e-15 6.1963791847229 14.847152709960938
v 0.2710859477519989 5.1846723556518555 14.847152709960938
v 0.46953463554382324 5.383120536804199 14.847152709960938
v 0.5421718955039978 5.654207229614258 14.847152709960938
v 0.46953463554382324 5.925292491912842 14.847152709960938
v -0.676423192024231 -0.39952513575553894 -3.4903416633605957
v 0.676423192024231 0.5306105613708496 -3.5015618801116943
v -0.676423192024231 0.5306105613708496 -3.5015618801116943
v 0.676423192024231 -0.39952513575553894 -3.4903416633605957
v -0.676423192024231 2.357736110687256 -3.5360169410705566
v 0.676423192024231 0.5306105613708496 -3.5015618801116943
v 0.676423192024231 2.357736110687256 -3.5360169410705566
v -0.676423192024231 0.5306105613708496 -3.5015618801116943
v 0.49270036816596985 1.1905170679092407 -4.2331085205078125
v -0.49270036816596985 1.1905170679092407 -4.2331085205078125
v 0.49270036816596985 0.9397349953651428 -4.006953239440918
v -0.49270036816596985 0.9397349953651428 -4.006953239440918
v 0.48049935698509216 3.9521095752716064 16.4111328125
v 0.277416467666626 4.710025787353516 16.4111328125
v 0.48049935698509216 4.5069427490234375 16.4111328125
v 0.554832935333252 4.229526042938232 16.4111328125
v -0.277416467666626 4.710025787353516 16.4111328125
v -2.7829201836986625e-15 4.784359455108643 16.4111328125
v -0.277416467666626 3.7490265369415283 16.4111328125
v 0.277416467666626 3.7490265369415283 16.4111328125
v -3.165210504991762e-15 3.6746931076049805 16.4111328125
v -0.48049935698509216 3.9521095752716064 16.4111328125
v -0.48049935698509216 4.5069427490234375 16.4111328125
v -0.554832935333252 4.229526042938232 16.4111328125
v 0.8015029430389404 -3.3327834606170654 -9.399622917175293
v -0.8015029430389404 -3.3327834606170654 -9.399622917175293
v -0.8015029430389404 -3.8251326084136963 -9.578659057617188
v 0.8015029430389404 -3.8251326084136963 -9.578659057617188
v 0.09827237576246262 3.8026914596557617 17.702863693237305
v -0.09827237576246262 3.464996337890625 17.702863693237305
v -0.09827237576246262 3.8026914596557617 17.702863693237305
v 0.09827237576246262 3.464996337890625 17.702863693237305
v -0.8015029430389404 0.3577967882156372 -8.505297660827637
v -0.8015029430389404 -2.7807557582855225 -9.533899307250977
v 0.8015029430389404 0.3577967882156372 -8.505297660827637
v 0.8015029430389404 -2.7807557582855225 -9.533899307250977
v 0.1858387589454651 3.8026907444000244 22.871177673339844
v -0.1858387589454651 3.3988869190216064 23.24399757385254
v -0.1858387589454651 3.8026907444000244 22.871177673339844
v 0.1858387589454651 3.3988869190216064 23.24399757385254
v 0.492700457572937 1.130800724029541 -7.933512210845947
v -0.492700457572937 1.130800724029541 -7.933512210845947
v -0.49270033836364746 0.47620803117752075 -7.504292964935303
v 0.49270033836364746 0.47620803117752075 -7.504292964935303
v -0.8015029430389404 2.3778812885284424 -7.923109531402588
v 0.8015029430389404 1.5588361024856567 -7.923109531402588
v 0.8015029430389404 2.3778812885284424 -7.923109531402588
v -0.8015029430389404 1.5588361024856567 -7.923109531402588
v 0.8015029430389404 0.7701265811920166 -7.923110485076904
v -0.8015029430389404 0.7701265811920166 -7.923110485076904
v 0.8015029430389404 -2.7807557582855225 -9.533899307250977
v -0.8015029430389404 -2.7807557582855225 -9.533899307250977
v -0.8015029430389404 -3.3327834606170654 -9.399622917175293
v 0.8015029430389404 -3.3327834606170654 -9.399622917175293
v 0.1858387589454651 6.571360111236572 23.302536010742188
v -0.1858387589454651 4.708897590637207 22.866090774536133
v -0.1858387589454651 6.571360111236572 23.302536010742188
v 0.1858387589454651 4.708897590637207 22.866090774536133
v -2.7013324879114706e-15 4.784358501434326 22.702348709106445
v 0.277416467666626 3.749025821685791 22.70234489440918
v -0.277416467666626 3.749025821685791 22.70234489440918
v -3.08362280920457e-15 3.674692392349243 22.70234489440918
v 0.48049935698509216 3.952108860015869 22.70234489440918
v -0.48049935698509216 3.952108860015869 22.70234489440918
v 0.48049935698509216 4.506941795349121 22.70234489440918
v 0.554832935333252 4.229525566101074 22.70234489440918
v 0.277416467666626 4.710024833679199 22.702348709106445
v -0.48049935698509216 4.506941795349121 22.70234489440918
v -0.277416467666626 4.710024833679199 22.702348709106445
v -0.554832935333252 4.229525566101074 22.70234489440918
v 0.4138443171977997 7.03159761428833 23.369129180908203
v 0.3582955002784729 7.264134407043457 23.369129180908203
v 0.4450276792049408 7.284414768218994 23.369129180908203
v 0.4450276792049408 7.284414768218994 23.369129180908203
v 0.5486115217208862 7.034342288970947 23.369129180908203
v 0.4138443171977997 7.03159761428833 23.369129180908203
v 0.38792693614959717 6.646414756774902 23.369129180908203
v 0.292632132768631 6.738964557647705 23.369129180908203
v -0.4138443171977997 7.03159761428833 23.369129180908203
v -0.38792693614959717 6.646414756774902 23.369129180908203
v -0.5486115217208862 7.034342288970947 23.369129180908203
v -0.292632132768631 6.738964557647705 23.369129180908203
v -0.4450276792049408 7.284414768218994 23.369129180908203
v -0.4138443171977997 7.03159761428833 23.369129180908203
v -0.4450276792049408 7.284414768218994 23.369129180908203
v -0.3582955002784729 7.264134407043457 23.369129180908203
v 0.292632132768631 6.738964557647705 23.369129180908203
v -2.442372916595676e-15 6.4857306480407715 23.369129180908203
v -2.2488267351810157e-15 6.617753028869629 23.369129180908203
v 0.38792693614959717 6.646414756774902 23.369129180908203
v -0.292632132768631 6.738964557647705 23.369129180908203
v -2.2488267351810157e-15 6.617753028869629 23.369129180908203
v -2.442372916595676e-15 6.4857306480407715 23.369129180908203
v -0.38792693614959717 6.646414756774902 23.369129180908203
v -0.9447418451309204 4.348588943481445 -12.15552043914795
v -0.4723709225654602 1.9992765188217163 -12.15552043914795
v -0.4723709225654602 4.348588943481445 -12.15552043914795
v -0.9447418451309204 1.9992765188217163 -12.15552043914795
v -2.4216631727935452e-15 1.9992765188217163 -12.15552043914795
v -2.1339553032479397e-15 4.348588943481445 -12.15552043914795
v 0.4723709225654602 4.348588943481445 -12.15552043914795
v 0.4723709225654602 1.9992765188217163 -12.15552043914795
v 0.9447418451309204 4.348588943481445 -12.15552043914795
v 0.9447418451309204 1.9992765188217163 -12.15552043914795
v -2.4216631727935452e-15 1.9992765188217163 -12.15552043914795
v -2.1339553032479397e-15 4.348588943481445 -12.15552043914795
v 0.06099977716803551 6.980063438415527 23.63514518737793
v -0.06099977716803551 6.332729339599609 23.635147094726562
v -0.06099977716803551 6.980063438415527 23.63514518737793
v 0.06099977716803551 6.332729339599609 23.635147094726562
v -0.45858344435691833 4.3483452796936035 -24.631851196289062
v -0.9203831553459167 -0.49325165152549744 -24.631853103637695
v -0.5381657481193542 -1.2218565940856934 -24.631853103637695
v -0.9203831553459167 3.838460683822632 -24.631851196289062
v 0.45858344435691833 4.3483452796936035 -24.631851196289062
v 0.9203830361366272 -0.49325165152549744 -24.631853103637695
v 0.9203830361366272 3.838460683822632 -24.631851196289062
v 0.5381656885147095 -1.2218565940856934 -24.631853103637695
v -0.45858344435691833 4.3483452796936035 -24.631851196289062
v 0.5381656885147095 -1.2218565940856934 -24.631853103637695
v 0.45858344435691833 4.3483452796936035 -24.631851196289062
v -0.5381657481193542 -1.2218565940856934 -24.631853103637695

vn 0.0004885197849944234 0.0004885197849944234 -1
vn 0.0004885197849944234 0.0004885197849944234 -1
vn 0.0004885197849944234 0.0004885197849944234 -1
vn 0.0004885197849944234 0.0004885197849944234 -1
vn 0.0004885197849944234 0.0004885197849944234 -1
vn 0.0004885197849944234 0.0004885197849944234 -1
vn 0.0004885197849944234 0.0004885197849944234 -1
vn 0.0004885197849944234 0.0004885197849944234 -1
vn 0.0004885197849944234 0.0004885197849944234 -1
vn 0.0004885197849944234 0.0004885197849944234 -1
vn 0.0004885197849944234 0.0004885197849944234 -1
vn 0.0004885197849944234 0.0004885197849944234 -1
vn 0.0004885197849944234 0.0004885197849944234 -1
vn 0.0004885197849944234 0.0004885197849944234 -1
vn 0.0004885197849944234 0.0004885197849944234 -1
vn 0.0004885197849944234 0.0004885197849944234 -1
vn 0.0004885197849944234 0.0004885197849944234 -1
vn 0.0004885197849944234 0.0004885197849944234 -1
vn 0.0004885197849944234 0.0004885197849944234 -1
vn 0.0004885197849944234 0.0004885197849944234 -1
vn 0.0004885197849944234 0.0004885197849944234 -1
vn 0.0004885197849944234 0.0004885197849944234 -1
vn 0.0004885197849944234 0.0004885197849944234 -1
vn 0.0004885197849944234 0.0004885197849944234 -1
vn -0.0004885197849944234 0.0004885197849944234 1
vn -0.0004885197849944234 0.0004885197849944234 1
vn -0.0004885197849944234 0.0004885197849944234 1
vn -0.0004885197849944234 0.0004885197849944234 1
vn 0.0004885197849944234 0.0004885197849944234 1
vn 0.0004885197849944234 0.0004885197849944234 1
vn 0.0004885197849944234 0.0004885197849944234 1
vn 0.0004885197849944234 0.0004885197849944234 1
vn 0.0004885197849944234 -0.0004885197849944234 1
vn 0.0004885197849944234 -0.0004885197849944234 1
vn 0.0004885197849944234 -0.0004885197849944234 1
vn 0.0004885197849944234 -0.0004885197849944234 1
vn -0.0004885197849944234 -0.0004885197849944234 1
vn -0.0004885197849944234 -0.0004885197849944234 1
vn -0.0004885197849944234 -0.0004885197849944234 1
vn -0.0004885197849944234 -0.0004885197849944234 1
vn -0.0004885197849944234 -0.0004885197849944234 1
vn -0.0004885197849944234 -0.0004885197849944234 1
vn -0.0004885197849944234 -0.0004885197849944234 1
vn -0.0004885197849944234 -0.0004885197849944234 1
vn 0.0004885197849944234 -0.0004885197849944234 1
vn 0.0004885197849944234 -0.0004885197849944234 1
vn 0.0004885197849944234 -0.0004885197849944234 1
vn 0.0004885197849944234 -0.0004885197849944234 1
vn -0.0004885197849944234 -0.0004885197849944234 1
vn -0.0004885197849944234 -0.0004885197849944234 1
vn -0.0004885197849944234 -0.0004885197849944234 1
vn -0.0004885197849944234 -0.0004885197849944234 1
vn 0.0004885197849944234 -0.0004885197849944234 1
vn 0.0004885197849944234 -0.0004885197849944234 1
vn 0.0004885197849944234 -0.0004885197849944234 1
vn 0.0004885197849944234 -0.0004885197849944234 1
vn -0.0004885197849944234 0.0004885197849944234 1
vn -0.0004885197849944234 0.0004885197849944234 1
vn -0.0004885197849944234 0.0004885197849944234 1
vn -0.0004885197849944234 0.0004885197849944234 1
vn 0.0004885197849944234 0.0004885197849944234 1
vn 0.0004885197849944234 0.0004885197849944234 1
vn 0.0004885197849944234 0.0004885197849944234 1
vn 0.0004885197849944234 0.0004885197849944234 1
vn 0.0004885197849944234 0.0004885197849944234 1
vn 0.0004885197849944234 0.0004885197849944234 1
vn 0.0004885197849944234 0.0004885197849944234 1
vn 0.0004885197849944234 0.0004885197849944234 1
vn 0.0004885197849944234 0.0004885197849944234 1
vn 0.0004885197849944234 0.0004885197849944234 1
vn 0.0004885197849944234 -0.0004885197849944234 1
vn 0.0004885197849944234 -0.0004885197849944234 1
vn 0.0004885197849944234 -0.0004885197849944234 1
vn 0.0004885197849944234 -0.0004885197849944234 1
vn 0.0004885197849944234 -0.0004885197849944234 1
vn 0.0004885197849944234 -0.0004885197849944234 1
vn 0.0004885197849944234 -0.0004885197849944234 1
vn 0.0004885197849944234 -0.0004885197849944234 1
vn 0.0004885197849944234 -0.0004885197849944234 1
vn 0.0004885197849944234 -0.0004885197849944234 1
vn 0.0004885197849944234 -0.0004885197849944234 1
vn 0.0004885197849944234 -0.0004885197849944234 1
vn 0.0004885197849944234 -0.0004885197849944234 1
vn 0.0004885197849944234 -0.0004885197849944234 1
vn 0.0004885197849944234 -0.0004885197849944234 1
vn 0.0004885197849944234 -0.0004885197849944234 1
vn 0.0004885197849944234 -0.0004885197849944234 1
vn 0.0004885197849944234 -0.0004885197849944234 1
vn 0.0004885197849944234 -0.0004885197849944234 1
vn 0.0004885197849944234 -0.0004885197849944234 1
vn 0.0004885197849944234 -0.0004885197849944234 1
vn 0.0004885197849944234 -0.0004885197849944234 1
vn -0.0004885197849944234 -0.0004885197849944234 1
vn -0.0004885197849944234 -0.0004885197849944234 1
vn -0.0004885197849944234 -0.0004885197849944234 1
vn -0.0004885197849944234 -0.0004885197849944234 1
vn 0.0004885197849944234 -0.0004885197849944234 1
vn 0.0004885197849944234 -0.0004885197849944234 1
vn 0.0004885197849944234 -0.0004885197849944234 1
vn 0.0004885197849944234 -0.0004885197849944234 1
vn 0.0004885197849944234 -0.0004885197849944234 1
vn 0.0004885197849944234 -0.0004885197849944234 1
vn 0.0004885197849944234 -0.0004885197849944234 1
vn 0.0004885197849944234 -0.0004885197849944234 1
vn 0.0004885197849944234 -0.0004885197849944234 1
vn 0.0004885197849944234 -0.0004885197849944234 1
vn 0.0004885197849944234 -0.0004885197849944234 1
vn 0.0004885197849944234 -0.0004885197849944234 1
vn -0.0004885197849944234 0.0004885197849944234 1
vn -0.0004885197849944234 0.0004885197849944234 1
vn -0.0004885197849944234 0.0004885197849944234 1
vn -0.0004885197849944234 0.0004885197849944234 1
vn 0.0004885197849944234 0.0004885197849944234 1
vn 0.0004885197849944234 0.0004885197849944234 1
vn 0.0004885197849944234 0.0004885197849944234 1
vn 0.0004885197849944234 0.0004885197849944234 1
vn 0.0004885197849944234 0.0004885197849944234 1
vn 0.0004885197849944234 0.0004885197849944234 1
vn 0.0004885197849944234 0.0004885197849944234 1
vn 0.0004885197849944234 0.0004885197849944234 1
vn -0.0004885197849944234 0.0004885197849944234 1
vn -0.0004885197849944234 0.0004885197849944234 1
vn -0.0004885197849944234 0.0004885197849944234 1
vn -0.0004885197849944234 0.0004885197849944234 1
vn 0.0004885197849944234 0.0004885197849944234 1
vn 0.0004885197849944234 0.0004885197849944234 1
vn 0.0004885197849944234 0.0004885197849944234 1
vn 0.0004885197849944234 0.0004885197849944234 1
vn -0.0004885197849944234 0.0004885197849944234 1
vn -0.0004885197849944234 0.0004885197849944234 1
vn -0.0004885197849944234 0.0004885197849944234 1
vn -0.0004885197849944234 0.0004885197849944234 1
vn -0.0004885197849944234 -0.0004885197849944234 1
vn -0.0004885197849944234 -0.0004885197849944234 1
vn -0.0004885197849944234 -0.0004885197849944234 1
vn -0.0004885197849944234 -0.0004885197849944234 1
vn -0.0004885197849944234 -0.0004885197849944234 1
vn -0.0004885197849944234 -0.0004885197849944234 1
vn -0.0004885197849944234 -0.0004885197849944234 1
vn -0.0004885197849944234 -0.0004885197849944234 1
vn 0.0004885197849944234 -0.0004885197849944234 1
vn 0.0004885197849944234 -0.0004885197849944234 1
vn 0.0004885197849944234 -0.0004885197849944234 1
vn 0.0004885197849944234 -0.0004885197849944234 1
vn 0.0004885197849944234 -0.0004885197849944234 1
vn 0.0004885197849944234 -0.0004885197849944234 1
vn 0.0004885197849944234 -0.0004885197849944234 1
vn 0.0004885197849944234 -0.0004885197849944234 1
vn 0.0004885197849944234 -0.0004885197849944234 1
vn 0.0004885197849944234 -0.0004885197849944234 1
vn 0.0004885197849944234 -0.0004885197849944234 1
vn 0.0004885197849944234 -0.0004885197849944234 1
vn 0.0004885197849944234 -0.0004885197849944234 1
vn 0.0004885197849944234 -0.0004885197849944234 1
vn 0.0004885197849944234 -0.0004885197849944234 1
vn 0.0004885197849944234 -0.0004885197849944234 1
vn 0.0004885197849944234 0.0004885197849944234 1
vn 0.0004885197849944234 0.0004885197849944234 1
vn 0.0004885197849944234 0.0004885197849944234 1
vn 0.0004885197849944234 0.0004885197849944234 1
vn 0.0004885197849944234 0.0004885197849944234 -1
vn 0.0004885197849944234 0.0004885197849944234 -1
vn 0.0004885197849944234 0.0004885197849944234 -1
vn 0.0004885197849944234 0.0004885197849944234 -1
vn 0.0004885197849944234 0.0004885197849944234 -1
vn 0.0004885197849944234 0.0004885197849944234 -1
vn 0.0004885197849944234 0.0004885197849944234 -1
vn 0.0004885197849944234 0.0004885197849944234 -1
vn 0.0004885197849944234 0.0004885197849944234 -1
vn 0.0004885197849944234 0.0004885197849944234 -1
vn 0.0004885197849944234 0.0004885197849944234 -1
vn 0.0004885197849944234 0.0004885197849944234 -1
vn 0.0004885197849944234 -0.0004885197849944234 1
vn 0.0004885197849944234 -0.0004885197849944234 1
vn 0.0004885197849944234 -0.0004885197849944234 1
vn 0.0004885197849944234 -0.0004885197849944234 1
vn 0.0004885197849944234 -0.0004885197849944234 1
vn 0.0004885197849944234 -0.0004885197849944234 1
vn 0.0004885197849944234 -0.0004885197849944234 1
vn 0.0004885197849944234 -0.0004885197849944234 1
vn 0.0004885197849944234 -0.0004885197849944234 1
vn 0.0004885197849944234 -0.0004885197849944234 1
vn 0.0004885197849944234 -0.0004885197849944234 1
vn 0.0004885197849944234 -0.0004885197849944234 1
vn 0.0004885197849944234 -0.44113337993621826 -0.8974108695983887
vn 0.0004885197849944234 -0.44113337993621826 -0.8974108695983887
vn 0.0004885197849944234 -0.44113337993621826 -0.8974108695983887
vn 0.0004885197849944234 -0.44113337993621826 -0.8974108695983887
vn 0.0004885197849944234 0.21934539079666138 -0.9755740165710449
vn 0.0004885197849944234 0.21934539079666138 -0.9755740165710449
vn 0.0004885197849944234 0.21934539079666138 -0.9755740165710449
vn 0.0004885197849944234 0.21934539079666138 -0.9755740165710449
vn 0.0004885197849944234 0.31118708848953247 -0.9501709938049316
vn 0.0004885197849944234 0.31118708848953247 -0.9501709938049316
vn 0.0004885197849944234 0.31118708848953247 -0.9501709938049316
vn 0.0004885197849944234 0.31118708848953247 -0.9501709938049316
vn 0.0004885197849944234 0.31118708848953247 -0.9501709938049316
vn 0.0004885197849944234 0.31118708848953247 -0.9501709938049316
vn 0.0004885197849944234 0.31118708848953247 -0.9501709938049316
vn 0.0004885197849944234 0.31118708848953247 -0.9501709938049316
vn 0.0004885197849944234 -0.9306302070617676 -0.36687836050987244
vn 0.0004885197849944234 -0.9306302070617676 -0.36687836050987244
vn 0.0004885197849944234 -0.9306302070617676 -0.36687836050987244
vn 0.0004885197849944234 -0.9306302070617676 -0.36687836050987244
vn 0.0004885197849944234 -0.555446982383728 -0.8319491744041443
vn 0.0004885197849944234 -0.555446982383728 -0.8319491744041443
vn 0.0004885197849944234 -0.555446982383728 -0.8319491744041443
vn 0.0004885197849944234 -0.555446982383728 -0.8319491744041443
vn 0.0004885197849944234 0.696140706539154 -0.7176355719566345
vn 0.0004885197849944234 0.696140706539154 -0.7176355719566345
vn 0.0004885197849944234 0.696140706539154 -0.7176355719566345
vn 0.0004885197849944234 0.696140706539154 -0.7176355719566345
vn 0.0004885197849944234 0.696140706539154 -0.7176355719566345
vn 0.0004885197849944234 0.696140706539154 -0.7176355719566345
vn 0.0004885197849944234 0.696140706539154 -0.7176355719566345
vn 0.0004885197849944234 0.696140706539154 -0.7176355719566345
vn 0.0004885197849944234 0.696140706539154 -0.7176355719566345
vn 0.0004885197849944234 0.696140706539154 -0.7176355719566345
vn 0.0004885197849944234 0.696140706539154 -0.7176355719566345
vn 0.0004885197849944234 0.696140706539154 -0.7176355719566345
vn 0.0004885197849944234 0.696140706539154 -0.7176355719566345
vn 0.0004885197849944234 0.696140706539154 -0.7176355719566345
vn 0.0004885197849944234 0.696140706539154 -0.7176355719566345
vn 0.0004885197849944234 0.696140706539154 -0.7176355719566345
vn -0.0004885197849944234 0.696140706539154 -0.7176355719566345
vn -0.0004885197849944234 0.696140706539154 -0.7176355719566345
vn -0.0004885197849944234 0.696140706539154 -0.7176355719566345
vn -0.0004885197849944234 0.696140706539154 -0.7176355719566345
vn -0.0004885197849944234 0.696140706539154 -0.7176355719566345
vn -0.0004885197849944234 0.696140706539154 -0.7176355719566345
vn -0.0004885197849944234 0.696140706539154 -0.7176355719566345
vn -0.0004885197849944234 0.696140706539154 -0.7176355719566345
vn 0.0004885197849944234 -0.0004885197849944234 1
vn 0.0004885197849944234 -0.0004885197849944234 1
vn 0.0004885197849944234 -0.0004885197849944234 1
vn 0.0004885197849944234 -0.0004885197849944234 1
vn 0.0004885197849944234 -0.0004885197849944234 1
vn 0.0004885197849944234 -0.0004885197849944234 1
vn 0.0004885197849944234 -0.0004885197849944234 1
vn 0.0004885197849944234 -0.0004885197849944234 1
vn 0.0004885197849944234 -0.0004885197849944234 1
vn 0.0004885197849944234 -0.0004885197849944234 1
vn 0.0004885197849944234 -0.0004885197849944234 1
vn 0.0004885197849944234 -0.0004885197849944234 1
vn 0.0004885197849944234 -0.0004885197849944234 1
vn 0.0004885197849944234 -0.0004885197849944234 1
vn 0.0004885197849944234 -0.0004885197849944234 1
vn 0.0004885197849944234 -0.0004885197849944234 1
vn -0.49975574016571045 -0.8661455512046814 -0.0004885197849944234
vn 0.0004885197849944234 -1 -0.0004885197849944234
vn 0.0004885197849944234 -1 -0.0004885197849944234
vn -0.49975574016571045 -0.8661455512046814 -0.0004885197849944234
vn -0.8661455512046814 -0.49975574016571045 -0.0004885197849944234
vn -0.8661455512046814 -0.49975574016571045 -0.0004885197849944234
vn -1 -0.0004885197849944234 0.0004885197849944234
vn -1 0.0004885197849944234 0.0004885197849944234
vn -0.8661455512046814 0.49975574016571045 0.0004885197849944234
vn -0.8661455512046814 0.49975574016571045 0.0004885197849944234
vn -0.49975574016571045 0.8661455512046814 0.0004885197849944234
vn -0.49975574016571045 0.8661455512046814 0.0004885197849944234
vn 0.0004885197849944234 1 0.0004885197849944234
vn 0.0004885197849944234 1 0.0004885197849944234
vn 0.49975574016571045 0.8661455512046814 0.0004885197849944234
vn 0.49975574016571045 0.8661455512046814 0.0004885197849944234
vn 0.8661455512046814 0.49975574016571045 0.0004885197849944234
vn 0.8661455512046814 0.49975574016571045 0.0004885197849944234
vn 1 0.0004885197849944234 0.0004885197849944234
vn 1 -0.0004885197849944234 0.0004885197849944234
vn 0.8661455512046814 -0.49975574016571045 -0.0004885197849944234
vn 0.8661455512046814 -0.49975574016571045 -0.0004885197849944234
vn 0.49975574016571045 -0.8661455512046814 -0.0004885197849944234
vn 0.49975574016571045 -0.8661455512046814 -0.0004885197849944234
vn 0.0004885197849944234 -1 -0.0004885197849944234
vn 0.0004885197849944234 -1 -0.0004885197849944234
vn -0.0004885197849944234 0.4919394254684448 0.8710307478904724
vn -0.0004885197849944234 0.4919394254684448 0.8710307478904724
vn -0.0004885197849944234 0.4919394254684448 0.8710307478904724
vn -0.0004885197849944234 0.4919394254684448 0.8710307478904724
vn -0.0004885197849944234 0.4919394254684448 0.8710307478904724
vn -0.0004885197849944234 0.4919394254684448 0.8710307478904724
vn -0.0004885197849944234 0.4919394254684448 0.8710307478904724
vn -0.0004885197849944234 0.4919394254684448 0.8710307478904724
vn -0.0004885197849944234 0.4919394254684448 0.8710307478904724
vn -0.0004885197849944234 0.4919394254684448 0.8710307478904724
vn 0.0004885197849944234 0.4919394254684448 0.8710307478904724
vn 0.0004885197849944234 0.4919394254684448 0.8710307478904724
vn 0.0004885197849944234 0.4919394254684448 0.8710307478904724
vn 0.0004885197849944234 0.4919394254684448 0.8710307478904724
vn 0.0004885197849944234 0.4919394254684448 0.8710307478904724
vn 0.0004885197849944234 0.4919394254684448 0.8710307478904724
vn 0.0004885197849944234 0.4919394254684448 0.8710307478904724
vn 0.0004885197849944234 0.4919394254684448 0.8710307478904724
vn 0.0004885197849944234 0.4919394254684448 0.8710307478904724
vn 0.0004885197849944234 0.4919394254684448 0.8710307478904724
vn 0.0004885197849944234 -0.01905227079987526 -1
vn 0.0004885197849944234 -0.01905227079987526 -1
vn 0.0004885197849944234 -0.01905227079987526 -1
vn 0.0004885197849944234 -0.01905227079987526 -1
vn 0.0004885197849944234 -0.012212994508445263 -1
vn 0.0004885197849944234 -0.012212994508445263 -1
vn 0.0004885197849944234 -0.012212994508445263 -1
vn 0.0004885197849944234 -0.012212994508445263 -1
vn 0.0004885197849944234 0.0004885197849944234 -1
vn 0.0004885197849944234 -0.13434293866157532 -0.9912066459655762
vn 0.0004885197849944234 0.0004885197849944234 -1
vn 0.0004885197849944234 -0.13434293866157532 -0.9912066459655762
vn 0.0004885197849944234 -0.31021004915237427 -0.9511480331420898
vn 0.0004885197849944234 -0.31021004915237427 -0.9511480331420898
vn 0.0004885197849944234 -0.40498289465904236 -0.9140205383300781
vn 0.0004885197849944234 -0.40498289465904236 -0.9140205383300781
vn 0.0004885197849944234 -0.488031268119812 -0.8729848265647888
vn 0.0004885197849944234 -0.488031268119812 -0.8729848265647888
vn 0.0004885197849944234 -0.5232046842575073 -0.8524670004844666
vn 0.0004885197849944234 -0.5232046842575073 -0.8524670004844666
vn 0.0004885197849944234 0.7674645781517029 0.6404494643211365
vn 0.0004885197849944234 0.7674645781517029 0.6404494643211365
vn 0.0004885197849944234 0.7674645781517029 0.6404494643211365
vn 0.0004885197849944234 0.7674645781517029 0.6404494643211365
vn -0.0004885197849944234 -0.0004885197849944234 1
vn -0.0004885197849944234 -0.0004885197849944234 1
vn -0.0004885197849944234 -0.0004885197849944234 1
vn -0.0004885197849944234 -0.0004885197849944234 1
vn -0.0004885197849944234 -0.0004885197849944234 1
vn -0.0004885197849944234 -0.0004885197849944234 1
vn -0.0004885197849944234 -0.0004885197849944234 1
vn -0.0004885197849944234 -0.0004885197849944234 1
vn -0.0004885197849944234 -0.0004885197849944234 1
vn -0.0004885197849944234 -0.0004885197849944234 1
vn -0.0004885197849944234 -0.0004885197849944234 1
vn -0.0004885197849944234 -0.0004885197849944234 1
vn 0.0004885197849944234 -0.0004885197849944234 1
vn 0.0004885197849944234 -0.0004885197849944234 1
vn 0.0004885197849944234 -0.0004885197849944234 1
vn 0.0004885197849944234 -0.0004885197849944234 1
vn 0.0004885197849944234 -0.0004885197849944234 1
vn 0.0004885197849944234 -0.0004885197849944234 1
vn 0.0004885197849944234 0.0004885197849944234 1
vn 0.0004885197849944234 0.0004885197849944234 1
vn 0.0004885197849944234 0.0004885197849944234 1
vn 0.0004885197849944234 0.0004885197849944234 1
vn 0.0004885197849944234 -0.0004885197849944234 1
vn 0.0004885197849944234 -0.0004885197849944234 1
vn 0.0004885197849944234 -0.0004885197849944234 1
vn 0.0004885197849944234 -0.0004885197849944234 1
vn 0.0004885197849944234 -0.0004885197849944234 1
vn 0.0004885197849944234 -0.0004885197849944234 1
vn 0.0004885197849944234 -0.0004885197849944234 1
vn 0.0004885197849944234 -0.0004885197849944234 1
vn 0.0004885197849944234 -0.0004885197849944234 1
vn 0.0004885197849944234 -0.0004885197849944234 1
vn 0.0004885197849944234 -0.0004885197849944234 1
vn 0.0004885197849944234 -0.0004885197849944234 1
vn 0.0004885197849944234 -0.0004885197849944234 1
vn 0.0004885197849944234 -0.0004885197849944234 1
vn 0.0004885197849944234 -0.0004885197849944234 1
vn 0.0004885197849944234 -0.0004885197849944234 1
vn 0.0004885197849944234 -0.0004885197849944234 1
vn 0.0004885197849944234 -0.0004885197849944234 1
vn 0.0004885197849944234 -0.0004885197849944234 1
vn 0.0004885197849944234 -0.0004885197849944234 1
vn 0.0004885197849944234 -0.0004885197849944234 1
vn 0.0004885197849944234 -0.0004885197849944234 1
vn 0.0004885197849944234 -0.0004885197849944234 1
vn 0.0004885197849944234 -0.0004885197849944234 1
vn 0.0004885197849944234 -0.0004885197849944234 1
vn 0.0004885197849944234 -0.0004885197849944234 1
vn 0.0004885197849944234 -0.0004885197849944234 1
vn 0.0004885197849944234 -0.0004885197849944234 1
vn 0.0004885197849944234 -0.0004885197849944234 1
vn 0.0004885197849944234 -0.0004885197849944234 1
vn 0.0004885197849944234 -0.0004885197849944234 1
vn 0.0004885197849944234 -0.0004885197849944234 1
vn 0.0004885197849944234 -0.0004885197849944234 1
vn 0.0004885197849944234 -0.0004885197849944234 1
vn 0.0004885197849944234 -0.0004885197849944234 1
vn 0.0004885197849944234 -0.0004885197849944234 1
vn 0.0004885197849944234 -0.8094772696495056 0.5867122411727905
vn 0.0004885197849944234 -0.8094772696495056 0.5867122411727905
vn 0.0004885197849944234 -0.8094772696495056 0.5867122411727905
vn 0.0004885197849944234 -0.8094772696495056 0.5867122411727905
vn 0.0004885197849944234 -1 -0.0004885197849944234
vn -0.7068881392478943 -0.7068881392478943 -0.0004885197849944234
vn 0.0004885197849944234 -1 -0.0004885197849944234
vn -0.7068881392478943 -0.7068881392478943 -0.0004885197849944234
vn -1 -0.0004885197849944234 0.0004885197849944234
vn -1 0.0004885197849944234 0.0004885197849944234
vn -0.7068881392478943 0.7068881392478943 0.0004885197849944234
vn -0.7068881392478943 0.7068881392478943 0.0004885197849944234
vn 0.0004885197849944234 1 0.0004885197849944234
vn 0.0004885197849944234 1 0.0004885197849944234
vn 0.7068881392478943 0.7068881392478943 0.0004885197849944234
vn 0.7068881392478943 0.7068881392478943 0.0004885197849944234
vn 1 0.0004885197849944234 0.0004885197849944234
vn 1 -0.0004885197849944234 0.0004885197849944234
vn 0.7068881392478943 -0.7068881392478943 -0.0004885197849944234
vn 0.7068881392478943 -0.7068881392478943 -0.0004885197849944234
vn 0.0004885197849944234 -1 -0.0004885197849944234
vn 0.0004885197849944234 -1 -0.0004885197849944234
vn 0.0004885197849944234 -1 -0.0004885197849944234
vn 0.0004885197849944234 -1 -0.0004885197849944234
vn 0.0004885197849944234 -1 -0.0004885197849944234
vn 0.0004885197849944234 -1 -0.0004885197849944234
vn 0.0004885197849944234 0.696140706539154 -0.7176355719566345
vn 0.0004885197849944234 0.696140706539154 -0.7176355719566345
vn 0.0004885197849944234 0.696140706539154 -0.7176355719566345
vn 0.0004885197849944234 0.696140706539154 -0.7176355719566345
vn 0.0004885197849944234 0.8358573317527771 -0.5486077070236206
vn 0.0004885197849944234 0.8358573317527771 -0.5486077070236206
vn 0.0004885197849944234 0.8358573317527771 -0.5486077070236206
vn 0.0004885197849944234 0.8358573317527771 -0.5486077070236206
vn 0.0004885197849944234 0.0639960914850235 -0.9980459213256836
vn 0.0004885197849944234 0.0639960914850235 -0.9980459213256836
vn 0.0004885197849944234 0.0639960914850235 -0.9980459213256836
vn 0.0004885197849944234 0.0639960914850235 -0.9980459213256836
vn 0.0004885197849944234 0.0639960914850235 -0.9980459213256836
vn 0.0004885197849944234 0.0639960914850235 -0.9980459213256836
vn 0.0004885197849944234 0.0639960914850235 -0.9980459213256836
vn 0.0004885197849944234 0.0639960914850235 -0.9980459213256836
vn 0.0004885197849944234 0.0639960914850235 -0.9980459213256836
vn 0.0004885197849944234 0.0639960914850235 -0.9980459213256836
vn 0.0004885197849944234 0.0639960914850235 -0.9980459213256836
vn 0.0004885197849944234 0.0639960914850235 -0.9980459213256836
vn 0.0004885197849944234 0.0639960914850235 -0.9980459213256836
vn 0.0004885197849944234 0.0639960914850235 -0.9980459213256836
vn 0.0004885197849944234 0.0639960914850235 -0.9980459213256836
vn 0.0004885197849944234 0.0639960914850235 -0.9980459213256836
vn 0.0004885197849944234 0.0639960914850235 -0.9980459213256836
vn 0.0004885197849944234 0.0639960914850235 -0.9980459213256836
vn 0.0004885197849944234 0.0639960914850235 -0.9980459213256836
vn 0.0004885197849944234 0.0639960914850235 -0.9980459213256836
vn 0.0004885197849944234 0.0639960914850235 -0.9980459213256836
vn 0.0004885197849944234 0.0639960914850235 -0.9980459213256836
vn 0.0004885197849944234 0.0639960914850235 -0.9980459213256836
vn 0.0004885197849944234 0.0639960914850235 -0.9980459213256836
vn 0.0004885197849944234 0.0639960914850235 -0.9980459213256836
vn 0.0004885197849944234 0.0639960914850235 -0.9980459213256836
vn 0.0004885197849944234 0.0639960914850235 -0.9980459213256836
vn 0.0004885197849944234 0.0639960914850235 -0.9980459213256836
vn 0.0004885197849944234 0.9198827743530273 0.3913043439388275
vn 0.0004885197849944234 0.9198827743530273 0.3913043439388275
vn 0.0004885197849944234 0.9198827743530273 0.3913043439388275
vn 0.0004885197849944234 0.9198827743530273 0.3913043439388275
vn 0.0004885197849944234 -0.9814362525939941 0.1929653137922287
vn 0.0004885197849944234 -0.9814362525939941 0.1929653137922287
vn 0.0004885197849944234 -0.9814362525939941 0.1929653137922287
vn 0.0004885197849944234 -0.9814362525939941 0.1929653137922287
vn 0.531020998954773 0.758671224117279 0.37762579321861267
vn 0.531020998954773 0.758671224117279 0.37762579321861267
vn 0.531020998954773 0.758671224117279 0.37762579321861267
vn 0.531020998954773 0.758671224117279 0.37762579321861267
vn -0.531020998954773 0.758671224117279 0.37762579321861267
vn -0.531020998954773 0.758671224117279 0.37762579321861267
vn -0.531020998954773 0.758671224117279 0.37762579321861267
vn -0.531020998954773 0.758671224117279 0.37762579321861267
vn 0.0004885197849944234 -1 0.01612115278840065
vn 0.0004885197849944234 -1 0.01612115278840065
vn 0.0004885197849944234 -1 0.01612115278840065
vn 0.0004885197849944234 -1 0.01612115278840065
vn -0.49975574016571045 -0.8661455512046814 -0.0004885197849944234
vn 0.0004885197849944234 -1 -0.0004885197849944234
vn 0.0004885197849944234 -1 -0.0004885197849944234
vn -0.49975574016571045 -0.8661455512046814 -0.0004885197849944234
vn -0.8661455512046814 -0.49975574016571045 -0.0004885197849944234
vn -0.8661455512046814 -0.49975574016571045 -0.0004885197849944234
vn -1 -0.0004885197849944234 0.0004885197849944234
vn -1 0.0004885197849944234 0.0004885197849944234
vn -0.8661455512046814 0.49975574016571045 0.0004885197849944234
vn -0.8661455512046814 0.49975574016571045 0.0004885197849944234
vn -0.49975574016571045 0.8661455512046814 0.0004885197849944234
vn -0.49975574016571045 0.8661455512046814 0.0004885197849944234
vn 0.0004885197849944234 1 0.0004885197849944234
vn 0.0004885197849944234 1 0.0004885197849944234
vn 0.49975574016571045 0.8661455512046814 0.0004885197849944234
vn 0.49975574016571045 0.8661455512046814 0.0004885197849944234
vn 0.8661455512046814 0.49975574016571045 0.0004885197849944234
vn 0.8661455512046814 0.49975574016571045 0.0004885197849944234
vn 1 0.0004885197849944234 0.0004885197849944234
vn 1 -0.0004885197849944234 0.0004885197849944234
vn 0.8661455512046814 -0.49975574016571045 -0.0004885197849944234
vn 0.8661455512046814 -0.49975574016571045 -0.0004885197849944234
vn 0.49975574016571045 -0.8661455512046814 -0.0004885197849944234
vn 0.49975574016571045 -0.8661455512046814 -0.0004885197849944234
vn 0.0004885197849944234 -1 -0.0004885197849944234
vn 0.0004885197849944234 -1 -0.0004885197849944234
vn 0.0004885197849944234 -1 -0.0004885197849944234
vn 0.0004885197849944234 -1 -0.0004885197849944234
vn 0.0004885197849944234 -1 -0.0004885197849944234
vn 0.0004885197849944234 -1 -0.0004885197849944234
vn 0.0004885197849944234 0.9882755279541016 -0.14997556805610657
vn 0.0004885197849944234 0.9843673706054688 -0.17830972373485565
vn 0.12066438794136047 0.9716658592224121 -0.20175866782665253
vn 0.1900341957807541 0.9667806625366211 -0.17147044837474823
vn 0.4860771894454956 0.8573521971702576 -0.16951636970043182
vn 0.2506106495857239 0.942354679107666 -0.2242305874824524
vn 0.0004885197849944234 0.0004885197849944234 -1
vn 0.0004885197849944234 0.0004885197849944234 -1
vn 0.0004885197849944234 0.0004885197849944234 -1
vn 0.0004885197849944234 0.0004885197849944234 -1
vn 0.0004885197849944234 -0.9198827743530273 0.3913043439388275
vn 0.0004885197849944234 -0.9198827743530273 0.3913043439388275
vn 0.0004885197849944234 -0.9198827743530273 0.3913043439388275
vn 0.0004885197849944234 -0.9198827743530273 0.3913043439388275
vn 0.5701025724411011 -0.7322911620140076 0.37371763586997986
vn 0.5701025724411011 -0.7322911620140076 0.37371763586997986
vn 0.5701025724411011 -0.7322911620140076 0.37371763586997986
vn 0.5701025724411011 -0.7322911620140076 0.37371763586997986
vn -0.5701025724411011 -0.7322911620140076 0.37371763586997986
vn -0.5701025724411011 -0.7322911620140076 0.37371763586997986
vn -0.5701025724411011 -0.7322911620140076 0.37371763586997986
vn -0.5701025724411011 -0.7322911620140076 0.37371763586997986
vn 0.0004885197849944234 -1 0.01612115278840065
vn 0.0004885197849944234 -1 0.01612115278840065
vn 0.0004885197849944234 -1 0.01612115278840065
vn 0.0004885197849944234 -1 0.01612115278840065
vn 0.2281387448310852 0.9736199378967285 -0.0004885197849944234
vn 0.2281387448310852 0.9736199378967285 -0.0004885197849944234
vn 0.2281387448310852 0.9736199378967285 -0.0004885197849944234
vn 0.2281387448310852 0.9736199378967285 -0.0004885197849944234
vn -0.2281387448310852 0.9736199378967285 -0.0004885197849944234
vn -0.2281387448310852 0.9736199378967285 -0.0004885197849944234
vn -0.2281387448310852 0.9736199378967285 -0.0004885197849944234
vn -0.2281387448310852 0.9736199378967285 -0.0004885197849944234
vn -0.8856863975524902 -0.46458232402801514 -0.0004885197849944234
vn -0.8856863975524902 -0.46458232402801514 -0.0004885197849944234
vn -0.8856863975524902 -0.46458232402801514 -0.0004885197849944234
vn -0.8856863975524902 -0.46458232402801514 -0.0004885197849944234
vn 0.8856863975524902 -0.46458232402801514 -0.0004885197849944234
vn 0.8856863975524902 -0.46458232402801514 -0.0004885197849944234
vn 0.8856863975524902 -0.46458232402801514 -0.0004885197849944234
vn 0.8856863975524902 -0.46458232402801514 -0.0004885197849944234
vn 0.0004885197849944234 1 0.0004885197849944234
vn 0.0004885197849944234 1 0.0004885197849944234
vn 0.0004885197849944234 1 0.0004885197849944234
vn 0.0004885197849944234 1 0.0004885197849944234
vn 0.0004885197849944234 0.0004885197849944234 -1
vn 0.0004885197849944234 0.0004885197849944234 -1
vn 0.0004885197849944234 0.0004885197849944234 -1
vn 0.0004885197849944234 0.0004885197849944234 -1
vn 0.9638495445251465 -0.0004885197849944234 0.2652662396430969
vn 0.9638495445251465 -0.0004885197849944234 0.2652662396430969
vn 0.9638495445251465 -0.0004885197849944234 0.2652662396430969
vn 0.9638495445251465 -0.0004885197849944234 0.2652662396430969
vn -0.9638495445251465 -0.0004885197849944234 0.2652662396430969
vn -0.9638495445251465 -0.0004885197849944234 0.2652662396430969
vn -0.9638495445251465 -0.0004885197849944234 0.2652662396430969
vn -0.9638495445251465 -0.0004885197849944234 0.2652662396430969
vn 0.0004885197849944234 0.8085002303123474 0.5886663198471069
vn 0.0004885197849944234 0.8085002303123474 0.5886663198471069
vn 0.0004885197849944234 0.8085002303123474 0.5886663198471069
vn 0.0004885197849944234 0.8085002303123474 0.5886663198471069
vn 0.0004885197849944234 0.8085002303123474 0.5886663198471069
vn 0.0004885197849944234 0.8085002303123474 0.5886663198471069
vn 0.0004885197849944234 0.8085002303123474 0.5886663198471069
vn 0.0004885197849944234 0.8085002303123474 0.5886663198471069
vn 0.0004885197849944234 0.8085002303123474 0.5886663198471069
vn 0.0004885197849944234 0.8085002303123474 0.5886663198471069
vn 0.0004885197849944234 0.8085002303123474 0.5886663198471069
vn 0.0004885197849944234 0.8085002303123474 0.5886663198471069
vn 0.0004885197849944234 0.8085002303123474 0.5886663198471069
vn 0.0004885197849944234 0.8085002303123474 0.5886663198471069
vn 0.0004885197849944234 0.8085002303123474 0.5886663198471069
vn 0.0004885197849944234 0.8085002303123474 0.5886663198471069
vn 0.0004885197849944234 0.9980459213256836 0.0639960914850235
vn 0.0004885197849944234 0.9980459213256836 0.0639960914850235
vn 0.0004885197849944234 0.9980459213256836 0.0639960914850235
vn 0.0004885197849944234 0.9980459213256836 0.0639960914850235
vn 0.0004885197849944234 0.9980459213256836 0.0639960914850235
vn 0.0004885197849944234 0.9980459213256836 0.0639960914850235
vn 0.0004885197849944234 0.9980459213256836 0.0639960914850235
vn 0.0004885197849944234 0.9980459213256836 0.0639960914850235
vn 0.0004885197849944234 0.9980459213256836 0.0639960914850235
vn 0.0004885197849944234 0.9980459213256836 0.0639960914850235
vn 0.0004885197849944234 0.9980459213256836 0.0639960914850235
vn 0.0004885197849944234 0.9980459213256836 0.0639960914850235
vn 0.0004885197849944234 1 0.0004885197849944234
vn 0.0004885197849944234 1 0.0004885197849944234
vn 0.0004885197849944234 1 0.0004885197849944234
vn 0.0004885197849944234 1 0.0004885197849944234
vn 0.0004885197849944234 1 0.0004885197849944234
vn 0.0004885197849944234 1 0.0004885197849944234
vn 0.0004885197849944234 1 0.0004885197849944234
vn 0.0004885197849944234 1 0.0004885197849944234
vn 0.0004885197849944234 0.9980459213256836 0.0639960914850235
vn 0.0004885197849944234 0.9980459213256836 0.0639960914850235
vn 0.0004885197849944234 0.9980459213256836 0.0639960914850235
vn 0.0004885197849944234 0.9980459213256836 0.0639960914850235
vn 0.0004885197849944234 1 0.0004885197849944234
vn 0.0004885197849944234 1 0.0004885197849944234
vn 0.0004885197849944234 1 0.0004885197849944234
vn 0.0004885197849944234 1 0.0004885197849944234
vn -0.2867611050605774 0.9452857971191406 -0.15290668606758118
vn -0.5740107297897339 0.816316545009613 -0.0639960914850235
vn -0.24865657091140747 0.9667806625366211 -0.06106497347354889
vn -0.5740107297897339 0.8075231909751892 -0.13629701733589172
vn 0.0004885197849944234 0.9980459213256836 -0.0630190521478653
vn 0.0004885197849944234 0.9882755279541016 -0.15486076474189758
vn -0.2584269642829895 0.9658036231994629 0.023937469348311424
vn -0.5652173757553101 0.8241328597068787 0.018075231462717056
vn 0.0004885197849944234 1 0.026868587359786034
vn -0.2545188069343567 0.9667806625366211 0.023937469348311424
vn -0.5564240217208862 0.8299950957298279 0.01905227079987526
vn 0.0004885197849944234 1 0.026868587359786034
vn -0.2535417675971985 0.9667806625366211 0.026868587359786034
vn -0.555446982383728 0.8309721350669861 0.024914508685469627
vn 0.0004885197849944234 1 0.026868587359786034
vn -0.2584269642829895 0.9658036231994629 0.029799707233905792
vn -0.5574010610580444 0.8299950957298279 0.029799707233905792
vn 0.0004885197849944234 1 0.026868587359786034
vn 0.2867611050605774 0.9452857971191406 -0.15290668606758118
vn 0.5740107297897339 0.816316545009613 -0.0639960914850235
vn 0.5740107297897339 0.8075231909751892 -0.13629701733589172
vn 0.24865657091140747 0.9667806625366211 -0.06106497347354889
vn 0.0004885197849944234 0.9980459213256836 -0.0630190521478653
vn 0.0004885197849944234 0.9882755279541016 -0.15486076474189758
vn 0.2584269642829895 0.9658036231994629 0.023937469348311424
vn 0.5652173757553101 0.8241328597068787 0.018075231462717056
vn 0.0004885197849944234 1 0.026868587359786034
vn 0.2545188069343567 0.9667806625366211 0.023937469348311424
vn 0.5564240217208862 0.8299950957298279 0.01905227079987526
vn 0.0004885197849944234 1 0.026868587359786034
vn 0.2535417675971985 0.9667806625366211 0.026868587359786034
vn 0.555446982383728 0.8309721350669861 0.024914508685469627
vn 0.0004885197849944234 1 0.026868587359786034
vn 0.2584269642829895 0.9658036231994629 0.029799707233905792
vn 0.5574010610580444 0.8299950957298279 0.029799707233905792
vn 0.0004885197849944234 1 0.026868587359786034
vn 0.0004885197849944234 0.9980459213256836 0.0639960914850235
vn 0.0004885197849944234 0.9980459213256836 0.0639960914850235
vn 0.0004885197849944234 0.9980459213256836 0.0639960914850235
vn 0.0004885197849944234 0.9980459213256836 0.0639960914850235
vn 0.0004885197849944234 0.9980459213256836 0.0639960914850235
vn 0.0004885197849944234 0.9980459213256836 0.0639960914850235
vn 0.0004885197849944234 0.9980459213256836 0.0639960914850235
vn 0.0004885197849944234 0.9980459213256836 0.0639960914850235
vn 0.0004885197849944234 0.0004885197849944234 -1
vn 0.0004885197849944234 0.0004885197849944234 -1
vn 0.0004885197849944234 0.0004885197849944234 -1
vn 0.0004885197849944234 0.0004885197849944234 -1
vn 0.0004885197849944234 0.0004885197849944234 -1
vn 0.0004885197849944234 0.0004885197849944234 -1
vn 0.0004885197849944234 0.0004885197849944234 -1
vn 0.0004885197849944234 0.0004885197849944234 -1
vn 0.0004885197849944234 0.0004885197849944234 -1
vn 0.0004885197849944234 0.0004885197849944234 -1
vn 0.0004885197849944234 0.0004885197849944234 -1
vn 0.0004885197849944234 0.0004885197849944234 -1
vn 0.6072300672531128 0.7948216795921326 0.0004885197849944234
vn 0.6072300672531128 0.7948216795921326 0.0004885197849944234
vn 0.6072300672531128 0.7948216795921326 0.0004885197849944234
vn 0.6072300672531128 0.7948216795921326 0.0004885197849944234
vn -0.6072300672531128 0.7948216795921326 0.0004885197849944234
vn -0.6072300672531128 0.7948216795921326 0.0004885197849944234
vn -0.6072300672531128 0.7948216795921326 0.0004885197849944234
vn -0.6072300672531128 0.7948216795921326 0.0004885197849944234
vn 0.0004885197849944234 1 -0.0004885197849944234
vn 0.7068881392478943 0.7068881392478943 -0.0004885197849944234
vn 0.7068881392478943 0.7068881392478943 -0.0004885197849944234
vn 0.0004885197849944234 1 -0.0004885197849944234
vn 0.0004885197849944234 1 0.0004885197849944234
vn 0.0004885197849944234 1 0.0004885197849944234
vn 0.0004885197849944234 1 0.0004885197849944234
vn 0.0004885197849944234 1 0.0004885197849944234
vn -0.9980459213256836 0.0004885197849944234 -0.0639960914850235
vn -0.9980459213256836 0.0004885197849944234 -0.0639960914850235
vn -0.9980459213256836 0.0004885197849944234 -0.0639960914850235
vn -0.9980459213256836 0.0004885197849944234 -0.0639960914850235
vn 0.9980459213256836 0.0004885197849944234 -0.0639960914850235
vn 0.9980459213256836 0.0004885197849944234 -0.0639960914850235
vn 0.9980459213256836 0.0004885197849944234 -0.0639960914850235
vn 0.9980459213256836 0.0004885197849944234 -0.0639960914850235
vn -0.2867611050605774 0.9579873085021973 0.0004885197849944234
vn -0.2867611050605774 0.9579873085021973 0.0004885197849944234
vn -0.2867611050605774 0.9579873085021973 0.0004885197849944234
vn -0.2867611050605774 0.9579873085021973 0.0004885197849944234
vn 0.2867611050605774 0.9579873085021973 0.0004885197849944234
vn 0.2867611050605774 0.9579873085021973 0.0004885197849944234
vn 0.2867611050605774 0.9579873085021973 0.0004885197849944234
vn 0.2867611050605774 0.9579873085021973 0.0004885197849944234
vn 0.0004885197849944234 -0.7274059653282166 0.686370313167572
vn 0.0004885197849944234 -0.7274059653282166 0.686370313167572
vn 0.0004885197849944234 -0.7274059653282166 0.686370313167572
vn 0.0004885197849944234 -0.7274059653282166 0.686370313167572
vn 0.0004885197849944234 -0.7274059653282166 0.686370313167572
vn 0.0004885197849944234 -0.7274059653282166 0.686370313167572
vn 0.0004885197849944234 -0.7274059653282166 0.686370313167572
vn 0.0004885197849944234 -0.7274059653282166 0.686370313167572
vn 0.0004885197849944234 -0.7274059653282166 0.686370313167572
vn 0.0004885197849944234 -0.7274059653282166 0.686370313167572
vn 0.0004885197849944234 -0.7274059653282166 0.686370313167572
vn 0.0004885197849944234 -0.7274059653282166 0.686370313167572
vn -0.0004885197849944234 -0.7274059653282166 0.686370313167572
vn -0.0004885197849944234 -0.7274059653282166 0.686370313167572
vn -0.0004885197849944234 -0.7274059653282166 0.686370313167572
vn -0.0004885197849944234 -0.7274059653282166 0.686370313167572
vn 0.0004885197849944234 0.0004885197849944234 -1
vn 0.0004885197849944234 0.0004885197849944234 -1
vn 0.0004885197849944234 0.0004885197849944234 -1
vn 0.0004885197849944234 0.0004885197849944234 -1
vn 0.0004885197849944234 -0.9794821739196777 0.19980458915233612
vn 0.0004885197849944234 -0.9941377639770508 0.10405471175909042
vn -0.12164142727851868 -0.9667806625366211 0.2261846661567688
vn -0.21348313987255096 -0.9677577018737793 0.13531997799873352
vn 0.0004885197849944234 -0.9980459213256836 0.060087934136390686
vn -0.2642892003059387 -0.9618954658508301 0.0649731308221817
vn 0.0004885197849944234 -0.9980459213256836 0.060087934136390686
vn -0.4841231107711792 -0.864191472530365 0.13825109601020813
vn -0.27112847566604614 -0.9306302070617676 0.24670249223709106
vn -0.5847581624984741 -0.8085002303123474 0.0639960914850235
vn -0.15388372540473938 -0.9794821739196777 0.1314118206501007
vn -0.27503663301467896 -0.9599413871765137 0.05911089479923248
vn -0.608207106590271 -0.791890561580658 0.050317537039518356
vn -0.27699071168899536 -0.9589643478393555 0.05715681612491608
vn -0.0004885197849944234 -0.9980459213256836 0.060087934136390686
vn -0.6121152639389038 -0.7889594435691833 0.04738641902804375
vn -0.2867611050605774 -0.9560332298278809 0.05715681612491608
vn -0.0004885197849944234 -0.9980459213256836 0.060087934136390686
vn -0.6121152639389038 -0.7889594435691833 0.04738641902804375
vn -0.07474352419376373 -0.990229606628418 0.12164142727851868
vn -0.10991695523262024 -0.9833903312683105 -0.14606741070747375
vn 0.0004885197849944234 -0.9921836853027344 0.12164142727851868
vn -0.056179776787757874 -0.985344409942627 -0.1587689369916916
vn -0.06985832750797272 -0.952125072479248 -0.29848557710647583
vn 0.0004885197849944234 -0.9833903312683105 -0.18319492042064667
vn -0.036638982594013214 -0.9355154037475586 -0.350268691778183
vn 0.0004885197849944234 -0.9140205383300781 -0.40595993399620056
vn 0.12164142727851868 -0.9667806625366211 0.2261846661567688
vn 0.0004885197849944234 -0.9941377639770508 0.10405471175909042
vn 0.0004885197849944234 -0.9794821739196777 0.19980458915233612
vn 0.21348313987255096 -0.9677577018737793 0.13531997799873352
vn 0.0004885197849944234 -0.9980459213256836 0.060087934136390686
vn 0.07474352419376373 -0.990229606628418 0.12164142727851868
vn 0.0004885197849944234 -0.9921836853027344 0.12164142727851868
vn 0.4841231107711792 -0.864191472530365 0.13825109601020813
vn 0.27112847566604614 -0.9306302070617676 0.24670249223709106
vn 0.15388372540473938 -0.9794821739196777 0.1314118206501007
vn 0.10991695523262024 -0.9833903312683105 -0.14606741070747375
vn 0.2642892003059387 -0.9618954658508301 0.0649731308221817
vn 0.0004885197849944234 -0.9980459213256836 0.060087934136390686
vn 0.5847581624984741 -0.8085002303123474 0.0639960914850235
vn 0.056179776787757874 -0.985344409942627 -0.1587689369916916
vn 0.06985832750797272 -0.952125072479248 -0.29848557710647583
vn 0.0004885197849944234 -0.9833903312683105 -0.18319492042064667
vn 0.036638982594013214 -0.9355154037475586 -0.350268691778183
vn 0.0004885197849944234 -0.9140205383300781 -0.40595993399620056
vn 0.27503663301467896 -0.9599413871765137 0.05911089479923248
vn 0.608207106590271 -0.791890561580658 0.050317537039518356
vn 0.27699071168899536 -0.9589643478393555 0.05715681612491608
vn -0.0004885197849944234 -0.9980459213256836 0.060087934136390686
vn 0.6121152639389038 -0.7889594435691833 0.04738641902804375
vn 0.2867611050605774 -0.9560332298278809 0.05715681612491608
vn -0.0004885197849944234 -0.9980459213256836 0.060087934136390686
vn 0.6121152639389038 -0.7889594435691833 0.04738641902804375
vn 0.0004885197849944234 -1 -0.0004885197849944234
vn 0.0004885197849944234 -1 -0.0004885197849944234
vn 0.0004885197849944234 -1 -0.0004885197849944234
vn 0.0004885197849944234 -1 -0.0004885197849944234
vn -0.6355642676353455 0.7723497748374939 0.0004885197849944234
vn -0.6355642676353455 0.7723497748374939 0.0004885197849944234
vn -0.6355642676353455 0.7723497748374939 0.0004885197849944234
vn -0.6355642676353455 0.7723497748374939 0.0004885197849944234
vn 0.6355642676353455 0.7723497748374939 0.0004885197849944234
vn 0.6355642676353455 0.7723497748374939 0.0004885197849944234
vn 0.6355642676353455 0.7723497748374939 0.0004885197849944234
vn 0.6355642676353455 0.7723497748374939 0.0004885197849944234
vn 0.0004885197849944234 -0.9990229606628418 0.043478261679410934
vn 0.0004885197849944234 -0.9990229606628418 0.043478261679410934
vn 0.0004885197849944234 -0.9990229606628418 0.043478261679410934
vn 0.0004885197849944234 -0.9990229606628418 0.043478261679410934
vn 0.0004885197849944234 -0.9990229606628418 0.043478261679410934
vn 0.0004885197849944234 -0.9990229606628418 0.043478261679410934
vn 0.0004885197849944234 -0.9990229606628418 0.043478261679410934
vn 0.0004885197849944234 -0.9990229606628418 0.043478261679410934
vn 0.0004885197849944234 -0.9990229606628418 0.043478261679410934
vn 0.0004885197849944234 -0.9990229606628418 0.043478261679410934
vn 0.0004885197849944234 -0.9990229606628418 0.043478261679410934
vn 0.0004885197849944234 -0.9990229606628418 0.043478261679410934
vn 0.0004885197849944234 -0.9990229606628418 0.043478261679410934
vn 0.0004885197849944234 -0.9990229606628418 0.043478261679410934
vn 0.0004885197849944234 -0.9990229606628418 0.043478261679410934
vn 0.0004885197849944234 -0.9990229606628418 0.043478261679410934
vn 0.0004885197849944234 1 0.0004885197849944234
vn 0.0004885197849944234 1 0.0004885197849944234
vn 0.0004885197849944234 1 0.0004885197849944234
vn 0.0004885197849944234 1 0.0004885197849944234
vn 1 0.0004885197849944234 0.0004885197849944234
vn 1 0.0004885197849944234 0.0004885197849944234
vn 1 0.0004885197849944234 0.0004885197849944234
vn 1 0.0004885197849944234 0.0004885197849944234
vn -1 0.0004885197849944234 0.0004885197849944234
vn -1 0.0004885197849944234 0.0004885197849944234
vn -1 0.0004885197849944234 0.0004885197849944234
vn -1 0.0004885197849944234 0.0004885197849944234
vn 1 0.0004885197849944234 0.0004885197849944234
vn 1 0.0004885197849944234 0.0004885197849944234
vn 1 0.0004885197849944234 0.0004885197849944234
vn 1 0.0004885197849944234 0.0004885197849944234
vn -1 0.0004885197849944234 0.0004885197849944234
vn -1 0.0004885197849944234 0.0004885197849944234
vn -1 0.0004885197849944234 0.0004885197849944234
vn -1 0.0004885197849944234 0.0004885197849944234
vn -0.9384465217590332 0.34538349509239197 0.0004885197849944234
vn -0.9384465217590332 0.34538349509239197 0.0004885197849944234
vn -0.9384465217590332 0.34538349509239197 0.0004885197849944234
vn -0.9384465217590332 0.34538349509239197 0.0004885197849944234
vn 0.9384465217590332 0.34538349509239197 0.0004885197849944234
vn 0.9384465217590332 0.34538349509239197 0.0004885197849944234
vn 0.9384465217590332 0.34538349509239197 0.0004885197849944234
vn 0.9384465217590332 0.34538349509239197 0.0004885197849944234
vn -1 0.0004885197849944234 0.0004885197849944234
vn -1 0.0004885197849944234 0.0004885197849944234
vn -1 0.0004885197849944234 0.0004885197849944234
vn -1 0.0004885197849944234 0.0004885197849944234
vn -1 0.0004885197849944234 0.0004885197849944234
vn -1 0.0004885197849944234 0.0004885197849944234
vn -1 0.0004885197849944234 0.0004885197849944234
vn -1 0.0004885197849944234 0.0004885197849944234
vn -1 0.0004885197849944234 0.0004885197849944234
vn -1 0.0004885197849944234 0.0004885197849944234
vn -1 0.0004885197849944234 0.0004885197849944234
vn -1 0.0004885197849944234 0.0004885197849944234
vn -1 0.0004885197849944234 0.0004885197849944234
vn -1 0.0004885197849944234 0.0004885197849944234
vn -1 0.0004885197849944234 0.0004885197849944234
vn -1 0.0004885197849944234 0.0004885197849944234
vn -1 0.0004885197849944234 0.0004885197849944234
vn -1 0.0004885197849944234 0.0004885197849944234
vn -1 0.0004885197849944234 0.0004885197849944234
vn -1 0.0004885197849944234 0.0004885197849944234
vn -1 0.0004885197849944234 0.0004885197849944234
vn -1 0.0004885197849944234 0.0004885197849944234
vn -1 0.0004885197849944234 0.0004885197849944234
vn -1 0.0004885197849944234 0.0004885197849944234
vn -1 0.0004885197849944234 0.0004885197849944234
vn -1 0.0004885197849944234 0.0004885197849944234
vn -1 0.0004885197849944234 0.0004885197849944234
vn -1 0.0004885197849944234 0.0004885197849944234
vn -1 0.0004885197849944234 0.0004885197849944234
vn -1 0.0004885197849944234 0.0004885197849944234
vn -1 0.0004885197849944234 0.0004885197849944234
vn -1 0.0004885197849944234 0.0004885197849944234
vn -1 0.0004885197849944234 0.0004885197849944234
vn -1 0.0004885197849944234 0.0004885197849944234
vn -1 0.0004885197849944234 0.0004885197849944234
vn -1 0.0004885197849944234 0.0004885197849944234
vn -1 0.0004885197849944234 0.0004885197849944234
vn -1 0.0004885197849944234 0.0004885197849944234
vn -1 0.0004885197849944234 0.0004885197849944234
vn -1 0.0004885197849944234 0.0004885197849944234
vn -1 0.0004885197849944234 0.0004885197849944234
vn -1 0.0004885197849944234 0.0004885197849944234
vn -1 0.0004885197849944234 0.0004885197849944234
vn 1 0.0004885197849944234 0.0004885197849944234
vn 1 0.0004885197849944234 0.0004885197849944234
vn 1 0.0004885197849944234 0.0004885197849944234
vn 1 0.0004885197849944234 0.0004885197849944234
vn 1 0.0004885197849944234 0.0004885197849944234
vn 1 0.0004885197849944234 0.0004885197849944234
vn 1 0.0004885197849944234 0.0004885197849944234
vn 1 0.0004885197849944234 0.0004885197849944234
vn 1 0.0004885197849944234 0.0004885197849944234
vn 1 0.0004885197849944234 0.0004885197849944234
vn 1 0.0004885197849944234 0.0004885197849944234
vn 1 0.0004885197849944234 0.0004885197849944234
vn 1 0.0004885197849944234 0.0004885197849944234
vn 1 0.0004885197849944234 0.0004885197849944234
vn 1 0.0004885197849944234 0.0004885197849944234
vn 1 0.0004885197849944234 0.0004885197849944234
vn 1 0.0004885197849944234 0.0004885197849944234
vn 1 0.0004885197849944234 0.0004885197849944234
vn 1 0.0004885197849944234 0.0004885197849944234
vn 1 0.0004885197849944234 0.0004885197849944234
vn 1 0.0004885197849944234 0.0004885197849944234
vn 1 0.0004885197849944234 0.0004885197849944234
vn 1 0.0004885197849944234 0.0004885197849944234
vn 1 0.0004885197849944234 0.0004885197849944234
vn 1 0.0004885197849944234 0.0004885197849944234
vn 1 0.0004885197849944234 0.0004885197849944234
vn 1 0.0004885197849944234 0.0004885197849944234
vn 1 0.0004885197849944234 0.0004885197849944234
vn 1 0.0004885197849944234 0.0004885197849944234
vn 1 0.0004885197849944234 0.0004885197849944234
vn 1 0.0004885197849944234 0.0004885197849944234
vn 1 0.0004885197849944234 0.0004885197849944234
vn 1 0.0004885197849944234 0.0004885197849944234
vn 1 0.0004885197849944234 0.0004885197849944234
vn 1 0.0004885197849944234 0.0004885197849944234
vn 1 0.0004885197849944234 -0.0004885197849944234
vn 1 0.0004885197849944234 -0.0004885197849944234
vn 1 0.0004885197849944234 -0.0004885197849944234
vn 1 0.0004885197849944234 -0.0004885197849944234
vn 1 0.0004885197849944234 0.0004885197849944234
vn 1 0.0004885197849944234 0.0004885197849944234
vn 1 0.0004885197849944234 0.0004885197849944234
vn 1 0.0004885197849944234 0.0004885197849944234
vn 1 0.0004885197849944234 0.0004885197849944234
vn 1 0.0004885197849944234 0.0004885197849944234
vn 1 0.0004885197849944234 0.0004885197849944234
vn 1 0.0004885197849944234 0.0004885197849944234
vn 1 0.0004885197849944234 0.0004885197849944234
vn 1 0.0004885197849944234 0.0004885197849944234
vn 1 0.0004885197849944234 0.0004885197849944234
vn 1 0.0004885197849944234 0.0004885197849944234
vn 1 0.0004885197849944234 0.0004885197849944234
vn 1 0.0004885197849944234 0.0004885197849944234
vn 1 0.0004885197849944234 0.0004885197849944234
vn 1 0.0004885197849944234 0.0004885197849944234
vn -0.7068881392478943 0.7068881392478943 -0.0004885197849944234
vn 0.0004885197849944234 1 -0.0004885197849944234
vn 0.0004885197849944234 1 -0.0004885197849944234
vn -0.7068881392478943 0.7068881392478943 -0.0004885197849944234
vn -0.9970688819885254 0.07865168899297714 0.0004885197849944234
vn -0.9970688819885254 0.07865168899297714 0.0004885197849944234
vn -0.9726428985595703 -0.23204690217971802 0.0004885197849944234
vn -0.9726428985595703 -0.23204690217971802 0.0004885197849944234
vn 0.0004885197849944234 0.8270639777183533 0.5622862577438354
vn 0.0004885197849944234 0.8270639777183533 0.5622862577438354
vn 0.0004885197849944234 0.8270639777183533 0.5622862577438354
vn 0.0004885197849944234 0.8270639777183533 0.5622862577438354
vn -0.0004885197849944234 0.8270639777183533 0.5622862577438354
vn -0.0004885197849944234 0.8270639777183533 0.5622862577438354
vn -0.0004885197849944234 0.8270639777183533 0.5622862577438354
vn -0.0004885197849944234 0.8270639777183533 0.5622862577438354
vn 0.0004885197849944234 0.8270639777183533 0.5622862577438354
vn 0.0004885197849944234 0.8270639777183533 0.5622862577438354
vn 0.0004885197849944234 0.8270639777183533 0.5622862577438354
vn 0.0004885197849944234 0.8270639777183533 0.5622862577438354
vn 0.0004885197849944234 0.8270639777183533 0.5622862577438354
vn 0.0004885197849944234 0.8270639777183533 0.5622862577438354
vn 0.0004885197849944234 0.8270639777183533 0.5622862577438354
vn 0.0004885197849944234 0.8270639777183533 0.5622862577438354
vn -1 0.0004885197849944234 0.0004885197849944234
vn -1 0.0004885197849944234 0.0004885197849944234
vn -1 0.0004885197849944234 0.0004885197849944234
vn -1 0.0004885197849944234 0.0004885197849944234
vn -1 0.0004885197849944234 0.0004885197849944234
vn -1 0.0004885197849944234 0.0004885197849944234
vn -1 0.0004885197849944234 0.0004885197849944234
vn -1 0.0004885197849944234 0.0004885197849944234
vn -1 0.0004885197849944234 0.0004885197849944234
vn -1 0.0004885197849944234 0.0004885197849944234
vn -1 0.0004885197849944234 0.0004885197849944234
vn -1 0.0004885197849944234 0.0004885197849944234
vn -1 0.0004885197849944234 -0.0004885197849944234
vn -1 0.0004885197849944234 -0.0004885197849944234
vn -1 0.0004885197849944234 -0.0004885197849944234
vn -1 0.0004885197849944234 -0.0004885197849944234
vn 1 0.0004885197849944234 0.0004885197849944234
vn 1 0.0004885197849944234 0.0004885197849944234
vn 1 0.0004885197849944234 0.0004885197849944234
vn 1 0.0004885197849944234 0.0004885197849944234
vn 1 0.0004885197849944234 0.0004885197849944234
vn 1 0.0004885197849944234 0.0004885197849944234
vn 1 0.0004885197849944234 0.0004885197849944234
vn 1 0.0004885197849944234 0.0004885197849944234
vn 1 0.0004885197849944234 0.0004885197849944234
vn 1 0.0004885197849944234 0.0004885197849944234
vn 1 0.0004885197849944234 0.0004885197849944234
vn 1 0.0004885197849944234 0.0004885197849944234
vn 1 0.0004885197849944234 -0.0004885197849944234
vn 1 0.0004885197849944234 -0.0004885197849944234
vn 1 0.0004885197849944234 -0.0004885197849944234
vn 1 0.0004885197849944234 -0.0004885197849944234
vn 1 0.0004885197849944234 0.0004885197849944234
vn 1 0.0004885197849944234 0.0004885197849944234
vn 1 0.0004885197849944234 0.0004885197849944234
vn 1 0.0004885197849944234 0.0004885197849944234
vn -1 0.0004885197849944234 0.0004885197849944234
vn -1 0.0004885197849944234 0.0004885197849944234
vn -1 0.0004885197849944234 0.0004885197849944234
vn -1 0.0004885197849944234 0.0004885197849944234
vn 0.0004885197849944234 1 0.0004885197849944234
vn 0.0004885197849944234 1 0.0004885197849944234
vn 0.0004885197849944234 1 0.0004885197849944234
vn 0.0004885197849944234 1 0.0004885197849944234
vn 0.0004885197849944234 1 0.0004885197849944234
vn 0.0004885197849944234 1 0.0004885197849944234
vn 0.0004885197849944234 1 0.0004885197849944234
vn 0.0004885197849944234 1 0.0004885197849944234
vn 0.0004885197849944234 1 0.0004885197849944234
vn 0.0004885197849944234 1 0.0004885197849944234
vn -0.0004885197849944234 1 0.0004885197849944234
vn -0.0004885197849944234 1 0.0004885197849944234
vn -0.0004885197849944234 1 0.0004885197849944234
vn -0.0004885197849944234 1 0.0004885197849944234
vn 0.0004885197849944234 1 0.0004885197849944234
vn 0.0004885197849944234 1 0.0004885197849944234
vn 0.0004885197849944234 1 0.0004885197849944234
vn 0.0004885197849944234 1 0.0004885197849944234
vn 0.0004885197849944234 1 0.0004885197849944234
vn 0.0004885197849944234 1 0.0004885197849944234
vn 0.0004885197849944234 1 0.0004885197849944234
vn 0.0004885197849944234 1 0.0004885197849944234
vn 0.0004885197849944234 1 0.0004885197849944234
vn 0.0004885197849944234 1 0.0004885197849944234
vn 0.0004885197849944234 1 0.0004885197849944234
vn 0.0004885197849944234 1 0.0004885197849944234
vn 0.0004885197849944234 1 0.0004885197849944234
vn 0.0004885197849944234 1 0.0004885197849944234
vn 1 0.0004885197849944234 0.0004885197849944234
vn 1 0.0004885197849944234 0.0004885197849944234
vn 1 0.0004885197849944234 0.0004885197849944234
vn 1 0.0004885197849944234 0.0004885197849944234
vn 1 0.0004885197849944234 0.0004885197849944234
vn 1 0.0004885197849944234 0.0004885197849944234
vn 1 0.0004885197849944234 0.0004885197849944234
vn 1 0.0004885197849944234 0.0004885197849944234
vn 1 0.0004885197849944234 0.0004885197849944234
vn 1 0.0004885197849944234 0.0004885197849944234
vn 1 0.0004885197849944234 0.0004885197849944234
vn 1 0.0004885197849944234 0.0004885197849944234
vn -1 0.0004885197849944234 0.0004885197849944234
vn -1 0.0004885197849944234 0.0004885197849944234
vn -1 0.0004885197849944234 0.0004885197849944234
vn -1 0.0004885197849944234 0.0004885197849944234
vn -1 0.0004885197849944234 0.0004885197849944234
vn -1 0.0004885197849944234 0.0004885197849944234
vn -1 0.0004885197849944234 0.0004885197849944234
vn -1 0.0004885197849944234 0.0004885197849944234
vn -1 0.0004885197849944234 0.0004885197849944234
vn -1 0.0004885197849944234 0.0004885197849944234
vn -1 0.0004885197849944234 0.0004885197849944234
vn -1 0.0004885197849944234 0.0004885197849944234
vn 0.0004885197849944234 1 0.0004885197849944234
vn 0.0004885197849944234 1 0.0004885197849944234
vn 0.0004885197849944234 1 0.0004885197849944234
vn 0.0004885197849944234 1 0.0004885197849944234
vn 0.0004885197849944234 1 0.0004885197849944234
vn 0.0004885197849944234 1 0.0004885197849944234
vn 0.0004885197849944234 1 0.0004885197849944234
vn 0.0004885197849944234 1 0.0004885197849944234
vn 0.0004885197849944234 1 0.0004885197849944234
vn 0.0004885197849944234 1 0.0004885197849944234
vn 0.0004885197849944234 1 0.0004885197849944234
vn 0.0004885197849944234 1 0.0004885197849944234
vn 0.0004885197849944234 1 0.0004885197849944234
vn 0.0004885197849944234 1 0.0004885197849944234
vn 0.0004885197849944234 1 0.0004885197849944234
vn 0.0004885197849944234 1 0.0004885197849944234
vn 0.0004885197849944234 1 0.0004885197849944234
vn 0.0004885197849944234 1 0.0004885197849944234
vn 0.0004885197849944234 1 0.0004885197849944234
vn 0.0004885197849944234 1 0.0004885197849944234
vn 0.0004885197849944234 1 0.0004885197849944234
vn 0.0004885197849944234 1 0.0004885197849944234
vn 0.0004885197849944234 1 0.0004885197849944234
vn 0.0004885197849944234 1 0.0004885197849944234
vn 0.0004885197849944234 1 0.0004885197849944234
vn 0.0004885197849944234 1 0.0004885197849944234
vn 0.0004885197849944234 1 0.0004885197849944234
vn 0.0004885197849944234 1 0.0004885197849944234
vn 0.0004885197849944234 1 0.0004885197849944234
vn 0.0004885197849944234 1 0.0004885197849944234
vn 0.0004885197849944234 1 0.0004885197849944234
vn 0.0004885197849944234 1 0.0004885197849944234
vn 0.0004885197849944234 1 0.0004885197849944234
vn 0.0004885197849944234 1 0.0004885197849944234
vn 0.0004885197849944234 1 0.0004885197849944234
vn 0.0004885197849944234 1 0.0004885197849944234
vn 0.0004885197849944234 1 0.0004885197849944234
vn 0.0004885197849944234 1 0.0004885197849944234
vn 0.0004885197849944234 1 0.0004885197849944234
vn 0.0004885197849944234 1 0.0004885197849944234
vn -1 0.0004885197849944234 -0.0004885197849944234
vn -1 0.0004885197849944234 -0.0004885197849944234
vn -1 0.0004885197849944234 -0.0004885197849944234
vn -1 0.0004885197849944234 -0.0004885197849944234
vn -1 0.0004885197849944234 0.0004885197849944234
vn -1 0.0004885197849944234 0.0004885197849944234
vn -1 0.0004885197849944234 0.0004885197849944234
vn -1 0.0004885197849944234 0.0004885197849944234
vn -1 0.0004885197849944234 0.0004885197849944234
vn -1 0.0004885197849944234 0.0004885197849944234
vn -1 0.0004885197849944234 0.0004885197849944234
vn -1 0.0004885197849944234 0.0004885197849944234
vn -1 0.0004885197849944234 0.0004885197849944234
vn -1 0.0004885197849944234 0.0004885197849944234
vn -1 0.0004885197849944234 0.0004885197849944234
vn -1 0.0004885197849944234 0.0004885197849944234
vn -1 0.0004885197849944234 0.0004885197849944234
vn -1 0.0004885197849944234 0.0004885197849944234
vn -1 0.0004885197849944234 0.0004885197849944234
vn -1 0.0004885197849944234 0.0004885197849944234
vn 1 0.0004885197849944234 0.0004885197849944234
vn 1 0.0004885197849944234 0.0004885197849944234
vn 1 0.0004885197849944234 0.0004885197849944234
vn 1 0.0004885197849944234 0.0004885197849944234
vn 1 0.0004885197849944234 0.0004885197849944234
vn 1 0.0004885197849944234 0.0004885197849944234
vn 1 0.0004885197849944234 0.0004885197849944234
vn 1 0.0004885197849944234 0.0004885197849944234
vn 1 0.0004885197849944234 0.0004885197849944234
vn 1 0.0004885197849944234 0.0004885197849944234
vn 1 0.0004885197849944234 0.0004885197849944234
vn 1 0.0004885197849944234 0.0004885197849944234
vn 1 0.0004885197849944234 0.0004885197849944234
vn 1 0.0004885197849944234 0.0004885197849944234
vn 1 0.0004885197849944234 0.0004885197849944234
vn 1 0.0004885197849944234 0.0004885197849944234
vn 1 0.0004885197849944234 0.0004885197849944234
vn 1 0.0004885197849944234 0.0004885197849944234
vn 1 0.0004885197849944234 0.0004885197849944234
vn 1 0.0004885197849944234 0.0004885197849944234
vn 1 0.0004885197849944234 0.0004885197849944234
vn 1 0.0004885197849944234 0.0004885197849944234
vn 1 0.0004885197849944234 0.0004885197849944234
vn 1 0.0004885197849944234 0.0004885197849944234
vn 1 0.0004885197849944234 0.0004885197849944234
vn 1 0.0004885197849944234 0.0004885197849944234
vn 1 0.0004885197849944234 0.0004885197849944234
vn 1 0.0004885197849944234 0.0004885197849944234
vn -1 0.0004885197849944234 0.0004885197849944234
vn -1 0.0004885197849944234 0.0004885197849944234
vn -1 0.0004885197849944234 0.0004885197849944234
vn -1 0.0004885197849944234 0.0004885197849944234
vn -1 0.0004885197849944234 0.0004885197849944234
vn -1 0.0004885197849944234 0.0004885197849944234
vn -1 0.0004885197849944234 0.0004885197849944234
vn -1 0.0004885197849944234 0.0004885197849944234
vn -1 0.0004885197849944234 0.0004885197849944234
vn -1 0.0004885197849944234 0.0004885197849944234
vn -1 0.0004885197849944234 0.0004885197849944234
vn -1 0.0004885197849944234 0.0004885197849944234
vn -1 0.0004885197849944234 0.0004885197849944234
vn -1 0.0004885197849944234 0.0004885197849944234
vn 1 0.0004885197849944234 0.0004885197849944234
vn 1 0.0004885197849944234 0.0004885197849944234
vn 1 0.0004885197849944234 0.0004885197849944234
vn 1 0.0004885197849944234 0.0004885197849944234
vn 1 0.0004885197849944234 0.0004885197849944234
vn 1 0.0004885197849944234 0.0004885197849944234
vn -1 0.0004885197849944234 0.0004885197849944234
vn -1 0.0004885197849944234 0.0004885197849944234
vn -1 0.0004885197849944234 0.0004885197849944234
vn -1 0.0004885197849944234 0.0004885197849944234
vn 1 0.0004885197849944234 0.0004885197849944234
vn 1 0.0004885197849944234 0.0004885197849944234
vn 1 0.0004885197849944234 0.0004885197849944234
vn 1 0.0004885197849944234 0.0004885197849944234
vn 1 0.0004885197849944234 0.0004885197849944234
vn 1 0.0004885197849944234 0.0004885197849944234
vn 1 0.0004885197849944234 0.0004885197849944234
vn 1 0.0004885197849944234 0.0004885197849944234
vn 1 0.0004885197849944234 0.0004885197849944234
vn 1 0.0004885197849944234 0.0004885197849944234
vn 1 0.0004885197849944234 0.0004885197849944234
vn 1 0.0004885197849944234 0.0004885197849944234
vn -1 0.0004885197849944234 0.0004885197849944234
vn -1 0.0004885197849944234 0.0004885197849944234
vn -1 0.0004885197849944234 0.0004885197849944234
vn -1 0.0004885197849944234 0.0004885197849944234
vn -1 0.0004885197849944234 0.0004885197849944234
vn -1 0.0004885197849944234 0.0004885197849944234
vn -1 0.0004885197849944234 0.0004885197849944234
vn -1 0.0004885197849944234 0.0004885197849944234
vn 0.0004885197849944234 1 0.0004885197849944234
vn 0.0004885197849944234 1 0.0004885197849944234
vn 0.0004885197849944234 1 0.0004885197849944234
vn 0.0004885197849944234 1 0.0004885197849944234
vn 0.0004885197849944234 1 0.0004885197849944234
vn 0.0004885197849944234 1 0.0004885197849944234
vn 0.0004885197849944234 1 0.0004885197849944234
vn 0.0004885197849944234 1 0.0004885197849944234
vn -0.0004885197849944234 1 0.0004885197849944234
vn -0.0004885197849944234 1 0.0004885197849944234
vn -0.0004885197849944234 1 0.0004885197849944234
vn -0.0004885197849944234 1 0.0004885197849944234
vn -0.0004885197849944234 1 0.0004885197849944234
vn -0.0004885197849944234 1 0.0004885197849944234
vn -0.0004885197849944234 1 0.0004885197849944234
vn -0.0004885197849944234 1 0.0004885197849944234
vn 0.0004885197849944234 1 0.0004885197849944234
vn 0.0004885197849944234 1 0.0004885197849944234
vn 0.0004885197849944234 1 0.0004885197849944234
vn 0.0004885197849944234 1 0.0004885197849944234
vn 0.0004885197849944234 1 0.0004885197849944234
vn 0.0004885197849944234 1 0.0004885197849944234
vn 0.0004885197849944234 1 0.0004885197849944234
vn 0.0004885197849944234 1 0.0004885197849944234
vn 0.0004885197849944234 1 0.0004885197849944234
vn 0.0004885197849944234 1 0.0004885197849944234
vn 0.0004885197849944234 1 0.0004885197849944234
vn 0.0004885197849944234 1 0.0004885197849944234
vn 0.0004885197849944234 1 0.0004885197849944234
vn 0.0004885197849944234 1 0.0004885197849944234
vn 0.0004885197849944234 1 0.0004885197849944234
vn 0.0004885197849944234 1 0.0004885197849944234
vn 0.0004885197849944234 -1 -0.0004885197849944234
vn 0.0004885197849944234 -1 -0.0004885197849944234
vn 0.0004885197849944234 -1 -0.0004885197849944234
vn 0.0004885197849944234 -1 -0.0004885197849944234
vn 1 0.0004885197849944234 0.0004885197849944234
vn 1 0.0004885197849944234 0.0004885197849944234
vn 1 0.0004885197849944234 0.0004885197849944234
vn 1 0.0004885197849944234 0.0004885197849944234
vn 1 0.0004885197849944234 0.0004885197849944234
vn 1 0.0004885197849944234 0.0004885197849944234
vn 1 0.0004885197849944234 0.0004885197849944234
vn 1 0.0004885197849944234 0.0004885197849944234
vn -1 0.0004885197849944234 0.0004885197849944234
vn -1 0.0004885197849944234 0.0004885197849944234
vn -1 0.0004885197849944234 0.0004885197849944234
vn -1 0.0004885197849944234 0.0004885197849944234
vn -1 0.0004885197849944234 0.0004885197849944234
vn -1 0.0004885197849944234 0.0004885197849944234
vn -1 0.0004885197849944234 0.0004885197849944234
vn -1 0.0004885197849944234 0.0004885197849944234
vn 1 0.0004885197849944234 0.0004885197849944234
vn 1 0.0004885197849944234 0.0004885197849944234
vn 1 0.0004885197849944234 0.0004885197849944234
vn 1 0.0004885197849944234 0.0004885197849944234
vn 1 0.0004885197849944234 0.0004885197849944234
vn 1 0.0004885197849944234 0.0004885197849944234
vn 1 0.0004885197849944234 0.0004885197849944234
vn 1 0.0004885197849944234 0.0004885197849944234
vn -1 0.0004885197849944234 0.0004885197849944234
vn -1 0.0004885197849944234 0.0004885197849944234
vn -1 0.0004885197849944234 0.0004885197849944234
vn -1 0.0004885197849944234 0.0004885197849944234
vn -1 0.0004885197849944234 0.0004885197849944234
vn -1 0.0004885197849944234 0.0004885197849944234
vn -1 0.0004885197849944234 0.0004885197849944234
vn -1 0.0004885197849944234 0.0004885197849944234
vn 0.0004885197849944234 -1 -0.0004885197849944234
vn 0.0004885197849944234 -1 -0.0004885197849944234
vn 0.0004885197849944234 -1 -0.0004885197849944234
vn 0.0004885197849944234 -1 -0.0004885197849944234
vn 0.7410845160484314 0.671714723110199 0.0004885197849944234
vn 0.7410845160484314 0.671714723110199 0.0004885197849944234
vn 0.7410845160484314 0.671714723110199 0.0004885197849944234
vn 0.7410845160484314 0.671714723110199 0.0004885197849944234
vn -0.7410845160484314 0.671714723110199 0.0004885197849944234
vn -0.7410845160484314 0.671714723110199 0.0004885197849944234
vn -0.7410845160484314 0.671714723110199 0.0004885197849944234
vn -0.7410845160484314 0.671714723110199 0.0004885197849944234
vn 1 0.0004885197849944234 0.0004885197849944234
vn 1 0.0004885197849944234 0.0004885197849944234
vn 1 0.0004885197849944234 0.0004885197849944234
vn 1 0.0004885197849944234 0.0004885197849944234
vn -1 0.0004885197849944234 0.0004885197849944234
vn -1 0.0004885197849944234 0.0004885197849944234
vn -1 0.0004885197849944234 0.0004885197849944234
vn -1 0.0004885197849944234 0.0004885197849944234
vn 1 -0.0004885197849944234 0.0004885197849944234
vn 1 -0.0004885197849944234 0.0004885197849944234
vn 1 -0.0004885197849944234 0.0004885197849944234
vn 1 -0.0004885197849944234 0.0004885197849944234
vn -1 -0.0004885197849944234 0.0004885197849944234
vn -1 -0.0004885197849944234 0.0004885197849944234
vn -1 -0.0004885197849944234 0.0004885197849944234
vn -1 -0.0004885197849944234 0.0004885197849944234
vn 1 0.0004885197849944234 -0.0004885197849944234
vn 1 0.0004885197849944234 -0.0004885197849944234
vn 1 0.0004885197849944234 -0.0004885197849944234
vn 1 0.0004885197849944234 -0.0004885197849944234
vn -1 0.0004885197849944234 -0.0004885197849944234
vn -1 0.0004885197849944234 -0.0004885197849944234
vn -1 0.0004885197849944234 -0.0004885197849944234
vn -1 0.0004885197849944234 -0.0004885197849944234
vn 1 0.0004885197849944234 0.0004885197849944234
vn 1 0.0004885197849944234 0.0004885197849944234
vn 1 0.0004885197849944234 0.0004885197849944234
vn 1 0.0004885197849944234 0.0004885197849944234
vn -1 0.0004885197849944234 0.0004885197849944234
vn -1 0.0004885197849944234 0.0004885197849944234
vn -1 0.0004885197849944234 0.0004885197849944234
vn -1 0.0004885197849944234 0.0004885197849944234
vn 0.0004885197849944234 -0.0004885197849944234 1
vn 0.0004885197849944234 -0.0004885197849944234 1
vn 0.0004885197849944234 -0.0004885197849944234 1
vn 0.0004885197849944234 -0.0004885197849944234 1
vn 0.0004885197849944234 -0.0004885197849944234 1
vn 0.0004885197849944234 -0.0004885197849944234 1
vn 0.0004885197849944234 -0.0004885197849944234 1
vn 0.0004885197849944234 -0.0004885197849944234 1
vn 0.0004885197849944234 1 0.0004885197849944234
vn 0.0004885197849944234 1 0.0004885197849944234
vn 0.0004885197849944234 1 0.0004885197849944234
vn 0.0004885197849944234 1 0.0004885197849944234
vn 1 0.0004885197849944234 0.0004885197849944234
vn 1 0.0004885197849944234 0.0004885197849944234
vn 1 0.0004885197849944234 0.0004885197849944234
vn 1 0.0004885197849944234 0.0004885197849944234
vn -1 0.0004885197849944234 0.0004885197849944234
vn -1 0.0004885197849944234 0.0004885197849944234
vn -1 0.0004885197849944234 0.0004885197849944234
vn -1 0.0004885197849944234 0.0004885197849944234
vn 1 -0.0004885197849944234 0.0004885197849944234
vn 1 -0.0004885197849944234 0.0004885197849944234
vn 1 -0.0004885197849944234 0.0004885197849944234
vn 1 -0.0004885197849944234 0.0004885197849944234
vn -1 -0.0004885197849944234 0.0004885197849944234
vn -1 -0.0004885197849944234 0.0004885197849944234
vn -1 -0.0004885197849944234 0.0004885197849944234
vn -1 -0.0004885197849944234 0.0004885197849944234
vn 1 0.0004885197849944234 0.0004885197849944234
vn 1 0.0004885197849944234 0.0004885197849944234
vn 1 0.0004885197849944234 0.0004885197849944234
vn 1 0.0004885197849944234 0.0004885197849944234
vn -1 0.0004885197849944234 0.0004885197849944234
vn -1 0.0004885197849944234 0.0004885197849944234
vn -1 0.0004885197849944234 0.0004885197849944234
vn -1 0.0004885197849944234 0.0004885197849944234
vn -0.49780166149139404 -0.8671225905418396 -0.0004885197849944234
vn 0.0004885197849944234 -1 -0.0004885197849944234
vn 0.0004885197849944234 -1 -0.0004885197849944234
vn -0.49975574016571045 -0.8661455512046814 -0.0004885197849944234
vn -0.8632144331932068 -0.5046409368515015 -0.0004885197849944234
vn -0.8661455512046814 -0.49975574016571045 -0.0004885197849944234
vn -1 -0.006350757088512182 0.0004885197849944234
vn -1 0.0004885197849944234 0.0004885197849944234
vn -0.869076669216156 0.49584758281707764 0.0004885197849944234
vn -0.8661455512046814 0.49975574016571045 0.0004885197849944234
vn -0.5026868581771851 0.864191472530365 0.0004885197849944234
vn -0.49975574016571045 0.8661455512046814 0.0004885197849944234
vn 0.0004885197849944234 1 0.0004885197849944234
vn 0.0004885197849944234 1 0.0004885197849944234
vn 0.49780166149139404 -0.8671225905418396 -0.0004885197849944234
vn 0.0004885197849944234 -1 -0.0004885197849944234
vn 0.0004885197849944234 -1 -0.0004885197849944234
vn 0.49975574016571045 -0.8661455512046814 -0.0004885197849944234
vn 0.8632144331932068 -0.5046409368515015 -0.0004885197849944234
vn 0.8661455512046814 -0.49975574016571045 -0.0004885197849944234
vn 1 -0.006350757088512182 0.0004885197849944234
vn 1 0.0004885197849944234 0.0004885197849944234
vn 0.869076669216156 0.49584758281707764 0.0004885197849944234
vn 0.8661455512046814 0.49975574016571045 0.0004885197849944234
vn 0.5026868581771851 0.864191472530365 0.0004885197849944234
vn 0.49975574016571045 0.8661455512046814 0.0004885197849944234
vn 0.0004885197849944234 1 0.0004885197849944234
vn 0.0004885197849944234 1 0.0004885197849944234
vn 0.0004885197849944234 0.0004885197849944234 -1
vn 0.0004885197849944234 0.0004885197849944234 -1
vn 0.0004885197849944234 0.0004885197849944234 -1
vn 0.0004885197849944234 0.0004885197849944234 -1
vn 0.0004885197849944234 0.0004885197849944234 -1
vn 0.0004885197849944234 0.0004885197849944234 -1
vn 0.0004885197849944234 0.0004885197849944234 -1
vn 0.0004885197849944234 0.0004885197849944234 -1
vn 1 0.0004885197849944234 0.0004885197849944234
vn 1 0.0004885197849944234 0.0004885197849944234
vn 1 0.0004885197849944234 0.0004885197849944234
vn 1 0.0004885197849944234 0.0004885197849944234
vn -1 0.0004885197849944234 0.0004885197849944234
vn -1 0.0004885197849944234 0.0004885197849944234
vn -1 0.0004885197849944234 0.0004885197849944234
vn -1 0.0004885197849944234 0.0004885197849944234
vn 0.0004885197849944234 0.9775280952453613 0.21055202186107635
vn 0.0004885197849944234 0.9775280952453613 0.21055202186107635
vn 0.0004885197849944234 0.9775280952453613 0.21055202186107635
vn 0.0004885197849944234 0.9775280952453613 0.21055202186107635
vn 0.0004885197849944234 0.9775280952453613 0.21055202186107635
vn 0.0004885197849944234 0.9775280952453613 0.21055202186107635
vn 1 0.0004885197849944234 0.0004885197849944234
vn 1 0.0004885197849944234 0.0004885197849944234
vn 1 0.0004885197849944234 0.0004885197849944234
vn 1 0.0004885197849944234 0.0004885197849944234
vn -1 0.0004885197849944234 0.0004885197849944234
vn -1 0.0004885197849944234 0.0004885197849944234
vn -1 0.0004885197849944234 0.0004885197849944234
vn -1 0.0004885197849944234 0.0004885197849944234
vn 0.0004885197849944234 0.9755740165710449 0.21739129722118378
vn 0.0004885197849944234 1 0.005373717751353979
vn -0.30043965578079224 0.9335613250732422 0.1968734711408615
vn -0.3834880292415619 0.9120664596557617 0.14802148938179016
vn -0.7420615553855896 0.6384953856468201 0.20371274650096893
vn -0.7752808928489685 0.6316561102867126 0.0024425990413874388
vn -0.691255509853363 0.7195896506309509 0.056179776787757874
vn -0.4860771894454956 0.8573521971702576 -0.16951636970043182
vn -0.3317049443721771 0.9433317184448242 0.004396677948534489
vn -0.33561310172080994 0.942354679107666 0.0004885197849944234
vn -0.7811431288719177 0.6248167753219604 0.0004885197849944234
vn -0.33561310172080994 0.942354679107666 0.0004885197849944234
vn -0.7811431288719177 0.6248167753219604 0.0004885197849944234
vn 0.0004885197849944234 1 0.0004885197849944234
vn 0.0004885197849944234 1 0.0004885197849944234
vn 0.33561310172080994 0.942354679107666 0.0004885197849944234
vn 0.33561310172080994 0.942354679107666 0.0004885197849944234
vn 0.3317049443721771 0.9433317184448242 0.004396677948534489
vn 0.7811431288719177 0.6248167753219604 0.0004885197849944234
vn 0.7811431288719177 0.6248167753219604 0.0004885197849944234
vn 0.7752808928489685 0.6316561102867126 0.0024425990413874388
vn 0.30043965578079224 0.9335613250732422 0.1968734711408615
vn 0.7420615553855896 0.6384953856468201 0.20371274650096893
vn 0.3834880292415619 0.9120664596557617 0.14802148938179016
vn 0.691255509853363 0.7195896506309509 0.056179776787757874
vn 0.4860771894454956 0.8573521971702576 -0.16951636970043182
vn 0.1900341957807541 0.9667806625366211 -0.17147044837474823
vn 0.0004885197849944234 0.9892525672912598 0.14509037137031555
vn 0.0004885197849944234 0.9882755279541016 -0.14997556805610657
vn -0.1900341957807541 0.9667806625366211 -0.17147044837474823
vn -0.12066438794136047 0.9716658592224121 -0.20175866782665253
vn 0.0004885197849944234 0.9843673706054688 -0.17830972373485565
vn -0.2506106495857239 0.942354679107666 -0.2242305874824524
vn -0.0004885197849944234 -0.671714723110199 0.7410845160484314
vn -0.0004885197849944234 -0.671714723110199 0.7410845160484314
vn -0.0004885197849944234 -0.671714723110199 0.7410845160484314
vn -0.0004885197849944234 -0.671714723110199 0.7410845160484314
vn 0.0004885197849944234 -0.671714723110199 0.7410845160484314
vn 0.0004885197849944234 -0.671714723110199 0.7410845160484314
vn 0.0004885197849944234 -0.671714723110199 0.7410845160484314
vn 0.0004885197849944234 -0.671714723110199 0.7410845160484314
vn 0.0004885197849944234 -0.671714723110199 0.7410845160484314
vn 0.0004885197849944234 -0.671714723110199 0.7410845160484314
vn 0.0004885197849944234 -0.671714723110199 0.7410845160484314
vn 0.0004885197849944234 -0.671714723110199 0.7410845160484314
vn -0.0004885197849944234 -0.671714723110199 0.7410845160484314
vn -0.0004885197849944234 -0.671714723110199 0.7410845160484314
vn -0.0004885197849944234 -0.671714723110199 0.7410845160484314
vn -0.0004885197849944234 -0.671714723110199 0.7410845160484314
vn 1 0.0004885197849944234 0.0004885197849944234
vn 1 0.0004885197849944234 0.0004885197849944234
vn 1 0.0004885197849944234 0.0004885197849944234
vn 1 0.0004885197849944234 0.0004885197849944234
vn 0.0004885197849944234 -1 -0.0004885197849944234
vn -0.49975574016571045 -0.8661455512046814 -0.0004885197849944234
vn -0.49975574016571045 -0.8661455512046814 -0.0004885197849944234
vn 0.0004885197849944234 -1 -0.0004885197849944234
vn -0.8661455512046814 -0.49975574016571045 0.0004885197849944234
vn -0.8661455512046814 -0.49975574016571045 0.0004885197849944234
vn -1 -0.0004885197849944234 0.0004885197849944234
vn -1 0.0004885197849944234 0.0004885197849944234
vn -0.8661455512046814 0.49975574016571045 0.0004885197849944234
vn -0.8661455512046814 0.49975574016571045 0.0004885197849944234
vn -0.49975574016571045 0.8661455512046814 0.0004885197849944234
vn -0.49975574016571045 0.8661455512046814 0.0004885197849944234
vn 0.0004885197849944234 1 0.0004885197849944234
vn 0.0004885197849944234 1 0.0004885197849944234
vn 0.49975574016571045 0.8661455512046814 0.0004885197849944234
vn 0.49975574016571045 0.8661455512046814 0.0004885197849944234
vn 0.8661455512046814 0.49975574016571045 0.0004885197849944234
vn 0.8661455512046814 0.49975574016571045 0.0004885197849944234
vn 1 0.0004885197849944234 0.0004885197849944234
vn 1 -0.0004885197849944234 0.0004885197849944234
vn 0.8661455512046814 -0.49975574016571045 0.0004885197849944234
vn 0.8661455512046814 -0.49975574016571045 0.0004885197849944234
vn 0.49975574016571045 -0.8661455512046814 -0.0004885197849944234
vn 0.49975574016571045 -0.8661455512046814 -0.0004885197849944234
vn 0.0004885197849944234 -1 -0.0004885197849944234
vn 0.0004885197849944234 -1 -0.0004885197849944234
vn 0.7068881392478943 0.7068881392478943 -0.0004885197849944234
vn 0.9970688819885254 0.07865168899297714 0.0004885197849944234
vn 0.9970688819885254 0.07865168899297714 0.0004885197849944234
vn 0.7068881392478943 0.7068881392478943 -0.0004885197849944234
vn 0.9726428985595703 -0.23204690217971802 0.0004885197849944234
vn 0.9726428985595703 -0.23204690217971802 0.0004885197849944234
vn 0.0004885197849944234 1 0.0004885197849944234
vn 0.49975574016571045 0.8661455512046814 0.0004885197849944234
vn 0.49975574016571045 0.8661455512046814 0.0004885197849944234
vn 0.0004885197849944234 1 0.0004885197849944234
vn 0.8661455512046814 0.49975574016571045 0.0004885197849944234
vn 0.8661455512046814 0.49975574016571045 0.0004885197849944234
vn 1 0.0004885197849944234 0.0004885197849944234
vn 1 -0.0004885197849944234 0.0004885197849944234
vn 0.8661455512046814 -0.49975574016571045 -0.0004885197849944234
vn 0.8661455512046814 -0.49975574016571045 -0.0004885197849944234
vn 0.49975574016571045 -0.8661455512046814 -0.0004885197849944234
vn 0.49975574016571045 -0.8661455512046814 -0.0004885197849944234
vn 0.0004885197849944234 -1 -0.0004885197849944234
vn 0.0004885197849944234 -1 -0.0004885197849944234
vn -0.49975574016571045 -0.8661455512046814 -0.0004885197849944234
vn -0.49975574016571045 -0.8661455512046814 -0.0004885197849944234
vn -0.8661455512046814 -0.49975574016571045 -0.0004885197849944234
vn -0.8661455512046814 -0.49975574016571045 -0.0004885197849944234
vn -1 -0.0004885197849944234 0.0004885197849944234
vn -1 0.0004885197849944234 0.0004885197849944234
vn -0.8661455512046814 0.49975574016571045 0.0004885197849944234
vn -0.8661455512046814 0.49975574016571045 0.0004885197849944234
vn -0.49975574016571045 0.8661455512046814 0.0004885197849944234
vn -0.49975574016571045 0.8661455512046814 0.0004885197849944234
vn 0.0004885197849944234 1 0.0004885197849944234
vn 0.0004885197849944234 1 0.0004885197849944234
vn 1 0.0004885197849944234 0.0004885197849944234
vn 1 0.0004885197849944234 0.0004885197849944234
vn 1 0.0004885197849944234 0.0004885197849944234
vn 1 0.0004885197849944234 0.0004885197849944234
vn -1 0.0004885197849944234 0.0004885197849944234
vn -1 0.0004885197849944234 0.0004885197849944234
vn -1 0.0004885197849944234 0.0004885197849944234
vn -1 0.0004885197849944234 0.0004885197849944234
vn 0.0004885197849944234 -0.0004885197849944234 1
vn 0.0004885197849944234 -0.0004885197849944234 1
vn 0.0004885197849944234 -0.0004885197849944234 1
vn 0.0004885197849944234 -0.0004885197849944234 1
vn 0.0004885197849944234 -0.0004885197849944234 1
vn 0.0004885197849944234 -0.0004885197849944234 1
vn -0.49975574016571045 -0.8661455512046814 -0.0004885197849944234
vn 0.0004885197849944234 -1 -0.0004885197849944234
vn 0.0004885197849944234 -1 -0.0004885197849944234
vn -0.49975574016571045 -0.8661455512046814 -0.0004885197849944234
vn -0.8661455512046814 -0.49975574016571045 -0.0004885197849944234
vn -0.8661455512046814 -0.49975574016571045 -0.0004885197849944234
vn -1 0.0004885197849944234 0.0004885197849944234
vn -1 0.0004885197849944234 0.0004885197849944234
vn -0.8661455512046814 0.49975574016571045 0.0004885197849944234
vn -0.8661455512046814 0.49975574016571045 0.0004885197849944234
vn -0.49975574016571045 0.8661455512046814 0.0004885197849944234
vn -0.49975574016571045 0.8661455512046814 0.0004885197849944234
vn 0.0004885197849944234 1 0.0004885197849944234
vn 0.0004885197849944234 1 0.0004885197849944234
vn 0.49975574016571045 0.8661455512046814 0.0004885197849944234
vn 0.49975574016571045 0.8661455512046814 0.0004885197849944234
vn 0.8661455512046814 0.49975574016571045 0.0004885197849944234
vn 0.8661455512046814 0.49975574016571045 0.0004885197849944234
vn 1 0.0004885197849944234 0.0004885197849944234
vn 1 0.0004885197849944234 0.0004885197849944234
vn 0.8661455512046814 -0.49975574016571045 -0.0004885197849944234
vn 0.8661455512046814 -0.49975574016571045 -0.0004885197849944234
vn 0.49975574016571045 -0.8661455512046814 -0.0004885197849944234
vn 0.49975574016571045 -0.8661455512046814 -0.0004885197849944234
vn 0.0004885197849944234 -1 -0.0004885197849944234
vn 0.0004885197849944234 -1 -0.0004885197849944234
vn 0.0004885197849944234 1 0.0004885197849944234
vn 0.0004885197849944234 1 0.0004885197849944234
vn 0.0004885197849944234 1 0.0004885197849944234
vn 0.0004885197849944234 1 0.0004885197849944234
vn 0.0004885197849944234 1 0.0004885197849944234
vn 0.0004885197849944234 1 0.0004885197849944234
vn 0.0004885197849944234 1 0.0004885197849944234
vn 0.0004885197849944234 1 0.0004885197849944234
vn 0.0004885197849944234 1 0.0004885197849944234
vn 0.0004885197849944234 1 0.0004885197849944234
vn 0.0004885197849944234 1 0.0004885197849944234
vn 0.0004885197849944234 1 0.0004885197849944234
vn 0.0004885197849944234 0.0004885197849944234 -1
vn 0.0004885197849944234 0.0004885197849944234 -1
vn 0.0004885197849944234 0.0004885197849944234 -1
vn 0.0004885197849944234 0.0004885197849944234 -1
vn 0.0004885197849944234 0.0004885197849944234 -1
vn 0.0004885197849944234 0.0004885197849944234 -1
vn 0.0004885197849944234 0.0004885197849944234 -1
vn 0.0004885197849944234 0.0004885197849944234 -1
vn 0.0004885197849944234 -1 -0.0004885197849944234
vn 0.0004885197849944234 -1 -0.0004885197849944234
vn 0.0004885197849944234 -1 -0.0004885197849944234
vn 0.0004885197849944234 -1 -0.0004885197849944234
vn 0.0004885197849944234 -1 -0.0004885197849944234
vn 0.0004885197849944234 -1 -0.0004885197849944234
vn 0.0004885197849944234 -1 -0.0004885197849944234
vn 0.0004885197849944234 -1 -0.0004885197849944234
vn 0.0004885197849944234 -1 -0.0004885197849944234
vn 0.0004885197849944234 -1 -0.0004885197849944234
vn 0.0004885197849944234 -1 -0.0004885197849944234
vn 0.0004885197849944234 -1 -0.0004885197849944234
vn 0.0004885197849944234 -1 -0.0004885197849944234
vn 0.0004885197849944234 -1 -0.0004885197849944234
vn 0.0004885197849944234 0.8221787810325623 -0.5701025724411011
vn 0.0004885197849944234 0.8221787810325623 -0.5701025724411011
vn 0.0004885197849944234 0.8221787810325623 -0.5701025724411011
vn 0.0004885197849944234 0.8221787810325623 -0.5701025724411011
vn 0.0004885197849944234 0.8221787810325623 -0.5701025724411011
vn 0.0004885197849944234 0.8221787810325623 -0.5701025724411011
vn 0.0004885197849944234 0.8221787810325623 -0.5701025724411011
vn 0.0004885197849944234 0.8221787810325623 -0.5701025724411011
vn 0.0004885197849944234 0.8221787810325623 -0.5701025724411011
vn 0.0004885197849944234 0.8221787810325623 -0.5701025724411011
vn 0.0004885197849944234 0.8221787810325623 -0.5701025724411011
vn 0.0004885197849944234 0.8221787810325623 -0.5701025724411011
vn 0.0004885197849944234 0.8221787810325623 -0.5701025724411011
vn 0.0004885197849944234 0.8221787810325623 -0.5701025724411011
vn 0.0004885197849944234 0.8221787810325623 -0.5701025724411011
vn 0.0004885197849944234 0.8221787810325623 -0.5701025724411011
vn -0.0004885197849944234 -1 -0.0004885197849944234
vn -0.0004885197849944234 -1 -0.0004885197849944234
vn -0.0004885197849944234 -1 -0.0004885197849944234
vn -0.0004885197849944234 -1 -0.0004885197849944234
vn 0.0004885197849944234 -1 -0.0004885197849944234
vn 0.0004885197849944234 -1 -0.0004885197849944234
vn 0.0004885197849944234 -1 -0.0004885197849944234
vn 0.0004885197849944234 -1 -0.0004885197849944234
vn 0.0004885197849944234 -1 -0.0004885197849944234
vn 0.0004885197849944234 -1 -0.0004885197849944234
vn 0.0004885197849944234 -1 -0.0004885197849944234
vn 0.0004885197849944234 -1 -0.0004885197849944234
vn 0.43917930126190186 -0.8856863975524902 0.14802148938179016
vn 0.14313629269599915 -0.9765510559082031 0.160723015666008
vn 0.2506106495857239 -0.9443087577819824 0.21250610053539276
vn 0.2906692624092102 -0.9491939544677734 0.12457254528999329
vn 0.0004885197849944234 -0.9814362525939941 0.1919882744550705
vn 0.0004885197849944234 -0.9706888198852539 0.23986321687698364
vn 0.0004885197849944234 -1 -0.0004885197849944234
vn 0.0004885197849944234 -1 -0.0004885197849944234
vn 0.0004885197849944234 -1 -0.0004885197849944234
vn 0.0004885197849944234 -1 -0.0004885197849944234
vn 0.0004885197849944234 -1 -0.0004885197849944234
vn 0.0004885197849944234 -1 -0.0004885197849944234
vn 0.0004885197849944234 -1 -0.0004885197849944234
vn 0.0004885197849944234 -1 -0.0004885197849944234
vn 0.0004885197849944234 -1 -0.0004885197849944234
vn 0.0004885197849944234 -1 -0.0004885197849944234
vn 0.0004885197849944234 -1 -0.0004885197849944234
vn 0.0004885197849944234 -1 -0.0004885197849944234
vn 0.0004885197849944234 -1 -0.0004885197849944234
vn 0.0004885197849944234 -1 -0.0004885197849944234
vn 0.0004885197849944234 -1 -0.0004885197849944234
vn 0.0004885197849944234 -1 -0.0004885197849944234
vn 0.0004885197849944234 -1 -0.0004885197849944234
vn 0.0004885197849944234 -1 -0.0004885197849944234
vn 0.0004885197849944234 -1 -0.0004885197849944234
vn 0.0004885197849944234 -1 -0.0004885197849944234
vn 0.0004885197849944234 -1 -0.0004885197849944234
vn 0.0004885197849944234 -1 -0.0004885197849944234
vn 0.0004885197849944234 -1 -0.0004885197849944234
vn 0.0004885197849944234 -1 -0.0004885197849944234
vn 0.0004885197849944234 -1 -0.0004885197849944234
vn 0.0004885197849944234 -1 -0.0004885197849944234
vn 0.0004885197849944234 -1 -0.0004885197849944234
vn 0.0004885197849944234 -1 -0.0004885197849944234
vn 0.0004885197849944234 -1 -0.0004885197849944234
vn 0.0004885197849944234 -1 -0.0004885197849944234
vn 0.0004885197849944234 -1 -0.0004885197849944234
vn 0.0004885197849944234 -1 -0.0004885197849944234
vn 0.0004885197849944234 -1 -0.0004885197849944234
vn 0.0004885197849944234 -1 -0.0004885197849944234
vn 0.0004885197849944234 -1 -0.0004885197849944234
vn 0.0004885197849944234 -1 -0.0004885197849944234
vn -0.0004885197849944234 -1 -0.0004885197849944234
vn -0.0004885197849944234 -1 -0.0004885197849944234
vn -0.0004885197849944234 -1 -0.0004885197849944234
vn -0.0004885197849944234 -1 -0.0004885197849944234
vn -0.0004885197849944234 -1 -0.0004885197849944234
vn -0.0004885197849944234 -1 -0.0004885197849944234
vn -0.0004885197849944234 -1 -0.0004885197849944234
vn -0.0004885197849944234 -1 -0.0004885197849944234
vn 0.0004885197849944234 -1 -0.0004885197849944234
vn 0.0004885197849944234 -1 -0.0004885197849944234
vn 0.0004885197849944234 -1 -0.0004885197849944234
vn 0.0004885197849944234 -1 -0.0004885197849944234
vn 0.0004885197849944234 -1 -0.0004885197849944234
vn 0.0004885197849944234 -1 -0.0004885197849944234
vn 0.0004885197849944234 -1 -0.0004885197849944234
vn 0.0004885197849944234 -1 -0.0004885197849944234
vn 0.0004885197849944234 -1 -0.0004885197849944234
vn 0.0004885197849944234 -1 -0.0004885197849944234
vn 0.0004885197849944234 -1 -0.0004885197849944234
vn 0.0004885197849944234 -1 -0.0004885197849944234
vn 0.0004885197849944234 -1 -0.0004885197849944234
vn 0.0004885197849944234 -1 -0.0004885197849944234
vn 0.0004885197849944234 -1 -0.0004885197849944234
vn 0.0004885197849944234 -1 -0.0004885197849944234
vn 0.0004885197849944234 -1 -0.0004885197849944234
vn 0.0004885197849944234 -1 -0.0004885197849944234
vn 0.0004885197849944234 -1 -0.0004885197849944234
vn 0.0004885197849944234 -1 -0.0004885197849944234
vn 0.0004885197849944234 -1 -0.0004885197849944234
vn 0.0004885197849944234 -1 -0.0004885197849944234
vn 0.0004885197849944234 -1 -0.0004885197849944234
vn 0.0004885197849944234 -1 -0.0004885197849944234
vn 0.0004885197849944234 -1 -0.0004885197849944234
vn 0.0004885197849944234 -1 -0.0004885197849944234
vn 0.0004885197849944234 -1 0.0004885197849944234
vn -0.7068881392478943 -0.7068881392478943 0.0004885197849944234
vn 0.0004885197849944234 -1 0.0004885197849944234
vn -0.7068881392478943 -0.7068881392478943 0.0004885197849944234
vn -1 -0.0004885197849944234 0.0004885197849944234
vn -1 0.0004885197849944234 0.0004885197849944234
vn -0.9237909317016602 0.3825109899044037 -0.0004885197849944234
vn -0.9237909317016602 0.3825109899044037 -0.0004885197849944234
vn 1 0.0004885197849944234 0.0004885197849944234
vn 0.9237909317016602 0.3825109899044037 -0.0004885197849944234
vn 0.9237909317016602 0.3825109899044037 -0.0004885197849944234
vn 1 -0.0004885197849944234 0.0004885197849944234
vn 0.7068881392478943 -0.7068881392478943 0.0004885197849944234
vn 0.7068881392478943 -0.7068881392478943 0.0004885197849944234
vn 0.0004885197849944234 -1 0.0004885197849944234
vn 0.0004885197849944234 -1 0.0004885197849944234
vn 0.0004885197849944234 -0.0639960914850235 0.9980459213256836
vn 0.0004885197849944234 -0.0639960914850235 0.9980459213256836
vn 0.0004885197849944234 -0.0639960914850235 0.9980459213256836
vn 0.0004885197849944234 -0.0639960914850235 0.9980459213256836
vn 0.0004885197849944234 -0.0639960914850235 0.9980459213256836
vn 0.0004885197849944234 -0.0639960914850235 0.9980459213256836
vn 0.0004885197849944234 -0.0639960914850235 0.9980459213256836
vn 0.0004885197849944234 -0.0639960914850235 0.9980459213256836
vn 0.0004885197849944234 1 -0.01612115278840065
vn 0.0004885197849944234 1 -0.01612115278840065
vn 0.0004885197849944234 1 -0.01612115278840065
vn 0.0004885197849944234 1 -0.01612115278840065
vn 0.0004885197849944234 1 -0.01612115278840065
vn 0.0004885197849944234 1 -0.01612115278840065
vn 0.0004885197849944234 1 0.0004885197849944234
vn 0.0004885197849944234 1 0.0004885197849944234
vn 0.0004885197849944234 1 0.0004885197849944234
vn 0.0004885197849944234 1 0.0004885197849944234
vn -0.7909135222434998 -0.5857352018356323 0.17733268439769745
vn -0.37078651785850525 -0.8905715942382812 0.2642892003059387
vn -0.34440645575523376 -0.8983879089355469 0.27405959367752075
vn -0.2506106495857239 -0.9443087577819824 0.21250610053539276
vn -0.14313629269599915 -0.9765510559082031 0.160723015666008
vn -0.43917930126190186 -0.8856863975524902 0.14802148938179016
vn -0.2906692624092102 -0.9491939544677734 0.12457254528999329
vn 0.0004885197849944234 -0.9814362525939941 0.1919882744550705
vn -0.7205666899681091 -0.666829526424408 0.18710307776927948
vn 0.0004885197849944234 -0.9706888198852539 0.23986321687698364
vn -0.34440645575523376 -0.8983879089355469 0.27405959367752075
vn -0.7909135222434998 -0.5857352018356323 0.17733268439769745
vn 0.0004885197849944234 -0.9560332298278809 0.294577419757843
vn -0.37078651785850525 -0.8905715942382812 0.2642892003059387
vn -0.8573521971702576 -0.5085490942001343 0.08255984634160995
vn 0.34440645575523376 -0.8983879089355469 0.27405959367752075
vn 0.2506106495857239 -0.9443087577819824 0.21250610053539276
vn 0.7205666899681091 -0.666829526424408 0.18710307776927948
vn 0.43917930126190186 -0.8856863975524902 0.14802148938179016
vn 0.7909135222434998 -0.5857352018356323 0.17733268439769745
vn 0.37078651785850525 -0.8905715942382812 0.2642892003059387
vn 0.8573521971702576 -0.5085490942001343 0.08255984634160995
vn 0.0004885197849944234 -0.9579873085021973 0.2877381443977356
vn 0.34049829840660095 -0.932584285736084 0.12066438794136047
vn 0.8827552795410156 -0.47044456005096436 -0.0004885197849944234
vn -0.34049829840660095 -0.932584285736084 0.12066438794136047
vn -0.8827552795410156 -0.47044456005096436 -0.0004885197849944234
vn 0.0004885197849944234 -0.9912066459655762 0.1314118206501007
vn -0.37762579321861267 -0.9257450103759766 -0.0004885197849944234
vn -0.8827552795410156 -0.47044456005096436 -0.0004885197849944234
vn -0.37762579321861267 -0.9257450103759766 -0.0004885197849944234
vn 0.37762579321861267 -0.9257450103759766 -0.0004885197849944234
vn 0.8827552795410156 -0.47044456005096436 -0.0004885197849944234
vn 0.37762579321861267 -0.9257450103759766 -0.0004885197849944234
vn 0.0004885197849944234 -1 -0.0004885197849944234
vn 0.0004885197849944234 -1 -0.0004885197849944234
vn -0.0004885197849944234 -0.9980459213256836 -0.0639960914850235
vn -0.0004885197849944234 -0.9980459213256836 -0.0639960914850235
vn -0.0004885197849944234 -0.9980459213256836 -0.0639960914850235
vn -0.0004885197849944234 -0.9980459213256836 -0.0639960914850235
vn -0.0024425990413874388 -0.9980459213256836 -0.0639960914850235
vn -0.0024425990413874388 -0.9980459213256836 -0.0639960914850235
vn -0.0024425990413874388 -0.9980459213256836 -0.0639960914850235
vn -0.0024425990413874388 -0.9980459213256836 -0.0639960914850235
vn -0.0014655593549832702 -0.9980459213256836 -0.0639960914850235
vn -0.0014655593549832702 -0.9980459213256836 -0.0639960914850235
vn -0.0014655593549832702 -0.9980459213256836 -0.0639960914850235
vn -0.0014655593549832702 -0.9980459213256836 -0.0639960914850235
vn -0.0014655593549832702 -0.9980459213256836 -0.0639960914850235
vn -0.0014655593549832702 -0.9980459213256836 -0.0639960914850235
vn -0.0014655593549832702 -0.9980459213256836 -0.0639960914850235
vn -0.0014655593549832702 -0.9980459213256836 -0.0639960914850235
vn -0.0004885197849944234 -0.9980459213256836 -0.0639960914850235
vn -0.0004885197849944234 -0.9980459213256836 -0.0639960914850235
vn -0.0004885197849944234 -0.9980459213256836 -0.0639960914850235
vn -0.0004885197849944234 -0.9980459213256836 -0.0639960914850235
vn -0.0014655593549832702 -0.9980459213256836 -0.0639960914850235
vn -0.0014655593549832702 -0.9980459213256836 -0.0639960914850235
vn -0.0014655593549832702 -0.9980459213256836 -0.0639960914850235
vn -0.0014655593549832702 -0.9980459213256836 -0.0639960914850235
vn 0.0004885197849944234 -0.9980459213256836 -0.0639960914850235
vn 0.0004885197849944234 -0.9980459213256836 -0.0639960914850235
vn 0.0004885197849944234 -0.9980459213256836 -0.0639960914850235
vn 0.0004885197849944234 -0.9980459213256836 -0.0639960914850235
vn 0.0004885197849944234 -0.9980459213256836 -0.0639960914850235
vn 0.0004885197849944234 -0.9980459213256836 -0.0639960914850235
vn 0.0004885197849944234 -0.9980459213256836 -0.0639960914850235
vn 0.0004885197849944234 -0.9980459213256836 -0.0639960914850235
vn 0.0004885197849944234 -1 -0.0004885197849944234
vn 0.0004885197849944234 -1 -0.0004885197849944234
vn 0.0004885197849944234 -1 -0.0004885197849944234
vn 0.0004885197849944234 -1 -0.0004885197849944234
vn 0.0004885197849944234 -0.7635564208030701 -0.6453346610069275
vn 0.0004885197849944234 -0.7635564208030701 -0.6453346610069275
vn 0.0004885197849944234 -0.7635564208030701 -0.6453346610069275
vn 0.0004885197849944234 -0.7635564208030701 -0.6453346610069275
vn 0.0004885197849944234 -0.7635564208030701 -0.6453346610069275
vn 0.0004885197849944234 -0.7635564208030701 -0.6453346610069275
vn 0.0004885197849944234 -0.7635564208030701 -0.6453346610069275
vn 0.0004885197849944234 -0.7635564208030701 -0.6453346610069275
vn 0.0004885197849944234 -0.7635564208030701 -0.6453346610069275
vn 0.0004885197849944234 -0.7635564208030701 -0.6453346610069275
vn 0.0004885197849944234 -0.7635564208030701 -0.6453346610069275
vn 0.0004885197849944234 -0.7635564208030701 -0.6453346610069275
vn 0.0004885197849944234 -0.7635564208030701 -0.6453346610069275
vn 0.0004885197849944234 -0.7635564208030701 -0.6453346610069275
vn 0.0004885197849944234 -0.7635564208030701 -0.6453346610069275
vn 0.0004885197849944234 -0.7635564208030701 -0.6453346610069275
vn -0.0004885197849944234 0.8104543089866638 -0.5867122411727905
vn -0.0004885197849944234 0.8104543089866638 -0.5867122411727905
vn -0.0004885197849944234 0.8104543089866638 -0.5867122411727905
vn -0.0004885197849944234 0.8104543089866638 -0.5867122411727905
vn -0.0004885197849944234 0.8104543089866638 -0.5867122411727905
vn -0.0004885197849944234 0.8104543089866638 -0.5867122411727905
vn -0.0004885197849944234 0.8104543089866638 -0.5867122411727905
vn -0.0004885197849944234 0.8104543089866638 -0.5867122411727905
vn 0.0004885197849944234 0.8104543089866638 -0.5867122411727905
vn 0.0004885197849944234 0.8104543089866638 -0.5867122411727905
vn 0.0004885197849944234 0.8104543089866638 -0.5867122411727905
vn 0.0004885197849944234 0.8104543089866638 -0.5867122411727905
vn 0.0004885197849944234 0.8104543089866638 -0.5867122411727905
vn 0.0004885197849944234 0.8104543089866638 -0.5867122411727905
vn 0.0004885197849944234 0.8104543089866638 -0.5867122411727905
vn 0.0004885197849944234 0.8104543089866638 -0.5867122411727905
vn 0.0004885197849944234 -0.0004885197849944234 1
vn 0.0004885197849944234 -0.0004885197849944234 1
vn 0.0004885197849944234 -0.0004885197849944234 1
vn 0.0004885197849944234 -0.0004885197849944234 1
vn 0.0004885197849944234 0.0317537859082222 0.9990229606628418
vn 0.0004885197849944234 0.0317537859082222 0.9990229606628418
vn 0.0004885197849944234 0.0317537859082222 0.9990229606628418
vn 0.0004885197849944234 0.0317537859082222 0.9990229606628418
vn 0.0004885197849944234 0.0317537859082222 0.9990229606628418
vn 0.0004885197849944234 0.0317537859082222 0.9990229606628418
vn 0.0004885197849944234 0.0317537859082222 0.9990229606628418
vn 0.0004885197849944234 0.0317537859082222 0.9990229606628418
vn 0.0004885197849944234 -0.0004885197849944234 1
vn 0.0004885197849944234 -0.0004885197849944234 1
vn 0.0004885197849944234 -0.0004885197849944234 1
vn 0.0004885197849944234 -0.0004885197849944234 1
vn 0.0004885197849944234 -0.0004885197849944234 1
vn 0.0004885197849944234 -0.0004885197849944234 1
vn 0.0004885197849944234 1 0.0004885197849944234
vn 0.0004885197849944234 1 0.0004885197849944234
vn 0.0004885197849944234 1 0.0004885197849944234
vn 0.0004885197849944234 1 0.0004885197849944234
vn 0.0004885197849944234 0.0004885197849944234 1
vn 0.0004885197849944234 0.0004885197849944234 1
vn 0.0004885197849944234 0.0004885197849944234 1
vn 0.0004885197849944234 0.0004885197849944234 1
vn 0.0004885197849944234 0.0004885197849944234 1
vn 0.0004885197849944234 0.0004885197849944234 1
vn 0.0004885197849944234 -0.0004885197849944234 1
vn 0.0004885197849944234 -0.0004885197849944234 1
vn 0.0004885197849944234 -0.0004885197849944234 1
vn 0.0004885197849944234 -0.0004885197849944234 1
vn 0.0004885197849944234 -0.0004885197849944234 1
vn 0.0004885197849944234 -0.0004885197849944234 1
vn 0.0004885197849944234 0.0004885197849944234 1
vn 0.0004885197849944234 0.0004885197849944234 1
vn 0.0004885197849944234 0.0004885197849944234 1
vn 0.0004885197849944234 -0.7020029425621033 -0.7117733359336853
vn 0.0004885197849944234 -0.7020029425621033 -0.7117733359336853
vn 0.0004885197849944234 -0.7020029425621033 -0.7117733359336853
vn 0.0004885197849944234 -0.7020029425621033 -0.7117733359336853
vn 0.0004885197849944234 -0.7020029425621033 -0.7117733359336853
vn 0.0004885197849944234 -0.7020029425621033 -0.7117733359336853
vn 0.0004885197849944234 -0.7020029425621033 -0.7117733359336853
vn 0.0004885197849944234 -0.7020029425621033 -0.7117733359336853
vn 0.0004885197849944234 -0.7020029425621033 -0.7117733359336853
vn 0.0004885197849944234 -0.7020029425621033 -0.7117733359336853
vn 0.0004885197849944234 -0.7020029425621033 -0.7117733359336853
vn 0.0004885197849944234 -0.7020029425621033 -0.7117733359336853
vn 0.0004885197849944234 -0.7020029425621033 -0.7117733359336853
vn 0.0004885197849944234 -0.7020029425621033 -0.7117733359336853
vn 0.0004885197849944234 -0.7020029425621033 -0.7117733359336853
vn 0.0004885197849944234 -0.7020029425621033 -0.7117733359336853
vn 0.0004885197849944234 -0.0639960914850235 0.9980459213256836
vn 0.0004885197849944234 -0.0639960914850235 0.9980459213256836
vn 0.0004885197849944234 -0.0639960914850235 0.9980459213256836
vn 0.0004885197849944234 -0.0639960914850235 0.9980459213256836
vn 0.0004885197849944234 -0.0639960914850235 0.9980459213256836
vn 0.0004885197849944234 -0.0639960914850235 0.9980459213256836
vn 0.0004885197849944234 -0.0639960914850235 0.9980459213256836
vn 0.0004885197849944234 -0.0639960914850235 0.9980459213256836
vn 0.0004885197849944234 -0.0639960914850235 0.9980459213256836
vn 0.0004885197849944234 -0.0639960914850235 0.9980459213256836
vn 0.0004885197849944234 -0.0639960914850235 0.9980459213256836
vn 0.0004885197849944234 -0.0639960914850235 0.9980459213256836
vn 0.0004885197849944234 -0.0639960914850235 0.9980459213256836
vn 0.0004885197849944234 -0.0639960914850235 0.9980459213256836
vn 0.0004885197849944234 -0.0639960914850235 0.9980459213256836
vn 0.0004885197849944234 -0.0639960914850235 0.9980459213256836
vn 0.0004885197849944234 -0.0639960914850235 0.9980459213256836
vn 0.0004885197849944234 -0.0639960914850235 0.9980459213256836
vn 0.0004885197849944234 -0.0639960914850235 0.9980459213256836
vn 0.0004885197849944234 -0.0639960914850235 0.9980459213256836
vn 0.0004885197849944234 -0.0639960914850235 0.9980459213256836
vn 0.0004885197849944234 -0.0639960914850235 0.9980459213256836
vn 0.0004885197849944234 -0.0639960914850235 0.9980459213256836
vn 0.0004885197849944234 -0.0639960914850235 0.9980459213256836
vn 0.0004885197849944234 -0.0639960914850235 0.9980459213256836
vn 0.0004885197849944234 -0.6785539984703064 0.7352222800254822
vn 0.0004885197849944234 -0.6785539984703064 0.7352222800254822
vn 0.0004885197849944234 -0.6785539984703064 0.7352222800254822
vn 0.0004885197849944234 -0.6785539984703064 0.7352222800254822
vn 0.0004885197849944234 -0.816316545009613 0.5779188871383667
vn 0.0004885197849944234 -0.816316545009613 0.5779188871383667
vn 0.0004885197849944234 -0.816316545009613 0.5779188871383667
vn 0.0004885197849944234 -0.816316545009613 0.5779188871383667
vn 0.0004885197849944234 -0.0004885197849944234 1
vn 0.0004885197849944234 0.17049340903759003 0.985344409942627
vn 0.0004885197849944234 -0.0004885197849944234 1
vn 0.0004885197849944234 0.17049340903759003 0.985344409942627
vn 0.0004885197849944234 0.34636053442955017 0.9384465217590332
vn 0.0004885197849944234 0.34636053442955017 0.9384465217590332
vn 0.0004885197849944234 0.40791401267051697 0.9130434989929199
vn 0.0004885197849944234 0.40791401267051697 0.9130434989929199
vn 0.0004885197849944234 0.4860771894454956 0.873961865901947
vn 0.0004885197849944234 0.4860771894454956 0.873961865901947
vn 0.0004885197849944234 0.5192965269088745 0.854421079158783
vn 0.0004885197849944234 0.5192965269088745 0.854421079158783
vn 0.0004885197849944234 0.0004885197849944234 -1
vn 0.0004885197849944234 0.0004885197849944234 -1
vn 0.0004885197849944234 0.0004885197849944234 -1
vn 0.0004885197849944234 0.0004885197849944234 -1
vn 0.0004885197849944234 0.0004885197849944234 -1
vn 0.0004885197849944234 0.0004885197849944234 -1
vn 0.0004885197849944234 0.0004885197849944234 -1
vn 0.0004885197849944234 0.0004885197849944234 -1
vn 0.0004885197849944234 -0.0004885197849944234 -1
vn 0.0004885197849944234 -0.0004885197849944234 -1
vn 0.0004885197849944234 -0.0004885197849944234 -1
vn 0.0004885197849944234 -0.0004885197849944234 -1
vn 0.0004885197849944234 0.0004885197849944234 -1
vn 0.0004885197849944234 0.0004885197849944234 -1
vn 0.0004885197849944234 0.0004885197849944234 -1
vn 0.0004885197849944234 0.0004885197849944234 -1
vn 0.0004885197849944234 0.0004885197849944234 -1
vn 0.0004885197849944234 0.0004885197849944234 -1
vn 0.0004885197849944234 0.0004885197849944234 -1
vn 0.0004885197849944234 0.0004885197849944234 -1
vn -0.49975574016571045 -0.8661455512046814 -0.0004885197849944234
vn 0.0004885197849944234 -1 -0.0004885197849944234
vn 0.0004885197849944234 -1 -0.0004885197849944234
vn -0.49975574016571045 -0.8661455512046814 -0.0004885197849944234
vn -0.8661455512046814 -0.49975574016571045 -0.0004885197849944234
vn -0.8661455512046814 -0.49975574016571045 -0.0004885197849944234
vn -1 -0.0004885197849944234 0.0004885197849944234
vn -1 0.0004885197849944234 0.0004885197849944234
vn -0.8661455512046814 0.49975574016571045 0.0004885197849944234
vn -0.8661455512046814 0.49975574016571045 0.0004885197849944234
vn -0.49975574016571045 0.8661455512046814 0.0004885197849944234
vn -0.49975574016571045 0.8661455512046814 0.0004885197849944234
vn 0.0004885197849944234 1 0.0004885197849944234
vn 0.0004885197849944234 1 0.0004885197849944234
vn 0.49975574016571045 0.8661455512046814 0.0004885197849944234
vn 0.49975574016571045 0.8661455512046814 0.0004885197849944234
vn 0.8661455512046814 0.49975574016571045 0.0004885197849944234
vn 0.8661455512046814 0.49975574016571045 0.0004885197849944234
vn 1 0.0004885197849944234 0.0004885197849944234
vn 1 -0.0004885197849944234 0.0004885197849944234
vn 0.8661455512046814 -0.49975574016571045 -0.0004885197849944234
vn 0.8661455512046814 -0.49975574016571045 -0.0004885197849944234
vn 0.49975574016571045 -0.8661455512046814 -0.0004885197849944234
vn 0.49975574016571045 -0.8661455512046814 -0.0004885197849944234
vn 0.0004885197849944234 -1 -0.0004885197849944234
vn 0.0004885197849944234 -1 -0.0004885197849944234
vn 0.0004885197849944234 -0.7674645781517029 -0.6404494643211365
vn 0.0004885197849944234 -0.7674645781517029 -0.6404494643211365
vn 0.0004885197849944234 -0.7674645781517029 -0.6404494643211365
vn 0.0004885197849944234 -0.7674645781517029 -0.6404494643211365
vn -0.0004885197849944234 0.0004885197849944234 -1
vn -0.0004885197849944234 0.0004885197849944234 -1
vn -0.0004885197849944234 0.0004885197849944234 -1
vn -0.0004885197849944234 0.0004885197849944234 -1
vn -0.0004885197849944234 0.0004885197849944234 -1
vn -0.0004885197849944234 0.0004885197849944234 -1
vn -0.0004885197849944234 0.0004885197849944234 -1
vn -0.0004885197849944234 0.0004885197849944234 -1
vn -0.0004885197849944234 0.0004885197849944234 -1
vn -0.0004885197849944234 0.0004885197849944234 -1
vn -0.0004885197849944234 0.0004885197849944234 -1
vn -0.0004885197849944234 0.0004885197849944234 -1
vn -0.0004885197849944234 0.0004885197849944234 -1
vn -0.0004885197849944234 0.0004885197849944234 -1
vn 0.0004885197849944234 0.012212994508445263 1
vn 0.0004885197849944234 0.012212994508445263 1
vn 0.0004885197849944234 0.012212994508445263 1
vn 0.0004885197849944234 0.012212994508445263 1
vn 0.0004885197849944234 0.01905227079987526 1
vn 0.0004885197849944234 0.01905227079987526 1
vn 0.0004885197849944234 0.01905227079987526 1
vn 0.0004885197849944234 0.01905227079987526 1
vn 0.0004885197849944234 0.6697606444358826 0.7430385947227478
vn 0.0004885197849944234 0.6697606444358826 0.7430385947227478
vn 0.0004885197849944234 0.6697606444358826 0.7430385947227478
vn 0.0004885197849944234 0.6697606444358826 0.7430385947227478
vn 0.0004885197849944234 0.0004885197849944234 -1
vn 0.0004885197849944234 0.0004885197849944234 -1
vn 0.0004885197849944234 0.0004885197849944234 -1
vn 0.0004885197849944234 0.0004885197849944234 -1
vn 0.0004885197849944234 0.0004885197849944234 -1
vn 0.0004885197849944234 0.0004885197849944234 -1
vn 0.0004885197849944234 0.0004885197849944234 -1
vn 0.0004885197849944234 0.0004885197849944234 -1
vn 0.0004885197849944234 0.0004885197849944234 -1
vn 0.0004885197849944234 0.0004885197849944234 -1
vn 0.0004885197849944234 0.0004885197849944234 -1
vn 0.0004885197849944234 0.0004885197849944234 -1
vn 0.0004885197849944234 -0.34147533774375916 0.9394235610961914
vn 0.0004885197849944234 -0.34147533774375916 0.9394235610961914
vn 0.0004885197849944234 -0.34147533774375916 0.9394235610961914
vn 0.0004885197849944234 -0.34147533774375916 0.9394235610961914
vn 0.0004885197849944234 0.0004885197849944234 -1
vn 0.0004885197849944234 0.0004885197849944234 -1
vn 0.0004885197849944234 0.0004885197849944234 -1
vn 0.0004885197849944234 0.0004885197849944234 -1
vn 0.0004885197849944234 -0.31118708848953247 0.9501709938049316
vn 0.0004885197849944234 -0.31118708848953247 0.9501709938049316
vn 0.0004885197849944234 -0.31118708848953247 0.9501709938049316
vn 0.0004885197849944234 -0.31118708848953247 0.9501709938049316
vn 0.0004885197849944234 -0.6785539984703064 -0.734245240688324
vn 0.0004885197849944234 -0.6785539984703064 -0.734245240688324
vn 0.0004885197849944234 -0.6785539984703064 -0.734245240688324
vn 0.0004885197849944234 -0.6785539984703064 -0.734245240688324
vn 0.0004885197849944234 0.5486077070236206 0.8358573317527771
vn 0.0004885197849944234 0.5486077070236206 0.8358573317527771
vn 0.0004885197849944234 0.5486077070236206 0.8358573317527771
vn 0.0004885197849944234 0.5486077070236206 0.8358573317527771
vn 0.0004885197849944234 -0.0004885197849944234 1
vn 0.0004885197849944234 -0.0004885197849944234 1
vn 0.0004885197849944234 -0.0004885197849944234 1
vn 0.0004885197849944234 -0.0004885197849944234 1
vn 0.0004885197849944234 -0.0004885197849944234 1
vn 0.0004885197849944234 -0.0004885197849944234 1
vn 0.0004885197849944234 0.23595505952835083 0.9716658592224121
vn 0.0004885197849944234 0.23595505952835083 0.9716658592224121
vn 0.0004885197849944234 0.23595505952835083 0.9716658592224121
vn 0.0004885197849944234 0.23595505952835083 0.9716658592224121
vn 0.0004885197849944234 0.2281387448310852 -0.9736199378967285
vn 0.0004885197849944234 0.2281387448310852 -0.9736199378967285
vn 0.0004885197849944234 0.2281387448310852 -0.9736199378967285
vn 0.0004885197849944234 0.2281387448310852 -0.9736199378967285
vn -0.0004885197849944234 0.0004885197849944234 -1
vn -0.0004885197849944234 0.0004885197849944234 -1
vn -0.0004885197849944234 0.0004885197849944234 -1
vn -0.0004885197849944234 0.0004885197849944234 -1
vn -0.0004885197849944234 0.0004885197849944234 -1
vn -0.0004885197849944234 0.0004885197849944234 -1
vn -0.0004885197849944234 0.0004885197849944234 -1
vn -0.0004885197849944234 0.0004885197849944234 -1
vn -0.0004885197849944234 0.0004885197849944234 -1
vn -0.0004885197849944234 0.0004885197849944234 -1
vn -0.0004885197849944234 0.0004885197849944234 -1
vn -0.0004885197849944234 0.0004885197849944234 -1
vn 0.0004885197849944234 0.0004885197849944234 -1
vn 0.0004885197849944234 0.0004885197849944234 -1
vn 0.0004885197849944234 0.0004885197849944234 -1
vn 0.0004885197849944234 0.0004885197849944234 -1
vn 0.0004885197849944234 0.0004885197849944234 -1
vn 0.0004885197849944234 0.0004885197849944234 -1
vn 0.0004885197849944234 0.0004885197849944234 -1
vn 0.0004885197849944234 0.0004885197849944234 -1
vn 0.0004885197849944234 0.0004885197849944234 -1
vn 0.0004885197849944234 0.0004885197849944234 -1
vn 0.0004885197849944234 0.0004885197849944234 -1
vn 0.0004885197849944234 0.0004885197849944234 -1
vn 0.0004885197849944234 0.0004885197849944234 -1
vn 0.0004885197849944234 0.0004885197849944234 -1
vn 0.0004885197849944234 0.0004885197849944234 -1
vn 0.0004885197849944234 0.0004885197849944234 -1
vn -0.0004885197849944234 0.0004885197849944234 -1
vn -0.0004885197849944234 0.0004885197849944234 -1
vn -0.0004885197849944234 0.0004885197849944234 -1
vn -0.0004885197849944234 0.0004885197849944234 -1
vn 0.0004885197849944234 0.0004885197849944234 -1
vn 0.0004885197849944234 0.0004885197849944234 -1
vn 0.0004885197849944234 0.0004885197849944234 -1
vn 0.0004885197849944234 0.0004885197849944234 -1
vn 0.0004885197849944234 -0.0004885197849944234 1
vn 0.0004885197849944234 -0.0004885197849944234 1
vn 0.0004885197849944234 -0.0004885197849944234 1
vn 0.0004885197849944234 -0.0004885197849944234 1
vn 0.0004885197849944234 -0.0004885197849944234 1
vn 0.0004885197849944234 -0.0004885197849944234 1
vn 0.0004885197849944234 -0.0004885197849944234 1
vn 0.0004885197849944234 -0.0004885197849944234 1
vn 0.0004885197849944234 -0.0004885197849944234 1
vn 0.0004885197849944234 -0.0004885197849944234 1
vn 0.0004885197849944234 -0.0004885197849944234 1
vn 0.0004885197849944234 -0.0004885197849944234 1
vn 0.0004885197849944234 -0.0004885197849944234 -1
vn 0.0004885197849944234 -0.0004885197849944234 -1
vn 0.0004885197849944234 -0.0004885197849944234 -1
vn 0.0004885197849944234 -0.0004885197849944234 -1
vn 0.0004885197849944234 -0.0004885197849944234 1
vn 0.0004885197849944234 -0.0004885197849944234 1
vn 0.0004885197849944234 -0.0004885197849944234 1
vn 0.0004885197849944234 -0.0004885197849944234 1
vn 0.0004885197849944234 -0.0004885197849944234 1
vn 0.0004885197849944234 -0.0004885197849944234 1
vn 0.0004885197849944234 -0.0004885197849944234 1
vn 0.0004885197849944234 -0.0004885197849944234 1
vn 0.0004885197849944234 -0.0004885197849944234 1
vn 0.0004885197849944234 -0.0004885197849944234 1
vn 0.0004885197849944234 -0.0004885197849944234 1
vn 0.0004885197849944234 -0.0004885197849944234 1

vt 0.128586083650589 0.38675999641418457
vt 0.08271655440330505 0.24915146827697754
vt 0.128586083650589 0.24915146827697754
vt 0.08271655440330505 0.38675999641418457
vt 0.17445561289787292 0.38675999641418457
vt 0.22032508254051208 0.24915146827697754
vt 0.22032508254051208 0.38675999641418457
vt 0.17445561289787292 0.24915146827697754
vt 0.17445561289787292 0.38675999641418457
vt 0.128586083650589 0.24915146827697754
vt 0.17445561289787292 0.24915146827697754
vt 0.128586083650589 0.38675999641418457
vt 0.2318558394908905 0.9701418876647949
vt 0.10185310989618301 0.9376412034034729
vt 0.2318558394908905 0.9376412034034729
vt 0.10185310989618301 0.9701418876647949
vt 0.1170794889330864 0.9051404595375061
vt 0.22170490026474 0.9051404595375061
vt 0.2318558394908905 0.9376412034034729
vt 0.10185310989618301 0.9376412034034729
vt 0.2318558394908905 0.9701418876647949
vt 0.10185310989618301 0.9701418876647949
vt 0.1170794889330864 0.9051404595375061
vt 0.22170490026474 0.9051404595375061
vt 0.35320550203323364 0.5346440076828003
vt 0.3909696340560913 0.5346440076828003
vt 0.3909696340560913 0.5346440076828003
vt 0.35320550203323364 0.5346440076828003
vt 0.42873382568359375 0.5346440076828003
vt 0.3909696340560913 0.5346440076828003
vt 0.42873382568359375 0.5346440076828003
vt 0.3909696340560913 0.5346440076828003
vt 0.12662038207054138 0.5346440076828003
vt 0.08885617554187775 0.5346440076828003
vt 0.08885617554187775 0.5346440076828003
vt 0.12662038207054138 0.5346440076828003
vt 0.5042622089385986 0.5346440076828003
vt 0.5420263409614563 0.5346440076828003
vt 0.5420263409614563 0.5346440076828003
vt 0.5042622089385986 0.5346440076828003
vt 0.42873382568359375 0.5346440076828003
vt 0.46649807691574097 0.5346440076828003
vt 0.42873382568359375 0.5346440076828003
vt 0.46649807691574097 0.5346440076828003
vt 0.12662038207054138 0.5346440076828003
vt 0.16438457369804382 0.5346440076828003
vt 0.16438457369804382 0.5346440076828003
vt 0.12662038207054138 0.5346440076828003
vt 0.5042622089385986 0.5346440076828003
vt 0.46649807691574097 0.5346440076828003
vt 0.46649807691574097 0.5346440076828003
vt 0.5042622089385986 0.5346440076828003
vt 0.16438457369804382 0.5346440076828003
vt 0.20214878022670746 0.5346440076828003
vt 0.20214878022670746 0.5346440076828003
vt 0.16438457369804382 0.5346440076828003
vt 0.2399129718542099 0.5346440076828003
vt 0.20214878022670746 0.5346440076828003
vt 0.20214878022670746 0.5346440076828003
vt 0.2399129718542099 0.5346440076828003
vt 0.27767711877822876 0.5346440076828003
vt 0.2399129718542099 0.5346440076828003
vt 0.2399129718542099 0.5346440076828003
vt 0.27767711877822876 0.5346440076828003
vt 0.27767711877822876 0.5346440076828003
vt 0.315441370010376 0.5346440076828003
vt 0.315441370010376 0.5346440076828003
vt 0.27767711877822876 0.5346440076828003
vt 0.35320550203323364 0.5346440076828003
vt 0.35320550203323364 0.5346440076828003
vt 0.25879499316215515 0.3080589771270752
vt 0.25879499316215515 0.19476640224456787
vt 0.3720874786376953 0.3080589771270752
vt 0.3720874786376953 0.19476640224456787
vt 0.35320550203323364 0.5346440076828003
vt 0.3909696340560913 0.5346440076828003
vt 0.3909696340560913 0.5346440076828003
vt 0.35320550203323364 0.5346440076828003
vt 0.3720874786376953 0.3080589771270752
vt 0.25879499316215515 0.3080589771270752
vt 0.25879499316215515 0.19476640224456787
vt 0.3720874786376953 0.19476640224456787
vt 0.4853801131248474 0.5346440076828003
vt 0.5420263409614563 0.5346440076828003
vt 0.5420263409614563 0.5346440076828003
vt 0.4853801131248474 0.5346440076828003
vt 0.14550244808197021 0.5346440076828003
vt 0.08885617554187775 0.5346440076828003
vt 0.14550244808197021 0.5346440076828003
vt 0.08885617554187775 0.5346440076828003
vt 0.20214872062206268 0.5346440076828003
vt 0.20214872062206268 0.5346440076828003
vt 0.23866523802280426 0.5346440076828003
vt 0.20214872062206268 0.5346440076828003
vt 0.20214872062206268 0.5346440076828003
vt 0.2422461062669754 0.5346440076828003
vt 0.4853801131248474 0.5346440076828003
vt 0.42873382568359375 0.5346440076828003
vt 0.42873382568359375 0.5346440076828003
vt 0.4853801131248474 0.5346440076828003
vt 0.42873382568359375 0.5346440076828003
vt 0.3922172784805298 0.5346440076828003
vt 0.42873382568359375 0.5346440076828003
vt 0.38863635063171387 0.5346440076828003
vt 0.42873382568359375 0.5346440076828003
vt 0.3909696340560913 0.5346440076828003
vt 0.42873382568359375 0.5346440076828003
vt 0.3909696340560913 0.5346440076828003
vt 0.12662038207054138 0.5346440076828003
vt 0.08885617554187775 0.5346440076828003
vt 0.08885617554187775 0.5346440076828003
vt 0.12662038207054138 0.5346440076828003
vt 0.5042622089385986 0.5346440076828003
vt 0.5420263409614563 0.5346440076828003
vt 0.5420263409614563 0.5346440076828003
vt 0.5042622089385986 0.5346440076828003
vt 0.42873382568359375 0.5346440076828003
vt 0.46649807691574097 0.5346440076828003
vt 0.42873382568359375 0.5346440076828003
vt 0.46649807691574097 0.5346440076828003
vt 0.12662038207054138 0.5346440076828003
vt 0.16438457369804382 0.5346440076828003
vt 0.16438457369804382 0.5346440076828003
vt 0.12662038207054138 0.5346440076828003
vt 0.5042622089385986 0.5346440076828003
vt 0.46649807691574097 0.5346440076828003
vt 0.46649807691574097 0.5346440076828003
vt 0.5042622089385986 0.5346440076828003
vt 0.16438457369804382 0.5346440076828003
vt 0.20214878022670746 0.5346440076828003
vt 0.20214878022670746 0.5346440076828003
vt 0.16438457369804382 0.5346440076828003
vt 0.2399129718542099 0.5346440076828003
vt 0.20214878022670746 0.5346440076828003
vt 0.20214878022670746 0.5346440076828003
vt 0.2399129718542099 0.5346440076828003
vt 0.27767711877822876 0.5346440076828003
vt 0.2399129718542099 0.5346440076828003
vt 0.2399129718542099 0.5346440076828003
vt 0.27767711877822876 0.5346440076828003
vt 0.27767711877822876 0.5346440076828003
vt 0.315441370010376 0.5346440076828003
vt 0.315441370010376 0.5346440076828003
vt 0.27767711877822876 0.5346440076828003
vt 0.35320550203323364 0.5346440076828003
vt 0.315441370010376 0.5346440076828003
vt 0.315441370010376 0.5346440076828003
vt 0.35320550203323364 0.5346440076828003
vt 0.1252431422472 0.11786079406738281
vt 0.2790542542934418 0.2716718912124634
vt 0.1252431422472 0.2716718912124634
vt 0.20214872062206268 0.30352723598480225
vt 0.09338781237602234 0.19476640224456787
vt 0.2790542542934418 0.11786079406738281
vt 0.31090956926345825 0.19476640224456787
vt 0.20214872062206268 0.08600544929504395
vt 0.3720874786376953 0.3080589771270752
vt 0.25879499316215515 0.3080589771270752
vt 0.25879499316215515 0.19476640224456787
vt 0.3720874786376953 0.19476640224456787
vt 0.31967857480049133 0.5104355216026306
vt 0.18324324488639832 0.4422178268432617
vt 0.31967857480049133 0.4422178268432617
vt 0.18324324488639832 0.5104355216026306
vt 0.31967857480049133 0.4422178268432617
vt 0.18324324488639832 0.4422178268432617
vt 0.31967857480049133 0.5104355216026306
vt 0.18324324488639832 0.5104355216026306
vt 0.7053912878036499 0.8036162853240967
vt 0.6275109052658081 0.8432912826538086
vt 0.6275109052658081 0.8036162853240967
vt 0.7053912878036499 0.8432912826538086
vt 0.16438457369804382 0.5346440076828003
vt 0.08885617554187775 0.5346440076828003
vt 0.12662038207054138 0.5346440076828003
vt 0.20214878022670746 0.5346440076828003
vt 0.46649807691574097 0.5346440076828003
vt 0.5042622089385986 0.5346440076828003
vt 0.42873382568359375 0.5346440076828003
vt 0.27767711877822876 0.5346440076828003
vt 0.2399129718542099 0.5346440076828003
vt 0.35320550203323364 0.5346440076828003
vt 0.3909696340560913 0.5346440076828003
vt 0.315441370010376 0.5346440076828003
vt 0.7053912878036499 0.8432912826538086
vt 0.6275109052658081 0.881496787071228
vt 0.6275109052658081 0.8432912826538086
vt 0.7053912878036499 0.881496787071228
vt 0.7053912878036499 0.881496787071228
vt 0.7053912878036499 0.881496787071228
vt 0.6275109052658081 0.881496787071228
vt 0.6275109052658081 0.881496787071228
vt 0.6275109052658081 0.881496787071228
vt 0.7053912878036499 0.881496787071228
vt 0.7053912878036499 0.881496787071228
vt 0.6275109052658081 0.881496787071228
vt 0.7053912878036499 0.881496787071228
vt 0.7053912878036499 0.881496787071228
vt 0.6275109052658081 0.881496787071228
vt 0.6275109052658081 0.8814966678619385
vt 0.7053912878036499 0.881496787071228
vt 0.7053912878036499 0.881496787071228
vt 0.6275109052658081 0.881496787071228
vt 0.6275109052658081 0.881496787071228
vt 0.4352658987045288 0.45274579524993896
vt 0.32440003752708435 0.45274579524993896
vt 0.32440003752708435 0.45274579524993896
vt 0.4352658987045288 0.45274579524993896
vt 0.31967857480049133 0.5104355216026306
vt 0.31967854499816895 0.5104354619979858
vt 0.31967857480049133 0.4422178268432617
vt 0.31967854499816895 0.5104354619979858
vt 0.31967857480049133 0.4422178268432617
vt 0.31967857480049133 0.4422178268432617
vt 0.31967857480049133 0.4422178268432617
vt 0.31967857480049133 0.5104355216026306
vt 0.31967857480049133 0.5104355216026306
vt 0.31967857480049133 0.4422178268432617
vt 0.31967857480049133 0.4422178268432617
vt 0.31967857480049133 0.4422178268432617
vt 0.31967857480049133 0.4422178268432617
vt 0.31967854499816895 0.5104354619979858
vt 0.31967857480049133 0.5104355216026306
vt 0.31967857480049133 0.4422178268432617
vt 0.31967857480049133 0.4422178268432617
vt 0.31967854499816895 0.5104354619979858
vt 0.31967857480049133 0.5104355216026306
vt 0.31967857480049133 0.4422178268432617
vt 0.31967857480049133 0.4422178268432617
vt 0.31967857480049133 0.5104355216026306
vt 0.31967854499816895 0.5104354619979858
vt 0.31967857480049133 0.4422178268432617
vt 0.20214872062206268 0.30352723598480225
vt 0.29633837938308716 0.24914681911468506
vt 0.2565291225910187 0.28895604610443115
vt 0.10795900225639343 0.24914681911468506
vt 0.1477682739496231 0.28895604610443115
vt 0.29633837938308716 0.1403859257698059
vt 0.31090956926345825 0.19476640224456787
vt 0.10795900225639343 0.1403859257698059
vt 0.09338781237602234 0.19476640224456787
vt 0.2565291225910187 0.10057663917541504
vt 0.1477682739496231 0.10057663917541504
vt 0.20214872062206268 0.08600544929504395
vt 0.25879499316215515 0.3080589771270752
vt 0.25879499316215515 0.19476640224456787
vt 0.3720874786376953 0.3080589771270752
vt 0.3720874786376953 0.19476640224456787
vt 0.5042622089385986 0.5346440076828003
vt 0.5420263409614563 0.3080589771270752
vt 0.5420263409614563 0.5346440076828003
vt 0.5042622089385986 0.3080589771270752
vt 0.46649807691574097 0.5346440076828003
vt 0.46649807691574097 0.3080589771270752
vt 0.42873382568359375 0.5346440076828003
vt 0.42873382568359375 0.3080589771270752
vt 0.3909696340560913 0.5346440076828003
vt 0.3909696340560913 0.3080589771270752
vt 0.35320550203323364 0.5346440076828003
vt 0.35320550203323364 0.3080589771270752
vt 0.315441370010376 0.3080589771270752
vt 0.315441370010376 0.5346440076828003
vt 0.27767711877822876 0.3080589771270752
vt 0.27767711877822876 0.5346440076828003
vt 0.2399129718542099 0.3080589771270752
vt 0.2399129718542099 0.5346440076828003
vt 0.20214878022670746 0.3080589771270752
vt 0.20214878022670746 0.5346440076828003
vt 0.16438457369804382 0.3080589771270752
vt 0.16438457369804382 0.5346440076828003
vt 0.12662038207054138 0.3080589771270752
vt 0.12662038207054138 0.5346440076828003
vt 0.08885617554187775 0.5346440076828003
vt 0.08885617554187775 0.3080589771270752
vt 0.4287338852882385 0.5020021796226501
vt 0.315441370010376 0.47795724868774414
vt 0.35320550203323364 0.4811785817146301
vt 0.5042622089385986 0.5228257179260254
vt 0.3909696340560913 0.48997974395751953
vt 0.5042622089385986 0.5228257179260254
vt 0.4287338852882385 0.5020021796226501
vt 0.46649807691574097 0.5140247344970703
vt 0.315441370010376 0.47795724868774414
vt 0.5420263409614563 0.5260472893714905
vt 0.5042622089385986 0.5228257179260254
vt 0.315441370010376 0.47795724868774414
vt 0.5420263409614563 0.5260472893714905
vt 0.4287338852882385 0.5020021796226501
vt 0.46649807691574097 0.5140247344970703
vt 0.315441370010376 0.47795724868774414
vt 0.5042622089385986 0.5228257179260254
vt 0.4287338852882385 0.5020021796226501
vt 0.35320550203323364 0.4811785817146301
vt 0.3909696340560913 0.48997974395751953
vt 0.5461317300796509 0.563611626625061
vt 0.4352658987045288 0.45274579524993896
vt 0.5461317300796509 0.45274579524993896
vt 0.4352658987045288 0.563611626625061
vt 0.32440003752708435 0.3592875003814697
vt 0.4352658987045288 0.3592875003814697
vt 0.32440003752708435 0.3592875003814697
vt 0.4352658987045288 0.3592875003814697
vt 0.890764594078064 0.6217660307884216
vt 0.8126561045646667 0.5436575412750244
vt 0.890764594078064 0.5436575412750244
vt 0.8126561045646667 0.6217660307884216
vt 0.8126561045646667 0.6217660307884216
vt 0.8126561045646667 0.5436575412750244
vt 0.8126561045646667 0.6217660307884216
vt 0.8126561045646667 0.5436575412750244
vt 0.8126561045646667 0.6217660307884216
vt 0.8126561045646667 0.5436575412750244
vt 0.8126561045646667 0.6217660307884216
vt 0.8126561045646667 0.5436575412750244
vt 0.25879499316215515 0.3080589771270752
vt 0.25879499316215515 0.19476640224456787
vt 0.3720874786376953 0.3080589771270752
vt 0.3720874786376953 0.19476640224456787
vt 0.42873382568359375 0.30352723598480225
vt 0.5374945998191833 0.19476640224456787
vt 0.5229234099388123 0.24914681911468506
vt 0.48311424255371094 0.28895604610443115
vt 0.33454418182373047 0.24914681911468506
vt 0.3743533492088318 0.28895604610443115
vt 0.3199729919433594 0.19476640224456787
vt 0.42873382568359375 0.08600544929504395
vt 0.5229234099388123 0.1403859257698059
vt 0.48311424255371094 0.10057663917541504
vt 0.3743533492088318 0.10057663917541504
vt 0.33454418182373047 0.1403859257698059
vt 0.3579336106777191 0.38675999641418457
vt 0.3579336106777191 0.24915146827697754
vt 0.49554213881492615 0.38675999641418457
vt 0.49554213881492615 0.24915146827697754
vt 0.49554213881492615 0.38675999641418457
vt 0.3579336106777191 0.38675999641418457
vt 0.49554213881492615 0.24915146827697754
vt 0.3579336106777191 0.24915146827697754
vt 0.3579336106777191 0.24915146827697754
vt 0.49554213881492615 0.24915146827697754
vt 0.6681329011917114 0.7365334630012512
vt 0.6679317951202393 0.7513033151626587
vt 0.6640512943267822 0.749976396560669
vt 0.6923307180404663 0.7612378001213074
vt 0.7113000154495239 0.758129894733429
vt 0.7193427085876465 0.7525776624679565
vt 0.6632809638977051 0.7368500232696533
vt 0.6683404445648193 0.7252115607261658
vt 0.6615711450576782 0.7252697348594666
vt 0.4961153566837311 0.9160761833190918
vt 0.49148061871528625 0.9300230741500854
vt 0.49235472083091736 0.9164451956748962
vt 0.4874647557735443 0.9284182190895081
vt 0.5268758535385132 0.9112431406974792
vt 0.48293057084083557 0.9376927614212036
vt 0.5452426671981812 0.9186733961105347
vt 0.4881484806537628 0.9396452903747559
vt 0.5503385066986084 0.9258370995521545
vt 0.6632809638977051 0.7368500232696533
vt 0.6640512943267822 0.749976396560669
vt 0.6681329011917114 0.7365334630012512
vt 0.6679317951202393 0.7513033151626587
vt 0.6923307180404663 0.7612378001213074
vt 0.7113000154495239 0.758129894733429
vt 0.7193427085876465 0.7525776624679565
vt 0.6683404445648193 0.7252115607261658
vt 0.6615711450576782 0.7252697348594666
vt 0.49235472083091736 0.9164451956748962
vt 0.4874647557735443 0.9284182190895081
vt 0.49148061871528625 0.9300230741500854
vt 0.48293057084083557 0.9376927614212036
vt 0.4961153566837311 0.9160761833190918
vt 0.5268758535385132 0.9112431406974792
vt 0.4881484806537628 0.9396452903747559
vt 0.5452426671981812 0.9186733961105347
vt 0.5503385066986084 0.9258370995521545
vt 0.8126561045646667 0.4655490517616272
vt 0.8126561045646667 0.5436575412750244
vt 0.8126561045646667 0.38744056224823
vt 0.8126561045646667 0.6217660307884216
vt 0.5420263409614563 0.5346440076828003
vt 0.4853801131248474 0.3080589771270752
vt 0.5420263409614563 0.3080589771270752
vt 0.4853801131248474 0.5346440076828003
vt 0.42873382568359375 0.3080589771270752
vt 0.42873382568359375 0.5346440076828003
vt 0.3720874786376953 0.3080589771270752
vt 0.3720874786376953 0.5346440076828003
vt 0.3154412508010864 0.5346440076828003
vt 0.3154412508010864 0.3080589771270752
vt 0.25879499316215515 0.5346440076828003
vt 0.25879499316215515 0.3080589771270752
vt 0.20214872062206268 0.5346440076828003
vt 0.20214872062206268 0.3080589771270752
vt 0.14550244808197021 0.5346440076828003
vt 0.14550244808197021 0.3080589771270752
vt 0.08885617554187775 0.3080589771270752
vt 0.08885617554187775 0.5346440076828003
vt 0.22032508254051208 0.2032819390296936
vt 0.22032508254051208 0.15741240978240967
vt 0.3579336106777191 0.15741240978240967
vt 0.3579336106777191 0.2032819390296936
vt 0.5461317300796509 0.3418799638748169
vt 0.656997561454773 0.3418799638748169
vt 0.656997561454773 0.3418799638748169
vt 0.5461317300796509 0.3418799638748169
vt 0.5461317300796509 0.563611626625061
vt 0.4352658987045288 0.45274579524993896
vt 0.5461317300796509 0.45274579524993896
vt 0.4352658987045288 0.563611626625061
vt 0.35793668031692505 0.1096879243850708
vt 0.35793668031692505 0.07344931364059448
vt 0.35793668031692505 0.07344931364059448
vt 0.03178912401199341 0.14592647552490234
vt 0.35793668031692505 0.1096879243850708
vt 0.35793668031692505 0.14592647552490234
vt 0.03178912401199341 0.14592647552490234
vt 0.35793668031692505 0.07344931364059448
vt 0.03178912401199341 0.14592647552490234
vt 0.03178912401199341 0.14592647552490234
vt 0.03178912401199341 0.2546423077583313
vt 0.03178912401199341 0.2546423077583313
vt 0.03178912401199341 0.14592647552490234
vt 0.03178912401199341 0.14592647552490234
vt 0.35793668031692505 0.2908809185028076
vt 0.35793668031692505 0.32711952924728394
vt 0.35793668031692505 0.1096879243850708
vt 0.35793668031692505 0.2546423077583313
vt 0.35793668031692505 0.14592647552490234
vt 0.35793668031692505 0.14592647552490234
vt 0.35793668031692505 0.14592647552490234
vt 0.35793668031692505 0.14592647552490234
vt 0.35793668031692505 0.2546423077583313
vt 0.35793668031692505 0.14592647552490234
vt 0.03178912401199341 0.14592647552490234
vt 0.35793668031692505 0.32711952924728394
vt 0.35793668031692505 0.07344931364059448
vt 0.03178912401199341 0.2546423077583313
vt 0.3579336106777191 0.5243685245513916
vt 0.22032508254051208 0.5243685245513916
vt 0.3579336106777191 0.38675999641418457
vt 0.22032508254051208 0.38675999641418457
vt 0.6275109052658081 0.881496787071228
vt 0.6275109052658081 0.9593772888183594
vt 0.5617362260818481 0.9593772888183594
vt 0.5617362260818481 0.881496787071228
vt 0.6331506967544556 0.38675999641418457
vt 0.49554213881492615 0.38675999641418457
vt 0.49554213881492615 0.38675999641418457
vt 0.6331506967544556 0.38675999641418457
vt 0.3579336106777191 0.38675999641418457
vt 0.22032508254051208 0.38675999641418457
vt 0.22032508254051208 0.38675999641418457
vt 0.3579336106777191 0.38675999641418457
vt 0.4352658987045288 0.3592875003814697
vt 0.32440003752708435 0.3592875003814697
vt 0.32440003752708435 0.3418799638748169
vt 0.4352658987045288 0.3418799638748169
vt 0.5042622089385986 0.5346440076828003
vt 0.5420263409614563 0.3080589771270752
vt 0.5420263409614563 0.5346440076828003
vt 0.5042622089385986 0.3080589771270752
vt 0.46649807691574097 0.5346440076828003
vt 0.46649807691574097 0.3080589771270752
vt 0.42873382568359375 0.5346440076828003
vt 0.42873382568359375 0.3080589771270752
vt 0.3909696340560913 0.5346440076828003
vt 0.3909696340560913 0.3080589771270752
vt 0.35320550203323364 0.5346440076828003
vt 0.35320550203323364 0.3080589771270752
vt 0.315441370010376 0.3080589771270752
vt 0.315441370010376 0.5346440076828003
vt 0.27767711877822876 0.3080589771270752
vt 0.27767711877822876 0.5346440076828003
vt 0.2399129718542099 0.3080589771270752
vt 0.2399129718542099 0.5346440076828003
vt 0.20214878022670746 0.3080589771270752
vt 0.20214878022670746 0.5346440076828003
vt 0.16438457369804382 0.3080589771270752
vt 0.16438457369804382 0.5346440076828003
vt 0.12662038207054138 0.3080589771270752
vt 0.12662038207054138 0.5346440076828003
vt 0.08885617554187775 0.5346440076828003
vt 0.08885617554187775 0.3080589771270752
vt 0.32440003752708435 0.45274579524993896
vt 0.32440003752708435 0.3418799638748169
vt 0.4352658987045288 0.45274579524993896
vt 0.4352658987045288 0.3418799638748169
vt 0.29685717821121216 0.9051404595375061
vt 0.29685717821121216 0.7751377820968628
vt 0.26435649394989014 0.7751377820968628
vt 0.26435649394989014 0.9051404595375061
vt 0.21528926491737366 0.9051404595375061
vt 0.214667409658432 0.7751377820968628
vt 0.0663200095295906 0.4995303153991699
vt 0.15889044106006622 0.4069598913192749
vt 0.15889044106006622 0.4995303153991699
vt 0.0663200095295906 0.4069598913192749
vt 0.22032508254051208 0.11154294013977051
vt 0.3579336106777191 0.11154294013977051
vt 0.22032508254051208 0.24915146827697754
vt 0.3579336106777191 0.24915146827697754
vt 0.6331506967544556 0.24915146827697754
vt 0.49554213881492615 0.24915146827697754
vt 0.49554213881492615 0.24915146827697754
vt 0.6331506967544556 0.24915146827697754
vt 0.22032508254051208 0.24915146827697754
vt 0.3579336106777191 0.24915146827697754
vt 0.22032508254051208 0.24915146827697754
vt 0.3579336106777191 0.24915146827697754
vt 0.4352658987045288 0.45274579524993896
vt 0.32440003752708435 0.45274579524993896
vt 0.32440003752708435 0.3592875003814697
vt 0.4352658987045288 0.3592875003814697
vt 0.38863635063171387 0.5346440076828003
vt 0.38863635063171387 0.30805885791778564
vt 0.3922172784805298 0.5346440076828003
vt 0.3922172784805298 0.30805885791778564
vt 0.2422461062669754 0.5346440076828003
vt 0.23866523802280426 0.5346440076828003
vt 0.24224616587162018 0.30805885791778564
vt 0.23866523802280426 0.30805885791778564
vt 0.22032508254051208 0.24915146827697754
vt 0.3579336106777191 0.2032819390296936
vt 0.3579336106777191 0.24915146827697754
vt 0.22032508254051208 0.2032819390296936
vt 0.3579336106777191 0.15741240978240967
vt 0.22032508254051208 0.15741240978240967
vt 0.3579336106777191 0.11154294013977051
vt 0.22032508254051208 0.11154294013977051
vt 0.3720874786376953 0.3080589771270752
vt 0.4853801131248474 0.3080589771270752
vt 0.4853801131248474 0.42135149240493774
vt 0.3720874786376953 0.42135149240493774
vt 0.08271655440330505 0.24915146827697754
vt 0.22032508254051208 0.38675999641418457
vt 0.08271655440330505 0.38675999641418457
vt 0.22032508254051208 0.24915146827697754
vt 0.49554213881492615 0.38675999641418457
vt 0.6331506967544556 0.24915146827697754
vt 0.6331506967544556 0.38675999641418457
vt 0.49554213881492615 0.24915146827697754
vt 0.3579336106777191 0.38675999641418457
vt 0.22032508254051208 0.24915146827697754
vt 0.3579336106777191 0.24915146827697754
vt 0.22032508254051208 0.38675999641418457
vt 0.44330886006355286 0.8720421195030212
vt 0.454851359128952 0.869200587272644
vt 0.4570663273334503 0.8762264847755432
vt 0.445391446352005 0.8796358108520508
vt 0.454851359128952 0.869200587272644
vt 0.47010841965675354 0.8643450736999512
vt 0.47559669613838196 0.8687644004821777
vt 0.4570663273334503 0.8762264847755432
vt 0.44330886006355286 0.8720421195030212
vt 0.4570663273334503 0.8762264847755432
vt 0.454851359128952 0.869200587272644
vt 0.445391446352005 0.8796358108520508
vt 0.454851359128952 0.869200587272644
vt 0.47559669613838196 0.8687644004821777
vt 0.47010841965675354 0.8643450736999512
vt 0.4570663273334503 0.8762264847755432
vt 0.35793668031692505 0.07344931364059448
vt 0.35793668031692505 0.037210702896118164
vt 0.35793668031692505 0.037210702896118164
vt 0.35793668031692505 0.07344931364059448
vt 0.35793668031692505 0.037210702896118164
vt 0.35793668031692505 0.037210702896118164
vt 0.35793668031692505 0.14592647552490234
vt 0.35793668031692505 0.14592647552490234
vt 0.35793668031692505 0.14592647552490234
vt 0.35793668031692505 0.14592647552490234
vt 0.35793668031692505 0.1096879243850708
vt 0.35793668031692505 0.1096879243850708
vt 0.2514609098434448 0.4995303153991699
vt 0.2514609098434448 0.5921007394790649
vt 0.21359114348888397 0.5921007394790649
vt 0.21359114348888397 0.4995303153991699
vt 0.3579336106777191 0.47849899530410767
vt 0.22032508254051208 0.47849899530410767
vt 0.3579336106777191 0.43262946605682373
vt 0.22032508254051208 0.43262946605682373
vt 0.35793668031692505 0.1096879243850708
vt 0.35793668031692505 0.07344931364059448
vt 0.35793668031692505 0.07344931364059448
vt 0.35793668031692505 0.1096879243850708
vt 0.4853801131248474 0.42135149240493774
vt 0.3720874786376953 0.3080589771270752
vt 0.4853801131248474 0.3080589771270752
vt 0.3720874786376953 0.42135149240493774
vt 0.6919437646865845 0.8730148673057556
vt 0.679404616355896 0.8551863431930542
vt 0.6993896961212158 0.8664272427558899
vt 0.6742597818374634 0.8621150255203247
vt 0.7074495553970337 0.8731845021247864
vt 0.6971515417098999 0.8821053504943848
vt 0.7113996744155884 0.8375633955001831
vt 0.6853345632553101 0.8297608494758606
vt 0.722670316696167 0.841041624546051
vt 0.7162519693374634 0.8124707341194153
vt 0.6891841888427734 0.8078893423080444
vt 0.7273480892181396 0.8135620951652527
vt 0.717010498046875 0.7797727584838867
vt 0.692732572555542 0.7796851396560669
vt 0.7273480892181396 0.7783840298652649
vt 0.7113000154495239 0.758129894733429
vt 0.6923307180404663 0.7612378001213074
vt 0.7193427085876465 0.7525776624679565
vt 0.6919437646865845 0.8730148673057556
vt 0.679404616355896 0.8551863431930542
vt 0.6742597818374634 0.8621150255203247
vt 0.6993896961212158 0.8664272427558899
vt 0.7074495553970337 0.8731845021247864
vt 0.6971515417098999 0.8821053504943848
vt 0.7113996744155884 0.8375633955001831
vt 0.6853345632553101 0.8297608494758606
vt 0.722670316696167 0.841041624546051
vt 0.7162519693374634 0.8124707341194153
vt 0.6891841888427734 0.8078893423080444
vt 0.7273480892181396 0.8135620951652527
vt 0.717010498046875 0.7797727584838867
vt 0.692732572555542 0.7796851396560669
vt 0.7273480892181396 0.7783840298652649
vt 0.7113000154495239 0.758129894733429
vt 0.6923307180404663 0.7612378001213074
vt 0.7193427085876465 0.7525776624679565
vt 0.24922078847885132 0.037210702896118164
vt 0.35793668031692505 0.037210702896118164
vt 0.24922078847885132 0.07344931364059448
vt 0.35793668031692505 0.07344931364059448
vt 0.24922078847885132 0.1096879243850708
vt 0.35793668031692505 0.1096879243850708
vt 0.24922078847885132 0.14592647552490234
vt 0.35793668031692505 0.14592647552490234
vt 0.4806937277317047 0.7370196580886841
vt 0.5797630548477173 0.725211501121521
vt 0.572826623916626 0.7357538938522339
vt 0.47467759251594543 0.727142333984375
vt 0.5630838871002197 0.7497915625572205
vt 0.4890774190425873 0.7477056384086609
vt 0.4806937277317047 0.7370196580886841
vt 0.5797630548477173 0.725211501121521
vt 0.47467759251594543 0.727142333984375
vt 0.572826623916626 0.7357538938522339
vt 0.5630838871002197 0.7497915625572205
vt 0.4890774190425873 0.7477056384086609
vt 0.3579336106777191 0.5243685245513916
vt 0.22032508254051208 0.5243685245513916
vt 0.3579336106777191 0.47849899530410767
vt 0.22032508254051208 0.47849899530410767
vt 0.22032508254051208 0.43262946605682373
vt 0.3579336106777191 0.38675999641418457
vt 0.3579336106777191 0.43262946605682373
vt 0.22032508254051208 0.38675999641418457
vt 0.08885617554187775 0.5346440076828003
vt 0.4853801131248474 0.3080589771270752
vt 0.4853801131248474 0.5346440076828003
vt 0.08885617554187775 0.3080589771270752
vt 0.21359114348888397 0.5921007394790649
vt 0.15889044106006622 0.5921007394790649
vt 0.21359114348888397 0.4995303153991699
vt 0.15889044106006622 0.4995303153991699
vt 0.21528926491737366 0.9051404595375061
vt 0.12036370486021042 0.775137722492218
vt 0.214667409658432 0.7751377820968628
vt 0.12102761119604111 0.9051404595375061
vt 0.214667409658432 0.7751377820968628
vt 0.12036370486021042 0.775137722492218
vt 0.21528926491737366 0.9051404595375061
vt 0.12102761119604111 0.9051404595375061
vt 0.38789623975753784 0.316007137298584
vt 0.38789623975753784 0.4422178268432617
vt 0.31967857480049133 0.316007137298584
vt 0.31967857480049133 0.4422178268432617
vt 0.38789623975753784 0.4422178268432617
vt 0.38789623975753784 0.316007137298584
vt 0.31967857480049133 0.316007137298584
vt 0.31967857480049133 0.4422178268432617
vt 0.6188030242919922 0.7908410429954529
vt 0.6383082866668701 0.7989280819892883
vt 0.6313600540161133 0.8045597076416016
vt 0.6160989999771118 0.7982238531112671
vt 0.6188030242919922 0.7908410429954529
vt 0.6160989999771118 0.7982238531112671
vt 0.6065340042114258 0.7861340045928955
vt 0.6035525798797607 0.7949205636978149
vt 0.6160989999771118 0.7982238531112671
vt 0.6313600540161133 0.8045597076416016
vt 0.6188030242919922 0.7908410429954529
vt 0.6383082866668701 0.7989280819892883
vt 0.6188030242919922 0.7908410429954529
vt 0.6065340042114258 0.7861340045928955
vt 0.6160989999771118 0.7982238531112671
vt 0.6035525798797607 0.7949205636978149
vt 0.21359114348888397 0.4995303153991699
vt 0.21359114348888397 0.5921007394790649
vt 0.21359114348888397 0.5921007394790649
vt 0.21359114348888397 0.4995303153991699
vt 0.5987694263458252 0.7827771306037903
vt 0.5901724100112915 0.8170546889305115
vt 0.586851954460144 0.7814520597457886
vt 0.5790064334869385 0.8145310282707214
vt 0.5827106237411499 0.8495122790336609
vt 0.5721328258514404 0.8470085263252258
vt 0.5762550830841064 0.8745020627975464
vt 0.5511293411254883 0.812595784664154
vt 0.5675852298736572 0.7808286547660828
vt 0.5428296327590942 0.8438556790351868
vt 0.5709950923919678 0.7640799880027771
vt 0.5661367177963257 0.8715099692344666
vt 0.5377936363220215 0.8671709299087524
vt 0.5563646554946899 0.9002988338470459
vt 0.5655562877655029 0.9050132036209106
vt 0.5319867134094238 0.8935310244560242
vt 0.5452426671981812 0.9186733961105347
vt 0.5503385066986084 0.9258370995521545
vt 0.5268758535385132 0.9112431406974792
vt 0.5870229005813599 0.758317768573761
vt 0.567386269569397 0.7551323175430298
vt 0.5999975204467773 0.7553461194038391
vt 0.5816339254379272 0.7457460761070251
vt 0.5630838871002197 0.7497915625572205
vt 0.593673586845398 0.7373044490814209
vt 0.572826623916626 0.7357538938522339
vt 0.5797630548477173 0.725211501121521
vt 0.586851954460144 0.7814520597457886
vt 0.5901724100112915 0.8170546889305115
vt 0.5987694263458252 0.7827771306037903
vt 0.5790064334869385 0.8145310282707214
vt 0.5827106237411499 0.8495122790336609
vt 0.5870229005813599 0.758317768573761
vt 0.5999975204467773 0.7553461194038391
vt 0.5511293411254883 0.812595784664154
vt 0.5675852298736572 0.7808286547660828
vt 0.5709950923919678 0.7640799880027771
vt 0.567386269569397 0.7551323175430298
vt 0.5721328258514404 0.8470085263252258
vt 0.5762550830841064 0.8745020627975464
vt 0.5428296327590942 0.8438556790351868
vt 0.5816339254379272 0.7457460761070251
vt 0.5630838871002197 0.7497915625572205
vt 0.593673586845398 0.7373044490814209
vt 0.572826623916626 0.7357538938522339
vt 0.5797630548477173 0.725211501121521
vt 0.5661367177963257 0.8715099692344666
vt 0.5377936363220215 0.8671709299087524
vt 0.5563646554946899 0.9002988338470459
vt 0.5655562877655029 0.9050132036209106
vt 0.5319867134094238 0.8935310244560242
vt 0.5452426671981812 0.9186733961105347
vt 0.5503385066986084 0.9258370995521545
vt 0.5268758535385132 0.9112431406974792
vt 0.22032508254051208 0.24915146827697754
vt 0.22032508254051208 0.11154294013977051
vt 0.3579336106777191 0.11154294013977051
vt 0.3579336106777191 0.24915146827697754
vt 0.31967857480049133 0.316007137298584
vt 0.31967857480049133 0.4422178268432617
vt 0.31967857480049133 0.4422178268432617
vt 0.31967857480049133 0.316007137298584
vt 0.31967857480049133 0.316007137298584
vt 0.31967857480049133 0.4422178268432617
vt 0.31967857480049133 0.316007137298584
vt 0.31967857480049133 0.4422178268432617
vt 0.1150256022810936 0.4422178268432617
vt 0.1150255873799324 0.316007137298584
vt 0.18324324488639832 0.4422178268432617
vt 0.18324324488639832 0.316007137298584
vt 0.18324324488639832 0.316007137298584
vt 0.1150255873799324 0.316007137298584
vt 0.1150256022810936 0.3057824969291687
vt 0.18324324488639832 0.3057824969291687
vt 0.18324324488639832 0.4422178268432617
vt 0.1150255873799324 0.316007137298584
vt 0.1150256022810936 0.4422178268432617
vt 0.18324324488639832 0.316007137298584
vt 0.18324324488639832 0.316007137298584
vt 0.1150256022810936 0.3057824969291687
vt 0.1150255873799324 0.316007137298584
vt 0.18324324488639832 0.3057824969291687
vt 0.3720874786376953 0.3080589771270752
vt 0.4853801131248474 0.3080589771270752
vt 0.4853801131248474 0.42135149240493774
vt 0.3720874786376953 0.42135149240493774
vt 0.49554213881492615 0.38675999641418457
vt 0.6331506967544556 0.24915146827697754
vt 0.6331506967544556 0.38675999641418457
vt 0.49554213881492615 0.24915146827697754
vt 0.22032508254051208 0.38675999641418457
vt 0.3579336106777191 0.24915146827697754
vt 0.3579336106777191 0.38675999641418457
vt 0.22032508254051208 0.24915146827697754
vt 0.49554213881492615 0.38675999641418457
vt 0.6331506967544556 0.24915146827697754
vt 0.6331506967544556 0.38675999641418457
vt 0.49554213881492615 0.24915146827697754
vt 0.22032508254051208 0.38675999641418457
vt 0.3579336106777191 0.24915146827697754
vt 0.3579336106777191 0.38675999641418457
vt 0.22032508254051208 0.24915146827697754
vt 0.31967857480049133 0.4422178268432617
vt 0.31967857480049133 0.316007137298584
vt 0.31967857480049133 0.316007137298584
vt 0.31967857480049133 0.4422178268432617
vt 0.31967857480049133 0.316007137298584
vt 0.31967857480049133 0.4422178268432617
vt 0.31967857480049133 0.316007137298584
vt 0.31967857480049133 0.4422178268432617
vt 0.6853345632553101 0.8297608494758606
vt 0.6397837400436401 0.8538064956665039
vt 0.634955883026123 0.8234426975250244
vt 0.679404616355896 0.8551863431930542
vt 0.6742597818374634 0.8621150255203247
vt 0.6891841888427734 0.8078893423080444
vt 0.6450080871582031 0.8622732758522034
vt 0.6389509439468384 0.8594756722450256
vt 0.641112208366394 0.8628149628639221
vt 0.6383082866668701 0.7989280819892883
vt 0.6310352087020874 0.8173437118530273
vt 0.6313600540161133 0.8045597076416016
vt 0.692732572555542 0.7796851396560669
vt 0.6547234058380127 0.7663184404373169
vt 0.6923307180404663 0.7612378001213074
vt 0.6679317951202393 0.7513033151626587
vt 0.6552126407623291 0.7604649066925049
vt 0.6640512943267822 0.749976396560669
vt 0.4825104773044586 0.7633800506591797
vt 0.5675852298736572 0.7808286547660828
vt 0.48122403025627136 0.7810512185096741
vt 0.5709950923919678 0.7640799880027771
vt 0.48671165108680725 0.7538143396377563
vt 0.567386269569397 0.7551323175430298
vt 0.5630838871002197 0.7497915625572205
vt 0.4890774190425873 0.7477056384086609
vt 0.4785816967487335 0.7757676243782043
vt 0.4771961271762848 0.779878556728363
vt 0.4710366427898407 0.8036547899246216
vt 0.5511293411254883 0.812595784664154
vt 0.4732713997364044 0.8086234331130981
vt 0.5428296327590942 0.8438556790351868
vt 0.47181788086891174 0.8446642756462097
vt 0.5377936363220215 0.8671709299087524
vt 0.47559669613838196 0.8687644004821777
vt 0.4686504900455475 0.8512017726898193
vt 0.47010841965675354 0.8643450736999512
vt 0.5319867134094238 0.8935310244560242
vt 0.48486652970314026 0.8999288082122803
vt 0.5268758535385132 0.9112431406974792
vt 0.4961153566837311 0.9160761833190918
vt 0.4849225580692291 0.9057812094688416
vt 0.49235472083091736 0.9164451956748962
vt 0.6853345632553101 0.8297608494758606
vt 0.6397837400436401 0.8538064956665039
vt 0.679404616355896 0.8551863431930542
vt 0.6742597818374634 0.8621150255203247
vt 0.6450080871582031 0.8622732758522034
vt 0.6389509439468384 0.8594756722450256
vt 0.641112208366394 0.8628149628639221
vt 0.634955883026123 0.8234426975250244
vt 0.6891841888427734 0.8078893423080444
vt 0.6383082866668701 0.7989280819892883
vt 0.6310352087020874 0.8173437118530273
vt 0.6313600540161133 0.8045597076416016
vt 0.692732572555542 0.7796851396560669
vt 0.6383082866668701 0.7989280819892883
vt 0.6891841888427734 0.8078893423080444
vt 0.6547234058380127 0.7663184404373169
vt 0.6679317951202393 0.7513033151626587
vt 0.6552126407623291 0.7604649066925049
vt 0.6547234058380127 0.7663184404373169
vt 0.6640512943267822 0.749976396560669
vt 0.6923307180404663 0.7612378001213074
vt 0.692732572555542 0.7796851396560669
vt 0.4825104773044586 0.7633800506591797
vt 0.5675852298736572 0.7808286547660828
vt 0.5709950923919678 0.7640799880027771
vt 0.48671165108680725 0.7538143396377563
vt 0.567386269569397 0.7551323175430298
vt 0.5630838871002197 0.7497915625572205
vt 0.4890774190425873 0.7477056384086609
vt 0.48122403025627136 0.7810512185096741
vt 0.4785816967487335 0.7757676243782043
vt 0.5511293411254883 0.812595784664154
vt 0.4771961271762848 0.779878556728363
vt 0.4732713997364044 0.8086234331130981
vt 0.4710366427898407 0.8036547899246216
vt 0.47181788086891174 0.8446642756462097
vt 0.5428296327590942 0.8438556790351868
vt 0.4732713997364044 0.8086234331130981
vt 0.5511293411254883 0.812595784664154
vt 0.48486652970314026 0.8999288082122803
vt 0.5319867134094238 0.8935310244560242
vt 0.47559669613838196 0.8687644004821777
vt 0.5377936363220215 0.8671709299087524
vt 0.47559669613838196 0.8687644004821777
vt 0.5377936363220215 0.8671709299087524
vt 0.47181788086891174 0.8446642756462097
vt 0.5428296327590942 0.8438556790351868
vt 0.4686504900455475 0.8512017726898193
vt 0.47010841965675354 0.8643450736999512
vt 0.48486652970314026 0.8999288082122803
vt 0.5268758535385132 0.9112431406974792
vt 0.5319867134094238 0.8935310244560242
vt 0.4961153566837311 0.9160761833190918
vt 0.4849225580692291 0.9057812094688416
vt 0.49235472083091736 0.9164451956748962
vt 0.14550244808197021 0.5346440076828003
vt 0.08885617554187775 0.3080589771270752
vt 0.08885617554187775 0.5346440076828003
vt 0.14550244808197021 0.3080589771270752
vt 0.20214872062206268 0.3080589771270752
vt 0.20214872062206268 0.5346440076828003
vt 0.24224616587162018 0.30805885791778564
vt 0.2422461062669754 0.5346440076828003
vt 0.4411361515522003 0.8025267720222473
vt 0.4533139765262604 0.8033894896507263
vt 0.4531307518482208 0.8092645406723022
vt 0.44081470370292664 0.8084916472434998
vt 0.4710366427898407 0.8036547899246216
vt 0.4531307518482208 0.8092645406723022
vt 0.4533139765262604 0.8033894896507263
vt 0.4732713997364044 0.8086234331130981
vt 0.4411361515522003 0.8025267720222473
vt 0.4531307518482208 0.8092645406723022
vt 0.4533139765262604 0.8033894896507263
vt 0.44081470370292664 0.8084916472434998
vt 0.4710366427898407 0.8036547899246216
vt 0.4531307518482208 0.8092645406723022
vt 0.4732713997364044 0.8086234331130981
vt 0.4533139765262604 0.8033894896507263
vt 0.31967857480049133 0.4422178268432617
vt 0.18324324488639832 0.316007137298584
vt 0.31967857480049133 0.316007137298584
vt 0.18324324488639832 0.4422178268432617
vt 0.31967857480049133 0.3057824969291687
vt 0.18324324488639832 0.316007137298584
vt 0.18324324488639832 0.3057824969291687
vt 0.31967857480049133 0.316007137298584
vt 0.31967857480049133 0.4422178268432617
vt 0.31967857480049133 0.316007137298584
vt 0.31967857480049133 0.316007137298584
vt 0.31967857480049133 0.4422178268432617
vt 0.31967857480049133 0.3057824969291687
vt 0.31967857480049133 0.316007137298584
vt 0.31967857480049133 0.316007137298584
vt 0.31967857480049133 0.3057824969291687
vt 0.31967857480049133 0.4422178268432617
vt 0.31967857480049133 0.316007137298584
vt 0.18324324488639832 0.316007137298584
vt 0.18324324488639832 0.4422178268432617
vt 0.31967857480049133 0.3057824969291687
vt 0.18324324488639832 0.316007137298584
vt 0.31967857480049133 0.316007137298584
vt 0.18324324488639832 0.3057824969291687
vt 0.31967857480049133 0.316007137298584
vt 0.31967857480049133 0.4422178268432617
vt 0.31967857480049133 0.316007137298584
vt 0.31967857480049133 0.4422178268432617
vt 0.31967857480049133 0.3057824969291687
vt 0.31967857480049133 0.316007137298584
vt 0.31967857480049133 0.316007137298584
vt 0.31967857480049133 0.3057824969291687
vt 0.49554213881492615 0.38675999641418457
vt 0.6331506967544556 0.24915146827697754
vt 0.6331506967544556 0.38675999641418457
vt 0.49554213881492615 0.24915146827697754
vt 0.22032508254051208 0.38675999641418457
vt 0.3579336106777191 0.24915146827697754
vt 0.3579336106777191 0.38675999641418457
vt 0.22032508254051208 0.24915146827697754
vt 0.48293057084083557 0.9376927614212036
vt 0.46272721886634827 0.9186992645263672
vt 0.4874647557735443 0.9284182190895081
vt 0.47171035408973694 0.9122703075408936
vt 0.44330886006355286 0.8720421195030212
vt 0.44098278880119324 0.8511009216308594
vt 0.454851359128952 0.869200587272644
vt 0.45237794518470764 0.8503614068031311
vt 0.47010841965675354 0.8643450736999512
vt 0.4686504900455475 0.8512017726898193
vt 0.4874647557735443 0.9284182190895081
vt 0.4849225580692291 0.9057812094688416
vt 0.49235472083091736 0.9164451956748962
vt 0.47171035408973694 0.9122703075408936
vt 0.46272721886634827 0.9186992645263672
vt 0.48293057084083557 0.9376927614212036
vt 0.4874647557735443 0.9284182190895081
vt 0.47171035408973694 0.9122703075408936
vt 0.44330886006355286 0.8720421195030212
vt 0.454851359128952 0.869200587272644
vt 0.44098278880119324 0.8511009216308594
vt 0.45237794518470764 0.8503614068031311
vt 0.47010841965675354 0.8643450736999512
vt 0.4686504900455475 0.8512017726898193
vt 0.4874647557735443 0.9284182190895081
vt 0.4849225580692291 0.9057812094688416
vt 0.47171035408973694 0.9122703075408936
vt 0.49235472083091736 0.9164451956748962
vt 0.890764594078064 0.38744056224823
vt 0.8126561045646667 0.30933207273483276
vt 0.890764594078064 0.30933207273483276
vt 0.8126561045646667 0.38744056224823
vt 0.8126561045646667 0.38744056224823
vt 0.8126561045646667 0.30933207273483276
vt 0.8126561045646667 0.38744056224823
vt 0.8126561045646667 0.30933207273483276
vt 0.8126561045646667 0.38744056224823
vt 0.8126561045646667 0.30933207273483276
vt 0.8126561045646667 0.38744056224823
vt 0.8126561045646667 0.30933207273483276
vt 0.890764594078064 0.5436575412750244
vt 0.8126561045646667 0.4655490517616272
vt 0.890764594078064 0.4655490517616272
vt 0.8126561045646667 0.5436575412750244
vt 0.8126561045646667 0.4655490517616272
vt 0.8126561045646667 0.5436575412750244
vt 0.8126561045646667 0.4655490517616272
vt 0.8126561045646667 0.5436575412750244
vt 0.8126561045646667 0.4655490517616272
vt 0.8126561045646667 0.5436575412750244
vt 0.8126561045646667 0.4655490517616272
vt 0.8126561045646667 0.5436575412750244
vt 0.3579336106777191 0.5243685245513916
vt 0.22032508254051208 0.5243685245513916
vt 0.3579336106777191 0.38675999641418457
vt 0.22032508254051208 0.38675999641418457
vt 0.4587954580783844 0.774183452129364
vt 0.44673922657966614 0.7706810832023621
vt 0.44819024205207825 0.7656405568122864
vt 0.4533139765262604 0.8033894896507263
vt 0.4411361515522003 0.8025267720222473
vt 0.4710366427898407 0.8036547899246216
vt 0.4771961271762848 0.779878556728363
vt 0.4602280557155609 0.769616961479187
vt 0.45509079098701477 0.7479196190834045
vt 0.4785816967487335 0.7757676243782043
vt 0.4664611518383026 0.7545271515846252
vt 0.4652261435985565 0.7338792085647583
vt 0.4825104773044586 0.7633800506591797
vt 0.47415390610694885 0.7432382106781006
vt 0.47467759251594543 0.727142333984375
vt 0.48671165108680725 0.7538143396377563
vt 0.4806937277317047 0.7370196580886841
vt 0.4890774190425873 0.7477056384086609
vt 0.4602280557155609 0.769616961479187
vt 0.44819024205207825 0.7656405568122864
vt 0.4587954580783844 0.774183452129364
vt 0.44673922657966614 0.7706810832023621
vt 0.45509079098701477 0.7479196190834045
vt 0.4533139765262604 0.8033894896507263
vt 0.4411361515522003 0.8025267720222473
vt 0.4710366427898407 0.8036547899246216
vt 0.4771961271762848 0.779878556728363
vt 0.4785816967487335 0.7757676243782043
vt 0.4664611518383026 0.7545271515846252
vt 0.4652261435985565 0.7338792085647583
vt 0.4825104773044586 0.7633800506591797
vt 0.47415390610694885 0.7432382106781006
vt 0.47467759251594543 0.727142333984375
vt 0.48671165108680725 0.7538143396377563
vt 0.4806937277317047 0.7370196580886841
vt 0.4890774190425873 0.7477056384086609
vt 0.21492460370063782 0.9051404595375061
vt 0.12102761119604111 0.9051404595375061
vt 0.21528926491737366 0.9051404595375061
vt 0.12127087265253067 0.9051404595375061
vt 0.21492460370063782 0.9051404595375061
vt 0.1170794740319252 0.9051403999328613
vt 0.12127087265253067 0.9051404595375061
vt 0.21768084168434143 0.9051404595375061
vt 0.22170495986938477 0.9051404595375061
vt 0.1170794740319252 0.9051403999328613
vt 0.21768084168434143 0.9051404595375061
vt 0.22170495986938477 0.9051404595375061
vt 0.1170794889330864 0.9051404595375061
vt 0.1170794740319252 0.9051403999328613
vt 0.22170490026474 0.9051404595375061
vt 0.1170794889330864 0.9051404595375061
vt 0.22170495986938477 0.9051404595375061
vt 0.1170794889330864 0.9051404595375061
vt 0.22170490026474 0.9051404595375061
vt 0.1170794889330864 0.9051404595375061
vt 0.21492460370063782 0.9051404595375061
vt 0.12102761119604111 0.9051404595375061
vt 0.12127087265253067 0.9051404595375061
vt 0.21528926491737366 0.9051404595375061
vt 0.1170794740319252 0.9051403999328613
vt 0.21492460370063782 0.9051404595375061
vt 0.12127087265253067 0.9051404595375061
vt 0.21768084168434143 0.9051404595375061
vt 0.22170495986938477 0.9051404595375061
vt 0.1170794740319252 0.9051403999328613
vt 0.1170794889330864 0.9051404595375061
vt 0.22170495986938477 0.9051404595375061
vt 0.21768084168434143 0.9051404595375061
vt 0.1170794740319252 0.9051403999328613
vt 0.22170495986938477 0.9051404595375061
vt 0.1170794889330864 0.9051404595375061
vt 0.22170490026474 0.9051404595375061
vt 0.1170794889330864 0.9051404595375061
vt 0.22170490026474 0.9051404595375061
vt 0.1170794889330864 0.9051404595375061
vt 0.4717499315738678 0.8036162853240967
vt 0.393869549036026 0.8432912826538086
vt 0.393869549036026 0.8036162853240967
vt 0.4717499315738678 0.8432912826538086
vt 0.393869549036026 0.881496787071228
vt 0.4717499315738678 0.881496787071228
vt 0.45964422821998596 0.881496787071228
vt 0.393869549036026 0.881496787071228
vt 0.6275109052658081 0.8036162853240967
vt 0.5496304035186768 0.8432912826538086
vt 0.5496304035186768 0.8036162853240967
vt 0.6275109052658081 0.8432912826538086
vt 0.6275109052658081 0.881496787071228
vt 0.5496304035186768 0.881496787071228
vt 0.5617362260818481 0.881496787071228
vt 0.6275109052658081 0.881496787071228
vt 0.6275109052658081 0.881496787071228
vt 0.6275109052658081 0.881496787071228
vt 0.5617362260818481 0.881496787071228
vt 0.5617362260818481 0.881496787071228
vt 0.6275109052658081 0.881496787071228
vt 0.5617362260818481 0.881496787071228
vt 0.393869549036026 0.881496787071228
vt 0.45964422821998596 0.881496787071228
vt 0.45964422821998596 0.881496787071228
vt 0.393869549036026 0.881496787071228
vt 0.393869549036026 0.881496787071228
vt 0.45964422821998596 0.881496787071228
vt 0.6275109052658081 0.8814966678619385
vt 0.5617362260818481 0.881496787071228
vt 0.6275109052658081 0.881496787071228
vt 0.5617362260818481 0.881496787071228
vt 0.45964422821998596 0.881496787071228
vt 0.393869549036026 0.881496787071228
vt 0.393869549036026 0.881496787071228
vt 0.45964422821998596 0.881496787071228
vt 0.34403136372566223 0.4995303153991699
vt 0.3819011151790619 0.4069598913192749
vt 0.3819011151790619 0.4995303153991699
vt 0.34403136372566223 0.4069598913192749
vt 0.43660178780555725 0.4069599509239197
vt 0.43660178780555725 0.4995303153991699
vt 0.3819011151790619 0.4995303153991699
vt 0.34403136372566223 0.4995303153991699
vt 0.21359114348888397 0.4995303153991699
vt 0.15889044106006622 0.4069598913192749
vt 0.21359114348888397 0.4069598913192749
vt 0.15889044106006622 0.4995303153991699
vt 0.2514609098434448 0.4995303153991699
vt 0.2514609098434448 0.4069598913192749
vt 0.2514609098434448 0.4995303153991699
vt 0.21359114348888397 0.4995303153991699
vt 0.4592039883136749 0.9130669236183167
vt 0.4570663273334503 0.8762264847755432
vt 0.46904173493385315 0.9074990153312683
vt 0.445391446352005 0.8796358108520508
vt 0.44081470370292664 0.8439236283302307
vt 0.44081470370292664 0.8084916472434998
vt 0.4524008333683014 0.8438133001327515
vt 0.4531307518482208 0.8092645406723022
vt 0.4524008333683014 0.8438133001327515
vt 0.4531307518482208 0.8092645406723022
vt 0.47181788086891174 0.8446642756462097
vt 0.4732713997364044 0.8086234331130981
vt 0.46904173493385315 0.9074990153312683
vt 0.4570663273334503 0.8762264847755432
vt 0.48486652970314026 0.8999288082122803
vt 0.47559669613838196 0.8687644004821777
vt 0.4592039883136749 0.9130669236183167
vt 0.4570663273334503 0.8762264847755432
vt 0.445391446352005 0.8796358108520508
vt 0.46904173493385315 0.9074990153312683
vt 0.44081470370292664 0.8084916472434998
vt 0.44081470370292664 0.8439236283302307
vt 0.4524008333683014 0.8438133001327515
vt 0.4531307518482208 0.8092645406723022
vt 0.4531307518482208 0.8092645406723022
vt 0.4524008333683014 0.8438133001327515
vt 0.47181788086891174 0.8446642756462097
vt 0.4732713997364044 0.8086234331130981
vt 0.4570663273334503 0.8762264847755432
vt 0.46904173493385315 0.9074990153312683
vt 0.48486652970314026 0.8999288082122803
vt 0.47559669613838196 0.8687644004821777
vt 0.14550244808197021 0.3080589771270752
vt 0.25879499316215515 0.3080589771270752
vt 0.25879499316215515 0.42135149240493774
vt 0.14550244808197021 0.42135149240493774
vt 0.5461317300796509 0.23101413249969482
vt 0.4352658987045288 0.213606595993042
vt 0.5461317300796509 0.213606595993042
vt 0.4352658987045288 0.23101413249969482
vt 0.4352658987045288 0.23101413249969482
vt 0.4352658987045288 0.213606595993042
vt 0.4352658987045288 0.12014830112457275
vt 0.5461317300796509 0.12014830112457275
vt 0.5461317300796509 0.3592875003814697
vt 0.4352658987045288 0.45274579524993896
vt 0.4352658987045288 0.3592875003814697
vt 0.5461317300796509 0.45274579524993896
vt 0.5461317300796509 0.3418799638748169
vt 0.4352658987045288 0.3418799638748169
vt 0.4352658987045288 0.3418799638748169
vt 0.4352658987045288 0.3592875003814697
vt 0.03178912401199341 0.2546423077583313
vt 0.03178912401199341 0.14592647552490234
vt 0.03178912401199341 0.14592647552490234
vt 0.03178912401199341 0.2546423077583313
vt 0.03178912401199341 0.14592647552490234
vt 0.03178912401199341 0.14592647552490234
vt 0.03178912401199341 0.14592647552490234
vt 0.03178912401199341 0.14592647552490234
vt 0.35793668031692505 0.14592647552490234
vt 0.35793668031692505 0.2546423077583313
vt 0.35793668031692505 0.14592647552490234
vt 0.35793668031692505 0.2546423077583313
vt 0.35793668031692505 0.14592647552490234
vt 0.35793668031692505 0.14592647552490234
vt 0.35793668031692505 0.14592647552490234
vt 0.35793668031692505 0.14592647552490234
vt 0.14550244808197021 0.3080589771270752
vt 0.25879499316215515 0.3080589771270752
vt 0.25879499316215515 0.42135149240493774
vt 0.14550244808197021 0.42135149240493774
vt 0.3579336106777191 0.5243685245513916
vt 0.22032508254051208 0.5243685245513916
vt 0.3579336106777191 0.47849899530410767
vt 0.22032508254051208 0.47849899530410767
vt 0.22032508254051208 0.43262946605682373
vt 0.3579336106777191 0.38675999641418457
vt 0.3579336106777191 0.43262946605682373
vt 0.22032508254051208 0.38675999641418457
vt 0.4352658987045288 0.12014830112457275
vt 0.5461317300796509 0.23101413249969482
vt 0.4352658987045288 0.23101413249969482
vt 0.5461317300796509 0.12014830112457275
vt 0.4352658987045288 0.45274579524993896
vt 0.5461317300796509 0.3418799638748169
vt 0.5461317300796509 0.45274579524993896
vt 0.4352658987045288 0.3418799638748169
vt 0.4352658987045288 0.12014830112457275
vt 0.5461317300796509 0.12014830112457275
vt 0.5461317300796509 0.12014830112457275
vt 0.4352658987045288 0.12014830112457275
vt 0.5461317300796509 0.45274579524993896
vt 0.5461317300796509 0.45274579524993896
vt 0.4352658987045288 0.45274579524993896
vt 0.4352658987045288 0.45274579524993896
vt 0.5461317300796509 0.23101413249969482
vt 0.5461317300796509 0.23101413249969482
vt 0.4352658987045288 0.23101413249969482
vt 0.4352658987045288 0.23101413249969482
vt 0.4352658987045288 0.3418799638748169
vt 0.5461317300796509 0.3418799638748169
vt 0.5461317300796509 0.3418799638748169
vt 0.4352658987045288 0.3418799638748169
vt 0.03178912401199341 0.14592647552490234
vt 0.14050501585006714 0.2546423077583313
vt 0.03178912401199341 0.2546423077583313
vt 0.14050501585006714 0.14592647552490234
vt 0.35793668031692505 0.14592647552490234
vt 0.24922078847885132 0.2546423077583313
vt 0.24922078847885132 0.14592647552490234
vt 0.35793668031692505 0.2546423077583313
vt 0.40380313992500305 0.24915146827697754
vt 0.40380313992500305 0.38675999641418457
vt 0.3579336106777191 0.38675999641418457
vt 0.3579336106777191 0.24915146827697754
vt 0.449672669172287 0.24915146827697754
vt 0.449672669172287 0.38675999641418457
vt 0.49554213881492615 0.38675999641418457
vt 0.49554213881492615 0.24915146827697754
vt 0.3579336106777191 0.47849899530410767
vt 0.22032508254051208 0.47849899530410767
vt 0.3579336106777191 0.43262946605682373
vt 0.22032508254051208 0.43262946605682373
vt 0.3720874786376953 0.19476640224456787
vt 0.25879499316215515 0.19476640224456787
vt 0.25879499316215515 0.08147382736206055
vt 0.3720874786376953 0.08147382736206055
vt 0.3720874786376953 0.3080589771270752
vt 0.25879499316215515 0.42135149240493774
vt 0.25879499316215515 0.3080589771270752
vt 0.3720874786376953 0.42135149240493774
vt 0.3720874786376953 0.19476640224456787
vt 0.25879499316215515 0.19476640224456787
vt 0.25879499316215515 0.08147382736206055
vt 0.3720874786376953 0.08147382736206055
vt 0.3720874786376953 0.3080589771270752
vt 0.25879499316215515 0.42135149240493774
vt 0.25879499316215515 0.3080589771270752
vt 0.3720874786376953 0.42135149240493774
vt 0.25879499316215515 0.19476640224456787
vt 0.3720874786376953 0.08147382736206055
vt 0.3720874786376953 0.19476640224456787
vt 0.25879499316215515 0.08147382736206055
vt 0.25879499316215515 0.3080589771270752
vt 0.3720874786376953 0.3080589771270752
vt 0.3720874786376953 0.42135149240493774
vt 0.25879499316215515 0.42135149240493774
vt 0.5042622089385986 0.5228257179260254
vt 0.5420263409614563 0.3080589771270752
vt 0.5420263409614563 0.5260472893714905
vt 0.5042622089385986 0.3080589771270752
vt 0.46649807691574097 0.5140247344970703
vt 0.46649807691574097 0.3080589771270752
vt 0.4287338852882385 0.5020021796226501
vt 0.42873382568359375 0.3080589771270752
vt 0.3909696340560913 0.48997974395751953
vt 0.3909696340560913 0.3080589771270752
vt 0.35320550203323364 0.4811785817146301
vt 0.35320550203323364 0.3080589771270752
vt 0.315441370010376 0.47795724868774414
vt 0.315441370010376 0.3080589771270752
vt 0.5042622089385986 0.5228257179260254
vt 0.5420263409614563 0.5260472893714905
vt 0.5420263409614563 0.3080589771270752
vt 0.5042622089385986 0.3080589771270752
vt 0.46649807691574097 0.5140247344970703
vt 0.46649807691574097 0.3080589771270752
vt 0.4287338852882385 0.5020021796226501
vt 0.42873382568359375 0.3080589771270752
vt 0.3909696340560913 0.48997974395751953
vt 0.3909696340560913 0.3080589771270752
vt 0.35320550203323364 0.4811785817146301
vt 0.35320550203323364 0.3080589771270752
vt 0.315441370010376 0.47795724868774414
vt 0.315441370010376 0.3080589771270752
vt 0.128586083650589 0.24915146827697754
vt 0.128586083650589 0.38675999641418457
vt 0.08271655440330505 0.38675999641418457
vt 0.08271655440330505 0.24915146827697754
vt 0.17445561289787292 0.24915146827697754
vt 0.17445561289787292 0.38675999641418457
vt 0.22032508254051208 0.38675999641418457
vt 0.22032508254051208 0.24915146827697754
vt 0.25879499316215515 0.19476640224456787
vt 0.3720874786376953 0.08147382736206055
vt 0.3720874786376953 0.19476640224456787
vt 0.25879499316215515 0.08147382736206055
vt 0.25879499316215515 0.3080589771270752
vt 0.3720874786376953 0.3080589771270752
vt 0.3720874786376953 0.42135149240493774
vt 0.25879499316215515 0.42135149240493774
vt 0.31967857480049133 0.3057824969291687
vt 0.31967857480049133 0.316007137298584
vt 0.31967857480049133 0.3057824969291687
vt 0.31967857480049133 0.316007137298584
vt 0.31967857480049133 0.316007137298584
vt 0.31967857480049133 0.3057824969291687
vt 0.3720874786376953 0.19476640224456787
vt 0.25879499316215515 0.19476640224456787
vt 0.25879499316215515 0.08147382736206055
vt 0.3720874786376953 0.08147382736206055
vt 0.3720874786376953 0.3080589771270752
vt 0.25879499316215515 0.42135149240493774
vt 0.25879499316215515 0.3080589771270752
vt 0.3720874786376953 0.42135149240493774
vt 0.29685717821121216 0.9051404595375061
vt 0.29685717821121216 0.9051404595375061
vt 0.26435649394989014 0.9051404595375061
vt 0.26435649394989014 0.9051404595375061
vt 0.21768084168434143 0.9051404595375061
vt 0.22170495986938477 0.9051404595375061
vt 0.21492460370063782 0.9051404595375061
vt 0.21528926491737366 0.9051404595375061
vt 0.26435649394989014 0.9051404595375061
vt 0.26435649394989014 0.9051404595375061
vt 0.22170490026474 0.9051404595375061
vt 0.26435649394989014 0.9051404595375061
vt 0.22170490026474 0.9051404595375061
vt 0.29685717821121216 0.9051404595375061
vt 0.29685717821121216 0.9051404595375061
vt 0.26435649394989014 0.9051404595375061
vt 0.26435649394989014 0.9051404595375061
vt 0.26435649394989014 0.9051404595375061
vt 0.22170490026474 0.9051404595375061
vt 0.22170490026474 0.9051404595375061
vt 0.22170495986938477 0.9051404595375061
vt 0.26435649394989014 0.9051404595375061
vt 0.21768084168434143 0.9051404595375061
vt 0.26435649394989014 0.9051404595375061
vt 0.21492460370063782 0.9051404595375061
vt 0.21528926491737366 0.9051404595375061
vt 0.26435649394989014 0.9051404595375061
vt 0.29685717821121216 0.9051404595375061
vt 0.29685717821121216 0.9051404595375061
vt 0.26435649394989014 0.9051404595375061
vt 0.26435649394989014 0.7751377820968628
vt 0.29685717821121216 0.7751377820968628
vt 0.214667409658432 0.7751377820968628
vt 0.6237835884094238 0.8619946837425232
vt 0.6397837400436401 0.8538064956665039
vt 0.6389509439468384 0.8594756722450256
vt 0.6278400421142578 0.8677773475646973
vt 0.6237835884094238 0.8619946837425232
vt 0.6177347898483276 0.8767829537391663
vt 0.6123098134994507 0.869394063949585
vt 0.6278400421142578 0.8677773475646973
vt 0.6278400421142578 0.8677773475646973
vt 0.6389509439468384 0.8594756722450256
vt 0.6237835884094238 0.8619946837425232
vt 0.6397837400436401 0.8538064956665039
vt 0.6177347898483276 0.8767829537391663
vt 0.6237835884094238 0.8619946837425232
vt 0.6123098134994507 0.869394063949585
vt 0.6278400421142578 0.8677773475646973
vt -0.09315098077058792 0.5151323080062866
vt -0.09315098077058792 0.5151323080062866
vt -0.09315098077058792 0.5151323080062866
vt -0.09315098077058792 0.5151323080062866
vt 0.5420263409614563 0.3080589771270752
vt 0.5042622089385986 0.3080589771270752
vt 0.5042622089385986 0.5346440076828003
vt 0.5420263409614563 0.5346440076828003
vt 0.46649807691574097 0.5346440076828003
vt 0.46649807691574097 0.3080589771270752
vt 0.42873382568359375 0.5346440076828003
vt 0.42873382568359375 0.3080589771270752
vt 0.3909696340560913 0.5346440076828003
vt 0.3909696340560913 0.3080589771270752
vt 0.35320550203323364 0.5346440076828003
vt 0.35320550203323364 0.3080589771270752
vt 0.315441370010376 0.3080589771270752
vt 0.315441370010376 0.5346440076828003
vt 0.27767711877822876 0.3080589771270752
vt 0.27767711877822876 0.5346440076828003
vt 0.2399129718542099 0.3080589771270752
vt 0.2399129718542099 0.5346440076828003
vt 0.20214878022670746 0.3080589771270752
vt 0.20214878022670746 0.5346440076828003
vt 0.16438457369804382 0.3080589771270752
vt 0.16438457369804382 0.5346440076828003
vt 0.12662038207054138 0.5346440076828003
vt 0.12662038207054138 0.3080589771270752
vt 0.08885617554187775 0.5346440076828003
vt 0.08885617554187775 0.3080589771270752
vt 0.4853801131248474 0.5346440076828003
vt 0.42873382568359375 0.3080589771270752
vt 0.42873382568359375 0.5346440076828003
vt 0.4853801131248474 0.3080589771270752
vt 0.38863635063171387 0.30805885791778564
vt 0.38863635063171387 0.5346440076828003
vt 0.5420263409614563 0.5346440076828003
vt 0.5042622089385986 0.5346440076828003
vt 0.5042622089385986 0.5346440076828003
vt 0.5420263409614563 0.5346440076828003
vt 0.46649807691574097 0.5346440076828003
vt 0.46649807691574097 0.5346440076828003
vt 0.42873382568359375 0.5346440076828003
vt 0.42873382568359375 0.5346440076828003
vt 0.3909696340560913 0.5346440076828003
vt 0.3909696340560913 0.5346440076828003
vt 0.35320550203323364 0.5346440076828003
vt 0.35320550203323364 0.5346440076828003
vt 0.315441370010376 0.5346440076828003
vt 0.315441370010376 0.5346440076828003
vt 0.27767711877822876 0.5346440076828003
vt 0.27767711877822876 0.5346440076828003
vt 0.2399129718542099 0.5346440076828003
vt 0.2399129718542099 0.5346440076828003
vt 0.20214878022670746 0.5346440076828003
vt 0.20214878022670746 0.5346440076828003
vt 0.16438457369804382 0.5346440076828003
vt 0.16438457369804382 0.5346440076828003
vt 0.12662038207054138 0.5346440076828003
vt 0.12662038207054138 0.5346440076828003
vt 0.08885617554187775 0.5346440076828003
vt 0.08885617554187775 0.5346440076828003
vt 0.35793668031692505 0.1096879243850708
vt 0.35793668031692505 0.1096879243850708
vt 0.35793668031692505 0.1096879243850708
vt 0.35793668031692505 0.1096879243850708
vt 0.35793668031692505 0.07344931364059448
vt 0.35793668031692505 0.07344931364059448
vt 0.35793668031692505 0.07344931364059448
vt 0.35793668031692505 0.07344931364059448
vt 0.2514609098434448 0.4995303153991699
vt 0.34403136372566223 0.4069598913192749
vt 0.34403136372566223 0.4995303153991699
vt 0.2514609098434448 0.4069598913192749
vt 0.34403136372566223 0.4995303153991699
vt 0.2514609098434448 0.4995303153991699
vt 0.5042622089385986 0.5346440076828003
vt 0.5420263409614563 0.3080589771270752
vt 0.5420263409614563 0.5346440076828003
vt 0.5042622089385986 0.3080589771270752
vt 0.46649807691574097 0.5346440076828003
vt 0.46649807691574097 0.3080589771270752
vt 0.42873382568359375 0.5346440076828003
vt 0.42873382568359375 0.3080589771270752
vt 0.3909696340560913 0.5346440076828003
vt 0.3909696340560913 0.3080589771270752
vt 0.35320550203323364 0.5346440076828003
vt 0.35320550203323364 0.3080589771270752
vt 0.315441370010376 0.3080589771270752
vt 0.315441370010376 0.5346440076828003
vt 0.27767711877822876 0.3080589771270752
vt 0.27767711877822876 0.5346440076828003
vt 0.2399129718542099 0.3080589771270752
vt 0.2399129718542099 0.5346440076828003
vt 0.20214878022670746 0.3080589771270752
vt 0.20214878022670746 0.5346440076828003
vt 0.16438457369804382 0.3080589771270752
vt 0.16438457369804382 0.5346440076828003
vt 0.12662038207054138 0.3080589771270752
vt 0.12662038207054138 0.5346440076828003
vt 0.08885617554187775 0.5346440076828003
vt 0.08885617554187775 0.3080589771270752
vt 0.9688730835914612 0.4655490517616272
vt 0.9688730835914612 0.5436575412750244
vt 0.890764594078064 0.4655490517616272
vt 0.890764594078064 0.5436575412750244
vt 0.3720874786376953 0.3080589771270752
vt 0.4853801131248474 0.3080589771270752
vt 0.4853801131248474 0.42135149240493774
vt 0.3720874786376953 0.42135149240493774
vt 0.3720874786376953 0.3080589771270752
vt 0.4853801131248474 0.3080589771270752
vt 0.4853801131248474 0.42135149240493774
vt 0.3720874786376953 0.42135149240493774
vt 0.6971515417098999 0.8821053504943848
vt 0.6349226236343384 0.8743423223495483
vt 0.6919437646865845 0.8730148673057556
vt 0.627892255783081 0.8854405879974365
vt 0.6919437646865845 0.8730148673057556
vt 0.6349226236343384 0.8743423223495483
vt 0.6971515417098999 0.8821053504943848
vt 0.627892255783081 0.8854405879974365
vt 0.14550244808197021 0.3080589771270752
vt 0.25879499316215515 0.3080589771270752
vt 0.25879499316215515 0.42135149240493774
vt 0.14550244808197021 0.42135149240493774
vt 0.14550244808197021 0.3080589771270752
vt 0.25879499316215515 0.3080589771270752
vt 0.25879499316215515 0.42135149240493774
vt 0.14550244808197021 0.42135149240493774
vt 0.15889044106006622 0.4069598913192749
vt 0.15889044106006622 0.3143894672393799
vt 0.21359114348888397 0.3143894672393799
vt 0.21359114348888397 0.4069598913192749
vt 0.2514609098434448 0.3143894672393799
vt 0.2514609098434448 0.4069598913192749
vt 0.45237794518470764 0.8503614068031311
vt 0.44098278880119324 0.8511009216308594
vt 0.44081470370292664 0.8439236283302307
vt 0.4524008333683014 0.8438133001327515
vt 0.4524008333683014 0.8438133001327515
vt 0.4686504900455475 0.8512017726898193
vt 0.45237794518470764 0.8503614068031311
vt 0.47181788086891174 0.8446642756462097
vt 0.4524008333683014 0.8438133001327515
vt 0.44081470370292664 0.8439236283302307
vt 0.45237794518470764 0.8503614068031311
vt 0.44098278880119324 0.8511009216308594
vt 0.47181788086891174 0.8446642756462097
vt 0.4524008333683014 0.8438133001327515
vt 0.4686504900455475 0.8512017726898193
vt 0.45237794518470764 0.8503614068031311
vt 0.22032508254051208 0.2032819390296936
vt 0.3579336106777191 0.2032819390296936
vt 0.22032508254051208 0.24915146827697754
vt 0.3579336106777191 0.24915146827697754
vt 0.22032508254051208 0.11154294013977051
vt 0.3579336106777191 0.11154294013977051
vt 0.22032508254051208 0.15741240978240967
vt 0.3579336106777191 0.15741240978240967
vt 0.22032508254051208 0.15741240978240967
vt 0.3579336106777191 0.15741240978240967
vt 0.22032508254051208 0.2032819390296936
vt 0.3579336106777191 0.2032819390296936
vt 0.12102761119604111 0.9051404595375061
vt 0.06935242563486099 0.7751377820968628
vt 0.06935242563486099 0.9051404595375061
vt 0.12036370486021042 0.775137722492218
vt 0.03685174137353897 0.7751377820968628
vt 0.03685174137353897 0.9051404595375061
vt 0.6310352087020874 0.8173437118530273
vt 0.6136163473129272 0.81862872838974
vt 0.6160989999771118 0.7982238531112671
vt 0.6313600540161133 0.8045597076416016
vt 0.6035525798797607 0.7949205636978149
vt 0.6000630855560303 0.8189331293106079
vt 0.6310352087020874 0.8173437118530273
vt 0.6160989999771118 0.7982238531112671
vt 0.6136163473129272 0.81862872838974
vt 0.6313600540161133 0.8045597076416016
vt 0.6035525798797607 0.7949205636978149
vt 0.6000630855560303 0.8189331293106079
vt 0.641112208366394 0.8628149628639221
vt 0.6349226236343384 0.8743423223495483
vt 0.6278400421142578 0.8677773475646973
vt 0.6389509439468384 0.8594756722450256
vt 0.6552126407623291 0.7604649066925049
vt 0.6415948867797852 0.750022292137146
vt 0.6632809638977051 0.7368500232696533
vt 0.6640512943267822 0.749976396560669
vt 0.6615711450576782 0.7252697348594666
vt 0.6319087743759155 0.7400937676429749
vt 0.6349226236343384 0.8743423223495483
vt 0.627892255783081 0.8854405879974365
vt 0.6177347898483276 0.8767829537391663
vt 0.6278400421142578 0.8677773475646973
vt 0.641112208366394 0.8628149628639221
vt 0.6278400421142578 0.8677773475646973
vt 0.6349226236343384 0.8743423223495483
vt 0.6389509439468384 0.8594756722450256
vt 0.6552126407623291 0.7604649066925049
vt 0.6632809638977051 0.7368500232696533
vt 0.6415948867797852 0.750022292137146
vt 0.6640512943267822 0.749976396560669
vt 0.6615711450576782 0.7252697348594666
vt 0.6319087743759155 0.7400937676429749
vt 0.6349226236343384 0.8743423223495483
vt 0.6177347898483276 0.8767829537391663
vt 0.627892255783081 0.8854405879974365
vt 0.6278400421142578 0.8677773475646973
vt 0.6237835884094238 0.8619946837425232
vt 0.6146217584609985 0.8277410864830017
vt 0.6397837400436401 0.8538064956665039
vt 0.634955883026123 0.8234426975250244
vt 0.6188030242919922 0.7908410429954529
vt 0.6371252536773682 0.7558424472808838
vt 0.6383082866668701 0.7989280819892883
vt 0.6547234058380127 0.7663184404373169
vt 0.6065340042114258 0.7861340045928955
vt 0.6259382963180542 0.7465003132820129
vt 0.6188030242919922 0.7908410429954529
vt 0.6371252536773682 0.7558424472808838
vt 0.6123098134994507 0.869394063949585
vt 0.6008633375167847 0.8293429017066956
vt 0.6237835884094238 0.8619946837425232
vt 0.6146217584609985 0.8277410864830017
vt 0.6397837400436401 0.8538064956665039
vt 0.6146217584609985 0.8277410864830017
vt 0.6237835884094238 0.8619946837425232
vt 0.634955883026123 0.8234426975250244
vt 0.6383082866668701 0.7989280819892883
vt 0.6371252536773682 0.7558424472808838
vt 0.6188030242919922 0.7908410429954529
vt 0.6547234058380127 0.7663184404373169
vt 0.6259382963180542 0.7465003132820129
vt 0.6065340042114258 0.7861340045928955
vt 0.6237835884094238 0.8619946837425232
vt 0.6008633375167847 0.8293429017066956
vt 0.6123098134994507 0.869394063949585
vt 0.6146217584609985 0.8277410864830017
vt 0.5420263409614563 0.5346440076828003
vt 0.4853801131248474 0.3080589771270752
vt 0.5420263409614563 0.3080589771270752
vt 0.4853801131248474 0.5346440076828003
vt 0.42873382568359375 0.3080589771270752
vt 0.42873382568359375 0.5346440076828003
vt 0.3922172784805298 0.30805885791778564
vt 0.3922172784805298 0.5346440076828003
vt 0.20214872062206268 0.5346440076828003
vt 0.23866523802280426 0.30805885791778564
vt 0.23866523802280426 0.5346440076828003
vt 0.20214872062206268 0.3080589771270752
vt 0.14550244808197021 0.5346440076828003
vt 0.14550244808197021 0.3080589771270752
vt 0.08885617554187775 0.3080589771270752
vt 0.08885617554187775 0.5346440076828003
vt 0.24922078847885132 0.14592647552490234
vt 0.212982177734375 0.2546423077583313
vt 0.212982177734375 0.14592647552490234
vt 0.24922078847885132 0.2546423077583313
vt 0.17674362659454346 0.2546423077583313
vt 0.17674362659454346 0.14592647552490234
vt 0.14050501585006714 0.2546423077583313
vt 0.14050501585006714 0.14592647552490234
vt 0.656997561454773 0.3592875003814697
vt 0.656997561454773 0.45274579524993896
vt 0.5461317300796509 0.3592875003814697
vt 0.5461317300796509 0.45274579524993896
vt 0.5461317300796509 0.3418799638748169
vt 0.656997561454773 0.3418799638748169
vt 0.5496304035186768 0.7257357835769653
vt 0.6275109052658081 0.7257357835769653
vt 0.5496304035186768 0.8036162853240967
vt 0.6275109052658081 0.8036162853240967
vt 0.1170794740319252 0.9051403999328613
vt 0.06935242563486099 0.9051404595375061
vt 0.06935242563486099 0.9051404595375061
vt 0.06935242563486099 0.9051404595375061
vt 0.06935242563486099 0.7751377820968628
vt 0.12102761119604111 0.9051404595375061
vt 0.12036370486021042 0.775137722492218
vt 0.03685174137353897 0.7751377820968628
vt 0.12127087265253067 0.9051404595375061
vt 0.03685174137353897 0.9051404595375061
vt 0.06935242563486099 0.9051404595375061
vt 0.1170794740319252 0.9051403999328613
vt 0.03685174137353897 0.9051404595375061
vt 0.06935242563486099 0.9051404595375061
vt 0.1170794889330864 0.9051404595375061
vt 0.06935242563486099 0.9051404595375061
vt 0.06935242563486099 0.9051404595375061
vt 0.12127087265253067 0.9051404595375061
vt 0.12102761119604111 0.9051404595375061
vt 0.1170794740319252 0.9051403999328613
vt 0.06935242563486099 0.9051404595375061
vt 0.1170794889330864 0.9051404595375061
vt 0.03685174137353897 0.9051404595375061
vt 0.06935242563486099 0.9051404595375061
vt 0.1170794889330864 0.9051404595375061
vt 0.06935242563486099 0.9051404595375061
vt 0.1170794889330864 0.9051404595375061
vt 0.03685174137353897 0.9051404595375061
vt 0.06935242563486099 0.9051404595375061
vt 0.1170794889330864 0.9051404595375061
vt 0.06935242563486099 0.9051404595375061
vt 0.06935242563486099 0.9051404595375061
vt 0.1170794889330864 0.9051404595375061
vt 0.06935242563486099 0.9051404595375061
vt 0.03685174137353897 0.9051404595375061
vt 0.03685174137353897 0.9051404595375061
vt 0.35793668031692505 0.2908809185028076
vt 0.24922078847885132 0.2908809781074524
vt 0.35793668031692505 0.2546423077583313
vt 0.24922078847885132 0.2546423077583313
vt 0.35793668031692505 0.2908809185028076
vt 0.35793668031692505 0.32711952924728394
vt 0.35793668031692505 0.32711952924728394
vt 0.35793668031692505 0.2908809185028076
vt 0.35793668031692505 0.2546423077583313
vt 0.35793668031692505 0.2908809185028076
vt 0.35793668031692505 0.2908809185028076
vt 0.35793668031692505 0.2546423077583313
vt 0.35793668031692505 0.32711952924728394
vt 0.35793668031692505 0.36335813999176025
vt 0.35793668031692505 0.36335813999176025
vt 0.35793668031692505 0.32711952924728394
vt 0.35793668031692505 0.36335813999176025
vt 0.24922078847885132 0.36335813999176025
vt 0.35793668031692505 0.32711952924728394
vt 0.24922078847885132 0.3271195888519287
vt 0.35793668031692505 0.32711952924728394
vt 0.24922078847885132 0.3271195888519287
vt 0.35793668031692505 0.2908809185028076
vt 0.24922078847885132 0.2908809781074524
vt 0.35793668031692505 0.2546423077583313
vt 0.35793668031692505 0.2546423077583313
vt 0.35793668031692505 0.2546423077583313
vt 0.35793668031692505 0.2546423077583313
vt 0.35793668031692505 0.36335813999176025
vt 0.35793668031692505 0.36335813999176025
vt 0.35793668031692505 0.36335813999176025
vt 0.35793668031692505 0.36335813999176025
vt 0.14550244808197021 0.3080589771270752
vt 0.25879499316215515 0.3080589771270752
vt 0.25879499316215515 0.42135149240493774
vt 0.14550244808197021 0.42135149240493774
vt 0.634955883026123 0.8234426975250244
vt 0.6146217584609985 0.8277410864830017
vt 0.6136163473129272 0.81862872838974
vt 0.6310352087020874 0.8173437118530273
vt 0.6146217584609985 0.8277410864830017
vt 0.6008633375167847 0.8293429017066956
vt 0.6000630855560303 0.8189331293106079
vt 0.6136163473129272 0.81862872838974
vt 0.634955883026123 0.8234426975250244
vt 0.6136163473129272 0.81862872838974
vt 0.6146217584609985 0.8277410864830017
vt 0.6310352087020874 0.8173437118530273
vt 0.6146217584609985 0.8277410864830017
vt 0.6000630855560303 0.8189331293106079
vt 0.6008633375167847 0.8293429017066956
vt 0.6136163473129272 0.81862872838974
vt 0.47171035408973694 0.9122703075408936
vt 0.46272721886634827 0.9186992645263672
vt 0.4592039883136749 0.9130669236183167
vt 0.46904173493385315 0.9074990153312683
vt 0.4849225580692291 0.9057812094688416
vt 0.47171035408973694 0.9122703075408936
vt 0.46904173493385315 0.9074990153312683
vt 0.48486652970314026 0.8999288082122803
vt 0.46904173493385315 0.9074990153312683
vt 0.4592039883136749 0.9130669236183167
vt 0.47171035408973694 0.9122703075408936
vt 0.46272721886634827 0.9186992645263672
vt 0.48486652970314026 0.8999288082122803
vt 0.46904173493385315 0.9074990153312683
vt 0.4849225580692291 0.9057812094688416
vt 0.47171035408973694 0.9122703075408936
vt 0.3579336106777191 0.24915146827697754
vt 0.49554213881492615 0.38675999641418457
vt 0.3579336106777191 0.38675999641418457
vt 0.49554213881492615 0.24915146827697754
vt 0.31967857480049133 0.3057824969291687
vt 0.18324324488639832 0.2375648021697998
vt 0.31967857480049133 0.2375648021697998
vt 0.18324324488639832 0.3057824969291687
vt 0.31967857480049133 0.3057824969291687
vt 0.31967857480049133 0.2375648021697998
vt 0.18324324488639832 0.2375648021697998
vt 0.18324324488639832 0.3057824969291687
vt 0.31967857480049133 0.3057824969291687
vt 0.31967857480049133 0.2375648021697998
vt 0.31967857480049133 0.2375648021697998
vt 0.31967857480049133 0.3057824969291687
vt 0.31967857480049133 0.3057824969291687
vt 0.31967857480049133 0.3057824969291687
vt 0.656997561454773 0.3418799638748169
vt 0.656997561454773 0.45274579524993896
vt 0.5461317300796509 0.3418799638748169
vt 0.5461317300796509 0.45274579524993896
vt 0.31967857480049133 0.316007137298584
vt 0.31967857480049133 0.316007137298584
vt 0.38789623975753784 0.316007137298584
vt 0.31967857480049133 0.316007137298584
vt 0.31967857480049133 0.316007137298584
vt 0.31967857480049133 0.316007137298584
vt 0.31967857480049133 0.316007137298584
vt 0.31967857480049133 0.316007137298584
vt 0.31967857480049133 0.316007137298584
vt 0.31967857480049133 0.316007137298584
vt 0.31967857480049133 0.316007137298584
vt 0.31967857480049133 0.316007137298584
vt 0.31967857480049133 0.316007137298584
vt 0.31967857480049133 0.316007137298584
vt 0.38789623975753784 0.316007137298584
vt 0.6547234058380127 0.7663184404373169
vt 0.6371252536773682 0.7558424472808838
vt 0.6415948867797852 0.750022292137146
vt 0.6552126407623291 0.7604649066925049
vt 0.6371252536773682 0.7558424472808838
vt 0.6259382963180542 0.7465003132820129
vt 0.6319087743759155 0.7400937676429749
vt 0.6415948867797852 0.750022292137146
vt 0.6547234058380127 0.7663184404373169
vt 0.6415948867797852 0.750022292137146
vt 0.6371252536773682 0.7558424472808838
vt 0.6552126407623291 0.7604649066925049
vt 0.6371252536773682 0.7558424472808838
vt 0.6319087743759155 0.7400937676429749
vt 0.6259382963180542 0.7465003132820129
vt 0.6415948867797852 0.750022292137146
vt 0.35793668031692505 0.037210702896118164
vt 0.35793668031692505 0.07344931364059448
vt 0.35793668031692505 0.07344931364059448
vt 0.35793668031692505 0.037210702896118164
vt 0.35793668031692505 0.037210702896118164
vt 0.35793668031692505 0.07344931364059448
vt 0.35793668031692505 0.1096879243850708
vt 0.35793668031692505 0.1096879243850708
vt 0.35793668031692505 0.14592647552490234
vt 0.35793668031692505 0.14592647552490234
vt 0.35793668031692505 0.1096879243850708
vt 0.35793668031692505 0.14592647552490234
vt 0.35793668031692505 0.14592647552490234
vt 0.35793668031692505 0.2546423077583313
vt 0.35793668031692505 0.2546423077583313
vt 0.35793668031692505 0.14592647552490234
vt 0.35793668031692505 0.14592647552490234
vt 0.03178912401199341 0.2546423077583313
vt 0.03178912401199341 0.14592647552490234
vt 0.03178912401199341 0.14592647552490234
vt 0.03178912401199341 0.2546423077583313
vt 0.03178912401199341 0.14592647552490234
vt 0.03178912401199341 0.14592647552490234
vt 0.03178912401199341 0.14592647552490234
vt 0.03178912401199341 0.14592647552490234
vt 0.32440003752708435 0.3418799638748169
vt 0.4352658987045288 0.3418799638748169
vt 0.32440003752708435 0.3418799638748169
vt 0.4352658987045288 0.3418799638748169
vt 0.4717499315738678 0.881496787071228
vt 0.5496304035186768 0.881496787071228
vt 0.5617362260818481 0.881496787071228
vt 0.45964422821998596 0.881496787071228
vt 0.890764594078064 0.4655490517616272
vt 0.8126561045646667 0.38744056224823
vt 0.890764594078064 0.38744056224823
vt 0.8126561045646667 0.4655490517616272
vt 0.8126561045646667 0.4655490517616272
vt 0.8126561045646667 0.38744056224823
vt 0.8126561045646667 0.4655490517616272
vt 0.8126561045646667 0.38744056224823
vt 0.8126561045646667 0.4655490517616272
vt 0.8126561045646667 0.38744056224823
vt 0.8126561045646667 0.4655490517616272
vt 0.8126561045646667 0.38744056224823
vt 0.08271655440330505 0.38675999641418457
vt 0.08271655440330505 0.24915146827697754
vt 0.22032508254051208 0.38675999641418457
vt 0.22032508254051208 0.24915146827697754
vt 0.08271655440330505 0.24915146827697754
vt 0.22032508254051208 0.24915146827697754
vt 0.08271655440330505 0.24915146827697754
vt 0.22032508254051208 0.24915146827697754
vt 0.08271655440330505 0.38675999641418457
vt 0.22032508254051208 0.38675999641418457
vt 0.22032508254051208 0.38675999641418457
vt 0.08271655440330505 0.38675999641418457
vt 0.5056392550468445 0.11786079406738281
vt 0.5056392550468445 0.2716718912124634
vt 0.5374945998191833 0.19476640224456787
vt 0.35182833671569824 0.11786079406738281
vt 0.42873382568359375 0.08600544929504395
vt 0.35182833671569824 0.2716718912124634
vt 0.42873382568359375 0.30352723598480225
vt 0.3199729919433594 0.19476640224456787
vt 0.5042622089385986 0.5346440076828003
vt 0.5420263409614563 0.3080589771270752
vt 0.5420263409614563 0.5346440076828003
vt 0.5042622089385986 0.3080589771270752
vt 0.46649807691574097 0.5346440076828003
vt 0.46649807691574097 0.3080589771270752
vt 0.42873382568359375 0.5346440076828003
vt 0.42873382568359375 0.3080589771270752
vt 0.3909696340560913 0.5346440076828003
vt 0.3909696340560913 0.3080589771270752
vt 0.35320550203323364 0.5346440076828003
vt 0.35320550203323364 0.3080589771270752
vt 0.315441370010376 0.3080589771270752
vt 0.315441370010376 0.5346440076828003
vt 0.27767711877822876 0.3080589771270752
vt 0.27767711877822876 0.5346440076828003
vt 0.2399129718542099 0.5346440076828003
vt 0.2399129718542099 0.3080589771270752
vt 0.20214878022670746 0.3080589771270752
vt 0.20214878022670746 0.5346440076828003
vt 0.16438457369804382 0.3080589771270752
vt 0.16438457369804382 0.5346440076828003
vt 0.12662038207054138 0.3080589771270752
vt 0.12662038207054138 0.5346440076828003
vt 0.08885617554187775 0.5346440076828003
vt 0.08885617554187775 0.3080589771270752
vt 0.3720874786376953 0.5346440076828003
vt 0.25879499316215515 0.42135149240493774
vt 0.3720874786376953 0.42135149240493774
vt 0.25879499316215515 0.5346440076828003
vt 0.315441370010376 0.3080589771270752
vt 0.5420263409614563 0.3080589771270752
vt 0.35320550203323364 0.3080589771270752
vt 0.5042622089385986 0.3080589771270752
vt 0.46649807691574097 0.3080589771270752
vt 0.42873382568359375 0.3080589771270752
vt 0.3909696340560913 0.3080589771270752
vt 0.35320550203323364 0.3080589771270752
vt 0.5420263409614563 0.3080589771270752
vt 0.315441370010376 0.3080589771270752
vt 0.5042622089385986 0.3080589771270752
vt 0.46649807691574097 0.3080589771270752
vt 0.42873382568359375 0.3080589771270752
vt 0.3909696340560913 0.3080589771270752
vt 0.4352658987045288 0.3418799638748169
vt 0.4352658987045288 0.23101413249969482
vt 0.4352658987045288 0.3418799638748169
vt 0.4352658987045288 0.23101413249969482
vt 0.5461317300796509 0.3418799638748169
vt 0.4352658987045288 0.23101413249969482
vt 0.5461317300796509 0.23101413249969482
vt 0.4352658987045288 0.3418799638748169
vt 0.5461317300796509 0.23101413249969482
vt 0.5461317300796509 0.3418799638748169
vt 0.4352658987045288 0.23101413249969482
vt 0.4352658987045288 0.3418799638748169
vt 0.33454418182373047 0.24914681911468506
vt 0.3743533492088318 0.10057663917541504
vt 0.33454418182373047 0.1403859257698059
vt 0.3199729919433594 0.19476640224456787
vt 0.48311424255371094 0.10057663917541504
vt 0.42873382568359375 0.08600544929504395
vt 0.48311424255371094 0.28895604610443115
vt 0.3743533492088318 0.28895604610443115
vt 0.42873382568359375 0.30352723598480225
vt 0.5229234099388123 0.24914681911468506
vt 0.5229234099388123 0.1403859257698059
vt 0.5374945998191833 0.19476640224456787
vt 0.45964422821998596 0.881496787071228
vt 0.5617362260818481 0.881496787071228
vt 0.5617362260818481 0.881496787071228
vt 0.45964422821998596 0.881496787071228
vt 0.3720874786376953 0.5346440076828003
vt 0.25879499316215515 0.42135149240493774
vt 0.3720874786376953 0.42135149240493774
vt 0.25879499316215515 0.5346440076828003
vt 0.5617362260818481 0.881496787071228
vt 0.5617362260818481 0.881496787071228
vt 0.45964422821998596 0.881496787071228
vt 0.45964422821998596 0.881496787071228
vt 0.3720874786376953 0.5346440076828003
vt 0.25879499316215515 0.42135149240493774
vt 0.3720874786376953 0.42135149240493774
vt 0.25879499316215515 0.5346440076828003
vt 0.656997561454773 0.45274579524993896
vt 0.5461317300796509 0.45274579524993896
vt 0.5461317300796509 0.45274579524993896
vt 0.656997561454773 0.45274579524993896
vt 0.5496304035186768 0.8036162853240967
vt 0.4717499315738678 0.8432912826538086
vt 0.4717499315738678 0.8036162853240967
vt 0.5496304035186768 0.8432912826538086
vt 0.4717499315738678 0.881496787071228
vt 0.5496304035186768 0.881496787071228
vt 0.45964422821998596 0.881496787071228
vt 0.5617362260818481 0.881496787071228
vt 0.5617362260818481 0.881496787071228
vt 0.45964422821998596 0.881496787071228
vt 0.3720874786376953 0.5346440076828003
vt 0.25879499316215515 0.42135149240493774
vt 0.3720874786376953 0.42135149240493774
vt 0.25879499316215515 0.5346440076828003
vt 0.42873382568359375 0.08600544929504395
vt 0.3743533492088318 0.28895604610443115
vt 0.48311424255371094 0.28895604610443115
vt 0.42873382568359375 0.30352723598480225
vt 0.33454418182373047 0.24914681911468506
vt 0.5229234099388123 0.24914681911468506
vt 0.33454418182373047 0.1403859257698059
vt 0.3199729919433594 0.19476640224456787
vt 0.3743533492088318 0.10057663917541504
vt 0.5229234099388123 0.1403859257698059
vt 0.48311424255371094 0.10057663917541504
vt 0.5374945998191833 0.19476640224456787
vt 0.20214872062206268 0.3080589771270752
vt 0.24224616587162018 0.30805885791778564
vt 0.23866523802280426 0.30805885791778564
vt 0.23866523802280426 0.30805885791778564
vt 0.20214872062206268 0.3080589771270752
vt 0.20214872062206268 0.3080589771270752
vt 0.14550244808197021 0.3080589771270752
vt 0.14550244808197021 0.3080589771270752
vt 0.42873382568359375 0.3080589771270752
vt 0.4853801131248474 0.3080589771270752
vt 0.42873382568359375 0.3080589771270752
vt 0.4853801131248474 0.3080589771270752
vt 0.3922172784805298 0.30805885791778564
vt 0.42873382568359375 0.3080589771270752
vt 0.3922172784805298 0.30805885791778564
vt 0.38863635063171387 0.30805885791778564
vt 0.14550244808197021 0.3080589771270752
vt 0.08885617554187775 0.3080589771270752
vt 0.08885617554187775 0.3080589771270752
vt 0.14550244808197021 0.3080589771270752
vt 0.4853801131248474 0.3080589771270752
vt 0.5420263409614563 0.3080589771270752
vt 0.5420263409614563 0.3080589771270752
vt 0.4853801131248474 0.3080589771270752
vt 0.214667409658432 0.7751377820968628
vt 0.10185310989618301 0.7426370978355408
vt 0.2318558394908905 0.7426370978355408
vt 0.12036370486021042 0.775137722492218
vt 0.10185310989618301 0.7101364135742188
vt 0.2318558394908905 0.7101364135742188
vt 0.2318558394908905 0.7426370978355408
vt 0.10185310989618301 0.7426370978355408
vt 0.214667409658432 0.7751377820968628
vt 0.12036370486021042 0.775137722492218
vt 0.10185310989618301 0.7101364135742188
vt 0.2318558394908905 0.7101364135742188
vt 0.3720874786376953 0.5346440076828003
vt 0.25879499316215515 0.42135149240493774
vt 0.3720874786376953 0.42135149240493774
vt 0.25879499316215515 0.5346440076828003
vt 0.40380313992500305 0.38675999641418457
vt 0.3579336106777191 0.24915146827697754
vt 0.40380313992500305 0.24915146827697754
vt 0.3579336106777191 0.38675999641418457
vt 0.449672669172287 0.38675999641418457
vt 0.49554213881492615 0.24915146827697754
vt 0.49554213881492615 0.38675999641418457
vt 0.449672669172287 0.24915146827697754
vt 0.40380313992500305 0.38675999641418457
vt 0.449672669172287 0.24915146827697754
vt 0.449672669172287 0.38675999641418457
vt 0.40380313992500305 0.24915146827697754

f 1/1/1 2/2/2 3/3/3
f 2/2/2 1/1/1 4/4/4
f 5/5/5 6/6/6 7/7/7
f 5/5/5 8/8/8 6/6/6
f 9/9/9 10/10/10 11/11/11
f 10/10/10 9/9/9 12/12/12
f 13/13/13 14/14/14 15/15/15
f 14/14/14 13/13/13 16/16/16
f 15/15/15 14/14/14 17/17/17
f 15/15/15 17/17/17 18/18/18
f 19/19/19 20/20/20 21/21/21
f 21/21/21 20/20/20 22/22/22
f 20/20/20 19/19/19 23/23/23
f 23/23/23 19/19/19 24/24/24
f 25/25/25 26/26/26 27/27/27
f 25/25/25 27/27/27 28/28/28
f 29/29/29 30/30/30 31/31/31
f 30/30/30 29/29/29 32/32/32
f 33/33/33 34/34/34 35/35/35
f 34/34/34 33/33/33 36/36/36
f 37/37/37 38/38/38 39/39/39
f 37/37/37 39/39/39 40/40/40
f 41/41/41 42/42/42 43/43/43
f 42/42/42 41/41/41 44/44/44
f 45/45/45 46/46/46 47/47/47
f 46/46/46 45/45/45 48/48/48
f 49/49/49 50/50/50 51/51/51
f 51/51/51 52/52/52 49/49/49
f 53/53/53 54/54/54 55/55/55
f 54/54/54 53/53/53 56/56/56
f 57/57/57 58/58/58 59/59/59
f 58/58/58 57/57/57 60/60/60
f 61/61/61 62/62/62 63/63/63
f 62/62/62 61/61/61 64/64/64
f 65/65/65 66/66/66 67/67/67
f 66/66/66 65/65/65 68/68/68
f 69/69/69 67/67/67 66/66/66
f 66/66/66 70/70/70 69/69/69
f 71/71/71 72/72/72 73/73/73
f 72/72/72 74/74/74 73/73/73
f 75/75/75 76/76/76 77/77/77
f 75/75/75 77/77/77 78/78/78
f 79/79/79 80/80/80 81/81/81
f 81/81/81 82/82/82 79/79/79
f 83/83/83 84/84/84 85/85/85
f 84/84/84 83/83/83 86/86/86
f 87/87/87 88/88/88 89/89/89
f 88/88/88 87/87/87 90/90/90
f 89/89/89 91/91/91 87/87/87
f 89/89/89 92/92/92 91/91/91
f 93/93/93 94/94/94 95/95/95
f 94/94/94 93/93/93 96/96/96
f 97/97/97 98/98/98 99/99/99
f 98/98/98 97/97/97 100/100/100
f 101/101/101 102/102/102 103/103/103
f 102/102/102 101/101/101 104/104/104
f 105/105/105 106/106/106 107/107/107
f 106/106/106 105/105/105 108/108/108
f 109/109/109 110/110/110 111/111/111
f 110/110/110 109/109/109 112/112/112
f 113/113/113 114/114/114 115/115/115
f 113/113/113 115/115/115 116/116/116
f 117/117/117 118/118/118 119/119/119
f 118/118/118 117/117/117 120/120/120
f 121/121/121 122/122/122 123/123/123
f 122/122/122 121/121/121 124/124/124
f 125/125/125 126/126/126 127/127/127
f 127/127/127 128/128/128 125/125/125
f 129/129/129 130/130/130 131/131/131
f 130/130/130 129/129/129 132/132/132
f 133/133/133 134/134/134 135/135/135
f 134/134/134 133/133/133 136/136/136
f 137/137/137 138/138/138 139/139/139
f 138/138/138 137/137/137 140/140/140
f 141/141/141 142/142/142 143/143/143
f 142/142/142 141/141/141 144/144/144
f 145/145/145 146/146/146 147/147/147
f 147/147/147 148/148/148 145/145/145
f 149/149/149 150/150/150 151/151/151
f 151/151/151 150/150/150 152/152/152
f 149/149/149 151/151/151 153/153/153
f 149/149/149 154/154/154 150/150/150
f 150/150/150 154/154/154 155/155/155
f 154/154/154 149/149/149 156/156/156
f 157/157/157 158/158/158 159/159/159
f 159/159/159 160/160/160 157/157/157
f 161/161/161 162/162/162 163/163/163
f 162/162/162 161/161/161 164/164/164
f 165/165/165 166/166/166 167/167/167
f 167/167/167 166/166/166 168/168/168
f 169/169/169 170/170/170 171/171/171
f 170/170/170 169/169/169 172/172/172
f 173/173/173 174/174/174 175/175/175
f 176/176/176 174/174/174 173/173/173
f 174/174/174 177/177/177 178/178/178
f 177/177/177 174/174/174 179/179/179
f 174/174/174 176/176/176 179/179/179
f 176/176/176 180/180/180 179/179/179
f 180/180/180 176/176/176 181/181/181
f 180/180/180 182/182/182 179/179/179
f 179/179/179 182/182/182 183/183/183
f 182/182/182 180/180/180 184/184/184
f 185/185/185 186/186/186 187/187/187
f 186/186/186 185/185/185 188/188/188
f 189/189/189 190/190/190 191/191/191
f 191/191/191 190/190/190 192/192/192
f 193/193/193 194/194/194 195/195/195
f 193/193/193 195/195/195 196/196/196
f 197/197/197 198/198/198 199/199/199
f 199/199/199 198/198/198 200/200/200
f 201/201/201 202/202/202 203/203/203
f 203/203/203 202/202/202 204/204/204
f 205/205/205 206/206/206 207/207/207
f 205/205/205 207/207/207 208/208/208
f 209/209/209 210/210/210 211/211/211
f 212/212/212 213/213/213 214/214/214
f 215/215/215 216/216/216 217/217/217
f 215/215/215 217/217/217 218/218/218
f 219/219/219 217/217/217 216/216/216
f 217/217/217 219/219/219 220/220/220
f 221/221/221 222/222/222 223/223/223
f 223/223/223 224/224/224 221/221/221
f 225/225/225 226/226/226 227/227/227
f 226/226/226 225/225/225 228/228/228
f 229/229/229 230/230/230 231/231/231
f 230/230/230 229/229/229 232/232/232
f 233/233/233 234/234/234 235/235/235
f 236/236/236 234/234/234 233/233/233
f 236/236/236 233/233/233 237/237/237
f 234/234/234 236/236/236 238/238/238
f 234/234/234 238/238/238 239/239/239
f 238/238/238 236/236/236 240/240/240
f 240/240/240 236/236/236 241/241/241
f 238/238/238 240/240/240 242/242/242
f 242/242/242 240/240/240 243/243/243
f 242/242/242 243/243/243 244/244/244
f 245/245/245 246/246/246 247/247/247
f 246/246/246 248/248/248 247/247/247
f 249/249/249 250/250/250 251/251/251
f 250/250/250 249/249/249 252/252/252
f 253/253/253 252/252/252 249/249/249
f 252/252/252 253/253/253 254/254/254
f 255/255/255 254/254/254 253/253/253
f 254/254/254 255/255/255 256/256/256
f 257/257/257 256/256/256 255/255/255
f 256/256/256 257/257/257 258/258/258
f 259/259/259 258/258/258 257/257/257
f 258/258/258 259/259/259 260/260/260
f 259/259/259 261/261/261 260/260/260
f 261/261/261 259/259/259 262/262/262
f 262/262/262 263/263/263 261/261/261
f 263/263/263 262/262/262 264/264/264
f 264/264/264 265/265/265 263/263/263
f 265/265/265 264/264/264 266/266/266
f 266/266/266 267/267/267 265/265/265
f 267/267/267 266/266/266 268/268/268
f 268/268/268 269/269/269 267/267/267
f 269/269/269 268/268/268 270/270/270
f 270/270/270 271/271/271 269/269/269
f 271/271/271 270/270/270 272/272/272
f 273/273/273 271/271/271 272/272/272
f 271/271/271 273/273/273 274/274/274
f 275/275/275 276/276/276 277/277/277
f 276/276/276 275/275/275 278/278/278
f 275/275/275 277/277/277 279/279/279
f 280/280/280 281/281/281 282/282/282
f 283/283/283 280/280/280 284/284/284
f 285/285/285 286/286/286 287/287/287
f 288/288/288 285/285/285 289/289/289
f 290/290/290 291/291/291 292/292/292
f 292/292/292 293/293/293 290/290/290
f 293/293/293 292/292/292 294/294/294
f 295/295/295 296/296/296 297/297/297
f 296/296/296 295/295/295 298/298/298
f 299/299/299 300/300/300 301/301/301
f 300/300/300 299/299/299 302/302/302
f 303/303/303 304/304/304 305/305/305
f 304/304/304 303/303/303 306/306/306
f 307/307/307 304/304/304 306/306/306
f 304/304/304 307/307/307 308/308/308
f 307/307/307 309/309/309 308/308/308
f 308/308/308 309/309/309 310/310/310
f 309/309/309 311/311/311 310/310/310
f 310/310/310 311/311/311 312/312/312
f 311/311/311 313/313/313 312/312/312
f 312/312/312 313/313/313 314/314/314
f 315/315/315 316/316/316 317/317/317
f 316/316/316 318/318/318 317/317/317
f 319/319/319 320/320/320 321/321/321
f 319/319/319 321/321/321 322/322/322
f 323/323/323 319/319/319 324/324/324
f 325/325/325 319/319/319 323/323/323
f 325/325/325 320/320/320 319/319/319
f 320/320/320 325/325/325 326/326/326
f 320/320/320 326/326/326 327/327/327
f 327/327/327 326/326/326 328/328/328
f 326/326/326 325/325/325 329/329/329
f 329/329/329 325/325/325 330/330/330
f 331/331/331 332/332/332 333/333/333
f 333/333/333 332/332/332 334/334/334
f 331/331/331 333/333/333 335/335/335
f 331/331/331 335/335/335 336/336/336
f 337/337/337 338/338/338 339/339/339
f 337/337/337 339/339/339 340/340/340
f 341/341/341 342/342/342 343/343/343
f 344/344/344 342/342/342 341/341/341
f 341/341/341 345/345/345 344/344/344
f 345/345/345 341/341/341 346/346/346
f 341/341/341 343/343/343 347/347/347
f 346/346/346 341/341/341 348/348/348
f 348/348/348 341/341/341 347/347/347
f 348/348/348 347/347/347 349/349/349
f 350/350/350 351/351/351 352/352/352
f 353/353/353 352/352/352 351/351/351
f 354/354/354 351/351/351 350/350/350
f 355/355/355 353/353/353 351/351/351
f 351/351/351 354/354/354 356/356/356
f 355/355/355 351/351/351 357/357/357
f 351/351/351 356/356/356 357/357/357
f 357/357/357 356/356/356 358/358/358
f 359/359/359 360/360/360 361/361/361
f 362/362/362 361/361/361 360/360/360
f 363/363/363 361/361/361 362/362/362
f 364/364/364 361/361/361 363/363/363
f 365/365/365 361/361/361 364/364/364
f 361/361/361 365/365/365 366/366/366
f 366/366/366 359/359/359 361/361/361
f 359/359/359 366/366/366 367/367/367
f 368/368/368 369/369/369 370/370/370
f 369/369/369 371/371/371 370/370/370
f 368/368/368 370/370/370 372/372/372
f 370/370/370 373/373/373 372/372/372
f 374/374/374 370/370/370 371/371/371
f 373/373/373 370/370/370 375/375/375
f 374/374/374 375/375/375 370/370/370
f 375/375/375 374/374/374 376/376/376
f 377/377/377 378/378/378 379/379/379
f 379/379/379 378/378/378 380/380/380
f 381/381/381 382/382/382 383/383/383
f 382/382/382 381/381/381 384/384/384
f 384/384/384 385/385/385 382/382/382
f 385/385/385 384/384/384 386/386/386
f 386/386/386 387/387/387 385/385/385
f 387/387/387 386/386/386 388/388/388
f 389/389/389 387/387/387 388/388/388
f 387/387/387 389/389/389 390/390/390
f 391/391/391 390/390/390 389/389/389
f 390/390/390 391/391/391 392/392/392
f 393/393/393 392/392/392 391/391/391
f 392/392/392 393/393/393 394/394/394
f 395/395/395 394/394/394 393/393/393
f 394/394/394 395/395/395 396/396/396
f 395/395/395 397/397/397 396/396/396
f 397/397/397 395/395/395 398/398/398
f 399/399/399 400/400/400 401/401/401
f 399/399/399 401/401/401 402/402/402
f 403/403/403 404/404/404 405/405/405
f 403/403/403 405/405/405 406/406/406
f 407/407/407 408/408/408 409/409/409
f 408/408/408 407/407/407 410/410/410
f 411/411/411 412/412/412 413/413/413
f 412/412/412 414/414/414 413/413/413
f 415/415/415 411/411/411 416/416/416
f 412/412/412 417/417/417 414/414/414
f 418/418/418 417/417/417 412/412/412
f 419/419/419 417/417/417 418/418/418
f 417/417/417 420/420/420 414/414/414
f 420/420/420 421/421/421 414/414/414
f 421/421/421 420/420/420 422/422/422
f 417/417/417 423/423/423 420/420/420
f 419/419/419 423/423/423 417/417/417
f 424/424/424 423/423/423 419/419/419
f 425/425/425 413/413/413 426/426/426
f 413/413/413 425/425/425 427/427/427
f 411/411/411 413/413/413 427/427/427
f 428/428/428 427/427/427 425/425/425
f 429/429/429 411/411/411 427/427/427
f 416/416/416 411/411/411 429/429/429
f 416/416/416 429/429/429 430/430/430
f 430/430/430 429/429/429 431/431/431
f 429/429/429 427/427/427 432/432/432
f 427/427/427 428/428/428 432/432/432
f 431/431/431 429/429/429 432/432/432
f 432/432/432 428/428/428 433/433/433
f 431/431/431 432/432/432 434/434/434
f 433/433/433 434/434/434 432/432/432
f 435/435/435 436/436/436 437/437/437
f 436/436/436 435/435/435 438/438/438
f 439/439/439 440/440/440 441/441/441
f 441/441/441 440/440/440 442/442/442
f 443/443/443 444/444/444 445/445/445
f 443/443/443 445/445/445 446/446/446
f 447/447/447 448/448/448 449/449/449
f 449/449/449 450/450/450 447/447/447
f 451/451/451 452/452/452 453/453/453
f 452/452/452 451/451/451 454/454/454
f 455/455/455 456/456/456 457/457/457
f 455/455/455 457/457/457 458/458/458
f 459/459/459 460/460/460 461/461/461
f 460/460/460 459/459/459 462/462/462
f 463/463/463 462/462/462 459/459/459
f 462/462/462 463/463/463 464/464/464
f 465/465/465 464/464/464 463/463/463
f 464/464/464 465/465/465 466/466/466
f 467/467/467 466/466/466 465/465/465
f 466/466/466 467/467/467 468/468/468
f 469/469/469 468/468/468 467/467/467
f 468/468/468 469/469/469 470/470/470
f 469/469/469 471/471/471 470/470/470
f 471/471/471 469/469/469 472/472/472
f 472/472/472 473/473/473 471/471/471
f 473/473/473 472/472/472 474/474/474
f 474/474/474 475/475/475 473/473/473
f 475/475/475 474/474/474 476/476/476
f 476/476/476 477/477/477 475/475/475
f 477/477/477 476/476/476 478/478/478
f 478/478/478 479/479/479 477/477/477
f 479/479/479 478/478/478 480/480/480
f 480/480/480 481/481/481 479/479/479
f 481/481/481 480/480/480 482/482/482
f 483/483/483 481/481/481 482/482/482
f 481/481/481 483/483/483 484/484/484
f 485/485/485 486/486/486 487/487/487
f 487/487/487 486/486/486 488/488/488
f 489/489/489 490/490/490 491/491/491
f 491/491/491 492/492/492 489/489/489
f 491/491/491 493/493/493 492/492/492
f 493/493/493 491/491/491 494/494/494
f 495/495/495 496/496/496 497/497/497
f 496/496/496 495/495/495 498/498/498
f 499/499/499 500/500/500 501/501/501
f 501/501/501 500/500/500 502/502/502
f 503/503/503 504/504/504 505/505/505
f 504/504/504 503/503/503 506/506/506
f 507/507/507 508/508/508 509/509/509
f 508/508/508 507/507/507 510/510/510
f 511/511/511 512/512/512 513/513/513
f 511/511/511 513/513/513 514/514/514
f 515/515/515 516/516/516 517/517/517
f 517/517/517 516/516/516 518/518/518
f 519/519/519 520/520/520 521/521/521
f 520/520/520 522/522/522 521/521/521
f 523/523/523 524/524/524 525/525/525
f 524/524/524 523/523/523 526/526/526
f 527/527/527 528/528/528 529/529/529
f 530/530/530 529/529/529 528/528/528
f 531/531/531 532/532/532 533/533/533
f 531/531/531 533/533/533 534/534/534
f 535/535/535 536/536/536 537/537/537
f 536/536/536 535/535/535 538/538/538
f 539/539/539 540/540/540 541/541/541
f 540/540/540 539/539/539 542/542/542
f 543/543/543 544/544/544 545/545/545
f 544/544/544 543/543/543 546/546/546
f 547/547/547 548/548/548 549/549/549
f 547/547/547 549/549/549 550/550/550
f 551/551/551 552/552/552 553/553/553
f 551/551/551 553/553/553 554/554/554
f 555/555/555 556/556/556 557/557/557
f 556/556/556 555/555/555 558/558/558
f 559/559/559 560/560/560 561/561/561
f 560/560/560 559/559/559 562/562/562
f 563/563/563 564/564/564 565/565/565
f 563/563/563 565/565/565 566/566/566
f 567/567/567 565/565/565 564/564/564
f 565/565/565 567/567/567 568/568/568
f 569/569/569 570/570/570 571/571/571
f 572/572/572 571/571/571 570/570/570
f 571/571/571 573/573/573 569/569/569
f 571/571/571 574/574/574 573/573/573
f 575/575/575 576/576/576 577/577/577
f 575/575/575 577/577/577 578/578/578
f 579/579/579 580/580/580 581/581/581
f 581/581/581 580/580/580 582/582/582
f 583/583/583 584/584/584 585/585/585
f 583/583/583 585/585/585 586/586/586
f 587/587/587 588/588/588 589/589/589
f 588/588/588 587/587/587 590/590/590
f 591/591/591 592/592/592 593/593/593
f 591/591/591 594/594/594 592/592/592
f 593/593/593 595/595/595 591/591/591
f 595/595/595 596/596/596 591/591/591
f 592/592/592 597/597/597 593/593/593
f 597/597/597 595/595/595 593/593/593
f 597/597/597 592/592/592 598/598/598
f 599/599/599 595/595/595 597/597/597
f 597/597/597 598/598/598 600/600/600
f 600/600/600 599/599/599 597/597/597
f 600/600/600 598/598/598 601/601/601
f 602/602/602 599/599/599 600/600/600
f 601/601/601 603/603/603 600/600/600
f 603/603/603 602/602/602 600/600/600
f 603/603/603 601/601/601 604/604/604
f 605/605/605 602/602/602 603/603/603
f 603/603/603 604/604/604 606/606/606
f 606/606/606 605/605/605 603/603/603
f 606/606/606 604/604/604 607/607/607
f 608/608/608 605/605/605 606/606/606
f 609/609/609 610/610/610 611/611/611
f 609/609/609 612/612/612 610/610/610
f 612/612/612 609/609/609 613/613/613
f 613/613/613 609/609/609 614/614/614
f 615/615/615 610/610/610 612/612/612
f 615/615/615 612/612/612 613/613/613
f 610/610/610 615/615/615 616/616/616
f 613/613/613 617/617/617 615/615/615
f 615/615/615 618/618/618 616/616/616
f 618/618/618 615/615/615 617/617/617
f 618/618/618 619/619/619 616/616/616
f 617/617/617 620/620/620 618/618/618
f 621/621/621 619/619/619 618/618/618
f 621/621/621 618/618/618 620/620/620
f 619/619/619 621/621/621 622/622/622
f 620/620/620 623/623/623 621/621/621
f 621/621/621 624/624/624 622/622/622
f 624/624/624 621/621/621 623/623/623
f 624/624/624 625/625/625 622/622/622
f 623/623/623 626/626/626 624/624/624
f 627/627/627 628/628/628 629/629/629
f 629/629/629 628/628/628 630/630/630
f 629/629/629 630/630/630 631/631/631
f 631/631/631 630/630/630 632/632/632
f 631/631/631 632/632/632 633/633/633
f 633/633/633 632/632/632 634/634/634
f 635/635/635 636/636/636 637/637/637
f 636/636/636 635/635/635 638/638/638
f 639/639/639 635/635/635 637/637/637
f 635/635/635 639/639/639 640/640/640
f 641/641/641 642/642/642 643/643/643
f 642/642/642 641/641/641 644/644/644
f 641/641/641 645/645/645 644/644/644
f 646/646/646 645/645/645 641/641/641
f 647/647/647 648/648/648 649/649/649
f 649/649/649 648/648/648 650/650/650
f 651/651/651 652/652/652 653/653/653
f 652/652/652 651/651/651 654/654/654
f 655/655/655 656/656/656 657/657/657
f 656/656/656 655/655/655 658/658/658
f 659/659/659 660/660/660 661/661/661
f 661/661/661 660/660/660 662/662/662
f 663/663/663 664/664/664 665/665/665
f 664/664/664 663/663/663 666/666/666
f 667/667/667 668/668/668 669/669/669
f 669/669/669 668/668/668 670/670/670
f 671/671/671 672/672/672 673/673/673
f 673/673/673 672/672/672 674/674/674
f 675/675/675 676/676/676 677/677/677
f 677/677/677 678/678/678 675/675/675
f 679/679/679 680/680/680 681/681/681
f 679/679/679 681/681/681 682/682/682
f 683/683/683 684/684/684 685/685/685
f 685/685/685 684/684/684 686/686/686
f 687/687/687 688/688/688 689/689/689
f 690/690/690 689/689/689 688/688/688
f 691/691/691 692/692/692 693/693/693
f 692/692/692 694/694/694 693/693/693
f 695/695/695 696/696/696 697/697/697
f 695/695/695 697/697/697 698/698/698
f 699/699/699 700/700/700 701/701/701
f 701/701/701 700/700/700 702/702/702
f 700/700/700 703/703/703 702/702/702
f 702/702/702 703/703/703 704/704/704
f 703/703/703 705/705/705 704/704/704
f 704/704/704 706/706/706 702/702/702
f 706/706/706 701/701/701 702/702/702
f 701/701/701 706/706/706 707/707/707
f 706/706/706 704/704/704 708/708/708
f 709/709/709 701/701/701 707/707/707
f 708/708/708 704/704/704 710/710/710
f 704/704/704 705/705/705 710/710/710
f 711/711/711 708/708/708 710/710/710
f 705/705/705 712/712/712 710/710/710
f 712/712/712 711/711/711 710/710/710
f 712/712/712 705/705/705 713/713/713
f 711/711/711 712/712/712 714/714/714
f 713/713/713 715/715/715 712/712/712
f 715/715/715 714/714/714 712/712/712
f 715/715/715 713/713/713 716/716/716
f 714/714/714 715/715/715 717/717/717
f 709/709/709 718/718/718 701/701/701
f 718/718/718 699/699/699 701/701/701
f 719/719/719 718/718/718 709/709/709
f 720/720/720 699/699/699 718/718/718
f 719/719/719 721/721/721 718/718/718
f 721/721/721 720/720/720 718/718/718
f 722/722/722 721/721/721 719/719/719
f 721/721/721 723/723/723 720/720/720
f 722/722/722 724/724/724 721/721/721
f 724/724/724 723/723/723 721/721/721
f 724/724/724 725/725/725 723/723/723
f 726/726/726 727/727/727 728/728/728
f 727/727/727 726/726/726 729/729/729
f 729/729/729 730/730/730 727/727/727
f 728/728/728 731/731/731 726/726/726
f 731/731/731 728/728/728 732/732/732
f 726/726/726 733/733/733 729/729/729
f 726/726/726 734/734/734 733/733/733
f 726/726/726 735/735/735 734/734/734
f 735/735/735 726/726/726 731/731/731
f 731/731/731 736/736/736 735/735/735
f 730/730/730 729/729/729 737/737/737
f 733/733/733 737/737/737 729/729/729
f 737/737/737 738/738/738 730/730/730
f 733/733/733 739/739/739 737/737/737
f 736/736/736 731/731/731 740/740/740
f 732/732/732 740/740/740 731/731/731
f 740/740/740 741/741/741 736/736/736
f 740/740/740 732/732/732 742/742/742
f 741/741/741 740/740/740 743/743/743
f 742/742/742 743/743/743 740/740/740
f 743/743/743 742/742/742 744/744/744
f 739/739/739 745/745/745 737/737/737
f 738/738/738 737/737/737 745/745/745
f 746/746/746 745/745/745 739/739/739
f 747/747/747 738/738/738 745/745/745
f 746/746/746 747/747/747 745/745/745
f 738/738/738 747/747/747 748/748/748
f 746/746/746 749/749/749 747/747/747
f 750/750/750 748/748/748 747/747/747
f 749/749/749 750/750/750 747/747/747
f 748/748/748 750/750/750 751/751/751
f 750/750/750 749/749/749 752/752/752
f 753/753/753 754/754/754 755/755/755
f 753/753/753 755/755/755 756/756/756
f 757/757/757 758/758/758 759/759/759
f 758/758/758 757/757/757 760/760/760
f 761/761/761 762/762/762 763/763/763
f 762/762/762 761/761/761 764/764/764
f 765/765/765 766/766/766 767/767/767
f 767/767/767 766/766/766 768/768/768
f 769/769/769 770/770/770 771/771/771
f 769/769/769 771/771/771 772/772/772
f 773/773/773 774/774/774 775/775/775
f 774/774/774 773/773/773 776/776/776
f 777/777/777 778/778/778 779/779/779
f 778/778/778 777/777/777 780/780/780
f 781/781/781 782/782/782 783/783/783
f 781/781/781 783/783/783 784/784/784
f 785/785/785 786/786/786 787/787/787
f 786/786/786 785/785/785 788/788/788
f 789/789/789 790/790/790 791/791/791
f 790/790/790 789/789/789 792/792/792
f 793/793/793 794/794/794 795/795/795
f 794/794/794 793/793/793 796/796/796
f 797/797/797 798/798/798 799/799/799
f 798/798/798 797/797/797 800/800/800
f 801/801/801 802/802/802 803/803/803
f 802/802/802 801/801/801 804/804/804
f 805/805/805 806/806/806 807/807/807
f 806/806/806 805/805/805 808/808/808
f 809/809/809 810/810/810 811/811/811
f 810/810/810 809/809/809 812/812/812
f 813/813/813 810/810/810 812/812/812
f 809/809/809 811/811/811 814/814/814
f 810/810/810 813/813/813 815/815/815
f 810/810/810 815/815/815 816/816/816
f 815/815/815 817/817/817 816/816/816
f 814/814/814 811/811/811 818/818/818
f 819/819/819 818/818/818 811/811/811
f 818/818/818 819/819/819 820/820/820
f 818/818/818 821/821/821 814/814/814
f 821/821/821 818/818/818 822/822/822
f 821/821/821 822/822/822 823/823/823
f 823/823/823 822/822/822 824/824/824
f 825/825/825 824/824/824 822/822/822
f 824/824/824 825/825/825 826/826/826
f 827/827/827 828/828/828 829/829/829
f 828/828/828 827/827/827 830/830/830
f 831/831/831 830/830/830 827/827/827
f 830/830/830 831/831/831 832/832/832
f 831/831/831 833/833/833 832/832/832
f 833/833/833 831/831/831 834/834/834
f 827/827/827 829/829/829 835/835/835
f 835/835/835 829/829/829 836/836/836
f 829/829/829 837/837/837 836/836/836
f 838/838/838 829/829/829 828/828/828
f 837/837/837 829/829/829 839/839/839
f 829/829/829 838/838/838 839/839/839
f 840/840/840 839/839/839 838/838/838
f 839/839/839 840/840/840 841/841/841
f 842/842/842 841/841/841 840/840/840
f 841/841/841 842/842/842 843/843/843
f 843/843/843 844/844/844 841/841/841
f 844/844/844 843/843/843 845/845/845
f 846/846/846 843/843/843 842/842/842
f 843/843/843 846/846/846 847/847/847
f 848/848/848 847/847/847 846/846/846
f 847/847/847 848/848/848 849/849/849
f 849/849/849 850/850/850 847/847/847
f 850/850/850 849/849/849 851/851/851
f 852/852/852 853/853/853 854/854/854
f 854/854/854 853/853/853 855/855/855
f 855/855/855 853/853/853 856/856/856
f 853/853/853 857/857/857 856/856/856
f 856/856/856 857/857/857 858/858/858
f 853/853/853 852/852/852 859/859/859
f 859/859/859 852/852/852 860/860/860
f 860/860/860 861/861/861 859/859/859
f 861/861/861 862/862/862 859/859/859
f 862/862/862 861/861/861 863/863/863
f 864/864/864 865/865/865 866/866/866
f 865/865/865 864/864/864 867/867/867
f 868/868/868 869/869/869 870/870/870
f 869/869/869 868/868/868 871/871/871
f 872/872/872 868/868/868 870/870/870
f 870/870/870 873/873/873 872/872/872
f 874/874/874 875/875/875 876/876/876
f 874/874/874 876/876/876 877/877/877
f 877/877/877 876/876/876 878/878/878
f 879/879/879 877/877/877 878/878/878
f 877/877/877 879/879/879 880/880/880
f 875/875/875 874/874/874 881/881/881
f 881/881/881 874/874/874 882/882/882
f 881/881/881 883/883/883 875/875/875
f 882/882/882 884/884/884 881/881/881
f 883/883/883 881/881/881 885/885/885
f 886/886/886 881/881/881 884/884/884
f 881/881/881 886/886/886 885/885/885
f 887/887/887 888/888/888 889/889/889
f 889/889/889 888/888/888 890/890/890
f 891/891/891 892/892/892 893/893/893
f 893/893/893 892/892/892 894/894/894
f 895/895/895 896/896/896 897/897/897
f 897/897/897 896/896/896 898/898/898
f 895/895/895 897/897/897 899/899/899
f 895/895/895 899/899/899 900/900/900
f 901/901/901 902/902/902 903/903/903
f 902/902/902 901/901/901 904/904/904
f 904/904/904 901/901/901 905/905/905
f 905/905/905 906/906/906 904/904/904
f 907/907/907 908/908/908 909/909/909
f 908/908/908 907/907/907 910/910/910
f 907/907/907 911/911/911 910/910/910
f 907/907/907 912/912/912 911/911/911
f 912/912/912 913/913/913 911/911/911
f 912/912/912 914/914/914 913/913/913
f 915/915/915 916/916/916 917/917/917
f 915/915/915 917/917/917 918/918/918
f 919/919/919 920/920/920 921/921/921
f 920/920/920 919/919/919 922/922/922
f 923/923/923 924/924/924 925/925/925
f 924/924/924 923/923/923 926/926/926
f 927/927/927 928/928/928 929/929/929
f 928/928/928 927/927/927 930/930/930
f 931/931/931 932/932/932 933/933/933
f 932/932/932 931/931/931 934/934/934
f 935/935/935 936/936/936 937/937/937
f 936/936/936 935/935/935 938/938/938
f 939/939/939 940/940/940 941/941/941
f 940/940/940 939/939/939 942/942/942
f 943/943/943 944/944/944 945/945/945
f 943/943/943 945/945/945 946/946/946
f 947/947/947 948/948/948 949/949/949
f 947/947/947 949/949/949 950/950/950
f 951/951/951 952/952/952 953/953/953
f 952/952/952 951/951/951 954/954/954
f 955/955/955 956/956/956 957/957/957
f 956/956/956 955/955/955 958/958/958
f 959/959/959 960/960/960 961/961/961
f 960/960/960 959/959/959 962/962/962
f 963/963/963 964/964/964 965/965/965
f 964/964/964 963/963/963 966/966/966
f 967/967/967 968/968/968 969/969/969
f 968/968/968 967/967/967 970/970/970
f 971/971/971 972/972/972 973/973/973
f 973/973/973 972/972/972 974/974/974
f 975/975/975 976/976/976 977/977/977
f 977/977/977 976/976/976 978/978/978
f 977/977/977 978/978/978 979/979/979
f 979/979/979 978/978/978 980/980/980
f 981/981/981 982/982/982 983/983/983
f 982/982/982 981/981/981 984/984/984
f 985/985/985 986/986/986 987/987/987
f 987/987/987 988/988/988 985/985/985
f 989/989/989 990/990/990 991/991/991
f 990/990/990 992/992/992 991/991/991
f 990/990/990 993/993/993 992/992/992
f 993/993/993 994/994/994 992/992/992
f 995/995/995 996/996/996 997/997/997
f 996/996/996 995/995/995 998/998/998
f 999/999/999 1000/1000/1000 1001/1001/1001
f 1000/1000/1000 999/999/999 1002/1002/1002
f 1003/1003/1003 1000/1000/1000 1002/1002/1002
f 1004/1004/1004 1000/1000/1000 1003/1003/1003
f 1004/1004/1004 1003/1003/1003 1005/1005/1005
f 1006/1006/1006 1004/1004/1004 1005/1005/1005
f 1006/1006/1006 1005/1005/1005 1007/1007/1007
f 1008/1008/1008 1006/1006/1006 1007/1007/1007
f 1008/1008/1008 1007/1007/1007 1009/1009/1009
f 1009/1009/1009 1010/1010/1010 1008/1008/1008
f 1011/1011/1011 1012/1012/1012 1013/1013/1013
f 1012/1012/1012 1011/1011/1011 1014/1014/1014
f 1014/1014/1014 1015/1015/1015 1012/1012/1012
f 1015/1015/1015 1014/1014/1014 1016/1016/1016
f 1016/1016/1016 1017/1017/1017 1015/1015/1015
f 1017/1017/1017 1016/1016/1016 1018/1018/1018
f 1018/1018/1018 1019/1019/1019 1017/1017/1017
f 1019/1019/1019 1018/1018/1018 1020/1020/1020
f 1020/1020/1020 1021/1021/1021 1019/1019/1019
f 1021/1021/1021 1020/1020/1020 1022/1022/1022
f 1023/1023/1023 1024/1024/1024 1025/1025/1025
f 1025/1025/1025 1024/1024/1024 1026/1026/1026
f 1027/1027/1027 1028/1028/1028 1029/1029/1029
f 1028/1028/1028 1030/1030/1030 1031/1031/1031
f 1030/1030/1030 1028/1028/1028 1027/1027/1027
f 1027/1027/1027 1032/1032/1032 1030/1030/1030
f 1032/1032/1032 1027/1027/1027 1033/1033/1033
f 1027/1027/1027 1029/1029/1029 1034/1034/1034
f 1033/1033/1033 1027/1027/1027 1034/1034/1034
f 1029/1029/1029 1035/1035/1035 1034/1034/1034
f 1033/1033/1033 1034/1034/1034 1036/1036/1036
f 1034/1034/1034 1035/1035/1035 1037/1037/1037
f 1037/1037/1037 1036/1036/1036 1034/1034/1034
f 1035/1035/1035 1038/1038/1038 1037/1037/1037
f 1036/1036/1036 1037/1037/1037 1039/1039/1039
f 1037/1037/1037 1038/1038/1038 1040/1040/1040
f 1037/1037/1037 1040/1040/1040 1039/1039/1039
f 1038/1038/1038 1041/1041/1041 1040/1040/1040
f 1039/1039/1039 1040/1040/1040 1042/1042/1042
f 1040/1040/1040 1041/1041/1041 1043/1043/1043
f 1042/1042/1042 1040/1040/1040 1043/1043/1043
f 1042/1042/1042 1043/1043/1043 1044/1044/1044
f 1045/1045/1045 1046/1046/1046 1047/1047/1047
f 1048/1048/1048 1047/1047/1047 1046/1046/1046
f 1046/1046/1046 1045/1045/1045 1049/1049/1049
f 1050/1050/1050 1047/1047/1047 1048/1048/1048
f 1048/1048/1048 1051/1051/1051 1050/1050/1050
f 1050/1050/1050 1052/1052/1052 1047/1047/1047
f 1052/1052/1052 1053/1053/1053 1047/1047/1047
f 1047/1047/1047 1053/1053/1053 1045/1045/1045
f 1054/1054/1054 1045/1045/1045 1053/1053/1053
f 1045/1045/1045 1055/1055/1055 1049/1049/1049
f 1045/1045/1045 1054/1054/1054 1055/1055/1055
f 1049/1049/1049 1055/1055/1055 1056/1056/1056
f 1054/1054/1054 1057/1057/1057 1055/1055/1055
f 1055/1055/1055 1058/1058/1058 1056/1056/1056
f 1055/1055/1055 1057/1057/1057 1058/1058/1058
f 1056/1056/1056 1058/1058/1058 1059/1059/1059
f 1057/1057/1057 1060/1060/1060 1058/1058/1058
f 1058/1058/1058 1061/1061/1061 1059/1059/1059
f 1058/1058/1058 1060/1060/1060 1061/1061/1061
f 1062/1062/1062 1061/1061/1061 1060/1060/1060
f 1063/1063/1063 1064/1064/1064 1065/1065/1065
f 1063/1063/1063 1066/1066/1066 1064/1064/1064
f 1067/1067/1067 1068/1068/1068 1069/1069/1069
f 1068/1068/1068 1067/1067/1067 1070/1070/1070
f 1071/1071/1071 1072/1072/1072 1073/1073/1073
f 1074/1074/1074 1075/1075/1075 1076/1076/1076
f 1077/1077/1077 1078/1078/1078 1079/1079/1079
f 1078/1078/1078 1077/1077/1077 1080/1080/1080
f 1081/1081/1081 1080/1080/1080 1077/1077/1077
f 1080/1080/1080 1081/1081/1081 1082/1082/1082
f 1083/1083/1083 1084/1084/1084 1085/1085/1085
f 1083/1083/1083 1086/1086/1086 1084/1084/1084
f 1087/1087/1087 1088/1088/1088 1089/1089/1089
f 1088/1088/1088 1087/1087/1087 1090/1090/1090
f 1091/1091/1091 1092/1092/1092 1093/1093/1093
f 1094/1094/1094 1095/1095/1095 1096/1096/1096
f 1097/1097/1097 1098/1098/1098 1099/1099/1099
f 1099/1099/1099 1098/1098/1098 1100/1100/1100
f 1099/1099/1099 1100/1100/1100 1101/1101/1101
f 1101/1101/1101 1100/1100/1100 1102/1102/1102
f 1103/1103/1103 1104/1104/1104 1105/1105/1105
f 1104/1104/1104 1103/1103/1103 1106/1106/1106
f 1106/1106/1106 1107/1107/1107 1104/1104/1104
f 1107/1107/1107 1106/1106/1106 1108/1108/1108
f 1107/1107/1107 1108/1108/1108 1109/1109/1109
f 1107/1107/1107 1109/1109/1109 1110/1110/1110
f 1111/1111/1111 1112/1112/1112 1113/1113/1113
f 1112/1112/1112 1111/1111/1111 1114/1114/1114
f 1115/1115/1115 1112/1112/1112 1114/1114/1114
f 1112/1112/1112 1115/1115/1115 1116/1116/1116
f 1115/1115/1115 1117/1117/1117 1116/1116/1116
f 1117/1117/1117 1115/1115/1115 1118/1118/1118
f 1119/1119/1119 1120/1120/1120 1121/1121/1121
f 1121/1121/1121 1120/1120/1120 1122/1122/1122
f 1120/1120/1120 1123/1123/1123 1122/1122/1122
f 1122/1122/1122 1123/1123/1123 1124/1124/1124
f 1125/1125/1125 1126/1126/1126 1127/1127/1127
f 1126/1126/1126 1125/1125/1125 1128/1128/1128
f 1127/1127/1127 1129/1129/1129 1125/1125/1125
f 1129/1129/1129 1127/1127/1127 1130/1130/1130
f 1131/1131/1131 1132/1132/1132 1133/1133/1133
f 1134/1134/1134 1132/1132/1132 1131/1131/1131
f 1135/1135/1135 1136/1136/1136 1137/1137/1137
f 1136/1136/1136 1135/1135/1135 1138/1138/1138
f 1139/1139/1139 1140/1140/1140 1141/1141/1141
f 1140/1140/1140 1139/1139/1139 1142/1142/1142
f 1143/1143/1143 1141/1141/1141 1140/1140/1140
f 1141/1141/1141 1143/1143/1143 1144/1144/1144
f 1145/1145/1145 1139/1139/1139 1141/1141/1141
f 1145/1145/1145 1146/1146/1146 1139/1139/1139
f 1147/1147/1147 1148/1148/1148 1149/1149/1149
f 1148/1148/1148 1147/1147/1147 1150/1150/1150
f 1149/1149/1149 1151/1151/1151 1147/1147/1147
f 1151/1151/1151 1149/1149/1149 1152/1152/1152
f 1153/1153/1153 1147/1147/1147 1151/1151/1151
f 1153/1153/1153 1154/1154/1154 1147/1147/1147
f 1155/1155/1155 1156/1156/1156 1157/1157/1157
f 1156/1156/1156 1155/1155/1155 1158/1158/1158
f 1159/1159/1159 1160/1160/1160 1161/1161/1161
f 1161/1161/1161 1160/1160/1160 1162/1162/1162
f 1163/1163/1163 1164/1164/1164 1165/1165/1165
f 1165/1165/1165 1164/1164/1164 1166/1166/1166
f 1167/1167/1167 1168/1168/1168 1169/1169/1169
f 1169/1169/1169 1168/1168/1168 1170/1170/1170
f 1171/1171/1171 1172/1172/1172 1173/1173/1173
f 1172/1172/1172 1171/1171/1171 1174/1174/1174
f 1175/1175/1175 1176/1176/1176 1177/1177/1177
f 1177/1177/1177 1178/1178/1178 1175/1175/1175
f 1179/1179/1179 1180/1180/1180 1181/1181/1181
f 1181/1181/1181 1182/1182/1182 1179/1179/1179
f 1183/1183/1183 1184/1184/1184 1185/1185/1185
f 1185/1185/1185 1186/1186/1186 1183/1183/1183
f 1187/1187/1187 1188/1188/1188 1189/1189/1189
f 1187/1187/1187 1189/1189/1189 1190/1190/1190
f 1191/1191/1191 1192/1192/1192 1193/1193/1193
f 1192/1192/1192 1191/1191/1191 1194/1194/1194
f 1194/1194/1194 1195/1195/1195 1192/1192/1192
f 1192/1192/1192 1195/1195/1195 1196/1196/1196
f 1197/1197/1197 1193/1193/1193 1192/1192/1192
f 1193/1193/1193 1197/1197/1197 1198/1198/1198
f 1199/1199/1199 1200/1200/1200 1201/1201/1201
f 1200/1200/1200 1199/1199/1199 1202/1202/1202
f 1201/1201/1201 1203/1203/1203 1199/1199/1199
f 1203/1203/1203 1201/1201/1201 1204/1204/1204
f 1201/1201/1201 1205/1205/1205 1204/1204/1204
f 1205/1205/1205 1201/1201/1201 1206/1206/1206
f 1207/1207/1207 1208/1208/1208 1209/1209/1209
f 1209/1209/1209 1210/1210/1210 1207/1207/1207
f 1211/1211/1211 1209/1209/1209 1208/1208/1208
f 1212/1212/1212 1209/1209/1209 1211/1211/1211
f 1213/1213/1213 1212/1212/1212 1211/1211/1211
f 1214/1214/1214 1212/1212/1212 1213/1213/1213
f 1215/1215/1215 1216/1216/1216 1217/1217/1217
f 1216/1216/1216 1215/1215/1215 1218/1218/1218
f 1219/1219/1219 1215/1215/1215 1217/1217/1217
f 1220/1220/1220 1215/1215/1215 1219/1219/1219
f 1221/1221/1221 1220/1220/1220 1219/1219/1219
f 1222/1222/1222 1220/1220/1220 1221/1221/1221
f 1223/1223/1223 1224/1224/1224 1225/1225/1225
f 1223/1223/1223 1225/1225/1225 1226/1226/1226
f 1227/1227/1227 1228/1228/1228 1229/1229/1229
f 1230/1230/1230 1229/1229/1229 1228/1228/1228
f 1231/1231/1231 1232/1232/1232 1233/1233/1233
f 1232/1232/1232 1231/1231/1231 1234/1234/1234
f 1235/1235/1235 1236/1236/1236 1237/1237/1237
f 1236/1236/1236 1235/1235/1235 1238/1238/1238
f 1239/1239/1239 1240/1240/1240 1241/1241/1241
f 1240/1240/1240 1239/1239/1239 1242/1242/1242
f 1243/1243/1243 1244/1244/1244 1245/1245/1245
f 1244/1244/1244 1243/1243/1243 1246/1246/1246
f 1247/1247/1247 1248/1248/1248 1249/1249/1249
f 1250/1250/1250 1249/1249/1249 1248/1248/1248
f 1251/1251/1251 1252/1252/1252 1253/1253/1253
f 1254/1254/1254 1253/1253/1253 1252/1252/1252
f 1255/1255/1255 1256/1256/1256 1257/1257/1257
f 1256/1256/1256 1255/1255/1255 1258/1258/1258
f 1259/1259/1259 1260/1260/1260 1261/1261/1261
f 1260/1260/1260 1259/1259/1259 1262/1262/1262
f 1263/1263/1263 1264/1264/1264 1265/1265/1265
f 1264/1264/1264 1263/1263/1263 1266/1266/1266
f 1267/1267/1267 1268/1268/1268 1269/1269/1269
f 1267/1267/1267 1269/1269/1269 1270/1270/1270
f 1271/1271/1271 1268/1268/1268 1267/1267/1267
f 1268/1268/1268 1271/1271/1271 1272/1272/1272
f 1271/1271/1271 1273/1273/1273 1272/1272/1272
f 1273/1273/1273 1271/1271/1271 1274/1274/1274
f 1275/1275/1275 1276/1276/1276 1277/1277/1277
f 1277/1277/1277 1276/1276/1276 1278/1278/1278
f 1279/1279/1279 1280/1280/1280 1281/1281/1281
f 1279/1279/1279 1281/1281/1281 1282/1282/1282
f 1283/1283/1283 1284/1284/1284 1285/1285/1285
f 1284/1284/1284 1283/1283/1283 1286/1286/1286
f 1287/1287/1287 1288/1288/1288 1289/1289/1289
f 1287/1287/1287 1289/1289/1289 1290/1290/1290
f 1291/1291/1291 1292/1292/1292 1293/1293/1293
f 1292/1292/1292 1291/1291/1291 1294/1294/1294
f 1295/1295/1295 1296/1296/1296 1297/1297/1297
f 1296/1296/1296 1295/1295/1295 1298/1298/1298
f 1299/1299/1299 1300/1300/1300 1301/1301/1301
f 1299/1299/1299 1301/1301/1301 1302/1302/1302
f 1303/1303/1303 1304/1304/1304 1305/1305/1305
f 1304/1304/1304 1303/1303/1303 1306/1306/1306
f 1307/1307/1307 1306/1306/1306 1303/1303/1303
f 1306/1306/1306 1307/1307/1307 1308/1308/1308
f 1309/1309/1309 1308/1308/1308 1307/1307/1307
f 1308/1308/1308 1309/1309/1309 1310/1310/1310
f 1311/1311/1311 1310/1310/1310 1309/1309/1309
f 1310/1310/1310 1311/1311/1311 1312/1312/1312
f 1313/1313/1313 1312/1312/1312 1311/1311/1311
f 1312/1312/1312 1313/1313/1313 1314/1314/1314
f 1315/1315/1315 1314/1314/1314 1313/1313/1313
f 1314/1314/1314 1315/1315/1315 1316/1316/1316
f 1317/1317/1317 1318/1318/1318 1319/1319/1319
f 1317/1317/1317 1319/1319/1319 1320/1320/1320
f 1321/1321/1321 1317/1317/1317 1320/1320/1320
f 1321/1321/1321 1320/1320/1320 1322/1322/1322
f 1323/1323/1323 1321/1321/1321 1322/1322/1322
f 1323/1323/1323 1322/1322/1322 1324/1324/1324
f 1325/1325/1325 1323/1323/1323 1324/1324/1324
f 1325/1325/1325 1324/1324/1324 1326/1326/1326
f 1327/1327/1327 1325/1325/1325 1326/1326/1326
f 1327/1327/1327 1326/1326/1326 1328/1328/1328
f 1329/1329/1329 1327/1327/1327 1328/1328/1328
f 1329/1329/1329 1328/1328/1328 1330/1330/1330
f 1331/1331/1331 1332/1332/1332 1333/1333/1333
f 1331/1331/1331 1333/1333/1333 1334/1334/1334
f 1335/1335/1335 1332/1332/1332 1331/1331/1331
f 1332/1332/1332 1335/1335/1335 1336/1336/1336
f 1335/1335/1335 1337/1337/1337 1336/1336/1336
f 1337/1337/1337 1335/1335/1335 1338/1338/1338
f 1339/1339/1339 1340/1340/1340 1341/1341/1341
f 1340/1340/1340 1339/1339/1339 1342/1342/1342
f 1343/1343/1343 1344/1344/1344 1345/1345/1345
f 1343/1343/1343 1345/1345/1345 1346/1346/1346
f 1347/1347/1347 1348/1348/1348 1349/1349/1349
f 1348/1348/1348 1347/1347/1347 1350/1350/1350
f 1347/1347/1347 1351/1351/1351 1350/1350/1350
f 1347/1347/1347 1352/1352/1352 1351/1351/1351
f 1353/1353/1353 1354/1354/1354 1355/1355/1355
f 1353/1353/1353 1355/1355/1355 1356/1356/1356
f 1357/1357/1357 1358/1358/1358 1359/1359/1359
f 1358/1358/1358 1357/1357/1357 1360/1360/1360
f 1361/1361/1361 1362/1362/1362 1363/1363/1363
f 1363/1363/1363 1364/1364/1364 1361/1361/1361
f 1365/1365/1365 1364/1364/1364 1363/1363/1363
f 1363/1363/1363 1366/1366/1366 1365/1365/1365
f 1364/1364/1364 1365/1365/1365 1367/1367/1367
f 1367/1367/1367 1368/1368/1368 1364/1364/1364
f 1366/1366/1366 1363/1363/1363 1369/1369/1369
f 1363/1363/1363 1362/1362/1362 1369/1369/1369
f 1370/1370/1370 1366/1366/1366 1369/1369/1369
f 1366/1366/1366 1370/1370/1370 1371/1371/1371
f 1372/1372/1372 1371/1371/1371 1370/1370/1370
f 1371/1371/1371 1372/1372/1372 1373/1373/1373
f 1370/1370/1370 1374/1374/1374 1372/1372/1372
f 1369/1369/1369 1375/1375/1375 1370/1370/1370
f 1375/1375/1375 1374/1374/1374 1370/1370/1370
f 1362/1362/1362 1375/1375/1375 1369/1369/1369
f 1375/1375/1375 1376/1376/1376 1374/1374/1374
f 1376/1376/1376 1377/1377/1377 1374/1374/1374
f 1375/1375/1375 1362/1362/1362 1378/1378/1378
f 1378/1378/1378 1376/1376/1376 1375/1375/1375
f 1377/1377/1377 1376/1376/1376 1379/1379/1379
f 1377/1377/1377 1379/1379/1379 1380/1380/1380
f 1376/1376/1376 1381/1381/1381 1379/1379/1379
f 1376/1376/1376 1378/1378/1378 1381/1381/1381
f 1382/1382/1382 1378/1378/1378 1362/1362/1362
f 1382/1382/1382 1381/1381/1381 1378/1378/1378
f 1362/1362/1362 1361/1361/1361 1382/1382/1382
f 1381/1381/1381 1382/1382/1382 1383/1383/1383
f 1384/1384/1384 1383/1383/1383 1382/1382/1382
f 1361/1361/1361 1384/1384/1384 1382/1382/1382
f 1383/1383/1383 1384/1384/1384 1385/1385/1385
f 1384/1384/1384 1386/1386/1386 1385/1385/1385
f 1384/1384/1384 1387/1387/1387 1386/1386/1386
f 1384/1384/1384 1361/1361/1361 1388/1388/1388
f 1387/1387/1387 1384/1384/1384 1388/1388/1388
f 1361/1361/1361 1364/1364/1364 1388/1388/1388
f 1388/1388/1388 1389/1389/1389 1387/1387/1387
f 1390/1390/1390 1388/1388/1388 1364/1364/1364
f 1389/1389/1389 1388/1388/1388 1390/1390/1390
f 1364/1364/1364 1368/1368/1368 1390/1390/1390
f 1391/1391/1391 1389/1389/1389 1390/1390/1390
f 1368/1368/1368 1391/1391/1391 1390/1390/1390
f 1389/1389/1389 1391/1391/1391 1392/1392/1392
f 1391/1391/1391 1368/1368/1368 1393/1393/1393
f 1394/1394/1394 1395/1395/1395 1396/1396/1396
f 1394/1394/1394 1396/1396/1396 1397/1397/1397
f 1398/1398/1398 1399/1399/1399 1400/1400/1400
f 1399/1399/1399 1398/1398/1398 1401/1401/1401
f 1402/1402/1402 1403/1403/1403 1404/1404/1404
f 1405/1405/1405 1404/1404/1404 1403/1403/1403
f 1406/1406/1406 1407/1407/1407 1408/1408/1408
f 1407/1407/1407 1406/1406/1406 1409/1409/1409
f 1410/1410/1410 1411/1411/1411 1412/1412/1412
f 1412/1412/1412 1413/1413/1413 1410/1410/1410
f 1414/1414/1414 1415/1415/1415 1416/1416/1416
f 1414/1414/1414 1416/1416/1416 1417/1417/1417
f 1415/1415/1415 1418/1418/1418 1416/1416/1416
f 1415/1415/1415 1419/1419/1419 1418/1418/1418
f 1419/1419/1419 1420/1420/1420 1418/1418/1418
f 1419/1419/1419 1421/1421/1421 1420/1420/1420
f 1421/1421/1421 1422/1422/1422 1420/1420/1420
f 1421/1421/1421 1423/1423/1423 1422/1422/1422
f 1423/1423/1423 1424/1424/1424 1422/1422/1422
f 1423/1423/1423 1425/1425/1425 1424/1424/1424
f 1426/1426/1426 1424/1424/1424 1425/1425/1425
f 1424/1424/1424 1426/1426/1426 1427/1427/1427
f 1428/1428/1428 1427/1427/1427 1426/1426/1426
f 1427/1427/1427 1428/1428/1428 1429/1429/1429
f 1430/1430/1430 1429/1429/1429 1428/1428/1428
f 1429/1429/1429 1430/1430/1430 1431/1431/1431
f 1432/1432/1432 1431/1431/1431 1430/1430/1430
f 1431/1431/1431 1432/1432/1432 1433/1433/1433
f 1434/1434/1434 1433/1433/1433 1432/1432/1432
f 1433/1433/1433 1434/1434/1434 1435/1435/1435
f 1434/1434/1434 1436/1436/1436 1435/1435/1435
f 1434/1434/1434 1437/1437/1437 1436/1436/1436
f 1437/1437/1437 1438/1438/1438 1436/1436/1436
f 1437/1437/1437 1439/1439/1439 1438/1438/1438
f 1440/1440/1440 1441/1441/1441 1442/1442/1442
f 1441/1441/1441 1440/1440/1440 1443/1443/1443
f 1444/1444/1444 1442/1442/1442 1441/1441/1441
f 1442/1442/1442 1444/1444/1444 1445/1445/1445
f 1446/1446/1446 1447/1447/1447 1448/1448/1448
f 1447/1447/1447 1446/1446/1446 1449/1449/1449
f 1450/1450/1450 1448/1448/1448 1447/1447/1447
f 1448/1448/1448 1450/1450/1450 1451/1451/1451
f 1452/1452/1452 1451/1451/1451 1450/1450/1450
f 1451/1451/1451 1452/1452/1452 1453/1453/1453
f 1454/1454/1454 1453/1453/1453 1452/1452/1452
f 1453/1453/1453 1454/1454/1454 1455/1455/1455
f 1454/1454/1454 1456/1456/1456 1455/1455/1455
f 1456/1456/1456 1454/1454/1454 1457/1457/1457
f 1456/1456/1456 1457/1457/1457 1458/1458/1458
f 1458/1458/1458 1457/1457/1457 1459/1459/1459
f 1458/1458/1458 1459/1459/1459 1460/1460/1460
f 1460/1460/1460 1459/1459/1459 1461/1461/1461
f 1461/1461/1461 1462/1462/1462 1460/1460/1460
f 1462/1462/1462 1461/1461/1461 1463/1463/1463
f 1462/1462/1462 1463/1463/1463 1464/1464/1464
f 1464/1464/1464 1463/1463/1463 1465/1465/1465
f 1464/1464/1464 1465/1465/1465 1466/1466/1466
f 1466/1466/1466 1465/1465/1465 1467/1467/1467
f 1466/1466/1466 1467/1467/1467 1468/1468/1468
f 1468/1468/1468 1467/1467/1467 1469/1469/1469
f 1470/1470/1470 1468/1468/1468 1469/1469/1469
f 1468/1468/1468 1470/1470/1470 1471/1471/1471
f 1472/1472/1472 1473/1473/1473 1474/1474/1474
f 1474/1474/1474 1473/1473/1473 1475/1475/1475
f 1476/1476/1476 1477/1477/1477 1478/1478/1478
f 1478/1478/1478 1477/1477/1477 1479/1479/1479
f 1480/1480/1480 1481/1481/1481 1482/1482/1482
f 1481/1481/1481 1480/1480/1480 1483/1483/1483
f 1484/1484/1484 1480/1480/1480 1482/1482/1482
f 1484/1484/1484 1485/1485/1485 1480/1480/1480
f 1486/1486/1486 1487/1487/1487 1488/1488/1488
f 1487/1487/1487 1486/1486/1486 1489/1489/1489
f 1490/1490/1490 1489/1489/1489 1486/1486/1486
f 1489/1489/1489 1490/1490/1490 1491/1491/1491
f 1492/1492/1492 1491/1491/1491 1490/1490/1490
f 1491/1491/1491 1492/1492/1492 1493/1493/1493
f 1494/1494/1494 1493/1493/1493 1492/1492/1492
f 1493/1493/1493 1494/1494/1494 1495/1495/1495
f 1496/1496/1496 1495/1495/1495 1494/1494/1494
f 1495/1495/1495 1496/1496/1496 1497/1497/1497
f 1496/1496/1496 1498/1498/1498 1497/1497/1497
f 1498/1498/1498 1496/1496/1496 1499/1499/1499
f 1499/1499/1499 1500/1500/1500 1498/1498/1498
f 1500/1500/1500 1499/1499/1499 1501/1501/1501
f 1501/1501/1501 1502/1502/1502 1500/1500/1500
f 1502/1502/1502 1501/1501/1501 1503/1503/1503
f 1503/1503/1503 1504/1504/1504 1502/1502/1502
f 1504/1504/1504 1503/1503/1503 1505/1505/1505
f 1505/1505/1505 1506/1506/1506 1504/1504/1504
f 1506/1506/1506 1505/1505/1505 1507/1507/1507
f 1507/1507/1507 1508/1508/1508 1506/1506/1506
f 1508/1508/1508 1507/1507/1507 1509/1509/1509
f 1510/1510/1510 1508/1508/1508 1509/1509/1509
f 1508/1508/1508 1510/1510/1510 1511/1511/1511
f 1512/1512/1512 1513/1513/1513 1514/1514/1514
f 1514/1514/1514 1513/1513/1513 1515/1515/1515
f 1516/1516/1516 1517/1517/1517 1518/1518/1518
f 1516/1516/1516 1518/1518/1518 1519/1519/1519
f 1520/1520/1520 1521/1521/1521 1522/1522/1522
f 1520/1520/1520 1522/1522/1522 1523/1523/1523
f 1524/1524/1524 1525/1525/1525 1526/1526/1526
f 1525/1525/1525 1524/1524/1524 1527/1527/1527
f 1528/1528/1528 1529/1529/1529 1530/1530/1530
f 1530/1530/1530 1529/1529/1529 1531/1531/1531
f 1532/1532/1532 1533/1533/1533 1534/1534/1534
f 1532/1532/1532 1534/1534/1534 1535/1535/1535
f 1536/1536/1536 1537/1537/1537 1538/1538/1538
f 1536/1536/1536 1538/1538/1538 1539/1539/1539
f 1540/1540/1540 1541/1541/1541 1542/1542/1542
f 1540/1540/1540 1542/1542/1542 1543/1543/1543
f 1543/1543/1543 1542/1542/1542 1544/1544/1544
f 1543/1543/1543 1544/1544/1544 1545/1545/1545
f 1546/1546/1546 1547/1547/1547 1548/1548/1548
f 1546/1546/1546 1548/1548/1548 1549/1549/1549
f 1550/1550/1550 1551/1551/1551 1552/1552/1552
f 1551/1551/1551 1550/1550/1550 1553/1553/1553
f 1554/1554/1554 1555/1555/1555 1556/1556/1556
f 1557/1557/1557 1556/1556/1556 1555/1555/1555
f 1558/1558/1558 1559/1559/1559 1560/1560/1560
f 1561/1561/1561 1560/1560/1560 1559/1559/1559
f 1562/1562/1562 1563/1563/1563 1564/1564/1564
f 1564/1564/1564 1563/1563/1563 1565/1565/1565
f 1566/1566/1566 1567/1567/1567 1568/1568/1568
f 1568/1568/1568 1567/1567/1567 1569/1569/1569
f 1570/1570/1570 1571/1571/1571 1572/1572/1572
f 1572/1572/1572 1571/1571/1571 1573/1573/1573
f 1574/1574/1574 1575/1575/1575 1576/1576/1576
f 1575/1575/1575 1574/1574/1574 1577/1577/1577
f 1578/1578/1578 1576/1576/1576 1575/1575/1575
f 1576/1576/1576 1578/1578/1578 1579/1579/1579
f 1580/1580/1580 1581/1581/1581 1582/1582/1582
f 1580/1580/1580 1582/1582/1582 1583/1583/1583
f 1581/1581/1581 1584/1584/1584 1582/1582/1582
f 1581/1581/1581 1585/1585/1585 1584/1584/1584
f 1586/1586/1586 1587/1587/1587 1588/1588/1588
f 1587/1587/1587 1586/1586/1586 1589/1589/1589
f 1590/1590/1590 1588/1588/1588 1587/1587/1587
f 1588/1588/1588 1590/1590/1590 1591/1591/1591
f 1592/1592/1592 1593/1593/1593 1594/1594/1594
f 1592/1592/1592 1594/1594/1594 1595/1595/1595
f 1596/1596/1596 1597/1597/1597 1598/1598/1598
f 1596/1596/1596 1598/1598/1598 1599/1599/1599
f 1597/1597/1597 1600/1600/1600 1598/1598/1598
f 1601/1601/1601 1600/1600/1600 1597/1597/1597
f 1602/1602/1602 1603/1603/1603 1604/1604/1604
f 1602/1602/1602 1604/1604/1604 1605/1605/1605
f 1606/1606/1606 1607/1607/1607 1608/1608/1608
f 1607/1607/1607 1606/1606/1606 1609/1609/1609
f 1610/1610/1610 1611/1611/1611 1612/1612/1612
f 1611/1611/1611 1610/1610/1610 1613/1613/1613
f 1614/1614/1614 1612/1612/1612 1611/1611/1611
f 1612/1612/1612 1614/1614/1614 1615/1615/1615
f 1616/1616/1616 1617/1617/1617 1618/1618/1618
f 1617/1617/1617 1616/1616/1616 1619/1619/1619
f 1620/1620/1620 1621/1621/1621 1622/1622/1622
f 1622/1622/1622 1621/1621/1621 1623/1623/1623
f 1624/1624/1624 1625/1625/1625 1626/1626/1626
f 1626/1626/1626 1625/1625/1625 1627/1627/1627
f 1628/1628/1628 1629/1629/1629 1630/1630/1630
f 1630/1630/1630 1629/1629/1629 1631/1631/1631
f 1632/1632/1632 1633/1633/1633 1634/1634/1634
f 1634/1634/1634 1633/1633/1633 1635/1635/1635
f 1636/1636/1636 1637/1637/1637 1638/1638/1638
f 1637/1637/1637 1636/1636/1636 1639/1639/1639
f 1640/1640/1640 1641/1641/1641 1642/1642/1642
f 1641/1641/1641 1640/1640/1640 1643/1643/1643
f 1644/1644/1644 1642/1642/1642 1641/1641/1641
f 1642/1642/1642 1644/1644/1644 1645/1645/1645
f 1646/1646/1646 1647/1647/1647 1648/1648/1648
f 1647/1647/1647 1646/1646/1646 1649/1649/1649
f 1650/1650/1650 1651/1651/1651 1652/1652/1652
f 1651/1651/1651 1650/1650/1650 1653/1653/1653
f 1653/1653/1653 1654/1654/1654 1651/1651/1651
f 1654/1654/1654 1653/1653/1653 1655/1655/1655
f 1655/1655/1655 1656/1656/1656 1654/1654/1654
f 1656/1656/1656 1655/1655/1655 1657/1657/1657
f 1658/1658/1658 1659/1659/1659 1660/1660/1660
f 1659/1659/1659 1658/1658/1658 1661/1661/1661
f 1662/1662/1662 1661/1661/1661 1658/1658/1658
f 1661/1661/1661 1662/1662/1662 1663/1663/1663
f 1662/1662/1662 1664/1664/1664 1663/1663/1663
f 1664/1664/1664 1662/1662/1662 1665/1665/1665
f 1666/1666/1666 1667/1667/1667 1668/1668/1668
f 1667/1667/1667 1666/1666/1666 1669/1669/1669
f 1670/1670/1670 1668/1668/1668 1667/1667/1667
f 1668/1668/1668 1670/1670/1670 1671/1671/1671
f 1672/1672/1672 1671/1671/1671 1670/1670/1670
f 1671/1671/1671 1672/1672/1672 1673/1673/1673
f 1674/1674/1674 1675/1675/1675 1676/1676/1676
f 1676/1676/1676 1675/1675/1675 1677/1677/1677
f 1678/1678/1678 1674/1674/1674 1676/1676/1676
f 1678/1678/1678 1679/1679/1679 1674/1674/1674
f 1680/1680/1680 1681/1681/1681 1682/1682/1682
f 1682/1682/1682 1681/1681/1681 1683/1683/1683
f 1684/1684/1684 1685/1685/1685 1686/1686/1686
f 1687/1687/1687 1688/1688/1688 1689/1689/1689
f 1688/1688/1688 1690/1690/1690 1689/1689/1689
f 1687/1687/1687 1691/1691/1691 1688/1688/1688
f 1692/1692/1692 1687/1687/1687 1689/1689/1689
f 1693/1693/1693 1691/1691/1691 1687/1687/1687
f 1694/1694/1694 1687/1687/1687 1692/1692/1692
f 1694/1694/1694 1693/1693/1693 1687/1687/1687
f 1695/1695/1695 1694/1694/1694 1692/1692/1692
f 1696/1696/1696 1693/1693/1693 1694/1694/1694
f 1697/1697/1697 1696/1696/1696 1694/1694/1694
f 1698/1698/1698 1697/1697/1697 1695/1695/1695
f 1699/1699/1699 1693/1693/1693 1696/1696/1696
f 1693/1693/1693 1699/1699/1699 1700/1700/1700
f 1701/1701/1701 1700/1700/1700 1699/1699/1699
f 1701/1701/1701 1702/1702/1702 1700/1700/1700
f 1703/1703/1703 1701/1701/1701 1699/1699/1699
f 1703/1703/1703 1699/1699/1699 1704/1704/1704
f 1696/1696/1696 1704/1704/1704 1699/1699/1699
f 1705/1705/1705 1703/1703/1703 1704/1704/1704
f 1697/1697/1697 1706/1706/1706 1696/1696/1696
f 1704/1704/1704 1696/1696/1696 1706/1706/1706
f 1705/1705/1705 1704/1704/1704 1707/1707/1707
f 1706/1706/1706 1707/1707/1707 1704/1704/1704
f 1708/1708/1708 1705/1705/1705 1707/1707/1707
f 1709/1709/1709 1706/1706/1706 1697/1697/1697
f 1709/1709/1709 1697/1697/1697 1698/1698/1698
f 1710/1710/1710 1709/1709/1709 1698/1698/1698
f 1711/1711/1711 1706/1706/1706 1709/1709/1709
f 1707/1707/1707 1706/1706/1706 1711/1711/1711
f 1709/1709/1709 1710/1710/1710 1712/1712/1712
f 1712/1712/1712 1711/1711/1711 1709/1709/1709
f 1713/1713/1713 1712/1712/1712 1710/1710/1710
f 1712/1712/1712 1713/1713/1713 1714/1714/1714
f 1708/1708/1708 1707/1707/1707 1715/1715/1715
f 1711/1711/1711 1715/1715/1715 1707/1707/1707
f 1708/1708/1708 1715/1715/1715 1716/1716/1716
f 1716/1716/1716 1715/1715/1715 1717/1717/1717
f 1715/1715/1715 1711/1711/1711 1718/1718/1718
f 1718/1718/1718 1711/1711/1711 1712/1712/1712
f 1718/1718/1718 1717/1717/1717 1715/1715/1715
f 1714/1714/1714 1718/1718/1718 1712/1712/1712
f 1717/1717/1717 1718/1718/1718 1719/1719/1719
f 1714/1714/1714 1719/1719/1719 1718/1718/1718
f 1720/1720/1720 1721/1721/1721 1722/1722/1722
f 1722/1722/1722 1721/1721/1721 1723/1723/1723
f 1724/1724/1724 1725/1725/1725 1726/1726/1726
f 1724/1724/1724 1726/1726/1726 1727/1727/1727
f 1728/1728/1728 1729/1729/1729 1730/1730/1730
f 1728/1728/1728 1730/1730/1730 1731/1731/1731
f 1732/1732/1732 1733/1733/1733 1734/1734/1734
f 1732/1732/1732 1734/1734/1734 1735/1735/1735
f 1736/1736/1736 1737/1737/1737 1738/1738/1738
f 1738/1738/1738 1737/1737/1737 1739/1739/1739
f 1740/1740/1740 1741/1741/1741 1742/1742/1742
f 1742/1742/1742 1741/1741/1741 1743/1743/1743
f 1744/1744/1744 1745/1745/1745 1746/1746/1746
f 1747/1747/1747 1746/1746/1746 1745/1745/1745
f 1748/1748/1748 1749/1749/1749 1750/1750/1750
f 1749/1749/1749 1748/1748/1748 1751/1751/1751
f 1752/1752/1752 1753/1753/1753 1754/1754/1754
f 1752/1752/1752 1754/1754/1754 1755/1755/1755
f 1756/1756/1756 1757/1757/1757 1758/1758/1758
f 1756/1756/1756 1758/1758/1758 1759/1759/1759
f 1760/1760/1760 1761/1761/1761 1762/1762/1762
f 1760/1760/1760 1762/1762/1762 1763/1763/1763
f 1764/1764/1764 1765/1765/1765 1766/1766/1766
f 1765/1765/1765 1764/1764/1764 1767/1767/1767
f 1768/1768/1768 1769/1769/1769 1770/1770/1770
f 1769/1769/1769 1768/1768/1768 1771/1771/1771
f 1772/1772/1772 1773/1773/1773 1774/1774/1774
f 1772/1772/1772 1774/1774/1774 1775/1775/1775
f 1776/1776/1776 1777/1777/1777 1778/1778/1778
f 1776/1776/1776 1778/1778/1778 1779/1779/1779
f 1780/1780/1780 1781/1781/1781 1782/1782/1782
f 1783/1783/1783 1782/1782/1782 1781/1781/1781
f 1784/1784/1784 1785/1785/1785 1786/1786/1786
f 1787/1787/1787 1786/1786/1786 1785/1785/1785
f 1788/1788/1788 1789/1789/1789 1790/1790/1790
f 1789/1789/1789 1788/1788/1788 1791/1791/1791
f 1792/1792/1792 1793/1793/1793 1794/1794/1794
f 1793/1793/1793 1792/1792/1792 1795/1795/1795
f 1796/1796/1796 1797/1797/1797 1798/1798/1798
f 1796/1796/1796 1798/1798/1798 1799/1799/1799
f 1800/1800/1800 1801/1801/1801 1802/1802/1802
f 1801/1801/1801 1800/1800/1800 1803/1803/1803
f 1801/1801/1801 1804/1804/1804 1802/1802/1802
f 1804/1804/1804 1801/1801/1801 1805/1805/1805
f 1806/1806/1806 1807/1807/1807 1808/1808/1808
f 1808/1808/1808 1807/1807/1807 1809/1809/1809
f 1810/1810/1810 1811/1811/1811 1812/1812/1812
f 1811/1811/1811 1810/1810/1810 1813/1813/1813
f 1814/1814/1814 1811/1811/1811 1815/1815/1815
f 1816/1816/1816 1817/1817/1817 1818/1818/1818
f 1819/1819/1819 1818/1818/1818 1817/1817/1817
f 1820/1820/1820 1819/1819/1819 1817/1817/1817
f 1820/1820/1820 1817/1817/1817 1821/1821/1821
f 1822/1822/1822 1823/1823/1823 1824/1824/1824
f 1825/1825/1825 1826/1826/1826 1827/1827/1827
f 1825/1825/1825 1827/1827/1827 1828/1828/1828
f 1829/1829/1829 1830/1830/1830 1831/1831/1831
f 1829/1829/1829 1831/1831/1831 1832/1832/1832
f 1833/1833/1833 1834/1834/1834 1835/1835/1835
f 1834/1834/1834 1833/1833/1833 1836/1836/1836
f 1837/1837/1837 1838/1838/1838 1839/1839/1839
f 1838/1838/1838 1837/1837/1837 1840/1840/1840
f 1841/1841/1841 1842/1842/1842 1843/1843/1843
f 1841/1841/1841 1843/1843/1843 1844/1844/1844
f 1845/1845/1845 1842/1842/1842 1841/1841/1841
f 1846/1846/1846 1842/1842/1842 1845/1845/1845
f 1842/1842/1842 1847/1847/1847 1843/1843/1843
f 1842/1842/1842 1848/1848/1848 1847/1847/1847
f 1848/1848/1848 1849/1849/1849 1847/1847/1847
f 1848/1848/1848 1850/1850/1850 1849/1849/1849
f 1851/1851/1851 1850/1850/1850 1848/1848/1848
f 1852/1852/1852 1850/1850/1850 1851/1851/1851
f 1850/1850/1850 1853/1853/1853 1849/1849/1849
f 1853/1853/1853 1854/1854/1854 1849/1849/1849
f 1854/1854/1854 1853/1853/1853 1855/1855/1855
f 1850/1850/1850 1856/1856/1856 1853/1853/1853
f 1852/1852/1852 1856/1856/1856 1850/1850/1850
f 1857/1857/1857 1856/1856/1856 1852/1852/1852
f 1858/1858/1858 1859/1859/1859 1860/1860/1860
f 1860/1860/1860 1861/1861/1861 1858/1858/1858
f 1862/1862/1862 1860/1860/1860 1859/1859/1859
f 1862/1862/1862 1863/1863/1863 1860/1860/1860
f 1864/1864/1864 1863/1863/1863 1862/1862/1862
f 1865/1865/1865 1863/1863/1863 1864/1864/1864
f 1866/1866/1866 1867/1867/1867 1868/1868/1868
f 1867/1867/1867 1866/1866/1866 1869/1869/1869
f 1870/1870/1870 1871/1871/1871 1872/1872/1872
f 1870/1870/1870 1872/1872/1872 1873/1873/1873
f 1874/1874/1874 1875/1875/1875 1876/1876/1876
f 1875/1875/1875 1874/1874/1874 1877/1877/1877
f 1877/1877/1877 1878/1878/1878 1875/1875/1875
f 1875/1875/1875 1878/1878/1878 1879/1879/1879
f 1878/1878/1878 1880/1880/1880 1879/1879/1879
f 1879/1879/1879 1880/1880/1880 1881/1881/1881
f 1880/1880/1880 1882/1882/1882 1881/1881/1881
f 1881/1881/1881 1882/1882/1882 1883/1883/1883
f 1882/1882/1882 1884/1884/1884 1883/1883/1883
f 1883/1883/1883 1884/1884/1884 1885/1885/1885
f 1886/1886/1886 1887/1887/1887 1888/1888/1888
f 1888/1888/1888 1887/1887/1887 1889/1889/1889
f 1890/1890/1890 1891/1891/1891 1892/1892/1892
f 1891/1891/1891 1890/1890/1890 1893/1893/1893
f 1894/1894/1894 1895/1895/1895 1896/1896/1896
f 1894/1894/1894 1896/1896/1896 1897/1897/1897
f 1898/1898/1898 1899/1899/1899 1900/1900/1900
f 1899/1899/1899 1898/1898/1898 1901/1901/1901
f 1901/1901/1901 1898/1898/1898 1902/1902/1902
f 1903/1903/1903 1899/1899/1899 1901/1901/1901
f 1899/1899/1899 1903/1903/1903 1904/1904/1904
f 1903/1903/1903 1901/1901/1901 1905/1905/1905
f 1906/1906/1906 1907/1907/1907 1908/1908/1908
f 1907/1907/1907 1906/1906/1906 1909/1909/1909
f 1910/1910/1910 1909/1909/1909 1906/1906/1906
f 1909/1909/1909 1910/1910/1910 1911/1911/1911
f 1912/1912/1912 1911/1911/1911 1910/1910/1910
f 1911/1911/1911 1912/1912/1912 1913/1913/1913
f 1914/1914/1914 1913/1913/1913 1912/1912/1912
f 1913/1913/1913 1914/1914/1914 1915/1915/1915
f 1916/1916/1916 1915/1915/1915 1914/1914/1914
f 1915/1915/1915 1916/1916/1916 1917/1917/1917
f 1916/1916/1916 1918/1918/1918 1917/1917/1917
f 1918/1918/1918 1916/1916/1916 1919/1919/1919
f 1919/1919/1919 1920/1920/1920 1918/1918/1918
f 1920/1920/1920 1919/1919/1919 1921/1921/1921
f 1922/1922/1922 1920/1920/1920 1921/1921/1921
f 1920/1920/1920 1922/1922/1922 1923/1923/1923
f 1922/1922/1922 1924/1924/1924 1923/1923/1923
f 1924/1924/1924 1922/1922/1922 1925/1925/1925
f 1925/1925/1925 1926/1926/1926 1924/1924/1924
f 1926/1926/1926 1925/1925/1925 1927/1927/1927
f 1927/1927/1927 1928/1928/1928 1926/1926/1926
f 1928/1928/1928 1927/1927/1927 1929/1929/1929
f 1930/1930/1930 1928/1928/1928 1929/1929/1929
f 1928/1928/1928 1930/1930/1930 1931/1931/1931
f 1932/1932/1932 1933/1933/1933 1934/1934/1934
f 1933/1933/1933 1932/1932/1932 1935/1935/1935
f 1936/1936/1936 1937/1937/1937 1938/1938/1938
f 1938/1938/1938 1937/1937/1937 1939/1939/1939
f 1938/1938/1938 1939/1939/1939 1940/1940/1940
f 1938/1938/1938 1940/1940/1940 1941/1941/1941
f 1938/1938/1938 1941/1941/1941 1942/1942/1942
f 1943/1943/1943 1944/1944/1944 1945/1945/1945
f 1943/1943/1943 1946/1946/1946 1944/1944/1944
f 1946/1946/1946 1943/1943/1943 1947/1947/1947
f 1943/1943/1943 1948/1948/1948 1947/1947/1947
f 1948/1948/1948 1943/1943/1943 1949/1949/1949
f 1950/1950/1950 1951/1951/1951 1952/1952/1952
f 1951/1951/1951 1950/1950/1950 1953/1953/1953
f 1954/1954/1954 1955/1955/1955 1956/1956/1956
f 1955/1955/1955 1954/1954/1954 1957/1957/1957
f 1958/1958/1958 1959/1959/1959 1960/1960/1960
f 1961/1961/1961 1960/1960/1960 1959/1959/1959
f 1962/1962/1962 1963/1963/1963 1964/1964/1964
f 1962/1962/1962 1964/1964/1964 1965/1965/1965
f 1966/1966/1966 1963/1963/1963 1962/1962/1962
f 1963/1963/1963 1966/1966/1966 1967/1967/1967
f 1962/1962/1962 1968/1968/1968 1966/1966/1966
f 1969/1969/1969 1968/1968/1968 1962/1962/1962
f 1968/1968/1968 1969/1969/1969 1970/1970/1970
f 1966/1966/1966 1968/1968/1968 1971/1971/1971
f 1971/1971/1971 1972/1972/1972 1966/1966/1966
f 1972/1972/1972 1971/1971/1971 1973/1973/1973
f 1974/1974/1974 1975/1975/1975 1976/1976/1976
f 1974/1974/1974 1976/1976/1976 1977/1977/1977
f 1978/1978/1978 1979/1979/1979 1980/1980/1980
f 1979/1979/1979 1978/1978/1978 1981/1981/1981
f 1982/1982/1982 1983/1983/1983 1984/1984/1984
f 1984/1984/1984 1983/1983/1983 1985/1985/1985
f 1986/1986/1986 1987/1987/1987 1988/1988/1988
f 1987/1987/1987 1986/1986/1986 1989/1989/1989
f 1990/1990/1990 1991/1991/1991 1992/1992/1992
f 1990/1990/1990 1992/1992/1992 1993/1993/1993
f 1994/1994/1994 1995/1995/1995 1996/1996/1996
f 1995/1995/1995 1994/1994/1994 1997/1997/1997
f 1997/1997/1997 1998/1998/1998 1995/1995/1995
f 1998/1998/1998 1997/1997/1997 1999/1999/1999
f 2000/2000/2000 2001/2001/2001 2002/2002/2002
f 2000/2000/2000 2002/2002/2002 2003/2003/2003
f 2004/2004/2004 2005/2005/2005 2006/2006/2006
f 2005/2005/2005 2004/2004/2004 2007/2007/2007
f 2008/2008/2008 2009/2009/2009 2010/2010/2010
f 2010/2010/2010 2009/2009/2009 2011/2011/2011
f 2009/2009/2009 2008/2008/2008 2012/2012/2012
f 2013/2013/2013 2008/2008/2008 2010/2010/2010
f 2008/2008/2008 2014/2014/2014 2012/2012/2012
f 2012/2012/2012 2014/2014/2014 2015/2015/2015
f 2014/2014/2014 2008/2008/2008 2016/2016/2016
f 2017/2017/2017 2008/2008/2008 2013/2013/2013
f 2008/2008/2008 2017/2017/2017 2018/2018/2018
f 2017/2017/2017 2013/2013/2013 2019/2019/2019
f 2020/2020/2020 2021/2021/2021 2022/2022/2022
f 2023/2023/2023 2024/2024/2024 2025/2025/2025
f 2026/2026/2026 2025/2025/2025 2024/2024/2024
f 2025/2025/2025 2026/2026/2026 2027/2027/2027
f 2028/2028/2028 2029/2029/2029 2030/2030/2030
f 2029/2029/2029 2028/2028/2028 2031/2031/2031
f 2032/2032/2032 2028/2028/2028 2030/2030/2030
f 2033/2033/2033 2034/2034/2034 2035/2035/2035
f 2036/2036/2036 2037/2037/2037 2038/2038/2038
f 2037/2037/2037 2036/2036/2036 2039/2039/2039
f 2040/2040/2040 2041/2041/2041 2042/2042/2042
f 2042/2042/2042 2043/2043/2043 2040/2040/2040
f 2044/2044/2044 2045/2045/2045 2046/2046/2046
f 2045/2045/2045 2044/2044/2044 2047/2047/2047
f 2048/2048/2048 2046/2046/2046 2045/2045/2045
f 2046/2046/2046 2048/2048/2048 2049/2049/2049
f 2050/2050/2050 2051/2051/2051 2052/2052/2052
f 2052/2052/2052 2051/2051/2051 2053/2053/2053
f 2050/2050/2050 2054/2054/2054 2051/2051/2051
f 2055/2055/2055 2054/2054/2054 2050/2050/2050
f 2056/2056/2056 2057/2057/2057 2058/2058/2058
f 2057/2057/2057 2056/2056/2056 2059/2059/2059
f 2060/2060/2060 2061/2061/2061 2062/2062/2062
f 2061/2061/2061 2060/2060/2060 2063/2063/2063
f 2064/2064/2064 2065/2065/2065 2066/2066/2066
f 2064/2064/2064 2067/2067/2067 2065/2065/2065
f 2068/2068/2068 2069/2069/2069 2070/2070/2070
f 2069/2069/2069 2068/2068/2068 2071/2071/2071