o Mesh
v 1.0223371982574463 3.723745107650757 25
v 1.0223371982574463 4.312342166900635 25
v 0.017539864405989647 4.728542804718018 25
v 1.0808769464492798 4.0180439949035645 25
v 0.6061365604400635 4.728542804718018 25
v 0.85563063621521 4.561836242675781 25
v 0.31183820962905884 4.787082672119141 25
v 0.6061365604400635 3.307544708251953 25
v 0.85563063621521 3.4742510318756104 25
v 0.017539864405989647 3.307544708251953 25
v 0.31183820962905884 3.2490053176879883 25
v -0.398660808801651 4.312342166900635 25
v -0.23195421695709229 4.561836242675781 25
v -0.398660808801651 3.723745107650757 25
v -0.23195421695709229 3.4742510318756104 25
v -0.45720046758651733 4.0180439949035645 25
v -1.1449917554855347 4.047109127044678 -24.850345611572266
v 0.31183820962905884 5.494298458099365 -25
v -1.1727898120880127 1.3157942295074463 -24.56789207458496
v -0.7182961702346802 5.0704264640808105 -24.956167221069336
v -1.0340971946716309 4.600924491882324 -24.907615661621094
v -0.24566654860973358 5.384137153625488 -24.98860740661621
v 0.31183820962905884 -3.0898454189300537 -24.1122989654541
v -0.9534097909927368 -0.5490861535072327 -24.375041961669922
v -0.7888399362564087 -1.7403855323791504 -24.251848220825195
v -0.4439503252506256 -2.8657801151275635 -24.135469436645508
v 0.31183820962905884 5.494298458099365 -25
v 1.7964661121368408 1.3157942295074463 -24.56789207458496
v 0.31183820962905884 -3.0898454189300537 -24.1122989654541
v 1.577086329460144 -0.5490861535072327 -24.375041961669922
v 1.4125163555145264 -1.7403855323791504 -24.251848220825195
v 1.0676268339157104 -2.8657801151275635 -24.135469436645508
v 1.768668293952942 4.047109127044678 -24.850345611572266
v 1.3419727087020874 5.0704264640808105 -24.956167221069336
v 1.657773733139038 4.600924491882324 -24.907615661621094
v 0.8693429827690125 5.384137153625488 -24.98860740661621
v -0.8468660116195679 3.5974488258361816 -24.434633255004883
v 1.470542550086975 3.5974488258361816 -24.434633255004883
v 0.7917892932891846 2.9186959266662598 -24.434633255004883
v 1.1986721754074097 3.190565586090088 -24.434633255004883
v -0.1681128591299057 2.9186959266662598 -24.434633255004883
v 0.31183820962905884 2.8232271671295166 -24.434633255004883
v -0.5749956965446472 3.190565586090088 -24.434633255004883
v 1.470542550086975 4.557351112365723 -24.434633255004883
v 1.56601083278656 4.077400207519531 -24.434633255004883
v -0.8468660116195679 4.557351112365723 -24.434633255004883
v -0.9423342943191528 4.077400207519531 -24.434633255004883
v 0.7917892932891846 5.236104488372803 -24.434633255004883
v 1.1986721754074097 4.964233875274658 -24.434633255004883
v -0.1681128591299057 5.236104488372803 -24.434633255004883
v -0.5749956965446472 4.964233875274658 -24.434633255004883
v 0.31183820962905884 5.33157205581665 -24.434633255004883
v 0.6523772478103638 -0.9060811400413513 -23.97286605834961
v -0.02870083414018154 -2.7111852169036865 -23.697877883911133
v -0.02870083414018154 -0.9060811400413513 -23.97286605834961
v 0.6523772478103638 -2.7111852169036865 -23.697877883911133
v 0.4679831564426422 3.730390787124634 -24.18513298034668
v 0.15569327771663666 -0.9753808379173279 -23.828472137451172
v 0.15569327771663666 3.730390787124634 -24.18513298034668
v 0.4679831564426422 -0.9753808379173279 -23.828472137451172
v 0.8701369166374207 4.249298572540283 22.160648345947266
v -0.24646040797233582 4.249298572540283 22.160648345947266
v -0.11546507477760315 3.590740442276001 22.160648345947266
v -0.24646040797233582 3.7867889404296875 22.160648345947266
v -0.2924599349498749 4.018043041229248 22.160648345947266
v 0.08058331161737442 4.576342582702637 22.160648345947266
v -0.11546507477760315 4.445346832275391 22.160648345947266
v 0.5430930852890015 4.576342582702637 22.160648345947266
v 0.31183820962905884 4.622341632843018 22.160648345947266
v 0.7391415238380432 4.445346832275391 22.160648345947266
v 0.7391415238380432 3.590740442276001 22.160648345947266
v 0.8701369166374207 3.7867889404296875 22.160648345947266
v 0.9161363840103149 4.018043041229248 22.160648345947266
v 0.5430930852890015 3.459744691848755 22.160648345947266
v 0.08058331161737442 3.459744691848755 22.160648345947266
v 0.31183820962905884 3.413745641708374 22.160648345947266
v 0.8455846309661865 0.07708844542503357 -20.655271530151367
v -0.22190816700458527 -1.2201695442199707 -20.554533004760742
v -0.22190816700458527 0.07708844542503357 -20.655271530151367
v 0.8455846309661865 -1.2201695442199707 -20.554533004760742
v -0.08207862079143524 5.220951080322266 17.31630516052246
v 0.0328405536711216 4.7943267822265625 17.31630516052246
v 0.0328405536711216 5.220951080322266 17.31630516052246
v -0.08207862079143524 4.7943267822265625 17.31630516052246
v 0.014357772655785084 7.797818660736084 17.31630516052246
v 0.014357772655785084 7.344461441040039 17.31630516052246
v 0.12927691638469696 7.797816753387451 17.31630516052246
v 0.12927691638469696 7.344461441040039 17.31630516052246
v 0.014357772655785084 7.344461441040039 17.31630516052246
v 0.0328405536711216 5.220951080322266 17.31630516052246
v 0.12927691638469696 7.344461441040039 17.31630516052246
v -0.08207862079143524 5.220951080322266 17.31630516052246
v 0.0328405536711216 5.220951080322266 17.31630516052246
v 0.31183820962905884 4.7943267822265625 17.31630516052246
v 0.31183820962905884 5.220951080322266 17.31630516052246
v 0.0328405536711216 4.7943267822265625 17.31630516052246
v 0.0328405536711216 4.523841381072998 17.31630516052246
v 0.31183820962905884 4.523841381072998 17.31630516052246
v 0.5908359289169312 4.523841381072998 17.31630516052246
v 0.5908359289169312 4.7943267822265625 17.31630516052246
v 0.12927691638469696 7.344461441040039 17.31630516052246
v 0.31183820962905884 5.220951080322266 17.31630516052246
v 0.31183820962905884 7.344461441040039 17.31630516052246
v 0.0328405536711216 5.220951080322266 17.31630516052246
v 0.4943995177745819 7.344461441040039 17.31630516052246
v 0.5908359289169312 5.220951080322266 17.31630516052246
v 0.12927691638469696 7.797816753387451 17.31630516052246
v 0.31183820962905884 7.344461441040039 17.31630516052246
v 0.31183820962905884 7.797818660736084 17.31630516052246
v 0.12927691638469696 7.344461441040039 17.31630516052246
v 0.4943995177745819 7.797816753387451 17.31630516052246
v 0.4943995177745819 7.344461441040039 17.31630516052246
v -0.08207862079143524 4.7943267822265625 17.31630516052246
v 0.0328405536711216 4.523841381072998 17.31630516052246
v 0.0328405536711216 4.7943267822265625 17.31630516052246
v -0.08207862079143524 4.523840427398682 17.31630516052246
v 0.31183820962905884 4.523841381072998 17.31630516052246
v 0.040197208523750305 4.3065056800842285 17.31630516052246
v 0.31183820962905884 4.3065056800842285 17.31630516052246
v 0.0328405536711216 4.523841381072998 17.31630516052246
v 0.31183820962905884 4.018044948577881 17.31630516052246
v 0.05491059646010399 3.7684733867645264 17.31630516052246
v 0.31183820962905884 3.7684733867645264 17.31630516052246
v 0.04755391553044319 4.0180439949035645 17.31630516052246
v 0.31183820962905884 3.7684733867645264 17.31630516052246
v 0.06226730719208717 3.4155263900756836 17.31630516052246
v 0.31183820962905884 3.3658833503723145 17.31630516052246
v 0.05491059646010399 3.7684733867645264 17.31630516052246
v 0.05491059646010399 3.7684733867645264 17.31630516052246
v -0.14930865168571472 3.556896686553955 17.31630516052246
v 0.06226730719208717 3.4155263900756836 17.31630516052246
v -0.2906791865825653 3.76847243309021 17.31630516052246
v 0.04755391553044319 4.0180439949035645 17.31630516052246
v -0.3403218984603882 4.0180439949035645 17.31630516052246
v -0.2906791865825653 3.76847243309021 17.31630516052246
v 0.05491059646010399 3.7684733867645264 17.31630516052246
v 0.31183820962905884 4.3065056800842285 17.31630516052246
v 0.04755391553044319 4.0180439949035645 17.31630516052246
v 0.31183820962905884 4.018044948577881 17.31630516052246
v 0.04755391553044319 4.0180439949035645 17.31630516052246
v 0.31183820962905884 4.3065056800842285 17.31630516052246
v 0.040197208523750305 4.3065056800842285 17.31630516052246
v -0.25901681184768677 4.3065056800842285 17.31630516052246
v 0.04755391553044319 4.0180439949035645 17.31630516052246
v 0.040197208523750305 4.3065056800842285 17.31630516052246
v -0.3403218984603882 4.0180439949035645 17.31630516052246
v 0.040197208523750305 4.3065056800842285 17.31630516052246
v 0.0328405536711216 4.523841381072998 17.31630516052246
v -0.08207862079143524 4.523840427398682 17.31630516052246
v -0.25901681184768677 4.3065056800842285 17.31630516052246
v 0.5908359289169312 5.220951080322266 17.31630516052246
v 0.5908359289169312 4.7943267822265625 17.31630516052246
v 0.7057550549507141 5.220951080322266 17.31630516052246
v 0.7057550549507141 4.7943267822265625 17.31630516052246
v 0.4943995177745819 7.797816753387451 17.31630516052246
v 0.6093186736106873 7.344461441040039 17.31630516052246
v 0.6093186736106873 7.797818660736084 17.31630516052246
v 0.4943995177745819 7.344461441040039 17.31630516052246
v 0.5908359289169312 5.220951080322266 17.31630516052246
v 0.6093186736106873 7.344461441040039 17.31630516052246
v 0.4943995177745819 7.344461441040039 17.31630516052246
v 0.7057550549507141 5.220951080322266 17.31630516052246
v 0.5908359289169312 5.220951080322266 17.31630516052246
v 0.31183820962905884 5.220951080322266 17.31630516052246
v 0.31183820962905884 4.7943267822265625 17.31630516052246
v 0.5908359289169312 4.7943267822265625 17.31630516052246
v 0.7057550549507141 4.7943267822265625 17.31630516052246
v 0.5908359289169312 4.523841381072998 17.31630516052246
v 0.7057550549507141 4.523840427398682 17.31630516052246
v 0.5908359289169312 4.7943267822265625 17.31630516052246
v 0.31183820962905884 4.523841381072998 17.31630516052246
v 0.5834792852401733 4.3065056800842285 17.31630516052246
v 0.5908359289169312 4.523841381072998 17.31630516052246
v 0.31183820962905884 4.3065056800842285 17.31630516052246
v 0.31183820962905884 4.018044948577881 17.31630516052246
v 0.5687658190727234 3.7684733867645264 17.31630516052246
v 0.576122522354126 4.0180439949035645 17.31630516052246
v 0.31183820962905884 3.7684733867645264 17.31630516052246
v 0.31183820962905884 3.7684733867645264 17.31630516052246
v 0.5614091157913208 3.4155263900756836 17.31630516052246
v 0.5687658190727234 3.7684733867645264 17.31630516052246
v 0.31183820962905884 3.3658833503723145 17.31630516052246
v 0.5687658190727234 3.7684733867645264 17.31630516052246
v 0.77298504114151 3.556896686553955 17.31630516052246
v 0.9143556356430054 3.76847243309021 17.31630516052246
v 0.5614091157913208 3.4155263900756836 17.31630516052246
v 0.576122522354126 4.0180439949035645 17.31630516052246
v 0.9143556356430054 3.76847243309021 17.31630516052246
v 0.9639983177185059 4.0180439949035645 17.31630516052246
v 0.5687658190727234 3.7684733867645264 17.31630516052246
v 0.31183820962905884 4.3065056800842285 17.31630516052246
v 0.576122522354126 4.0180439949035645 17.31630516052246
v 0.5834792852401733 4.3065056800842285 17.31630516052246
v 0.576122522354126 4.0180439949035645 17.31630516052246
v 0.31183820962905884 4.3065056800842285 17.31630516052246
v 0.31183820962905884 4.018044948577881 17.31630516052246
v 0.576122522354126 4.0180439949035645 17.31630516052246
v 0.8826932311058044 4.3065056800842285 17.31630516052246
v 0.5834792852401733 4.3065056800842285 17.31630516052246
v 0.9639983177185059 4.0180439949035645 17.31630516052246
v 0.5908359289169312 4.523841381072998 17.31630516052246
v 0.5834792852401733 4.3065056800842285 17.31630516052246
v 0.7057550549507141 4.523840427398682 17.31630516052246
v 0.8826932311058044 4.3065056800842285 17.31630516052246
v -0.08207862079143524 4.7943267822265625 15.111220359802246
v 0.0328407809138298 4.542623996734619 15.111220359802246
v 0.0328405536711216 4.794327735900879 15.111220359802246
v -0.08207838982343674 4.542623996734619 15.111220359802246
v 0.31183820962905884 4.542623996734619 15.111220359802246
v 0.0328407809138298 4.542623996734619 15.111220359802246
v 0.06308828294277191 4.389734268188477 15.111220359802246
v 0.31183820962905884 4.542623996734619 15.111220359802246
v 0.06308828294277191 4.389734268188477 15.111220359802246
v 0.31183820962905884 4.389734268188477 15.111220359802246
v 0.5605881810188293 4.389734268188477 15.111220359802246
v 0.590835690498352 4.542623996734619 15.111220359802246
v 0.027928439900279045 4.390294551849365 15.111220359802246
v 0.0328407809138298 4.542623996734619 15.111220359802246
v -0.08207838982343674 4.542623996734619 15.111220359802246
v 0.0328407809138298 4.542623996734619 15.111220359802246
v 0.027928439900279045 4.390294551849365 15.111220359802246
v 0.06308828294277191 4.389734268188477 15.111220359802246
v 0.0328405536711216 4.794327735900879 15.111220359802246
v 0.0328407809138298 4.542623996734619 15.111220359802246
v 0.31183820962905884 4.794327735900879 15.111220359802246
v 0.31183820962905884 4.542623996734619 15.111220359802246
v -0.09555254876613617 4.18679141998291 15.111220359802246
v -0.3065102994441986 4.274171829223633 15.111220359802246
v -0.12911833822727203 4.0180439949035645 15.111220359802246
v -0.3574574589729309 4.0180439949035645 15.111220359802246
v 0.055709850043058395 3.39969539642334 15.111220359802246
v 0.31183820962905884 3.577087879180908 15.111220359802246
v 0.14309142529964447 3.6106534004211426 15.111220359802246
v 0.31183820962905884 3.3487484455108643 15.111220359802246
v 0.00003484051921986975 3.706240653991699 15.111220359802246
v -0.3065102994441986 3.761915445327759 15.111220359802246
v -0.16142524778842926 3.5447804927825928 15.111220359802246
v -0.09555254876613617 3.8492977619171143 15.111220359802246
v -0.16142524778842926 4.491307735443115 15.111220359802246
v -0.09555254876613617 4.18679141998291 15.111220359802246
v 0.00003484051921986975 4.32984733581543 15.111220359802246
v -0.3065102994441986 4.274171829223633 15.111220359802246
v -0.3065102994441986 3.761915445327759 15.111220359802246
v -0.09555254876613617 3.8492977619171143 15.111220359802246
v -0.3574574589729309 4.0180439949035645 15.111220359802246
v -0.12911833822727203 4.0180439949035645 15.111220359802246
v -0.16142524778842926 4.491307735443115 15.111220359802246
v 0.027928439900279045 4.390294551849365 15.111220359802246
v -0.08207838982343674 4.542623996734619 15.111220359802246
v 0.00003484051921986975 4.32984733581543 15.111220359802246
v 0.14309142529964447 3.6106534004211426 15.111220359802246
v -0.16142524778842926 3.5447804927825928 15.111220359802246
v 0.055709850043058395 3.39969539642334 15.111220359802246
v 0.00003484051921986975 3.706240653991699 15.111220359802246
v 0.7057550549507141 4.7943267822265625 15.111220359802246
v 0.590835690498352 4.542623996734619 15.111220359802246
v 0.705754816532135 4.542623996734619 15.111220359802246
v 0.5908359289169312 4.794327735900879 15.111220359802246
v 0.590835690498352 4.542623996734619 15.111220359802246
v 0.5957480072975159 4.390294551849365 15.111220359802246
v 0.705754816532135 4.542623996734619 15.111220359802246
v 0.5957480072975159 4.390294551849365 15.111220359802246
v 0.590835690498352 4.542623996734619 15.111220359802246
v 0.5605881810188293 4.389734268188477 15.111220359802246
v 0.5908359289169312 4.794327735900879 15.111220359802246
v 0.31183820962905884 4.794327735900879 15.111220359802246
v 0.590835690498352 4.542623996734619 15.111220359802246
v 0.31183820962905884 4.542623996734619 15.111220359802246
v 0.7527948021888733 4.0180439949035645 15.111220359802246
v 0.9301867485046387 4.274171829223633 15.111220359802246
v 0.719228982925415 4.18679141998291 15.111220359802246
v 0.9811338782310486 4.0180439949035645 15.111220359802246
v 0.567966639995575 3.39969539642334 15.111220359802246
v 0.31183820962905884 3.577087879180908 15.111220359802246
v 0.31183820962905884 3.3487484455108643 15.111220359802246
v 0.4805850088596344 3.6106534004211426 15.111220359802246
v 0.7851017117500305 3.5447804927825928 15.111220359802246
v 0.9301867485046387 3.761915445327759 15.111220359802246
v 0.6236416101455688 3.706240653991699 15.111220359802246
v 0.719228982925415 3.8492977619171143 15.111220359802246
v 0.7851017117500305 4.491307735443115 15.111220359802246
v 0.719228982925415 4.18679141998291 15.111220359802246
v 0.9301867485046387 4.274171829223633 15.111220359802246
v 0.6236416101455688 4.32984733581543 15.111220359802246
v 0.719228982925415 3.8492977619171143 15.111220359802246
v 0.9811338782310486 4.0180439949035645 15.111220359802246
v 0.7527948021888733 4.0180439949035645 15.111220359802246
v 0.9301867485046387 3.761915445327759 15.111220359802246
v 0.7851017117500305 4.491307735443115 15.111220359802246
v 0.5957480072975159 4.390294551849365 15.111220359802246
v 0.6236416101455688 4.32984733581543 15.111220359802246
v 0.705754816532135 4.542623996734619 15.111220359802246
v 0.4805850088596344 3.6106534004211426 15.111220359802246
v 0.567966639995575 3.39969539642334 15.111220359802246
v 0.7851017117500305 3.5447804927825928 15.111220359802246
v 0.6236416101455688 3.706240653991699 15.111220359802246
v 0.12927691638469696 7.797816753387451 17.31630516052246
v 0.014357772655785084 8.104103088378906 16.991722106933594
v 0.014357772655785084 7.797818660736084 17.31630516052246
v 0.12927691638469696 8.104103088378906 16.991722106933594
v 0.4943995177745819 7.797816753387451 17.31630516052246
v 0.6093186736106873 8.104103088378906 16.991722106933594
v 0.4943995177745819 8.104103088378906 16.991722106933594
v 0.6093186736106873 7.797818660736084 17.31630516052246
v 0.31183820962905884 5.581286907196045 14.699725151062012
v -0.08207862079143524 5.581286907196045 14.699725151062012
v -0.08207862079143524 5.220952033996582 14.699725151062012
v 0.31183820962905884 5.220952033996582 14.699725151062012
v 0.7057550549507141 5.220952033996582 14.699725151062012
v 0.7057550549507141 5.581286907196045 14.699725151062012
v 0.7967397570610046 5.915951251983643 14.244715690612793
v -0.17306329309940338 5.915951251983643 14.244715690612793
v -0.17306329309940338 5.676783084869385 14.244715690612793
v 0.7967397570610046 5.676783084869385 14.244715690612793
v -1.3340156078338623 4.515830993652344 14.24471378326416
v 1.9576921463012695 4.515830993652344 14.24471378326416
v 0.7967397570610046 5.676783084869385 14.244715690612793
v -0.17306329309940338 5.676783084869385 14.244715690612793
v 1.9576921463012695 3.546027660369873 14.24471378326416
v 0.7967397570610046 2.385075569152832 14.24471378326416
v -1.3340156078338623 3.546027660369873 14.24471378326416
v -0.17306329309940338 2.385075569152832 14.24471378326416
v 2.1968603134155273 3.546027660369873 14.24471378326416
v 2.1968603134155273 4.515830993652344 14.24471378326416
v 1.9576921463012695 4.515830993652344 14.24471378326416
v 1.9576921463012695 3.546027660369873 14.24471378326416
v 0.7967397570610046 2.385075569152832 14.24471378326416
v -0.17306329309940338 2.385075569152832 14.24471378326416
v -0.17306329309940338 2.145907402038574 14.24471378326416
v 0.7967397570610046 2.145907402038574 14.24471378326416
v -1.5731836557388306 4.515830993652344 14.24471378326416
v -1.3340156078338623 3.546027660369873 14.24471378326416
v -1.3340156078338623 4.515830993652344 14.24471378326416
v -1.5731836557388306 3.546027660369873 14.24471378326416
v -0.5282904505729675 -4.994528770446777 -12.130110740661621
v 1.15196692943573 -4.994528770446777 -12.130110740661621
v 1.15196692943573 -5.455766201019287 -11.731189727783203
v -0.5282904505729675 -5.455766201019287 -11.731189727783203
v 0.31183820962905884 5.696946144104004 14.725597381591797
v -0.08207862079143524 5.696946144104004 14.725597381591797
v -0.08207862079143524 5.581286907196045 14.699725151062012
v 0.31183820962905884 5.581286907196045 14.699725151062012
v 0.31183820962905884 5.696946144104004 14.725597381591797
v 0.7057550549507141 5.581286907196045 14.699725151062012
v 0.7057550549507141 5.696946144104004 14.725597381591797
v 0.31183820962905884 5.581286907196045 14.699725151062012
v 0.7370889186859131 3.0507545471191406 -13.781290054321289
v -0.11341250687837601 3.0507545471191406 -13.781290054321289
v -0.7148076891899109 4.502651214599609 -13.781290054321289
v 0.31183820962905884 2.9661664962768555 -13.781290054321289
v -0.7148076891899109 3.6521499156951904 -13.781290054321289
v -0.47392258048057556 3.291639804840088 -13.781290054321289
v -0.7993953227996826 4.077400207519531 -13.781290054321289
v -0.11341250687837601 5.10404634475708 -13.781290054321289
v -0.47392258048057556 4.863161563873291 -13.781290054321289
v 0.7370889186859131 5.10404634475708 -13.781290054321289
v 0.31183820962905884 5.188634395599365 -13.781290054321289
v 1.3384840488433838 4.502651214599609 -13.781290054321289
v 1.0975990295410156 4.863161563873291 -13.781290054321289
v 1.3384840488433838 3.6521499156951904 -13.781290054321289
v 1.0975990295410156 3.291639804840088 -13.781290054321289
v 1.4230718612670898 4.077400207519531 -13.781290054321289
v -0.5282904505729675 -5.455766201019287 -11.731189727783203
v 1.15196692943573 -5.455766201019287 -11.731189727783203
v 1.15196692943573 -6.16943883895874 -9.29458236694336
v -0.5282904505729675 -6.16943883895874 -9.29458236694336
v -0.5282904505729675 -6.16943883895874 -9.29458236694336
v 1.15196692943573 -6.16943883895874 -9.29458236694336
v 1.15196692943573 -6.271392345428467 -8.946495056152344
v -0.5282904505729675 -6.271392345428467 -8.946495056152344
v -0.29423537850379944 -8.612432479858398 -1.1528879404067993
v 0.9179118275642395 -8.612432479858398 -1.1528879404067993
v 0.9179118275642395 -7.555603504180908 2.5908892154693604
v -0.29423537850379944 -7.555603504180908 2.5908892154693604
v 0.8455846309661865 1.7757954597473145 -18.69115447998047
v 0.8455846309661865 0.16902773082256317 -20.540254592895508
v -0.22190816700458527 1.7757954597473145 -18.69115447998047
v -0.22190816700458527 0.16902773082256317 -20.540254592895508
v -0.06111540272831917 2.496037721633911 -10.847512245178223
v -0.43406903743743896 1.6478053331375122 -10.847513198852539
v -0.43406903743743896 2.496037721633911 -10.847512245178223
v -0.06111540272831917 1.6478053331375122 -10.847513198852539
v 0.31183820962905884 2.496037721633911 -10.847512245178223
v 0.31183820962905884 1.6478053331375122 -10.847513198852539
v 1.0577454566955566 2.496037721633911 -10.847512245178223
v 1.0577454566955566 1.6478053331375122 -10.847513198852539
v 0.6847918629646301 2.496037721633911 -10.847512245178223
v 0.6847918629646301 1.6478053331375122 -10.847513198852539
v 0.31183820962905884 2.496037721633911 -10.847512245178223
v 0.31183820962905884 1.6478053331375122 -10.847513198852539
v -0.8348830342292786 4.529191493988037 -10.849127769470215
v -0.16314934194087982 5.200924873352051 -10.849126815795898
v -0.8348830342292786 3.579216480255127 -10.849127769470215
v -0.5658242702484131 4.93186616897583 -10.849126815795898
v -0.929364025592804 4.054203510284424 -10.849127769470215
v 0.31183820962905884 5.295405387878418 -10.849126815795898
v 0.31183820962905884 2.5381009578704834 -10.849127769470215
v -0.5824849605560303 3.01826548576355 -10.849127769470215
v -0.3880675733089447 2.5409483909606934 -10.849127769470215
v 0.7868257761001587 5.200924873352051 -10.849126815795898
v 1.4585593938827515 3.579216480255127 -10.849127769470215
v 0.31183820962905884 5.295405387878418 -10.849126815795898
v 0.31183820962905884 2.5381009578704834 -10.849127769470215
v 1.2061614990234375 3.01826548576355 -10.849127769470215
v 1.0117440223693848 2.5409483909606934 -10.849127769470215
v 1.4585593938827515 4.529191493988037 -10.849127769470215
v 1.5530405044555664 4.054203510284424 -10.849127769470215
v 1.1895006895065308 4.93186616897583 -10.849126815795898
v 0.006183422636240721 7.345457553863525 16.102575302124023
v 0.31183820962905884 5.696946144104004 14.725597381591797
v 0.31183820962905884 7.345457553863525 16.102575302124023
v -0.08207862079143524 5.696946144104004 14.725597381591797
v 0.31183820962905884 5.696946144104004 14.725597381591797
v 0.6174930334091187 7.345457553863525 16.102575302124023
v 0.31183820962905884 7.345457553863525 16.102575302124023
v 0.7057550549507141 5.696946144104004 14.725597381591797
v 1.287393569946289 5.752108097076416 -10.533915519714355
v -0.6637170910835266 5.252345085144043 -10.533915519714355
v -0.6637170910835266 5.752108097076416 -10.533915519714355
v -0.8826498985290527 5.252345085144043 -10.50415325164795
v 1.287393569946289 5.252345085144043 -10.533915519714355
v 1.50632643699646 5.752108097076416 -10.50415325164795
v 1.50632643699646 5.252345085144043 -10.50415325164795
v -0.8826498985290527 5.752108097076416 -10.50415325164795
v -1.039312481880188 5.252345085144043 -10.36693000793457
v -1.039312481880188 5.752108097076416 -10.366929054260254
v -1.07329261302948 5.252345085144043 -10.175164222717285
v -1.07329261302948 5.752108097076416 -10.175163269042969
v 0.31183820962905884 4.967990875244141 -10.348225593566895
v 0.31183820962905884 2.496037721633911 -10.847512245178223
v -0.06111540272831917 4.967990875244141 -10.348225593566895
v -0.06111540272831917 2.496037721633911 -10.847512245178223
v -0.43406903743743896 4.967990875244141 -10.348225593566895
v -0.43406903743743896 2.496037721633911 -10.847512245178223
v 0.6847918629646301 4.967990875244141 -10.348225593566895
v 0.31183820962905884 2.496037721633911 -10.847512245178223
v 0.31183820962905884 4.967990875244141 -10.348225593566895
v 0.6847918629646301 2.496037721633911 -10.847512245178223
v 1.0577454566955566 4.967990875244141 -10.348225593566895
v 1.0577454566955566 2.496037721633911 -10.847512245178223
v -0.22190816700458527 0.16902773082256317 -20.540254592895508
v 0.8455846309661865 0.16902773082256317 -20.540254592895508
v 0.8455846309661865 0.07708844542503357 -20.655271530151367
v -0.22190816700458527 0.07708844542503357 -20.655271530151367
v -0.06111540272831917 4.967990875244141 -10.068653106689453
v -0.06111540272831917 5.960151195526123 -10.037482261657715
v 0.31183820962905884 5.960151195526123 -10.037482261657715
v 0.31183820962905884 4.967990875244141 -10.068653106689453
v 0.6847918629646301 5.960151195526123 -10.037482261657715
v 0.6847918629646301 4.967990875244141 -10.068653106689453
v 0.31183820962905884 5.960151195526123 -10.037482261657715
v 0.31183820962905884 4.967990875244141 -10.068653106689453
v 1.0577454566955566 5.960151195526123 -9.845479965209961
v 0.6847918629646301 4.967990875244141 -10.068653106689453
v 0.6847918629646301 5.960151195526123 -10.037482261657715
v 1.0577454566955566 4.967990875244141 -10.068653106689453
v -0.06111540272831917 5.960151195526123 -10.037482261657715
v -0.06111540272831917 4.967990875244141 -10.068653106689453
v -0.43406903743743896 5.960151195526123 -9.845479965209961
v -0.43406903743743896 4.967990875244141 -10.068653106689453
v -0.06111540272831917 6.34972620010376 -9.616589546203613
v 0.31183820962905884 6.34972620010376 -9.616589546203613
v -0.06111540272831917 5.960151195526123 -9.798735618591309
v 0.31183820962905884 5.960151195526123 -9.798735618591309
v 0.6847918629646301 6.34972620010376 -9.616589546203613
v 0.6847918629646301 5.960151195526123 -9.798735618591309
v 0.31183820962905884 6.34972620010376 -9.616589546203613
v 0.31183820962905884 5.960151195526123 -9.798735618591309
v -1.253448486328125 3.4660115242004395 -10.160445213317871
v -2.048360824584961 4.343099594116211 -9.78977108001709
v -1.253448486328125 4.343099594116211 -10.160445213317871
v -1.650904655456543 4.52475118637085 -9.97510814666748
v -1.08881676197052 3.904555559158325 -10.237214088439941
v -2.048360824584961 3.4660115242004395 -9.78977108001709
v -2.2129921913146973 3.904555559158325 -9.71300220489502
v -1.650904655456543 3.284359931945801 -9.97510814666748
v 0.31183820962905884 6.34972620010376 -9.616589546203613
v -0.06111540272831917 7.248846530914307 -9.168658256530762
v 0.31183820962905884 7.248846530914307 -9.168658256530762
v -0.06111540272831917 6.34972620010376 -9.616589546203613
v 0.31183820962905884 6.34972620010376 -9.616589546203613
v 0.31183820962905884 7.248846530914307 -9.168658256530762
v 0.6847918629646301 7.248846530914307 -9.168658256530762
v 0.6847918629646301 6.34972620010376 -9.616589546203613
v -1.2834193706512451 3.5461819171905518 -10.035017967224121
v -1.9330124855041504 4.2629289627075195 -9.732107162475586
v -1.2834193706512451 4.2629289627075195 -10.035017967224121
v -1.6082160472869873 4.41137170791626 -9.883562088012695
v -1.1488842964172363 3.904555559158325 -10.09775161743164
v -1.9330124855041504 3.5461819171905518 -9.732107162475586
v -2.067547559738159 3.904555559158325 -9.66937255859375
v -1.6082160472869873 3.3977391719818115 -9.883562088012695
v -0.06111540272831917 1.33268141746521 -9.534229278564453
v -0.43406903743743896 0.5791245102882385 -9.099472999572754
v -0.43406903743743896 1.33268141746521 -9.534229278564453
v -0.06111540272831917 0.5791245102882385 -9.099472999572754
v 0.31183820962905884 1.33268141746521 -9.534229278564453
v 0.31183820962905884 0.5791245102882385 -9.099472999572754
v 0.6847918629646301 1.33268141746521 -9.534229278564453
v 1.0577454566955566 1.33268141746521 -9.534229278564453
v 1.0577454566955566 0.5791245102882385 -9.099472999572754
v 0.6847918629646301 0.5791245102882385 -9.099472999572754
v 0.31183820962905884 1.33268141746521 -9.534229278564453
v 0.31183820962905884 0.5791245102882385 -9.099472999572754
v -0.5282904505729675 -4.511868953704834 -11.993480682373047
v 1.15196692943573 -4.511868953704834 -11.993480682373047
v 1.15196692943573 -4.994528770446777 -12.130110740661621
v -0.5282904505729675 -4.994528770446777 -12.130110740661621
v 1.15196692943573 0.7400924563407898 -9.206969261169434
v -0.5282904505729675 -0.2614136040210724 -9.206969261169434
v -0.5282904505729675 0.7400924563407898 -9.206969261169434
v 1.15196692943573 -0.2614136040210724 -9.206969261169434
v 0.019861092790961266 3.904555559158325 -9.888786315917969
v -1.3194324970245361 4.490945339202881 -9.264264106750488
v -0.13579708337783813 4.490945339202881 -9.816202163696289
v -1.3194324970245361 3.318164587020874 -9.264264106750488
v -0.13579705357551575 3.318164587020874 -9.816202163696289
v -1.6952245235443115 3.489915132522583 -9.089029312133789
v -1.850882649421692 3.904555559158325 -9.016444206237793
v -1.6952245235443115 4.319195747375488 -9.089029312133789
v 0.31183820962905884 0.5791245102882385 -9.099472999572754
v 0.31183820962905884 -0.02337770350277424 -8.600845336914062
v -0.06111540272831917 0.5791245102882385 -9.099472999572754
v -0.06111540272831917 -0.02337770350277424 -8.600845336914062
v 0.31183820962905884 0.5791245102882385 -9.099472999572754
v 0.6847918629646301 0.5791245102882385 -9.099472999572754
v 0.31183820962905884 -0.02337770350277424 -8.600845336914062
v 0.6847918629646301 -0.02337770350277424 -8.600845336914062
v -0.20993933081626892 8.149230003356934 -8.904153823852539
v -0.20993933081626892 7.602201461791992 -8.904153823852539
v -0.43406903743743896 8.149230003356934 -8.904153823852539
v -0.43406903743743896 7.5847954750061035 -8.904153823852539
v -0.20993933081626892 7.602201461791992 -8.904153823852539
v -0.43406903743743896 7.248846530914307 -8.904153823852539
v -0.43406903743743896 7.5847954750061035 -8.904153823852539
v -0.08283578604459763 7.248846530914307 -8.904153823852539
v -0.20993933081626892 7.602201461791992 -8.904153823852539
v 0.31183820962905884 7.602201461791992 -8.904153823852539
v -0.08283578604459763 7.248846530914307 -8.904153823852539
v 0.31183820962905884 7.248846530914307 -8.904153823852539
v 1.0577454566955566 8.149230003356934 -8.904153823852539
v 0.833615779876709 7.602201461791992 -8.904153823852539
v 0.833615779876709 8.149230003356934 -8.904153823852539
v 1.0577454566955566 7.5847954750061035 -8.904153823852539
v 0.833615779876709 7.602201461791992 -8.904153823852539
v 1.0577454566955566 7.5847954750061035 -8.904153823852539
v 1.0577454566955566 7.248846530914307 -8.904153823852539
v 0.7065122723579407 7.248846530914307 -8.904153823852539
v 0.833615779876709 7.602201461791992 -8.904153823852539
v 0.7065122723579407 7.248846530914307 -8.904153823852539
v 0.31183820962905884 7.602201461791992 -8.904153823852539
v 0.31183820962905884 7.248846530914307 -8.904153823852539
v -0.20993933081626892 8.149230003356934 -8.904153823852539
v -0.43406903743743896 8.612432479858398 -8.144200325012207
v -0.20993933081626892 8.612432479858398 -8.144200325012207
v -0.43406903743743896 8.149230003356934 -8.904153823852539
v 0.833615779876709 8.149230003356934 -8.904153823852539
v 0.833615779876709 8.612432479858398 -8.144200325012207
v 1.0577454566955566 8.612432479858398 -8.144200325012207
v 1.0577454566955566 8.149230003356934 -8.904153823852539
v 0.6847918629646301 6.34972620010376 -9.616589546203613
v 0.6847918629646301 7.248846530914307 -9.168658256530762
v 1.0577454566955566 7.248846530914307 -8.904153823852539
v 1.0577454566955566 6.34972620010376 -9.35208511352539
v 1.0577454566955566 6.34972620010376 -9.35208511352539
v 0.6847918629646301 5.960151195526123 -9.798735618591309
v 0.6847918629646301 6.34972620010376 -9.616589546203613
v 1.0577454566955566 5.960151195526123 -9.53423023223877
v 0.31183820962905884 -0.02337770350277424 -8.600845336914062
v 0.31183820962905884 -0.444267600774765 -8.600845336914062
v -0.06111540272831917 -0.02337770350277424 -8.600845336914062
v -0.06111540272831917 -0.444267600774765 -8.600845336914062
v 0.31183820962905884 -0.8651574850082397 -8.600845336914062
v -0.06111540272831917 -0.8651574850082397 -8.600845336914062
v 0.31183820962905884 -1.1019078493118286 -8.600845336914062
v -0.06111540272831917 -1.1019078493118286 -8.600845336914062
v 0.31183820962905884 -0.02337770350277424 -8.600845336914062
v 0.6847918629646301 -0.02337770350277424 -8.600845336914062
v 0.31183820962905884 -0.444267600774765 -8.600845336914062
v 0.6847918629646301 -0.444267600774765 -8.600845336914062
v 0.31183820962905884 -0.8651574850082397 -8.600845336914062
v 0.6847918629646301 -0.8651574850082397 -8.600845336914062
v 0.31183820962905884 -1.1019078493118286 -8.600845336914062
v 0.6847918629646301 -1.1019078493118286 -8.600845336914062
v -0.06111540272831917 6.34972620010376 -9.616589546203613
v -0.43406903743743896 7.248846530914307 -8.904153823852539
v -0.06111540272831917 7.248846530914307 -9.168658256530762
v -0.43406903743743896 6.34972620010376 -9.35208511352539
v -0.43406903743743896 6.34972620010376 -9.35208511352539
v -0.06111540272831917 6.34972620010376 -9.616589546203613
v -0.06111540272831917 5.960151195526123 -9.798735618591309
v -0.43406903743743896 5.960151195526123 -9.53423023223877
v 0.9655451774597168 7.775571823120117 -8.41761589050293
v -0.3418687582015991 7.576605319976807 -8.41761589050293
v -0.3418687582015991 7.775571823120117 -8.41761589050293
v 0.9655451774597168 7.576605319976807 -8.41761589050293
v -0.5476045608520508 1.7314467430114746 -7.746886730194092
v 1.171280860900879 1.5255663394927979 -7.6917219161987305
v -0.5476045608520508 1.5255663394927979 -7.691720962524414
v 1.171280860900879 1.7314467430114746 -7.746887683868408
v -0.6548365950584412 1.880122184753418 -7.329884052276611
v 1.278512954711914 1.6064611673355103 -7.329884052276611
v -0.6548365950584412 1.606460690498352 -7.329884052276611
v 1.278512954711914 1.8801231384277344 -7.329884052276611
v 0.31183820962905884 -1.1019078493118286 -8.600845336914062
v 0.31183820962905884 -1.5672882795333862 -6.9500627517700195
v -0.06111540272831917 -1.1019078493118286 -8.600845336914062
v -0.06111540272831917 -1.5672882795333862 -6.9500627517700195
v 0.6847918629646301 -1.1019078493118286 -8.600845336914062
v 0.31183820962905884 -1.5672882795333862 -6.9500627517700195
v 0.31183820962905884 -1.1019078493118286 -8.600845336914062
v 0.6847918629646301 -1.5672882795333862 -6.9500627517700195
v -0.5476045608520508 1.5255663394927979 -7.691720962524414
v 1.171280860900879 1.3748513460159302 -7.541006565093994
v -0.5476045608520508 1.3748513460159302 -7.541006565093994
v 1.171280860900879 1.5255663394927979 -7.6917219161987305
v -0.5476045608520508 1.9373277425765991 -7.691720962524414
v 1.171280860900879 1.7314467430114746 -7.746887683868408
v -0.5476045608520508 1.7314467430114746 -7.746886730194092
v 1.171280860900879 1.9373277425765991 -7.691720962524414
v -0.06111540272831917 -1.2283806800842285 -6.9500627517700195
v -0.06111540272831917 -1.5672882795333862 -6.9500627517700195
v -0.43406903743743896 -1.2283806800842285 -6.9500627517700195
v -0.43406903743743896 -1.5672882795333862 -6.9500627517700195
v -0.06111540272831917 -0.6258794069290161 -6.9500627517700195
v -0.06111540272831917 -1.2283806800842285 -6.9500627517700195
v -0.43406903743743896 -0.6258794069290161 -6.9500627517700195
v -0.43406903743743896 -1.2283806800842285 -6.9500627517700195
v -0.06111540272831917 -0.02337770350277424 -6.950062274932861
v -0.06111540272831917 -0.6258794069290161 -6.9500627517700195
v -0.43406903743743896 -0.02337770350277424 -6.950062274932861
v -0.43406903743743896 -0.6258794069290161 -6.9500627517700195
v -0.43406903743743896 0.5791231393814087 -6.950062274932861
v -0.06111540272831917 0.5791231393814087 -6.950062274932861
v -0.43406903743743896 -0.02337770350277424 -6.950062274932861
v -0.06111540272831917 -0.02337770350277424 -6.950062274932861
v 0.6847918629646301 -1.2283806800842285 -6.9500627517700195
v 1.0577454566955566 -1.2283806800842285 -6.9500627517700195
v 0.6847918629646301 -1.5672882795333862 -6.9500627517700195
v 1.0577454566955566 -1.5672882795333862 -6.9500627517700195
v 0.6847918629646301 -0.6258794069290161 -6.9500627517700195
v 1.0577454566955566 -0.6258794069290161 -6.9500627517700195
v 0.6847918629646301 -1.2283806800842285 -6.9500627517700195
v 1.0577454566955566 -1.2283806800842285 -6.9500627517700195
v 0.6847918629646301 -0.02337770350277424 -6.950062274932861
v 1.0577454566955566 -0.02337770350277424 -6.950062274932861
v 0.6847918629646301 -0.6258794069290161 -6.9500627517700195
v 1.0577454566955566 -0.6258794069290161 -6.9500627517700195
v 1.0577454566955566 0.5791231393814087 -6.950062274932861
v 1.0577454566955566 -0.02337770350277424 -6.950062274932861
v 0.6847918629646301 0.5791231393814087 -6.950062274932861
v 0.6847918629646301 -0.02337770350277424 -6.950062274932861
v 1.6629887819290161 5.752108097076416 -10.366929054260254
v 1.50632643699646 5.252345085144043 -10.50415325164795
v 1.50632643699646 5.752108097076416 -10.50415325164795
v 1.6629887819290161 5.252345085144043 -10.36693000793457
v 1.6969691514968872 5.752108097076416 -10.175163269042969
v 1.6969691514968872 5.252345085144043 -10.175164222717285
v 0.6523772478103638 1.3148691654205322 -19.075464248657227
v 0.6523772478103638 -0.16136668622493744 -22.222379684448242
v -0.02870083414018154 1.3148691654205322 -19.075464248657227
v -0.02870083414018154 -0.16136668622493744 -22.222379684448242
v 1.15196692943573 -4.511868953704834 -11.993480682373047
v -0.5282904505729675 -0.2614136040210724 -9.206969261169434
v 1.15196692943573 -0.2614136040210724 -9.206969261169434
v -0.5282904505729675 -4.511868953704834 -11.993480682373047
v -0.43406903743743896 -1.5672882795333862 -6.457831382751465
v -0.06111540272831917 -1.5672882795333862 -6.457831382751465
v -0.06111540272831917 -1.5672882795333862 -6.00290060043335
v -0.43406903743743896 -1.5672882795333862 -6.002900123596191
v -0.43406903743743896 -1.5672887563705444 -3.4518754482269287
v -0.06111540272831917 -1.5672887563705444 -3.4518754482269287
v -0.06111540272831917 -1.5672887563705444 -2.9969451427459717
v -0.43406903743743896 -1.5672887563705444 -2.9969449043273926
v -0.06111540272831917 -1.5672882795333862 -6.00290060043335
v -0.06111540272831917 -1.5672887563705444 -3.4518754482269287
v -0.43406903743743896 -1.5672882795333862 -6.002900123596191
v -0.43406903743743896 -1.5672887563705444 -3.4518754482269287
v -0.43406903743743896 -1.5672882795333862 -6.9500627517700195
v -0.06111540272831917 -1.5672882795333862 -6.9500627517700195
v -0.06111540272831917 -1.5672882795333862 -6.457831382751465
v -0.43406903743743896 -1.5672882795333862 -6.457831382751465
v -0.06111540272831917 -1.5672882795333862 -6.9500627517700195
v 0.31183820962905884 -1.5672882795333862 -6.9500627517700195
v 0.31183820962905884 -1.5672882795333862 -6.457831382751465
v -0.06111540272831917 -1.5672882795333862 -6.457831382751465
v 0.31183820962905884 -1.5672882795333862 -6.00290060043335
v 0.31183820962905884 -1.5672887563705444 -3.451875686645508
v -0.06111540272831917 -1.5672882795333862 -6.00290060043335
v -0.06111540272831917 -1.5672887563705444 -3.4518754482269287
v -0.06111540272831917 -1.5672887563705444 -3.4518754482269287
v 0.31183820962905884 -1.5672887563705444 -3.451875686645508
v 0.31183820962905884 -1.5672887563705444 -2.9969451427459717
v -0.06111540272831917 -1.5672887563705444 -2.9969451427459717
v -0.06111540272831917 -1.5672882795333862 -6.457831382751465
v 0.31183820962905884 -1.5672882795333862 -6.457831382751465
v 0.31183820962905884 -1.5672882795333862 -6.00290060043335
v -0.06111540272831917 -1.5672882795333862 -6.00290060043335
v 1.0577454566955566 -1.5672882795333862 -6.457831382751465
v 0.6847918629646301 -1.5672882795333862 -6.00290060043335
v 0.6847918629646301 -1.5672882795333862 -6.457831382751465
v 1.0577454566955566 -1.5672882795333862 -6.002900123596191
v 1.0577454566955566 -1.5672887563705444 -3.4518754482269287
v 0.6847918629646301 -1.5672887563705444 -2.9969451427459717
v 0.6847918629646301 -1.5672887563705444 -3.4518754482269287
v 1.0577454566955566 -1.5672887563705444 -2.9969449043273926
v 1.0577454566955566 -1.5672882795333862 -6.002900123596191
v 0.31183820962905884 -1.5672887563705444 -2.9969451427459717
v 0.31183820962905884 -1.5672887563705444 -3.451875686645508
v 0.6847918629646301 -1.5672882795333862 -6.00290060043335
v 0.31183820962905884 -1.5672882795333862 -6.00290060043335
v 0.6847918629646301 -1.5672882795333862 -6.457831382751465
v 0.31183820962905884 -1.5672882795333862 -6.457831382751465
v 0.6847918629646301 -1.5672882795333862 -6.9500627517700195
v 0.31183820962905884 -1.5672882795333862 -6.9500627517700195
v 1.0577454566955566 -1.5672882795333862 -6.9500627517700195
v 1.0577454566955566 -1.5672882795333862 -6.457831382751465
v 0.6847918629646301 -1.5672882795333862 -6.00290060043335
v 0.31183820962905884 -1.5672887563705444 -3.451875686645508
v 0.31183820962905884 -1.5672882795333862 -6.00290060043335
v 0.6847918629646301 -1.5672887563705444 -3.4518754482269287
v 0.6523772478103638 -0.16136668622493744 -22.222379684448242
v 0.6523772478103638 -0.9060811400413513 -23.97286605834961
v -0.02870083414018154 -0.16136668622493744 -22.222379684448242
v -0.02870083414018154 -0.9060811400413513 -23.97286605834961
v -0.06111540272831917 -1.5672887563705444 -2.9969451427459717
v -0.20214572548866272 -0.7556357979774475 1.556105613708496
v -0.43406903743743896 -1.5672887563705444 -2.9969449043273926
v -0.43406903743743896 -0.7556357979774475 1.556105613708496
v 0.31183820962905884 -1.5672887563705444 -2.9969451427459717
v 0.31183820962905884 -0.7556357979774475 1.556105613708496
v -0.06111540272831917 -1.5672887563705444 -2.9969451427459717
v -0.20214572548866272 -0.7556357979774475 1.556105613708496
v 1.0577454566955566 -1.5672887563705444 -2.9969449043273926
v 0.8258221745491028 -0.7556357979774475 1.556105613708496
v 0.6847918629646301 -1.5672887563705444 -2.9969451427459717
v 1.0577454566955566 -0.7556357979774475 1.556105613708496
v 0.6847918629646301 -1.5672887563705444 -2.9969451427459717
v 0.31183820962905884 -0.7556357979774475 1.556105613708496
v 0.31183820962905884 -1.5672887563705444 -2.9969451427459717
v 0.8258221745491028 -0.7556357979774475 1.556105613708496
v 0.12927691638469696 8.104103088378906 16.534202575683594
v 0.014357772655785084 8.104103088378906 16.87003517150879
v 0.12927691638469696 8.104103088378906 16.87003517150879
v 0.014357772655785084 8.104103088378906 16.534202575683594
v 0.12927691638469696 8.104103088378906 16.991722106933594
v 0.014357772655785084 8.104103088378906 16.87003517150879
v 0.014357772655785084 8.104103088378906 16.991722106933594
v 0.12927691638469696 8.104103088378906 16.87003517150879
v 0.4943995177745819 8.104103088378906 16.534202575683594
v 0.4943995177745819 8.104103088378906 16.87003517150879
v 0.6093186736106873 8.104103088378906 16.87003517150879
v 0.6093186736106873 8.104103088378906 16.534202575683594
v 0.4943995177745819 8.104103088378906 16.991722106933594
v 0.6093186736106873 8.104103088378906 16.87003517150879
v 0.4943995177745819 8.104103088378906 16.87003517150879
v 0.6093186736106873 8.104103088378906 16.991722106933594
v -0.06111540272831917 1.6478053331375122 -10.847513198852539
v 0.31183820962905884 1.6478053331375122 -10.847513198852539
v 0.31183820962905884 1.4902431964874268 -10.190871238708496
v -0.06111540272831917 1.4902431964874268 -10.190871238708496
v -0.43406903743743896 1.6478053331375122 -10.847513198852539
v -0.43406903743743896 1.4902431964874268 -10.190871238708496
v -0.43406903743743896 1.4902431964874268 -10.190871238708496
v -0.06111540272831917 1.4902431964874268 -10.190871238708496
v -0.06111540272831917 1.33268141746521 -9.534229278564453
v -0.43406903743743896 1.33268141746521 -9.534229278564453
v 0.31183820962905884 1.33268141746521 -9.534229278564453
v 0.31183820962905884 1.4902431964874268 -10.190871238708496
v 0.6847918629646301 1.6478053331375122 -10.847513198852539
v 0.31183820962905884 1.4902431964874268 -10.190871238708496
v 0.31183820962905884 1.6478053331375122 -10.847513198852539
v 0.6847918629646301 1.4902431964874268 -10.190871238708496
v 1.0577454566955566 1.6478053331375122 -10.847513198852539
v 1.0577454566955566 1.4902431964874268 -10.190871238708496
v 1.0577454566955566 1.4902431964874268 -10.190871238708496
v 0.6847918629646301 1.33268141746521 -9.534229278564453
v 0.6847918629646301 1.4902431964874268 -10.190871238708496
v 1.0577454566955566 1.33268141746521 -9.534229278564453
v 0.31183820962905884 1.33268141746521 -9.534229278564453
v 0.31183820962905884 1.4902431964874268 -10.190871238708496
v -0.20993933081626892 8.612432479858398 -8.144200325012207
v -0.43406903743743896 8.457438468933105 -6.466712951660156
v -0.20993933081626892 8.457438468933105 -6.466712951660156
v -0.43406903743743896 8.612432479858398 -8.144200325012207
v -0.20993933081626892 7.768037796020508 0.994585394859314
v -0.20993933081626892 8.372846603393555 -5.5511884689331055
v -0.43406903743743896 7.768037796020508 0.994585394859314
v -0.43406903743743896 8.372846603393555 -5.5511884689331055
v -0.20993933081626892 8.372846603393555 -5.5511884689331055
v -0.20993933081626892 8.422516822814941 -6.08876371383667
v -0.43406903743743896 8.372846603393555 -5.5511884689331055
v -0.43406903743743896 8.422516822814941 -6.08876371383667
v -0.20993933081626892 8.457438468933105 -6.466712951660156
v -0.43406903743743896 8.422516822814941 -6.08876371383667
v -0.20993933081626892 8.422516822814941 -6.08876371383667
v -0.43406903743743896 8.457438468933105 -6.466712951660156
v 0.833615779876709 8.612432479858398 -8.144200325012207
v 0.833615779876709 8.457438468933105 -6.466712951660156
v 1.0577454566955566 8.457438468933105 -6.466712951660156
v 1.0577454566955566 8.612432479858398 -8.144200325012207
v 0.833615779876709 8.372846603393555 -5.5511884689331055
v 0.833615779876709 7.768037796020508 0.994585394859314
v 1.0577454566955566 7.768037796020508 0.994585394859314
v 1.0577454566955566 8.372846603393555 -5.5511884689331055
v 0.833615779876709 8.422516822814941 -6.08876371383667
v 0.833615779876709 8.372846603393555 -5.5511884689331055
v 1.0577454566955566 8.372846603393555 -5.5511884689331055
v 1.0577454566955566 8.422516822814941 -6.08876371383667
v 0.833615779876709 8.422516822814941 -6.08876371383667
v 1.0577454566955566 8.422516822814941 -6.08876371383667
v 0.833615779876709 8.457438468933105 -6.466712951660156
v 1.0577454566955566 8.457438468933105 -6.466712951660156
v 0.31183820962905884 0.5791231393814087 -3.4518749713897705
v -0.43406903743743896 0.33308449387550354 -3.143397331237793
v -0.43406903743743896 0.5791231393814087 -3.4518749713897705
v 0.31183820962905884 0.33308449387550354 -3.143397331237793
v -0.20993933081626892 7.664198875427246 2.221527338027954
v -0.20993933081626892 7.768037796020508 0.994585394859314
v -0.43406903743743896 7.664198875427246 2.221527338027954
v -0.43406903743743896 7.768037796020508 0.994585394859314
v 0.31183820962905884 0.5791231393814087 -3.4518749713897705
v 1.0577454566955566 0.5791231393814087 -3.4518749713897705
v 1.0577454566955566 0.33308449387550354 -3.143397331237793
v 0.31183820962905884 0.33308449387550354 -3.143397331237793
v 1.0577454566955566 7.664198875427246 2.221527338027954
v 0.833615779876709 7.768037796020508 0.994585394859314
v 0.833615779876709 7.664198875427246 2.221527338027954
v 1.0577454566955566 7.768037796020508 0.994585394859314
v 1.5017224550247192 3.5845327377319336 3.797412872314453
v 1.5017224550247192 4.570265769958496 3.797412872314453
v -0.18102797865867615 5.267282962799072 3.797412872314453
v 1.5997596979141235 4.077399253845215 3.797412872314453
v 0.8047044277191162 5.267282962799072 3.797412872314453
v 1.2225362062454224 4.988097190856934 3.797412872314453
v 0.31183820962905884 5.365320205688477 3.797412872314453
v 0.8047044277191162 2.8875153064727783 3.797412872314453
v 1.2225362062454224 3.166701078414917 3.797412872314453
v -0.18102797865867615 2.8875153064727783 3.797412872314453
v 0.31183820962905884 2.7894773483276367 3.797412872314453
v -0.878045916557312 4.570265769958496 3.797412872314453
v -0.5988597869873047 4.988097190856934 3.797412872314453
v -0.878045916557312 3.5845327377319336 3.797412872314453
v -0.5988597869873047 3.166701078414917 3.797412872314453
v -0.9760833382606506 4.077399253845215 3.797412872314453
v 0.12927691638469696 7.797818660736084 16.174734115600586
v 0.12927691638469696 7.797816753387451 16.87003517150879
v 0.31183820962905884 7.797816753387451 16.87003517150879
v 0.4943995177745819 7.797818660736084 16.174734115600586
v 0.31183820962905884 7.797818660736084 16.174734115600586
v 0.4943995177745819 7.797816753387451 16.87003517150879
v 0.31183820962905884 7.797816753387451 16.87003517150879
v 0.31183820962905884 7.797818660736084 16.174734115600586
v 0.12927691638469696 7.797818660736084 16.174734115600586
v 0.12927691638469696 7.797816753387451 16.87003517150879
v 0.12927691638469696 7.797816753387451 17.31630516052246
v 0.31183820962905884 7.797818660736084 17.31630516052246
v 0.31183820962905884 7.797818660736084 17.31630516052246
v 0.31183820962905884 7.797816753387451 16.87003517150879
v 0.12927691638469696 7.797816753387451 16.87003517150879
v 0.4943995177745819 7.797816753387451 17.31630516052246
v 0.4943995177745819 7.797816753387451 16.87003517150879
v 0.31183820962905884 7.797818660736084 17.31630516052246
v 0.31183820962905884 7.797816753387451 16.87003517150879
v 0.9655451774597168 7.775571823120117 -7.342300891876221
v 0.9655451774597168 7.775571823120117 -8.41761589050293
v -0.3418687582015991 7.775571823120117 -7.342300891876221
v -0.3418687582015991 7.775571823120117 -8.41761589050293
v 0.31183820962905884 7.584793567657471 2.221527338027954
v 0.31183820962905884 7.599183559417725 0.9817490577697754
v -0.20993933081626892 7.584793567657471 2.221527338027954
v -0.20993933081626892 7.599183559417725 0.9817490577697754
v 0.833615779876709 7.584793567657471 2.221527338027954
v 0.31183820962905884 7.599183559417725 0.9817490577697754
v 0.31183820962905884 7.584793567657471 2.221527338027954
v 0.833615779876709 7.599183559417725 0.9817490577697754
v -0.5476045608520508 1.3748513460159302 -7.541006565093994
v 1.1712809801101685 1.319685935974121 -7.3351263999938965
v -0.547604501247406 1.319685935974121 -7.335125923156738
v 1.171280860900879 1.3748513460159302 -7.541006565093994
v 0.31183820962905884 7.602201461791992 -8.904153823852539
v -0.20993933081626892 7.602201461791992 -8.376245498657227
v 0.31183820962905884 7.602201461791992 -8.376245498657227
v -0.20993933081626892 7.602201461791992 -8.904153823852539
v -0.20993933081626892 7.602201461791992 -7.677762031555176
v 0.31183820962905884 7.602201461791992 -7.677762031555176
v -0.20993933081626892 7.602201461791992 -6.135959148406982
v 0.31183820962905884 7.602201461791992 -6.135959148406982
v -0.20993933081626892 7.602201461791992 -5.788580894470215
v 0.31183820962905884 7.602201461791992 -5.788580894470215
v -0.20993933081626892 7.602201461791992 -5.294486999511719
v 0.31183820962905884 7.602201461791992 -5.294486999511719
v 0.31183820962905884 7.599183559417725 0.9817490577697754
v 0.31183820962905884 7.602201461791992 -5.294486999511719
v -0.20993933081626892 7.599183559417725 0.9817490577697754
v -0.20993933081626892 7.602201461791992 -5.294486999511719
v 0.31183820962905884 7.602201461791992 -8.376245498657227
v 0.833615779876709 7.602201461791992 -8.376245498657227
v 0.31183820962905884 7.602201461791992 -8.904153823852539
v 0.833615779876709 7.602201461791992 -8.904153823852539
v 0.833615779876709 7.602201461791992 -7.677762031555176
v 0.31183820962905884 7.602201461791992 -7.677762031555176
v 0.833615779876709 7.602201461791992 -6.135959148406982
v 0.31183820962905884 7.602201461791992 -6.135959148406982
v 0.833615779876709 7.602201461791992 -5.788580894470215
v 0.31183820962905884 7.602201461791992 -5.788580894470215
v 0.833615779876709 7.602201461791992 -5.294486999511719
v 0.31183820962905884 7.602201461791992 -5.294486999511719
v 0.31183820962905884 7.602201461791992 -5.294486999511719
v 0.31183820962905884 7.599183559417725 0.9817490577697754
v 0.833615779876709 7.599183559417725 0.9817490577697754
v 0.833615779876709 7.602201461791992 -5.294486999511719
v -0.5476045608520508 2.0880422592163086 -7.541006565093994
v 1.171280860900879 1.9373277425765991 -7.691720962524414
v -0.5476045608520508 1.9373277425765991 -7.691720962524414
v 1.171280860900879 2.0880422592163086 -7.541006565093994
v 0.31183820962905884 0.33308449387550354 -3.143397331237793
v -0.43406903743743896 -0.023378616198897362 -2.9969444274902344
v -0.43406903743743896 0.33308449387550354 -3.143397331237793
v 0.31183820962905884 -0.023378616198897362 -2.9969444274902344
v 0.31183820962905884 0.33308449387550354 -3.143397331237793
v 1.0577454566955566 0.33308449387550354 -3.143397331237793
v 1.0577454566955566 -0.023378616198897362 -2.9969444274902344
v 0.31183820962905884 -0.023378616198897362 -2.9969444274902344
v -1.9330124855041504 4.2629289627075195 -9.732107162475586
v -0.08601097762584686 4.41137170791626 -6.619183540344238
v -1.6082160472869873 4.41137170791626 -9.883562088012695
v -0.4108074903488159 4.2629289627075195 -6.467728614807129
v -2.067547559738159 3.904555559158325 -9.66937255859375
v -0.5453426241874695 3.904555559158325 -6.404993534088135
v -1.9330124855041504 3.5461819171905518 -9.732107162475586
v -0.4108074903488159 3.5461819171905518 -6.467728614807129
v -1.6082160472869873 3.3977391719818115 -9.883562088012695
v -0.08601094782352448 3.3977391719818115 -6.619183540344238
v -1.2834193706512451 3.5461819171905518 -10.035017967224121
v 0.23878557980060577 3.5461819171905518 -6.770638465881348
v -1.1488842964172363 3.904555559158325 -10.09775161743164
v 0.37332069873809814 3.904555559158325 -6.833373546600342
v -1.2834193706512451 4.2629289627075195 -10.035017967224121
v 0.23878556489944458 4.2629289627075195 -6.770638465881348
v -1.6082160472869873 4.41137170791626 -9.883562088012695
v -0.08601097762584686 4.41137170791626 -6.619183540344238
v 0.31183820962905884 7.248846530914307 -8.904153823852539
v -0.06111540272831917 7.248846530914307 -9.168658256530762
v -0.08283578604459763 7.248846530914307 -8.904153823852539
v -0.43406903743743896 7.248846530914307 -8.904153823852539
v 0.31183820962905884 7.248846530914307 -9.168658256530762
v 0.31183820962905884 7.248846530914307 -8.904153823852539
v 0.6847918629646301 7.248846530914307 -9.168658256530762
v 0.31183820962905884 7.248846530914307 -9.168658256530762
v 0.7065122723579407 7.248846530914307 -8.904153823852539
v 1.0577454566955566 7.248846530914307 -8.904153823852539
v -0.18102797865867615 2.8875153064727783 3.797412872314453
v 0.31183820962905884 2.513333320617676 2.582336902618408
v 0.31183820962905884 2.7894773483276367 3.797412872314453
v -0.28670382499694824 2.6323909759521484 2.582336902618408
v -0.5988597869873047 3.166701078414917 3.797412872314453
v -0.7941232919692993 2.97143816947937 2.582336902618408
v -1.1331698894500732 3.4788565635681152 2.582336902618408
v -0.878045916557312 3.5845327377319336 3.797412872314453
v -1.2522273063659668 4.077399253845215 2.582336902618408
v -0.9760833382606506 4.077399253845215 3.797412872314453
v -0.878045916557312 4.570265769958496 3.797412872314453
v -1.1331698894500732 4.675940990447998 2.582336902618408
v -0.5988597869873047 4.988097190856934 3.797412872314453
v -0.7941232919692993 5.1833600997924805 2.582336902618408
v -0.28670382499694824 5.522407531738281 2.582336902618408
v -0.18102797865867615 5.267282962799072 3.797412872314453
v 0.31183820962905884 5.641465187072754 2.5823378562927246
v 0.31183820962905884 5.365320205688477 3.797412872314453
v 0.8047044277191162 5.267282962799072 3.797412872314453
v 0.9103803038597107 5.522407531738281 2.582336902618408
v 1.2225362062454224 4.988097190856934 3.797412872314453
v 1.4177998304367065 5.1833600997924805 2.582336902618408
v 1.75684654712677 4.675940990447998 2.582336902618408
v 1.5017224550247192 4.570265769958496 3.797412872314453
v 1.8759039640426636 4.077399253845215 2.582336902618408
v 1.5997596979141235 4.077399253845215 3.797412872314453
v 1.5017224550247192 3.5845327377319336 3.797412872314453
v 1.75684654712677 3.4788565635681152 2.582336902618408
v 1.2225362062454224 3.166701078414917 3.797412872314453
v 1.4177998304367065 2.97143816947937 2.582336902618408
v 0.9103803038597107 2.6323909759521484 2.582336902618408
v 0.8047044277191162 2.8875153064727783 3.797412872314453
v 0.31183820962905884 2.513333320617676 2.582336902618408
v 0.31183820962905884 2.7894773483276367 3.797412872314453
v 0.91791170835495 -3.957770824432373 -2.2062578201293945
v 0.9179118275642395 -8.612432479858398 -1.1528879404067993
v -0.2942352592945099 -3.957770824432373 -2.2062578201293945
v -0.29423537850379944 -8.612432479858398 -1.1528879404067993
v 1.5017224550247192 3.5845327377319336 2.882709503173828
v 1.5017224550247192 4.570265769958496 2.882709503173828
v -0.18102797865867615 5.267282962799072 2.882709503173828
v 1.5997596979141235 4.077399253845215 2.882709503173828
v 0.8047044277191162 5.267282962799072 2.882709503173828
v 1.2225362062454224 4.988097190856934 2.882709503173828
v 0.31183820962905884 5.365321159362793 2.882709503173828
v 0.8047044277191162 2.8875153064727783 2.882709503173828
v 1.2225362062454224 3.166701078414917 2.882709503173828
v -0.18102797865867615 2.8875153064727783 2.882709503173828
v 0.31183820962905884 2.7894773483276367 2.882709503173828
v -0.878045916557312 4.570265769958496 2.882709503173828
v -0.5988597869873047 4.988097190856934 2.882709503173828
v -0.878045916557312 3.5845327377319336 2.882709503173828
v -0.5988597869873047 3.166701078414917 2.882709503173828
v -0.9760833382606506 4.077399253845215 2.882709503173828
v 0.31183820962905884 0.5791235566139221 -6.002899646759033
v -0.43406903743743896 0.5791231393814087 -3.4518749713897705
v -0.43406903743743896 0.5791235566139221 -6.002899646759033
v 0.31183820962905884 0.5791231393814087 -3.4518749713897705
v -0.43406903743743896 0.5791245102882385 -9.099472999572754
v -0.06111540272831917 0.5791231393814087 -6.950062274932861
v -0.43406903743743896 0.5791231393814087 -6.950062274932861
v -0.06111540272831917 0.5791245102882385 -9.099472999572754
v 1.0577454566955566 0.5791235566139221 -6.002899646759033
v 1.0577454566955566 0.5791231393814087 -3.4518749713897705
v 0.31183820962905884 0.5791235566139221 -6.002899646759033
v 0.31183820962905884 0.5791231393814087 -3.4518749713897705
v 1.0577454566955566 0.5791245102882385 -9.099472999572754
v 0.6847918629646301 0.5791231393814087 -6.950062274932861
v 0.6847918629646301 0.5791245102882385 -9.099472999572754
v 1.0577454566955566 0.5791231393814087 -6.950062274932861
v -0.22190816700458527 0.7083028554916382 -18.280242919921875
v 0.8455846309661865 0.7083028554916382 -18.280242919921875
v 0.8455846309661865 0.7083024382591248 -16.54897117614746
v -0.22190816700458527 0.7083024382591248 -16.54897117614746
v 0.8455846309661865 0.7083024382591248 -16.07484245300293
v -0.22190816700458527 0.7083024382591248 -16.07484245300293
v -0.06111540272831917 2.5363547801971436 2.2215282917022705
v 0.31183820962905884 2.3012211322784424 2.0407626628875732
v 0.31183820962905884 2.5363547801971436 2.2215282917022705
v -0.06111540272831917 2.3012211322784424 2.0407626628875732
v -0.06111540272831917 2.5363547801971436 2.2215282917022705
v -0.43406903743743896 2.5363547801971436 2.2215282917022705
v -0.43406903743743896 2.3012211322784424 2.0407626628875732
v -0.06111540272831917 2.3012211322784424 2.0407626628875732
v 0.6847918629646301 2.5363547801971436 2.2215282917022705
v 0.31183820962905884 2.3012211322784424 2.0407626628875732
v 0.6847918629646301 2.3012211322784424 2.0407626628875732
v 0.31183820962905884 2.5363547801971436 2.2215282917022705
v 0.6847918629646301 2.5363547801971436 2.2215282917022705
v 1.0577454566955566 2.3012211322784424 2.0407626628875732
v 1.0577454566955566 2.5363547801971436 2.2215282917022705
v 0.6847918629646301 2.3012211322784424 2.0407626628875732
v -0.43406903743743896 4.967988967895508 2.221527338027954
v -0.43406903743743896 2.9650542736053467 2.2215282917022705
v -0.06111540272831917 4.967988967895508 2.221527338027954
v -0.06111540272831917 2.9650542736053467 2.2215282917022705
v 0.31183820962905884 4.967988967895508 2.221527338027954
v 0.31183820962905884 2.9650542736053467 2.2215282917022705
v -0.06111540272831917 2.9650542736053467 2.2215282917022705
v 0.31183820962905884 2.5363547801971436 2.2215282917022705
v 0.31183820962905884 2.9650542736053467 2.2215282917022705
v -0.06111540272831917 2.5363547801971436 2.2215282917022705
v -0.43406903743743896 2.9650542736053467 2.2215282917022705
v -0.43406903743743896 2.5363547801971436 2.2215282917022705
v -0.43406903743743896 5.96014928817749 2.221527338027954
v -0.43406903743743896 4.967988967895508 2.221527338027954
v -0.06111540272831917 5.96014928817749 2.221527338027954
v -0.06111540272831917 4.967988967895508 2.221527338027954
v 0.31183820962905884 5.96014928817749 2.221527338027954
v 0.31183820962905884 4.967988967895508 2.221527338027954
v 0.31183820962905884 7.125410556793213 2.221527338027954
v -0.06111540272831917 7.125410556793213 2.221527338027954
v -0.43406903743743896 7.125410556793213 2.221527338027954
v 0.31183820962905884 7.505386829376221 2.221527338027954
v -0.06111540272831917 7.505386829376221 2.221527338027954
v -0.43406903743743896 7.505386829376221 2.221527338027954
v 0.31183820962905884 7.584793567657471 2.221527338027954
v -0.20993933081626892 7.584793567657471 2.221527338027954
v -0.20993933081626892 7.664198875427246 2.221527338027954
v -0.43406903743743896 7.584793567657471 2.221527338027954
v -0.43406903743743896 7.664198875427246 2.221527338027954
v -0.20993933081626892 7.584793567657471 2.221527338027954
v -0.43406903743743896 7.584793567657471 2.221527338027954
v -0.43406903743743896 7.505386829376221 2.221527338027954
v -0.06111540272831917 7.505386829376221 2.221527338027954
v 0.6847918629646301 4.967988967895508 2.221527338027954
v 1.0577454566955566 2.9650542736053467 2.2215282917022705
v 1.0577454566955566 4.967988967895508 2.221527338027954
v 0.6847918629646301 2.9650542736053467 2.2215282917022705
v 0.31183820962905884 4.967988967895508 2.221527338027954
v 0.31183820962905884 2.9650542736053467 2.2215282917022705
v 0.6847918629646301 2.9650542736053467 2.2215282917022705
v 0.31183820962905884 2.9650542736053467 2.2215282917022705
v 0.31183820962905884 2.5363547801971436 2.2215282917022705
v 0.6847918629646301 2.5363547801971436 2.2215282917022705
v 1.0577454566955566 2.9650542736053467 2.2215282917022705
v 1.0577454566955566 2.5363547801971436 2.2215282917022705
v 0.6847918629646301 5.96014928817749 2.221527338027954
v 1.0577454566955566 4.967988967895508 2.221527338027954
v 1.0577454566955566 5.96014928817749 2.221527338027954
v 0.6847918629646301 4.967988967895508 2.221527338027954
v 0.31183820962905884 5.96014928817749 2.221527338027954
v 0.31183820962905884 4.967988967895508 2.221527338027954
v 0.31183820962905884 7.125410556793213 2.221527338027954
v 0.6847918629646301 7.125410556793213 2.221527338027954
v 1.0577454566955566 7.125410556793213 2.221527338027954
v 0.31183820962905884 7.505386829376221 2.221527338027954
v 0.6847918629646301 7.505386829376221 2.221527338027954
v 1.0577454566955566 7.505386829376221 2.221527338027954
v 0.31183820962905884 7.584793567657471 2.221527338027954
v 0.833615779876709 7.584793567657471 2.221527338027954
v 1.0577454566955566 7.584793567657471 2.221527338027954
v 0.833615779876709 7.664198875427246 2.221527338027954
v 1.0577454566955566 7.664198875427246 2.221527338027954
v 0.833615779876709 7.584793567657471 2.221527338027954
v 1.0577454566955566 7.505386829376221 2.221527338027954
v 1.0577454566955566 7.584793567657471 2.221527338027954
v 0.6847918629646301 7.505386829376221 2.221527338027954
v 1.3384840488433838 3.6521472930908203 2.200263023376465
v 1.3384840488433838 4.502649307250977 2.200263023376465
v -0.11341250687837601 5.104043960571289 2.200263023376465
v 1.4230718612670898 4.077398300170898 2.200263023376465
v 0.7370889186859131 5.104043960571289 2.200263023376465
v 1.0975990295410156 4.863158702850342 2.200263023376465
v 0.31183820962905884 5.188632011413574 2.200263023376465
v 0.7370889186859131 3.050752639770508 2.200263023376465
v 1.0975990295410156 3.2916369438171387 2.200263023376465
v -0.11341250687837601 3.050752639770508 2.200263023376465
v 0.31183820962905884 2.9661648273468018 2.200263023376465
v -0.7148076891899109 4.502649307250977 2.200263023376465
v -0.47392258048057556 4.863158702850342 2.200263023376465
v -0.7148076891899109 3.6521472930908203 2.200263023376465
v -0.47392258048057556 3.2916369438171387 2.200263023376465
v -0.7993953227996826 4.077398300170898 2.200263023376465
v 0.4679831564426422 1.0244559049606323 -19.28107261657715
v 0.4679831564426422 1.024454951286316 -15.912772178649902
v 0.15569327771663666 1.0244559049606323 -19.28107261657715
v 0.15569327771663666 1.024454951286316 -15.912772178649902
v 0.31183820962905884 -0.023378616198897362 -2.9969444274902344
v -0.43406903743743896 -0.6258798837661743 -2.9969446659088135
v -0.43406903743743896 -0.023378616198897362 -2.9969444274902344
v 0.31183820962905884 -0.6258798837661743 -2.9969446659088135
v 0.31183820962905884 -0.023378616198897362 -2.9969444274902344
v 1.0577454566955566 -0.023378616198897362 -2.9969444274902344
v 1.0577454566955566 -0.6258798837661743 -2.9969446659088135
v 0.31183820962905884 -0.6258798837661743 -2.9969446659088135
v 0.9179116487503052 -0.5072478652000427 -2.5424387454986572
v 0.91791170835495 -3.957770824432373 -2.2062578201293945
v -0.2942351996898651 -0.5072478652000427 -2.5424387454986572
v -0.2942352592945099 -3.957770824432373 -2.2062578201293945
v -0.43406903743743896 2.127079963684082 1.556106448173523
v -0.06111540272831917 2.127079963684082 1.556106448173523
v -0.06111540272831917 2.2893941402435303 1.7642326354980469
v -0.43406903743743896 2.2893941402435303 1.7642335891723633
v 0.31183820962905884 2.127079963684082 1.556106448173523
v -0.06111540272831917 2.2893941402435303 1.7642326354980469
v -0.06111540272831917 2.127079963684082 1.556106448173523
v 0.31183820962905884 2.2893941402435303 1.7642335891723633
v 1.0577454566955566 2.2893941402435303 1.7642335891723633
v 0.6847918629646301 2.2893941402435303 1.7642326354980469
v 1.0577454566955566 2.127079963684082 1.556106448173523
v 0.6847918629646301 2.127079963684082 1.556106448173523
v 0.6847918629646301 2.2893941402435303 1.7642326354980469
v 0.31183820962905884 2.127079963684082 1.556106448173523
v 0.6847918629646301 2.127079963684082 1.556106448173523
v 0.31183820962905884 2.2893941402435303 1.7642335891723633
v -0.06111540272831917 5.960150241851807 -3.451876163482666
v -0.43406903743743896 5.960150241851807 -5.6545891761779785
v -0.43406903743743896 5.960150241851807 -3.451876163482666
v -0.06111540272831917 5.960150241851807 -5.6545891761779785
v 0.31183820962905884 5.960150241851807 -3.451876163482666
v 0.31183820962905884 5.960150241851807 -5.6545891761779785
v 0.31183820962905884 5.96014928817749 -2.99694561958313
v -0.06111540272831917 5.96014928817749 -2.99694561958313
v 0.31183820962905884 5.96014928817749 1.3872270584106445
v -0.43406903743743896 5.96014928817749 -2.99694561958313
v -0.06111540272831917 5.96014928817749 1.3872270584106445
v -0.43406903743743896 5.96014928817749 1.3872270584106445
v -0.06111540272831917 5.960151195526123 -9.798735618591309
v 0.31183820962905884 5.960151195526123 -9.798735618591309
v 0.31183820962905884 5.960151195526123 -10.037482261657715
v -0.06111540272831917 5.960151195526123 -10.037482261657715
v -0.43406903743743896 5.960151195526123 -9.845479965209961
v -0.43406903743743896 5.960151195526123 -9.53423023223877
v 1.0577454566955566 5.960150241851807 -3.451876163482666
v 1.0577454566955566 5.960150241851807 -5.6545891761779785
v 0.6847918629646301 5.960150241851807 -3.451876163482666
v 0.6847918629646301 5.960150241851807 -5.6545891761779785
v 0.31183820962905884 5.960150241851807 -3.451876163482666
v 0.31183820962905884 5.960150241851807 -5.6545891761779785
v 0.31183820962905884 5.96014928817749 -2.99694561958313
v 0.6847918629646301 5.96014928817749 -2.99694561958313
v 0.31183820962905884 5.96014928817749 1.3872270584106445
v 1.0577454566955566 5.96014928817749 -2.99694561958313
v 0.6847918629646301 5.96014928817749 1.3872270584106445
v 1.0577454566955566 5.96014928817749 1.3872270584106445
v 0.6847918629646301 5.960151195526123 -9.798735618591309
v 0.31183820962905884 5.960151195526123 -10.037482261657715
v 0.31183820962905884 5.960151195526123 -9.798735618591309
v 0.6847918629646301 5.960151195526123 -10.037482261657715
v 0.6847918629646301 5.960151195526123 -9.798735618591309
v 1.0577454566955566 5.960151195526123 -9.53423023223877
v 1.0577454566955566 5.960151195526123 -9.845479965209961
v 0.6847918629646301 5.960151195526123 -10.037482261657715
v 0.7967397570610046 5.915951251983643 14.244715690612793
v 0.7967397570610046 5.915953159332275 3.6746273040771484
v -0.17306329309940338 5.915951251983643 14.244715690612793
v -0.17306329309940338 5.915953159332275 3.6746273040771484
v -1.039312481880188 5.752108097076416 -9.966465950012207
v -0.6637170910835266 5.752108097076416 -9.799479484558105
v -1.07329261302948 5.752108097076416 -10.158231735229492
v -0.8826498985290527 5.752108097076416 -9.829243659973145
v -1.07329261302948 5.752108097076416 -10.175163269042969
v -0.6637170910835266 5.752108097076416 -10.533915519714355
v -1.039312481880188 5.752108097076416 -10.366929054260254
v -0.8826498985290527 5.752108097076416 -10.50415325164795
v 1.287393569946289 5.752108097076416 -10.533915519714355
v 1.287393569946289 5.752108097076416 -9.799479484558105
v 1.6629887819290161 5.752108097076416 -10.366929054260254
v 1.50632643699646 5.752108097076416 -10.50415325164795
v 1.6969691514968872 5.752108097076416 -10.175163269042969
v 1.6969691514968872 5.752108097076416 -10.158231735229492
v 1.6629887819290161 5.752108097076416 -9.966465950012207
v 1.50632643699646 5.752108097076416 -9.829243659973145
v 0.9179116487503052 2.4680349826812744 -2.542437791824341
v -0.2942351996898651 -0.5072478652000427 -2.5424387454986572
v -0.2942351996898651 2.4680349826812744 -2.542437791824341
v 0.9179116487503052 -0.5072478652000427 -2.5424387454986572
v -0.6548365950584412 1.606460690498352 -7.329884052276611
v 1.2785131931304932 1.6064611673355103 -6.244723320007324
v -0.6548364758491516 1.606460690498352 -6.244722843170166
v 1.278512954711914 1.6064611673355103 -7.329884052276611
v -0.43406903743743896 -0.5448847413063049 1.556105613708496
v -0.43406903743743896 -0.7556357979774475 1.556105613708496
v -0.20214572548866272 -0.5448847413063049 1.556105613708496
v -0.20214572548866272 -0.7556357979774475 1.556105613708496
v 0.31183820962905884 -0.5448847413063049 1.556105613708496
v 0.31183820962905884 -0.7556357979774475 1.556105613708496
v 0.31183820962905884 -0.17021560668945312 1.556105613708496
v -0.20214572548866272 -0.17021560668945312 1.556105613708496
v -0.43406903743743896 -0.17021560668945312 1.556105613708496
v 0.31183820962905884 0.20445306599140167 1.556106448173523
v -0.20214572548866272 0.20445306599140167 1.556106448173523
v -0.43406903743743896 0.20445306599140167 1.556106448173523
v -0.06111540272831917 0.5791226625442505 1.556106448173523
v 0.31183820962905884 0.5791226625442505 1.556106448173523
v -0.06111540272831917 2.127079963684082 1.556106448173523
v 0.31183820962905884 2.127079963684082 1.556106448173523
v -0.43406903743743896 2.127079963684082 1.556106448173523
v -0.43406903743743896 0.5791221857070923 1.556106448173523
v -0.43406903743743896 0.5791221857070923 1.556106448173523
v -0.20214572548866272 0.20445306599140167 1.556106448173523
v -0.06111540272831917 0.5791226625442505 1.556106448173523
v -0.43406903743743896 0.20445306599140167 1.556106448173523
v 1.0577454566955566 -0.5448847413063049 1.556105613708496
v 0.8258221745491028 -0.5448847413063049 1.556105613708496
v 1.0577454566955566 -0.7556357979774475 1.556105613708496
v 0.8258221745491028 -0.7556357979774475 1.556105613708496
v 0.31183820962905884 -0.5448847413063049 1.556105613708496
v 0.31183820962905884 -0.7556357979774475 1.556105613708496
v 0.31183820962905884 -0.17021560668945312 1.556105613708496
v 0.8258221745491028 -0.17021560668945312 1.556105613708496
v 0.31183820962905884 0.20445306599140167 1.556106448173523
v 1.0577454566955566 -0.17021560668945312 1.556105613708496
v 0.8258221745491028 0.20445306599140167 1.556106448173523
v 1.0577454566955566 0.20445306599140167 1.556106448173523
v 1.0577454566955566 0.5791221857070923 1.556106448173523
v 0.8258221745491028 0.20445306599140167 1.556106448173523
v 1.0577454566955566 0.20445306599140167 1.556106448173523
v 0.6847918629646301 0.5791226625442505 1.556106448173523
v 0.31183820962905884 0.20445306599140167 1.556106448173523
v 0.6847918629646301 0.5791226625442505 1.556106448173523
v 0.31183820962905884 0.5791226625442505 1.556106448173523
v 0.8258221745491028 0.20445306599140167 1.556106448173523
v 0.31183820962905884 2.127079963684082 1.556106448173523
v 0.31183820962905884 0.5791226625442505 1.556106448173523
v 0.6847918629646301 2.127079963684082 1.556106448173523
v 0.6847918629646301 0.5791226625442505 1.556106448173523
v 1.0577454566955566 2.127079963684082 1.556106448173523
v 1.0577454566955566 0.5791221857070923 1.556106448173523
v 2.2129921913146973 4.472571849822998 13.160665512084961
v 2.2129921913146973 3.583751678466797 4.733773708343506
v 2.2129921913146973 4.472572326660156 4.733773708343506
v 2.2129921913146973 3.5837509632110596 13.160665512084961
v 2.1968603134155273 4.515830993652344 14.24471378326416
v 2.1968603134155273 3.546029567718506 3.6746273040771484
v 2.1968603134155273 4.515832901000977 3.6746273040771484
v 2.1968603134155273 3.546027660369873 14.24471378326416
v 1.9576921463012695 4.515830993652344 14.24471378326416
v 0.7967397570610046 5.676784992218018 3.6746273040771484
v 0.7967397570610046 5.676783084869385 14.244715690612793
v 1.9576921463012695 4.515832901000977 3.6746273040771484
v -1.5893158912658691 4.472572326660156 4.733773708343506
v -1.5893158912658691 3.5837509632110596 13.160665512084961
v -1.5893158912658691 4.472571849822998 13.160665512084961
v -1.5893158912658691 3.583751678466797 4.733773708343506
v -1.5731836557388306 4.515832901000977 3.6746273040771484
v -1.5731836557388306 3.546027660369873 14.24471378326416
v -1.5731836557388306 4.515830993652344 14.24471378326416
v -1.5731836557388306 3.546029567718506 3.6746273040771484
v -1.3340156078338623 4.515832901000977 3.6746273040771484
v -1.3340156078338623 4.515830993652344 14.24471378326416
v -0.17306329309940338 5.676783084869385 14.244715690612793
v -0.17306329309940338 5.676784992218018 3.6746273040771484
v -0.2942351996898651 2.4680349826812744 1.3476454019546509
v 0.9179116487503052 -0.5072487592697144 1.347644567489624
v 0.9179116487503052 2.4680349826812744 1.3476454019546509
v -0.2942351996898651 -0.5072487592697144 1.347644567489624
v 0.31183820962905884 5.220952033996582 14.699725151062012
v -0.08207862079143524 5.220952033996582 15.111220359802246
v 0.31183820962905884 5.220952033996582 15.111220359802246
v -0.08207862079143524 5.220952033996582 14.699725151062012
v -0.08207862079143524 5.220951080322266 16.616918563842773
v 0.31183820962905884 5.220951080322266 16.616918563842773
v -0.08207862079143524 5.220951080322266 16.879396438598633
v 0.31183820962905884 5.220951080322266 16.879396438598633
v 0.31183820962905884 5.220952033996582 15.111220359802246
v 0.7057550549507141 5.220952033996582 15.111220359802246
v 0.31183820962905884 5.220952033996582 14.699725151062012
v 0.7057550549507141 5.220952033996582 14.699725151062012
v 0.7057550549507141 5.220951080322266 16.616918563842773
v 0.31183820962905884 5.220951080322266 16.616918563842773
v 0.7057550549507141 5.220951080322266 16.879396438598633
v 0.31183820962905884 5.220951080322266 16.879396438598633
v 0.019861092790961266 3.904555559158325 -9.888786315917969
v 0.43828099966049194 4.490945339202881 -6.666372299194336
v 0.5939390659332275 3.904555559158325 -6.738956928253174
v -0.13579708337783813 4.490945339202881 -9.816202163696289
v 0.7967397570610046 2.145909070968628 3.6746273040771484
v 0.7967397570610046 2.145907402038574 14.24471378326416
v -0.17306329309940338 2.145909070968628 3.6746273040771484
v -0.17306329309940338 2.145907402038574 14.24471378326416
v 1.6969691514968872 5.752108097076416 -10.158231735229492
v 1.6969691514968872 5.252345085144043 -10.175164222717285
v 1.6969691514968872 5.752108097076416 -10.175163269042969
v 1.6969691514968872 5.252345085144043 -10.158231735229492
v -0.06111540272831917 2.2893941402435303 1.7642326354980469
v -0.06111540272831917 2.3012211322784424 2.0407626628875732
v -0.43406903743743896 2.2893941402435303 1.7642335891723633
v -0.43406903743743896 2.3012211322784424 2.0407626628875732
v 0.31183820962905884 2.2893941402435303 1.7642335891723633
v -0.06111540272831917 2.3012211322784424 2.0407626628875732
v -0.06111540272831917 2.2893941402435303 1.7642326354980469
v 0.31183820962905884 2.3012211322784424 2.0407626628875732
v 0.6847918629646301 2.2893941402435303 1.7642326354980469
v 1.0577454566955566 2.2893941402435303 1.7642335891723633
v 0.6847918629646301 2.3012211322784424 2.0407626628875732
v 1.0577454566955566 2.3012211322784424 2.0407626628875732
v 0.31183820962905884 2.2893941402435303 1.7642335891723633
v 0.6847918629646301 2.3012211322784424 2.0407626628875732
v 0.31183820962905884 2.3012211322784424 2.0407626628875732
v 0.6847918629646301 2.2893941402435303 1.7642326354980469
v -0.43406903743743896 4.967990875244141 -10.068653106689453
v -0.06111540272831917 4.967990875244141 -10.068653106689453
v -0.43406903743743896 4.967990875244141 -10.348225593566895
v -0.06111540272831917 4.967990875244141 -10.348225593566895
v 0.31183820962905884 4.967990875244141 -10.068653106689453
v 0.31183820962905884 4.967990875244141 -10.348225593566895
v 1.0577454566955566 4.967990875244141 -10.068653106689453
v 1.0577454566955566 4.967990875244141 -10.348225593566895
v 0.6847918629646301 4.967990875244141 -10.068653106689453
v 0.6847918629646301 4.967990875244141 -10.348225593566895
v 0.31183820962905884 4.967990875244141 -10.068653106689453
v 0.31183820962905884 4.967990875244141 -10.348225593566895
v -0.2942351996898651 -0.5072487592697144 1.347644567489624
v -0.2942352592945099 -3.2834174633026123 1.6249299049377441
v 0.9179116487503052 -0.5072487592697144 1.347644567489624
v 0.91791170835495 -3.2834174633026123 1.6249299049377441
v -1.07329261302948 5.752108097076416 -10.175163269042969
v -1.07329261302948 5.252345085144043 -10.158231735229492
v -1.07329261302948 5.752108097076416 -10.158231735229492
v -1.07329261302948 5.252345085144043 -10.175164222717285
v -0.13579705357551575 3.318164587020874 -9.816202163696289
v 0.5939390659332275 3.904555559158325 -6.738956928253174
v 0.43828102946281433 3.318164587020874 -6.666372299194336
v 0.019861092790961266 3.904555559158325 -9.888786315917969
v 0.4679831564426422 2.309108257293701 -14.75920581817627
v 0.4679831564426422 2.3091073036193848 -13.8809232711792
v 0.15569327771663666 2.309108257293701 -14.75920581817627
v 0.15569327771663666 2.3091073036193848 -13.8809232711792
v 1.9576921463012695 3.546029567718506 3.6746273040771484
v 0.7967397570610046 2.385075569152832 14.24471378326416
v 0.7967397570610046 2.3850772380828857 3.6746273040771484
v 1.9576921463012695 3.546027660369873 14.24471378326416
v 1.0676268339157104 -2.805203676223755 -23.54964256286621
v 0.31183820962905884 -3.029268264770508 -23.526472091674805
v 0.31183820962905884 -3.0898454189300537 -24.1122989654541
v 1.0676268339157104 -2.8657801151275635 -24.135469436645508
v 1.4125163555145264 -1.679808497428894 -23.6660213470459
v 1.4125163555145264 -1.7403855323791504 -24.251848220825195
v 1.577086329460144 -0.48850902915000916 -23.789215087890625
v 1.577086329460144 -0.5490861535072327 -24.375041961669922
v 1.7964661121368408 1.3763723373413086 -23.98206901550293
v 1.7964661121368408 1.3157942295074463 -24.56789207458496
v 1.768668293952942 4.107689380645752 -24.26451873779297
v 1.768668293952942 4.047109127044678 -24.850345611572266
v 1.657773733139038 4.661504745483398 -24.321788787841797
v 1.657773733139038 4.600924491882324 -24.907615661621094
v 1.3419727087020874 5.131007671356201 -24.37034034729004
v 1.3419727087020874 5.0704264640808105 -24.956167221069336
v 0.8693429827690125 5.444718837738037 -24.402780532836914
v 0.8693429827690125 5.384137153625488 -24.98860740661621
v 0.31183820962905884 5.554879188537598 -24.414175033569336
v 0.31183820962905884 5.494298458099365 -25
v -1.3340156078338623 3.546027660369873 14.24471378326416
v -1.3340156078338623 3.546029567718506 3.6746273040771484
v -0.17306329309940338 2.3850772380828857 3.6746273040771484
v -0.17306329309940338 2.385075569152832 14.24471378326416
v -0.4439503252506256 -2.805203676223755 -23.54964256286621
v 0.31183820962905884 -3.0898454189300537 -24.1122989654541
v 0.31183820962905884 -3.029268264770508 -23.526472091674805
v -0.4439503252506256 -2.8657801151275635 -24.135469436645508
v -0.7888399362564087 -1.679808497428894 -23.6660213470459
v -0.7888399362564087 -1.7403855323791504 -24.251848220825195
v -0.9534097909927368 -0.48850902915000916 -23.789215087890625
v -0.9534097909927368 -0.5490861535072327 -24.375041961669922
v -1.1727898120880127 1.3763723373413086 -23.98206901550293
v -1.1727898120880127 1.3157942295074463 -24.56789207458496
v -1.1449917554855347 4.107689380645752 -24.26451873779297
v -1.1449917554855347 4.047109127044678 -24.850345611572266
v -1.0340971946716309 4.661504745483398 -24.321788787841797
v -1.0340971946716309 4.600924491882324 -24.907615661621094
v -0.7182961702346802 5.131007671356201 -24.37034034729004
v -0.7182961702346802 5.0704264640808105 -24.956167221069336
v -0.24566654860973358 5.444718837738037 -24.402780532836914
v -0.24566654860973358 5.384137153625488 -24.98860740661621
v 0.31183820962905884 5.554879188537598 -24.414175033569336
v 0.31183820962905884 5.494298458099365 -25
v 0.6174930334091187 7.345457553863525 16.102575302124023
v 0.7057550549507141 5.696946144104004 14.725597381591797
v 0.7057550549507141 5.816373348236084 14.51966667175293
v 0.6093186736106873 7.797818660736084 16.174734115600586
v 1.278512954711914 1.8801231384277344 -7.329884052276611
v 1.2785131931304932 1.880122184753418 -6.244723320007324
v 1.278512954711914 1.6064611673355103 -7.329884052276611
v 1.2785131931304932 1.6064611673355103 -6.244723320007324
v 0.31183820962905884 -0.6258798837661743 -2.9969446659088135
v -0.43406903743743896 -1.0029078722000122 -3.136542797088623
v -0.43406903743743896 -0.6258798837661743 -2.9969446659088135
v 0.31183820962905884 -1.0029078722000122 -3.136542797088623
v 0.31183820962905884 -0.6258798837661743 -2.9969446659088135
v 1.0577454566955566 -0.6258798837661743 -2.9969446659088135
v 1.0577454566955566 -1.0029078722000122 -3.136542797088623
v 0.31183820962905884 -1.0029078722000122 -3.136542797088623
v 2.1968603134155273 4.515830993652344 14.24471378326416
v 1.9576921463012695 4.515832901000977 3.6746273040771484
v 1.9576921463012695 4.515830993652344 14.24471378326416
v 2.1968603134155273 4.515832901000977 3.6746273040771484
v -1.5731836557388306 4.515832901000977 3.6746273040771484
v -1.5731836557388306 4.515830993652344 14.24471378326416
v -1.3340156078338623 4.515830993652344 14.24471378326416
v -1.3340156078338623 4.515832901000977 3.6746273040771484
v 0.006183422636240721 7.345457553863525 16.102575302124023
v -0.08207862079143524 5.816373348236084 14.51966667175293
v -0.08207862079143524 5.696946144104004 14.725597381591797
v 0.014357772655785084 7.797818660736084 16.174734115600586
v 1.1712809801101685 1.7314467430114746 -6.923365116119385
v 1.171280860900879 2.1432077884674072 -7.3351263999938965
v 1.1712809801101685 2.0880422592163086 -7.129245758056641
v 1.1712809801101685 1.9373277425765991 -6.9785308837890625
v 1.171280860900879 1.7314467430114746 -7.746887683868408
v 1.171280860900879 2.0880422592163086 -7.541006565093994
v 1.171280860900879 1.9373277425765991 -7.691720962524414
v 1.1712809801101685 1.319685935974121 -7.3351263999938965
v 1.171280860900879 1.5255663394927979 -7.6917219161987305
v 1.171280860900879 1.3748513460159302 -7.541006565093994
v 1.1712809801101685 1.3748513460159302 -7.129245758056641
v 1.1712809801101685 1.5255663394927979 -6.9785308837890625
v -0.6548364758491516 1.880122184753418 -6.244722843170166
v -0.6548365950584412 1.880122184753418 -7.329884052276611
v -0.6548364758491516 1.606460690498352 -6.244722843170166
v -0.6548365950584412 1.606460690498352 -7.329884052276611
v 1.15196692943573 0.40841665863990784 -6.659702777862549
v 1.15196692943573 -1.8071744441986084 -6.659703254699707
v 1.15196692943573 -1.613954782485962 -6.978111743927002
v 1.15196692943573 0.7400924563407898 -6.978111267089844
v 1.15196692943573 -0.2614136040210724 -9.206969261169434
v 1.15196692943573 0.7400924563407898 -9.206969261169434
v 1.15196692943573 -5.417135715484619 -8.850340843200684
v 1.15196692943573 -1.613954782485962 -6.978111743927002
v 1.15196692943573 -1.8071744441986084 -6.659703254699707
v 1.15196692943573 -5.3039774894714355 -9.243232727050781
v 1.15196692943573 -6.271392345428467 -8.946495056152344
v 1.15196692943573 -5.775536060333252 -9.21334457397461
v 1.15196692943573 -5.887108325958252 -8.796663284301758
v 1.15196692943573 -5.775536060333252 -9.21334457397461
v 1.15196692943573 -6.271392345428467 -8.946495056152344
v 1.15196692943573 -6.16943883895874 -9.29458236694336
v 1.15196692943573 -5.417135715484619 -8.850340843200684
v 1.15196692943573 -5.775536060333252 -9.21334457397461
v 1.15196692943573 -5.3039774894714355 -9.243232727050781
v 1.15196692943573 -5.887108325958252 -8.796663284301758
v 1.15196692943573 -5.3039774894714355 -9.243232727050781
v 1.15196692943573 -4.994528770446777 -12.130110740661621
v 1.15196692943573 -4.511868953704834 -11.993480682373047
v 1.15196692943573 -5.775536060333252 -9.21334457397461
v 1.15196692943573 -5.775536060333252 -9.21334457397461
v 1.15196692943573 -5.455766201019287 -11.731189727783203
v 1.15196692943573 -4.994528770446777 -12.130110740661621
v 1.15196692943573 -5.455766201019287 -11.731189727783203
v 1.15196692943573 -5.775536060333252 -9.21334457397461
v 1.15196692943573 -6.16943883895874 -9.29458236694336
v 1.15196692943573 -5.3039774894714355 -9.243232727050781
v 1.15196692943573 -0.2614136040210724 -9.206969261169434
v 1.15196692943573 -1.613954782485962 -6.978111743927002
v 1.15196692943573 -4.511868953704834 -11.993480682373047
v -0.13579708337783813 4.490945339202881 -9.816202163696289
v -1.3194324970245361 4.490945339202881 -9.264264106750488
v 0.43828099966049194 4.490945339202881 -6.666372299194336
v -0.010443830862641335 4.490945339202881 -6.457128524780273
v 1.0847893953323364 2.940328598022461 -6.261660575866699
v 1.0847893953323364 2.666668176651001 -7.391600608825684
v 1.0847893953323364 2.9403295516967773 -7.391600608825684
v 1.0847893953323364 2.6666672229766846 -6.261660575866699
v 1.0847893953323364 1.9267243146896362 -8.00925350189209
v 1.0847893953323364 1.6530632972717285 -9.139192581176758
v 1.0847893953323364 1.9267252683639526 -9.139192581176758
v 1.0847893953323364 1.6530632972717285 -8.00925350189209
v 1.0577454566955566 -1.2283806800842285 -6.457831382751465
v 1.0577454566955566 -1.2283806800842285 -6.002900123596191
v 1.0577454566955566 -1.5672882795333862 -6.457831382751465
v 1.0577454566955566 -1.5672882795333862 -6.002900123596191
v 1.0577454566955566 -1.5672882795333862 -6.9500627517700195
v 1.0577454566955566 -1.2283811569213867 -3.4518752098083496
v 1.0577454566955566 -1.085168480873108 -6.318233013153076
v 1.0577454566955566 -1.5672887563705444 -3.4518754482269287
v 1.0577454566955566 -1.228381633758545 -2.9969446659088135
v 1.0577454566955566 -1.5672887563705444 -2.9969449043273926
v 1.0577454566955566 -1.2283806800842285 -6.9500627517700195
v 1.0577454566955566 -0.6258794069290161 -6.457830905914307
v 1.0577454566955566 -0.6258794069290161 -6.9500627517700195
v 1.0577454566955566 -0.02337770350277424 -6.457830905914307
v 1.0577454566955566 -0.02337770350277424 -6.950062274932861
v 1.0577454566955566 -0.6258798837661743 -2.9969446659088135
v 1.0577454566955566 -0.5448847413063049 1.556105613708496
v 1.0577454566955566 -0.17021560668945312 1.556105613708496
v 1.0577454566955566 0.5791235566139221 -6.476480960845947
v 1.0577454566955566 0.36736026406288147 -6.270246982574463
v 1.0577454566955566 0.5791235566139221 -6.002899646759033
v 1.0577454566955566 1.332680583000183 -6.950062274932861
v 1.0577454566955566 0.5791231393814087 -6.950062274932861
v 1.0577454566955566 1.332680583000183 -6.476480960845947
v 1.0577454566955566 1.332680583000183 -5.654587745666504
v 1.0577454566955566 0.5791231393814087 -3.4518749713897705
v 1.0577454566955566 1.332680583000183 -3.4518749713897705
v 1.0577454566955566 0.5791231393814087 -2.9969444274902344
v 1.0577454566955566 1.332680106163025 -2.9969441890716553
v 1.0577454566955566 2.965055227279663 -2.9969444274902344
v 1.0577454566955566 2.965055227279663 -3.4518749713897705
v 1.0577454566955566 2.9650561809539795 -5.654587745666504
v 1.0577454566955566 4.967989921569824 -2.99694561958313
v 1.0577454566955566 4.967989921569824 -3.451876401901245
v 1.0577454566955566 4.967989921569824 -5.6545891761779785
v 1.0577454566955566 2.965055227279663 -6.476480484008789
v 1.0577454566955566 4.967989921569824 -6.476482391357422
v 1.0577454566955566 5.960150241851807 -3.451876163482666
v 1.0577454566955566 5.960150241851807 -5.6545891761779785
v 1.0577454566955566 5.96014928817749 -2.99694561958313
v 1.0577454566955566 5.96014928817749 1.3872270584106445
v 1.0577454566955566 4.967988967895508 1.3872270584106445
v 1.0577454566955566 2.9650542736053467 1.556106448173523
v 1.0577454566955566 5.96014928817749 2.221527338027954
v 1.0577454566955566 4.967988967895508 2.221527338027954
v 1.0577454566955566 7.125410556793213 2.221527338027954
v 1.0577454566955566 2.9650542736053467 2.2215282917022705
v 1.0577454566955566 7.125410556793213 1.3872278928756714
v 1.0577454566955566 7.505386829376221 2.221527338027954
v 1.0577454566955566 7.505387783050537 0.994585394859314
v 1.0577454566955566 7.584793567657471 2.221527338027954
v 1.0577454566955566 2.2893941402435303 1.7642335891723633
v 1.0577454566955566 2.3012211322784424 2.0407626628875732
v 1.0577454566955566 2.127079963684082 1.556106448173523
v 1.0577454566955566 7.584793567657471 0.994585394859314
v 1.0577454566955566 7.664198875427246 2.221527338027954
v 1.0577454566955566 7.768037796020508 0.994585394859314
v 1.0577454566955566 7.584794521331787 -5.5511884689331055
v 1.0577454566955566 7.505387783050537 -5.5511884689331055
v 1.0577454566955566 7.5847954750061035 -6.088764190673828
v 1.0577454566955566 7.126683235168457 -6.088764190673828
v 1.0577454566955566 7.5847954750061035 -6.466712951660156
v 1.0577454566955566 7.126683235168457 -6.4667134284973145
v 1.0577454566955566 7.5847954750061035 -8.144200325012207
v 1.0577454566955566 7.126683235168457 -8.144200325012207
v 1.0577454566955566 6.349725246429443 -6.4667134284973145
v 1.0577454566955566 6.349725246429443 -6.088764190673828
v 1.0577454566955566 8.149230003356934 -8.904153823852539
v 1.0577454566955566 8.612432479858398 -8.144200325012207
v 1.0577454566955566 7.5847954750061035 -8.904153823852539
v 1.0577454566955566 5.960150241851807 -6.476481914520264
v 1.0577454566955566 6.34972620010376 -8.144200325012207
v 1.0577454566955566 5.960150241851807 -8.144201278686523
v 1.0577454566955566 6.34972620010376 -9.35208511352539
v 1.0577454566955566 5.960151195526123 -9.53423023223877
v 1.0577454566955566 4.967989921569824 -7.724261283874512
v 1.0577454566955566 4.967990875244141 -9.534231185913086
v 1.0577454566955566 5.960151195526123 -9.845479965209961
v 1.0577454566955566 4.967990875244141 -10.068653106689453
v 1.0577454566955566 2.9650561809539795 -9.534229278564453
v 1.0577454566955566 2.965055227279663 -6.950062274932861
v 1.0577454566955566 2.9650561809539795 -10.19087028503418
v 1.0577454566955566 4.967990875244141 -10.348225593566895
v 1.0577454566955566 2.496037721633911 -10.847512245178223
v 1.0577454566955566 1.4902431964874268 -10.190871238708496
v 1.0577454566955566 1.33268141746521 -9.534229278564453
v 1.0577454566955566 1.6478053331375122 -10.847513198852539
v 1.0577454566955566 -0.7556357979774475 1.556105613708496
v 1.0577454566955566 -1.228381633758545 -2.9969446659088135
v 1.0577454566955566 -0.5448847413063049 1.556105613708496
v 1.0577454566955566 -1.5672887563705444 -2.9969449043273926
v 1.0577454566955566 0.20445306599140167 1.556106448173523
v 1.0577454566955566 0.5791231393814087 -2.9969444274902344
v 1.0577454566955566 0.5791221857070923 1.556106448173523
v 1.0577454566955566 -0.023378616198897362 -2.9969444274902344
v 1.0577454566955566 -0.17021560668945312 1.556105613708496
v 1.0577454566955566 -0.023378616198897362 -2.9969444274902344
v 1.0577454566955566 0.20445306599140167 1.556106448173523
v 1.0577454566955566 -0.6258798837661743 -2.9969446659088135
v 1.0577454566955566 0.5791231393814087 -3.4518749713897705
v 1.0577454566955566 0.5791231393814087 -2.9969444274902344
v 1.0577454566955566 0.33308449387550354 -3.143397331237793
v 1.0577454566955566 -0.023378616198897362 -2.9969444274902344
v 1.0577454566955566 -0.6258798837661743 -2.9969446659088135
v 1.0577454566955566 -1.228381633758545 -2.9969446659088135
v 1.0577454566955566 -1.0029078722000122 -3.136542797088623
v 1.0577454566955566 -1.2283811569213867 -3.4518752098083496
v 1.0577454566955566 1.332680106163025 -2.9969441890716553
v 1.0577454566955566 2.127079963684082 1.556106448173523
v 1.0577454566955566 0.5791221857070923 1.556106448173523
v 1.0577454566955566 0.5791231393814087 -2.9969444274902344
v 1.0577454566955566 1.332680583000183 -6.950062274932861
v 1.0577454566955566 0.5791245102882385 -9.099472999572754
v 1.0577454566955566 1.33268141746521 -9.534229278564453
v 1.0577454566955566 0.5791231393814087 -6.950062274932861
v 1.0577454566955566 2.965055227279663 -6.476480484008789
v 1.0577454566955566 1.332680583000183 -6.476480960845947
v 1.0577454566955566 2.965055227279663 -6.950062274932861
v 1.0577454566955566 1.332680583000183 -6.950062274932861
v 1.0577454566955566 2.965055227279663 -2.9969444274902344
v 1.0577454566955566 2.9650542736053467 1.556106448173523
v 1.0577454566955566 2.127079963684082 1.556106448173523
v 1.0577454566955566 1.332680106163025 -2.9969441890716553
v 1.0577454566955566 2.965055227279663 -6.950062274932861
v 1.0577454566955566 1.33268141746521 -9.534229278564453
v 1.0577454566955566 2.9650561809539795 -9.534229278564453
v 1.0577454566955566 1.332680583000183 -6.950062274932861
v 1.0577454566955566 2.5363547801971436 2.2215282917022705
v 1.0577454566955566 2.9650542736053467 1.556106448173523
v 1.0577454566955566 2.9650542736053467 2.2215282917022705
v 1.0577454566955566 2.3012211322784424 2.0407626628875732
v 1.0577454566955566 4.967989921569824 -6.476482391357422
v 1.0577454566955566 2.965055227279663 -6.950062274932861
v 1.0577454566955566 4.967989921569824 -7.724261283874512
v 1.0577454566955566 2.965055227279663 -6.476480484008789
v 1.0577454566955566 5.960150241851807 -8.144201278686523
v 1.0577454566955566 4.967990875244141 -9.534231185913086
v 1.0577454566955566 5.960151195526123 -9.53423023223877
v 1.0577454566955566 4.967989921569824 -7.724261283874512
v 1.0577454566955566 5.960150241851807 -6.476481914520264
v 1.0577454566955566 4.967989921569824 -5.6545891761779785
v 1.0577454566955566 4.967989921569824 -6.476482391357422
v 1.0577454566955566 5.960150241851807 -5.6545891761779785
v 1.0577454566955566 6.349725246429443 -6.4667134284973145
v 1.0577454566955566 6.34972620010376 -8.144200325012207
v 1.0577454566955566 7.126683235168457 -6.4667134284973145
v 1.0577454566955566 7.126683235168457 -8.144200325012207
v 1.0577454566955566 6.34972620010376 -8.144200325012207
v 1.0577454566955566 7.248846530914307 -8.904153823852539
v 1.0577454566955566 7.126683235168457 -8.144200325012207
v 1.0577454566955566 6.34972620010376 -9.35208511352539
v 1.0577454566955566 8.457438468933105 -6.466712951660156
v 1.0577454566955566 7.5847954750061035 -8.144200325012207
v 1.0577454566955566 8.612432479858398 -8.144200325012207
v 1.0577454566955566 7.5847954750061035 -6.466712951660156
v 1.0577454566955566 7.768037796020508 0.994585394859314
v 1.0577454566955566 7.584794521331787 -5.5511884689331055
v 1.0577454566955566 8.372846603393555 -5.5511884689331055
v 1.0577454566955566 7.584793567657471 0.994585394859314
v 1.0577454566955566 8.372846603393555 -5.5511884689331055
v 1.0577454566955566 7.5847954750061035 -6.088764190673828
v 1.0577454566955566 8.422516822814941 -6.08876371383667
v 1.0577454566955566 7.584794521331787 -5.5511884689331055
v 1.0577454566955566 2.9650561809539795 -5.654587745666504
v 1.0577454566955566 1.332680583000183 -5.654587745666504
v 1.0577454566955566 2.965055227279663 -6.476480484008789
v 1.0577454566955566 1.332680583000183 -6.476480960845947
v 1.0577454566955566 0.5791235566139221 -6.476480960845947
v 1.0577454566955566 -0.02337770350277424 -6.950062274932861
v 1.0577454566955566 0.5791231393814087 -6.950062274932861
v 1.0577454566955566 -0.02337770350277424 -6.457830905914307
v 1.0577454566955566 8.422516822814941 -6.08876371383667
v 1.0577454566955566 7.5847954750061035 -6.466712951660156
v 1.0577454566955566 8.457438468933105 -6.466712951660156
v 1.0577454566955566 7.5847954750061035 -6.088764190673828
v 1.0577454566955566 6.349725246429443 -6.088764190673828
v 1.0577454566955566 5.960150241851807 -6.476481914520264
v 1.0577454566955566 6.349725246429443 -6.4667134284973145
v 1.0577454566955566 5.960150241851807 -5.6545891761779785
v 1.0577454566955566 7.5847954750061035 -8.144200325012207
v 1.0577454566955566 7.248846530914307 -8.904153823852539
v 1.0577454566955566 7.5847954750061035 -8.904153823852539
v 1.0577454566955566 7.126683235168457 -8.144200325012207
v -0.5476045608520508 2.1432077884674072 -7.335125923156738
v -0.5476045608520508 1.7314467430114746 -7.746886730194092
v -0.547604501247406 1.319685935974121 -7.335125923156738
v -0.5476045608520508 1.9373277425765991 -7.691720962524414
v -0.5476045608520508 2.0880422592163086 -7.541006565093994
v -0.5476045608520508 1.5255663394927979 -7.691720962524414
v -0.5476045608520508 1.3748513460159302 -7.541006565093994
v -0.547604501247406 1.7314467430114746 -6.923364639282227
v -0.547604501247406 2.0880422592163086 -7.129245281219482
v -0.547604501247406 1.9373267889022827 -6.978530406951904
v -0.547604501247406 1.5255663394927979 -6.978530406951904
v -0.547604501247406 1.3748513460159302 -7.129245758056641
v -0.5282904505729675 0.7400924563407898 -6.978111267089844
v -0.5282904505729675 -0.2614136040210724 -9.206969261169434
v -0.5282904505729675 -1.613954782485962 -6.978111743927002
v -0.5282904505729675 0.7400924563407898 -9.206969261169434
v -0.5282904505729675 0.40841665863990784 -6.659702777862549
v -0.5282904505729675 -1.8071744441986084 -6.659703254699707
v -0.5282904505729675 -5.455766201019287 -11.731189727783203
v -0.5282904505729675 -6.16943883895874 -9.29458236694336
v -0.5282904505729675 -5.775536060333252 -9.21334457397461
v -0.5282904505729675 -4.994528770446777 -12.130110740661621
v -0.5282904505729675 -5.3039774894714355 -9.243232727050781
v -0.5282904505729675 -4.511868953704834 -11.993480682373047
v -0.5282904505729675 -0.2614136040210724 -9.206969261169434
v -0.5282904505729675 -5.3039774894714355 -9.243232727050781
v -0.5282904505729675 -1.613954782485962 -6.978111743927002
v -0.5282904505729675 -4.511868953704834 -11.993480682373047
v -0.5282904505729675 -5.3039774894714355 -9.243232727050781
v -0.5282904505729675 -5.775536060333252 -9.21334457397461
v -0.5282904505729675 -5.417135715484619 -8.850340843200684
v -0.5282904505729675 -5.887108325958252 -8.796663284301758
v -0.5282904505729675 -1.613954782485962 -6.978111743927002
v -0.5282904505729675 -5.417135715484619 -8.850340843200684
v -0.5282904505729675 -1.8071744441986084 -6.659703254699707
v -0.5282904505729675 -5.3039774894714355 -9.243232727050781
v -0.5282904505729675 -5.775536060333252 -9.21334457397461
v -0.5282904505729675 -6.271392345428467 -8.946495056152344
v -0.5282904505729675 -5.887108325958252 -8.796663284301758
v -0.5282904505729675 -6.16943883895874 -9.29458236694336
v 0.31183820962905884 2.538100004196167 -8.817933082580566
v 0.31183820962905884 2.5381009578704834 -10.444622039794922
v 1.0117440223693848 2.5409483909606934 -8.817933082580566
v 1.0117440223693848 2.5409483909606934 -10.444622039794922
v 0.31183820962905884 2.5381009578704834 -10.849127769470215
v 1.2061614990234375 3.0182647705078125 -9.407455444335938
v 1.0117440223693848 2.5409483909606934 -10.849127769470215
v 1.2061614990234375 3.0182647705078125 -10.444622039794922
v 1.4585593938827515 3.5792155265808105 -9.889139175415039
v 1.2061614990234375 3.01826548576355 -10.849127769470215
v 1.4585593938827515 3.5792155265808105 -10.444622039794922
v 1.5530405044555664 4.054202556610107 -10.040115356445312
v 1.4585593938827515 3.579216480255127 -10.849127769470215
v 1.5530405044555664 4.054203510284424 -10.444621086120605
v 1.4585593938827515 4.529191493988037 -10.040115356445312
v 1.5530405044555664 4.054203510284424 -10.849127769470215
v 1.4585593938827515 4.529191493988037 -10.444621086120605
v 1.1895006895065308 4.93186616897583 -10.040115356445312
v 1.4585593938827515 4.529191493988037 -10.849127769470215
v 1.1895006895065308 4.93186616897583 -10.444621086120605
v 0.7868257761001587 5.200924873352051 -10.040114402770996
v 1.1895006895065308 4.93186616897583 -10.849126815795898
v 0.7868257761001587 5.200924873352051 -10.444621086120605
v 0.31183820962905884 5.295405387878418 -10.040114402770996
v 0.7868257761001587 5.200924873352051 -10.849126815795898
v 0.31183820962905884 5.295405387878418 -10.444621086120605
v 0.31183820962905884 5.295405387878418 -10.849126815795898
v -0.461112916469574 2.9403295516967773 -7.391600608825684
v -0.461112916469574 2.6666672229766846 -6.261660575866699
v -0.461112916469574 2.940328598022461 -6.261660575866699
v -0.461112916469574 2.666668176651001 -7.391600608825684
v -0.461112916469574 1.9267252683639526 -9.139192581176758
v -0.461112916469574 1.6530632972717285 -8.00925350189209
v -0.461112916469574 1.9267243146896362 -8.00925350189209
v -0.461112916469574 1.6530632972717285 -9.139192581176758
v -0.43406903743743896 -1.5672882795333862 -6.457831382751465
v -0.43406903743743896 -1.2283806800842285 -6.002900123596191
v -0.43406903743743896 -1.2283806800842285 -6.457831382751465
v -0.43406903743743896 -1.5672882795333862 -6.002900123596191
v -0.43406903743743896 -1.5672882795333862 -6.9500627517700195
v -0.43406903743743896 -1.2283811569213867 -3.4518752098083496
v -0.43406903743743896 -1.085168480873108 -6.318233013153076
v -0.43406903743743896 -1.5672887563705444 -3.4518754482269287
v -0.43406903743743896 -0.6258794069290161 -6.457830905914307
v -0.43406903743743896 -1.2283806800842285 -6.9500627517700195
v -0.43406903743743896 -0.6258794069290161 -6.9500627517700195
v -0.43406903743743896 -0.02337770350277424 -6.457830905914307
v -0.43406903743743896 -1.228381633758545 -2.9969446659088135
v -0.43406903743743896 -0.02337770350277424 -6.950062274932861
v -0.43406903743743896 -1.5672887563705444 -2.9969449043273926
v -0.43406903743743896 -0.7556357979774475 1.556105613708496
v -0.43406903743743896 -0.5448847413063049 1.556105613708496
v -0.43406903743743896 -0.6258798837661743 -2.9969446659088135
v -0.43406903743743896 -0.17021560668945312 1.556105613708496
v -0.43406903743743896 -0.023378616198897362 -2.9969444274902344
v -0.43406903743743896 0.20445306599140167 1.556106448173523
v -0.43406903743743896 0.5791235566139221 -6.476480960845947
v -0.43406903743743896 0.5791231393814087 -6.950062274932861
v -0.43406903743743896 0.36736026406288147 -6.270246982574463
v -0.43406903743743896 0.5791235566139221 -6.002899646759033
v -0.43406903743743896 0.5791231393814087 -3.4518749713897705
v -0.43406903743743896 1.332680583000183 -5.654587745666504
v -0.43406903743743896 1.332680583000183 -3.4518749713897705
v -0.43406903743743896 0.5791231393814087 -2.9969444274902344
v -0.43406903743743896 1.332680106163025 -2.9969441890716553
v -0.43406903743743896 2.965055227279663 -2.9969444274902344
v -0.43406903743743896 2.965055227279663 -3.4518749713897705
v -0.43406903743743896 2.9650561809539795 -5.654587745666504
v -0.43406903743743896 2.965055227279663 -6.476480484008789
v -0.43406903743743896 1.332680583000183 -6.476480960845947
v -0.43406903743743896 2.965055227279663 -6.950062274932861
v -0.43406903743743896 1.332680583000183 -6.950062274932861
v -0.43406903743743896 1.33268141746521 -9.534229278564453
v -0.43406903743743896 2.9650561809539795 -9.534229278564453
v -0.43406903743743896 1.4902431964874268 -10.190871238708496
v -0.43406903743743896 4.967989921569824 -3.451876401901245
v -0.43406903743743896 4.967989921569824 -5.6545891761779785
v -0.43406903743743896 5.960150241851807 -3.451876163482666
v -0.43406903743743896 5.960150241851807 -5.6545891761779785
v -0.43406903743743896 5.96014928817749 -2.99694561958313
v -0.43406903743743896 4.967989921569824 -2.99694561958313
v -0.43406903743743896 5.96014928817749 1.3872270584106445
v -0.43406903743743896 4.967988967895508 1.3872270584106445
v -0.43406903743743896 2.9650542736053467 1.556106448173523
v -0.43406903743743896 5.96014928817749 2.221527338027954
v -0.43406903743743896 7.125410556793213 2.221527338027954
v -0.43406903743743896 4.967988967895508 2.221527338027954
v -0.43406903743743896 7.125410556793213 1.3872278928756714
v -0.43406903743743896 7.505386829376221 2.221527338027954
v -0.43406903743743896 2.9650542736053467 2.2215282917022705
v -0.43406903743743896 2.5363547801971436 2.2215282917022705
v -0.43406903743743896 2.3012211322784424 2.0407626628875732
v -0.43406903743743896 2.2893941402435303 1.7642335891723633
v -0.43406903743743896 2.127079963684082 1.556106448173523
v -0.43406903743743896 7.505387783050537 0.994585394859314
v -0.43406903743743896 7.584793567657471 2.221527338027954
v -0.43406903743743896 7.584793567657471 0.994585394859314
v -0.43406903743743896 7.664198875427246 2.221527338027954
v -0.43406903743743896 7.768037796020508 0.994585394859314
v -0.43406903743743896 7.584794521331787 -5.5511884689331055
v -0.43406903743743896 7.505387783050537 -5.5511884689331055
v -0.43406903743743896 8.372846603393555 -5.5511884689331055
v -0.43406903743743896 7.5847954750061035 -6.088764190673828
v -0.43406903743743896 8.422516822814941 -6.08876371383667
v -0.43406903743743896 7.126683235168457 -6.088764190673828
v -0.43406903743743896 7.5847954750061035 -6.466712951660156
v -0.43406903743743896 8.457438468933105 -6.466712951660156
v -0.43406903743743896 7.126683235168457 -6.4667134284973145
v -0.43406903743743896 6.349725246429443 -6.4667134284973145
v -0.43406903743743896 6.349725246429443 -6.088764190673828
v -0.43406903743743896 7.5847954750061035 -8.144200325012207
v -0.43406903743743896 7.126683235168457 -8.144200325012207
v -0.43406903743743896 8.612432479858398 -8.144200325012207
v -0.43406903743743896 8.149230003356934 -8.904153823852539
v -0.43406903743743896 7.5847954750061035 -8.904153823852539
v -0.43406903743743896 6.34972620010376 -8.144200325012207
v -0.43406903743743896 5.960150241851807 -6.476481914520264
v -0.43406903743743896 5.960150241851807 -8.144201278686523
v -0.43406903743743896 4.967989921569824 -7.724261283874512
v -0.43406903743743896 4.967989921569824 -6.476482391357422
v -0.43406903743743896 1.332680583000183 -6.476480960845947
v -0.43406903743743896 0.5791235566139221 -6.002899646759033
v -0.43406903743743896 1.332680583000183 -5.654587745666504
v -0.43406903743743896 0.5791235566139221 -6.476480960845947
v -0.43406903743743896 0.5791231393814087 -2.9969444274902344
v -0.43406903743743896 0.20445306599140167 1.556106448173523
v -0.43406903743743896 0.5791221857070923 1.556106448173523
v -0.43406903743743896 -0.023378616198897362 -2.9969444274902344
v -0.43406903743743896 0.5791231393814087 -3.4518749713897705
v -0.43406903743743896 0.33308449387550354 -3.143397331237793
v -0.43406903743743896 0.5791231393814087 -2.9969444274902344
v -0.43406903743743896 -0.023378616198897362 -2.9969444274902344
v -0.43406903743743896 -1.228381633758545 -2.9969446659088135
v -0.43406903743743896 -0.6258798837661743 -2.9969446659088135
v -0.43406903743743896 -1.0029078722000122 -3.136542797088623
v -0.43406903743743896 -1.2283811569213867 -3.4518752098083496
v -0.43406903743743896 4.967989921569824 -7.724261283874512
v -0.43406903743743896 4.967990875244141 -9.534231185913086
v -0.43406903743743896 2.9650561809539795 -9.534229278564453
v -0.43406903743743896 2.965055227279663 -6.950062274932861
v -0.43406903743743896 1.332680106163025 -2.9969441890716553
v -0.43406903743743896 0.5791221857070923 1.556106448173523
v -0.43406903743743896 2.127079963684082 1.556106448173523
v -0.43406903743743896 0.5791231393814087 -2.9969444274902344
v -0.43406903743743896 1.332680583000183 -6.950062274932861
v -0.43406903743743896 0.5791245102882385 -9.099472999572754
v -0.43406903743743896 0.5791231393814087 -6.950062274932861
v -0.43406903743743896 1.33268141746521 -9.534229278564453
v -0.43406903743743896 2.496037721633911 -10.847512245178223
v -0.43406903743743896 2.9650561809539795 -10.19087028503418
v -0.43406903743743896 1.6478053331375122 -10.847513198852539
v -0.43406903743743896 4.967990875244141 -10.348225593566895
v -0.43406903743743896 4.967990875244141 -10.068653106689453
v -0.43406903743743896 4.967990875244141 -9.534231185913086
v -0.43406903743743896 5.960151195526123 -9.845479965209961
v -0.43406903743743896 5.960151195526123 -9.53423023223877
v -0.43406903743743896 2.965055227279663 -2.9969444274902344
v -0.43406903743743896 2.127079963684082 1.556106448173523
v -0.43406903743743896 2.9650542736053467 1.556106448173523
v -0.43406903743743896 1.332680106163025 -2.9969441890716553
v -0.43406903743743896 4.967989921569824 -6.476482391357422
v -0.43406903743743896 2.965055227279663 -6.476480484008789
v -0.43406903743743896 4.967989921569824 -5.6545891761779785
v -0.43406903743743896 2.9650561809539795 -5.654587745666504
v -0.43406903743743896 4.967989921569824 -7.724261283874512
v -0.43406903743743896 2.965055227279663 -6.950062274932861
v -0.43406903743743896 4.967989921569824 -6.476482391357422
v -0.43406903743743896 2.965055227279663 -6.476480484008789
v -0.43406903743743896 5.960150241851807 -8.144201278686523
v -0.43406903743743896 5.960151195526123 -9.53423023223877
v -0.43406903743743896 4.967990875244141 -9.534231185913086
v -0.43406903743743896 4.967989921569824 -7.724261283874512
v -0.43406903743743896 5.960150241851807 -6.476481914520264
v -0.43406903743743896 4.967989921569824 -5.6545891761779785
v -0.43406903743743896 5.960150241851807 -5.6545891761779785
v -0.43406903743743896 4.967989921569824 -6.476482391357422
v -0.43406903743743896 7.126683235168457 -6.4667134284973145
v -0.43406903743743896 7.126683235168457 -8.144200325012207
v -0.43406903743743896 6.34972620010376 -8.144200325012207
v -0.43406903743743896 6.349725246429443 -6.4667134284973145
v -0.43406903743743896 7.248846530914307 -8.904153823852539
v -0.43406903743743896 6.34972620010376 -8.144200325012207
v -0.43406903743743896 7.126683235168457 -8.144200325012207
v -0.43406903743743896 6.34972620010376 -9.35208511352539
v -0.43406903743743896 6.34972620010376 -9.35208511352539
v -0.43406903743743896 5.960150241851807 -8.144201278686523
v -0.43406903743743896 6.34972620010376 -8.144200325012207
v -0.43406903743743896 5.960151195526123 -9.53423023223877
v -0.43406903743743896 1.332680583000183 -6.950062274932861
v -0.43406903743743896 0.5791235566139221 -6.476480960845947
v -0.43406903743743896 1.332680583000183 -6.476480960845947
v -0.43406903743743896 0.5791231393814087 -6.950062274932861
v -0.43406903743743896 6.349725246429443 -6.088764190673828
v -0.43406903743743896 6.349725246429443 -6.4667134284973145
v -0.43406903743743896 5.960150241851807 -6.476481914520264
v -0.43406903743743896 5.960150241851807 -5.6545891761779785
v -0.43406903743743896 7.5847954750061035 -8.144200325012207
v -0.43406903743743896 7.248846530914307 -8.904153823852539
v -0.43406903743743896 7.126683235168457 -8.144200325012207
v -0.43406903743743896 7.5847954750061035 -8.904153823852539
v 0.9655451774597168 7.775571823120117 -7.342300891876221
v 0.9655451774597168 7.576605319976807 -8.41761589050293
v 0.9655451774597168 7.775571823120117 -8.41761589050293
v 0.9655451774597168 7.57660436630249 -7.342300891876221
v -0.3880675733089447 2.5409483909606934 -8.817933082580566
v 0.31183820962905884 2.5381009578704834 -10.444622039794922
v 0.31183820962905884 2.538100004196167 -8.817933082580566
v -0.3880675733089447 2.5409483909606934 -10.444622039794922
v 0.31183820962905884 2.5381009578704834 -10.849127769470215
v -0.5824849605560303 3.0182647705078125 -9.407455444335938
v -0.3880675733089447 2.5409483909606934 -10.849127769470215
v -0.5824849605560303 3.0182647705078125 -10.444622039794922
v -0.8348830342292786 3.5792155265808105 -9.889139175415039
v -0.5824849605560303 3.01826548576355 -10.849127769470215
v -0.8348830342292786 3.5792155265808105 -10.444622039794922
v -0.929364025592804 4.054202556610107 -10.040115356445312
v -0.8348830342292786 3.579216480255127 -10.849127769470215
v -0.929364025592804 4.054203510284424 -10.444621086120605
v -0.8348830342292786 4.529191493988037 -10.040115356445312
v -0.929364025592804 4.054203510284424 -10.849127769470215
v -0.8348830342292786 4.529191493988037 -10.444621086120605
v -0.5658242702484131 4.93186616897583 -10.040115356445312
v -0.8348830342292786 4.529191493988037 -10.849127769470215
v -0.5658242702484131 4.93186616897583 -10.444621086120605
v -0.16314934194087982 5.200924873352051 -10.040114402770996
v -0.5658242702484131 4.93186616897583 -10.849126815795898
v -0.16314934194087982 5.200924873352051 -10.444621086120605
v 0.31183820962905884 5.295405387878418 -10.040114402770996
v -0.16314934194087982 5.200924873352051 -10.849126815795898
v 0.31183820962905884 5.295405387878418 -10.444621086120605
v 0.31183820962905884 5.295405387878418 -10.849126815795898
v 0.9179116487503052 2.4680349826812744 1.3476454019546509
v 0.9179116487503052 -0.5072478652000427 -2.5424387454986572
v 0.9179116487503052 2.4680349826812744 -2.542437791824341
v 0.9179116487503052 -0.5072487592697144 1.347644567489624
v 0.91791170835495 -3.2834174633026123 1.6249299049377441
v 0.9179116487503052 -0.5072478652000427 -2.5424387454986572
v 0.9179116487503052 -0.5072487592697144 1.347644567489624
v 0.91791170835495 -3.957770824432373 -2.2062578201293945
v 0.91791170835495 -3.2834174633026123 1.6249299049377441
v 0.9179118275642395 -7.555603504180908 2.5908892154693604
v 0.91791170835495 -3.957770824432373 -2.2062578201293945
v 0.9179118275642395 -8.612432479858398 -1.1528879404067993
v -0.3418687582015991 7.775571823120117 -8.41761589050293
v -0.3418687582015991 7.57660436630249 -7.342300891876221
v -0.3418687582015991 7.775571823120117 -7.342300891876221
v -0.3418687582015991 7.576605319976807 -8.41761589050293
v 0.8455846309661865 1.7757954597473145 -16.54897117614746
v 0.8455846309661865 0.7083028554916382 -18.280242919921875
v 0.8455846309661865 1.7757954597473145 -18.69115447998047
v 0.8455846309661865 0.16902773082256317 -20.540254592895508
v 0.8455846309661865 0.7083024382591248 -16.54897117614746
v 0.8455846309661865 1.396492838859558 -16.07484245300293
v 0.8455846309661865 0.7083024382591248 -16.07484245300293
v 0.8455846309661865 -0.6716198325157166 -19.8682861328125
v 0.8455846309661865 0.07708844542503357 -20.655271530151367
v 0.8455846309661865 -1.2201695442199707 -20.554533004760742
v -0.2942351996898651 2.4680349826812744 -2.542437791824341
v -0.2942351996898651 -0.5072487592697144 1.347644567489624
v -0.2942351996898651 2.4680349826812744 1.3476454019546509
v -0.2942351996898651 -0.5072478652000427 -2.5424387454986572
v -0.2942352592945099 -3.957770824432373 -2.2062578201293945
v -0.29423537850379944 -7.555603504180908 2.5908892154693604
v -0.2942352592945099 -3.2834174633026123 1.6249299049377441
v -0.29423537850379944 -8.612432479858398 -1.1528879404067993
v -0.2942351996898651 -0.5072478652000427 -2.5424387454986572
v -0.2942352592945099 -3.2834174633026123 1.6249299049377441
v -0.2942351996898651 -0.5072487592697144 1.347644567489624
v -0.2942352592945099 -3.957770824432373 -2.2062578201293945
v 0.7967397570610046 2.3850772380828857 3.6746273040771484
v 0.7967397570610046 2.385075569152832 14.24471378326416
v 0.7967397570610046 2.145907402038574 14.24471378326416
v 0.7967397570610046 2.145909070968628 3.6746273040771484
v 0.7967397570610046 5.915953159332275 3.6746273040771484
v 0.7967397570610046 5.915951251983643 14.244715690612793
v 0.7967397570610046 5.676783084869385 14.244715690612793
v 0.7967397570610046 5.676784992218018 3.6746273040771484
v 0.6093186736106873 7.344461441040039 16.8794002532959
v 0.7057550549507141 5.220951080322266 17.31630516052246
v 0.7057550549507141 5.220951080322266 16.879396438598633
v 0.6093186736106873 7.344461441040039 17.31630516052246
v 0.6093186736106873 7.797818660736084 16.174734115600586
v 0.6093186736106873 7.797818660736084 16.8794002532959
v 0.6093186736106873 7.344461441040039 16.8794002532959
v 0.6174930334091187 7.345457553863525 16.102575302124023
v -0.22190816700458527 0.7083024382591248 -16.54897117614746
v -0.22190816700458527 1.396492838859558 -16.07484245300293
v -0.22190816700458527 1.7757954597473145 -16.54897117614746
v -0.22190816700458527 0.7083024382591248 -16.07484245300293
v -0.22190816700458527 0.7083028554916382 -18.280242919921875
v -0.22190816700458527 1.7757954597473145 -18.69115447998047
v -0.22190816700458527 0.16902773082256317 -20.540254592895508
v -0.22190816700458527 -0.6716198325157166 -19.8682861328125
v -0.22190816700458527 0.07708844542503357 -20.655271530151367
v -0.22190816700458527 -1.2201695442199707 -20.554533004760742
v -0.2942352592945099 -3.2834174633026123 1.6249299049377441
v -0.29423537850379944 -7.555603504180908 2.5908892154693604
v 0.91791170835495 -3.2834174633026123 1.6249299049377441
v 0.9179118275642395 -7.555603504180908 2.5908892154693604
v -0.17306329309940338 2.385075569152832 14.24471378326416
v -0.17306329309940338 2.3850772380828857 3.6746273040771484
v -0.17306329309940338 2.145909070968628 3.6746273040771484
v -0.17306329309940338 2.145907402038574 14.24471378326416
v -0.17306329309940338 5.915951251983643 14.244715690612793
v -0.17306329309940338 5.915953159332275 3.6746273040771484
v -0.17306329309940338 5.676784992218018 3.6746273040771484
v -0.17306329309940338 5.676783084869385 14.244715690612793
v 0.7057550549507141 5.220952033996582 14.699725151062012
v 0.7057550549507141 4.7943267822265625 14.699725151062012
v 0.7057550549507141 5.220952033996582 14.465115547180176
v 0.7057550549507141 4.794327735900879 14.465115547180176
v 0.7057550549507141 5.581286907196045 14.465115547180176
v 0.7057550549507141 5.220952033996582 14.699725151062012
v 0.7057550549507141 5.220952033996582 14.465115547180176
v 0.7057550549507141 5.581286907196045 14.699725151062012
v 0.7057550549507141 4.7943267822265625 16.616918563842773
v 0.7057550549507141 4.7943267822265625 16.879396438598633
v 0.7057550549507141 4.523840427398682 16.616918563842773
v 0.7057550549507141 4.523840427398682 16.879396438598633
v 0.7057550549507141 4.794327735900879 14.465115547180176
v 0.7057550549507141 4.7943267822265625 14.699725151062012
v 0.705754816532135 4.542623996734619 14.465115547180176
v 0.705754816532135 4.542623996734619 14.699725151062012
v 0.7057550549507141 5.220951080322266 16.879396438598633
v 0.7057550549507141 5.220951080322266 17.31630516052246
v 0.7057550549507141 4.7943267822265625 17.31630516052246
v 0.7057550549507141 4.7943267822265625 16.879396438598633
v 0.7057550549507141 5.220952033996582 15.111220359802246
v 0.7057550549507141 4.7943267822265625 14.699725151062012
v 0.7057550549507141 5.220952033996582 14.699725151062012
v 0.7057550549507141 4.7943267822265625 15.111220359802246
v 0.7057550549507141 4.7943267822265625 16.616918563842773
v 0.7057550549507141 5.220951080322266 16.616918563842773
v 0.7057550549507141 4.7943267822265625 16.879396438598633
v 0.7057550549507141 5.220951080322266 16.879396438598633
v 0.7057550549507141 5.581286907196045 14.465115547180176
v 0.7057550549507141 5.696946144104004 14.725597381591797
v 0.7057550549507141 5.581286907196045 14.699725151062012
v 0.7057550549507141 5.816373348236084 14.51966667175293
v 0.7057550549507141 4.7943267822265625 16.879396438598633
v 0.7057550549507141 4.7943267822265625 17.31630516052246
v 0.7057550549507141 4.523840427398682 16.879396438598633
v 0.7057550549507141 4.523840427398682 17.31630516052246
v 0.7057550549507141 4.7943267822265625 14.699725151062012
v 0.7057550549507141 4.7943267822265625 15.111220359802246
v 0.705754816532135 4.542623996734619 14.699725151062012
v 0.705754816532135 4.542623996734619 15.111220359802246
v 0.6847918629646301 -1.2283806800842285 -6.9500627517700195
v 0.6847918629646301 -1.1019078493118286 -8.600845336914062
v 0.6847918629646301 -0.8651574850082397 -8.600845336914062
v 0.6847918629646301 -1.5672882795333862 -6.9500627517700195
v 0.6847918629646301 -0.6258794069290161 -6.9500627517700195
v 0.6847918629646301 -0.8651574850082397 -8.600845336914062
v 0.6847918629646301 -0.444267600774765 -8.600845336914062
v 0.6847918629646301 -1.2283806800842285 -6.9500627517700195
v 0.6847918629646301 -0.02337770350277424 -6.950062274932861
v 0.6847918629646301 -0.444267600774765 -8.600845336914062
v 0.6847918629646301 -0.02337770350277424 -8.600845336914062
v 0.6847918629646301 -0.6258794069290161 -6.9500627517700195
v 0.6847918629646301 0.5791231393814087 -6.950062274932861
v 0.6847918629646301 -0.02337770350277424 -8.600845336914062
v 0.6847918629646301 0.5791245102882385 -9.099472999572754
v 0.6847918629646301 -0.02337770350277424 -6.950062274932861
v 0.014357772655785084 7.344461441040039 16.8794002532959
v -0.08207862079143524 5.220951080322266 17.31630516052246
v 0.014357772655785084 7.344461441040039 17.31630516052246
v -0.08207862079143524 5.220951080322266 16.879396438598633
v 0.5614091157913208 3.4155263900756836 16.879396438598633
v 0.5614091157913208 3.4155263900756836 17.31630516052246
v 0.31183820962905884 3.3658833503723145 16.879396438598633
v 0.31183820962905884 3.3658833503723145 17.31630516052246
v 0.77298504114151 3.556896686553955 17.31630516052246
v 0.561409056186676 3.4155263900756836 16.616918563842773
v 0.31183820962905884 3.3658833503723145 16.616918563842773
v 0.77298504114151 3.556896686553955 16.616918563842773
v 0.77298504114151 3.556896686553955 16.879396438598633
v 0.9143556356430054 3.76847243309021 17.31630516052246
v 0.9143556356430054 3.7684733867645264 16.879396438598633
v 0.9143556356430054 3.7684733867645264 16.616918563842773
v 0.9639983177185059 4.0180439949035645 17.31630516052246
v 0.9639983177185059 4.0180439949035645 16.879396438598633
v 0.9639983177185059 4.0180439949035645 16.616918563842773
v 0.8826932311058044 4.3065056800842285 16.879396438598633
v 0.8826932311058044 4.3065056800842285 16.616918563842773
v 0.7057550549507141 4.523840427398682 16.616918563842773
v 0.8826932311058044 4.3065056800842285 17.31630516052246
v 0.7057550549507141 4.523840427398682 16.879396438598633
v 0.7057550549507141 4.523840427398682 17.31630516052246
v 0.567966639995575 3.399696111679077 14.699725151062012
v 0.567966639995575 3.39969539642334 15.111220359802246
v 0.31183820962905884 3.3487484455108643 14.699725151062012
v 0.31183820962905884 3.3487484455108643 15.111220359802246
v 0.5679665803909302 3.39969539642334 14.465115547180176
v 0.31183820962905884 3.3487484455108643 14.465115547180176
v 0.7851016521453857 3.5447804927825928 14.465115547180176
v 0.7851016521453857 3.5447804927825928 14.699725151062012
v 0.7851017117500305 3.5447804927825928 15.111220359802246
v 0.9301866888999939 3.761916160583496 14.465115547180176
v 0.9301867485046387 3.761915445327759 15.111220359802246
v 0.9301867485046387 3.761916160583496 14.699725151062012
v 0.9811338782310486 4.0180439949035645 15.111220359802246
v 0.9811338782310486 4.0180439949035645 14.699725151062012
v 0.981133759021759 4.0180439949035645 14.465115547180176
v 0.9301867485046387 4.274171829223633 15.111220359802246
v 0.9301867485046387 4.274172782897949 14.699725151062012
v 0.9301866888999939 4.274172782897949 14.465115547180176
v 0.7851017117500305 4.491307735443115 15.111220359802246
v 0.7851016521453857 4.491307735443115 14.699725151062012
v 0.705754816532135 4.542623996734619 15.111220359802246
v 0.7851016521453857 4.491307735443115 14.465115547180176
v 0.705754816532135 4.542623996734619 14.699725151062012
v 0.705754816532135 4.542623996734619 14.465115547180176
v -0.547604501247406 1.319685935974121 -7.335125923156738
v 1.1712809801101685 1.3748513460159302 -7.129245758056641
v -0.547604501247406 1.3748513460159302 -7.129245758056641
v 1.1712809801101685 1.319685935974121 -7.3351263999938965
v 0.014357772655785084 7.797818660736084 16.174734115600586
v 0.014357772655785084 7.344461441040039 16.8794002532959
v 0.014357772655785084 7.797818660736084 16.8794002532959
v 0.006183422636240721 7.345457553863525 16.102575302124023
v 0.6523772478103638 -0.9060811400413513 -23.97286605834961
v 0.6523772478103638 -0.43712204694747925 -22.154949188232422
v 0.6523772478103638 -2.7111852169036865 -23.697877883911133
v 0.6523772478103638 -0.16136668622493744 -22.222379684448242
v 0.6523772478103638 -0.16136668622493744 -22.222379684448242
v 0.6523772478103638 1.0391137599945068 -19.008031845092773
v 0.6523772478103638 -0.43712204694747925 -22.154949188232422
v 0.6523772478103638 1.3148691654205322 -19.075464248657227
v -0.5476045608520508 2.1432077884674072 -7.335125923156738
v 1.171280860900879 2.0880422592163086 -7.541006565093994
v -0.5476045608520508 2.0880422592163086 -7.541006565093994
v 1.171280860900879 2.1432077884674072 -7.3351263999938965
v -0.06111540272831917 -1.1019078493118286 -8.600845336914062
v -0.06111540272831917 -1.2283806800842285 -6.9500627517700195
v -0.06111540272831917 -0.8651574850082397 -8.600845336914062
v -0.06111540272831917 -1.5672882795333862 -6.9500627517700195
v -0.06111540272831917 -0.8651574850082397 -8.600845336914062
v -0.06111540272831917 -0.6258794069290161 -6.9500627517700195
v -0.06111540272831917 -0.444267600774765 -8.600845336914062
v -0.06111540272831917 -1.2283806800842285 -6.9500627517700195
v -0.06111540272831917 -0.444267600774765 -8.600845336914062
v -0.06111540272831917 -0.02337770350277424 -6.950062274932861
v -0.06111540272831917 -0.02337770350277424 -8.600845336914062
v -0.06111540272831917 -0.6258794069290161 -6.9500627517700195
v -0.06111540272831917 -0.02337770350277424 -8.600845336914062
v -0.06111540272831917 0.5791231393814087 -6.950062274932861
v -0.06111540272831917 0.5791245102882385 -9.099472999572754
v -0.06111540272831917 -0.02337770350277424 -6.950062274932861
v -0.08207862079143524 5.220952033996582 14.465115547180176
v -0.08207862079143524 4.7943267822265625 14.699725151062012
v -0.08207862079143524 5.220952033996582 14.699725151062012
v -0.08207862079143524 4.794327735900879 14.465115547180176
v -0.08207862079143524 5.581286907196045 14.465115547180176
v -0.08207862079143524 5.220952033996582 14.699725151062012
v -0.08207862079143524 5.581286907196045 14.699725151062012
v -0.08207862079143524 5.220952033996582 14.465115547180176
v -0.08207862079143524 4.7943267822265625 16.616918563842773
v -0.08207862079143524 4.523840427398682 16.616918563842773
v -0.08207862079143524 4.7943267822265625 16.879396438598633
v -0.08207862079143524 4.523840427398682 16.879396438598633
v -0.08207862079143524 5.220951080322266 16.616918563842773
v -0.08207862079143524 5.220951080322266 16.879396438598633
v -0.08207862079143524 5.220952033996582 15.111220359802246
v -0.08207862079143524 4.7943267822265625 15.111220359802246
v -0.08207862079143524 4.7943267822265625 14.699725151062012
v -0.08207862079143524 5.220952033996582 14.699725151062012
v -0.08207862079143524 4.794327735900879 14.465115547180176
v -0.08207838982343674 4.542623996734619 14.465115547180176
v -0.08207862079143524 4.7943267822265625 14.699725151062012
v -0.08207838982343674 4.542623996734619 14.699725151062012
v -0.08207862079143524 5.220951080322266 16.879396438598633
v -0.08207862079143524 4.7943267822265625 17.31630516052246
v -0.08207862079143524 5.220951080322266 17.31630516052246
v -0.08207862079143524 4.7943267822265625 16.879396438598633
v -0.08207862079143524 5.581286907196045 14.465115547180176
v -0.08207862079143524 5.696946144104004 14.725597381591797
v -0.08207862079143524 5.816373348236084 14.51966667175293
v -0.08207862079143524 5.581286907196045 14.699725151062012
v -0.08207862079143524 4.7943267822265625 16.879396438598633
v -0.08207862079143524 4.523840427398682 16.879396438598633
v -0.08207862079143524 4.7943267822265625 17.31630516052246
v -0.08207862079143524 4.523840427398682 17.31630516052246
v 0.055709850043058395 3.399696111679077 14.699725151062012
v 0.31183820962905884 3.3487484455108643 14.699725151062012
v 0.055709850043058395 3.39969539642334 15.111220359802246
v 0.31183820962905884 3.3487484455108643 15.111220359802246
v 0.055709876120090485 3.39969539642334 14.465115547180176
v 0.31183820962905884 3.3487484455108643 14.465115547180176
v -0.16142521798610687 3.5447804927825928 14.465115547180176
v -0.16142521798610687 3.5447804927825928 14.699725151062012
v -0.16142524778842926 3.5447804927825928 15.111220359802246
v -0.30651023983955383 3.761916160583496 14.465115547180176
v -0.3065102994441986 3.761915445327759 15.111220359802246
v -0.3065102994441986 3.761916160583496 14.699725151062012
v -0.3574574589729309 4.0180439949035645 15.111220359802246
v -0.3574574589729309 4.0180439949035645 14.699725151062012
v -0.35745733976364136 4.0180439949035645 14.465115547180176
v -0.3065102994441986 4.274171829223633 15.111220359802246
v -0.3065102994441986 4.274172782897949 14.699725151062012
v -0.30651023983955383 4.274172782897949 14.465115547180176
v -0.16142524778842926 4.491307735443115 15.111220359802246
v -0.16142521798610687 4.491307735443115 14.699725151062012
v -0.08207838982343674 4.542623996734619 15.111220359802246
v -0.16142521798610687 4.491307735443115 14.465115547180176
v -0.08207838982343674 4.542623996734619 14.699725151062012
v -0.08207838982343674 4.542623996734619 14.465115547180176
v -0.08207862079143524 4.7943267822265625 14.699725151062012
v -0.08207838982343674 4.542623996734619 14.699725151062012
v -0.08207862079143524 4.7943267822265625 15.111220359802246
v -0.08207838982343674 4.542623996734619 15.111220359802246
v 0.6093186736106873 7.797818660736084 17.31630516052246
v 0.6093186736106873 7.344461441040039 16.8794002532959
v 0.6093186736106873 7.797818660736084 16.8794002532959
v 0.6093186736106873 7.344461441040039 17.31630516052246
v 0.6093186736106873 8.104103088378906 16.991722106933594
v 0.6093186736106873 8.104103088378906 16.87003517150879
v 0.6093186736106873 8.104103088378906 16.534202575683594
v 0.6093186736106873 7.797818660736084 16.174734115600586
v -0.18102797865867615 2.8875153064727783 2.882709503173828
v 0.31183820962905884 2.7894773483276367 2.1981372833251953
v 0.31183820962905884 2.7894773483276367 2.882709503173828
v -0.18102797865867615 2.8875153064727783 2.1981372833251953
v -0.5988597869873047 3.166701078414917 2.882709503173828
v -0.5988597869873047 3.166701078414917 2.1981372833251953
v -0.878045916557312 3.5845327377319336 2.882709503173828
v -0.878045916557312 3.5845327377319336 2.1981372833251953
v -0.9760833382606506 4.077399253845215 2.882709503173828
v -0.9760833382606506 4.077399253845215 2.1981372833251953
v -0.878045916557312 4.570265769958496 2.882709503173828
v -0.878045916557312 4.570265769958496 2.1981372833251953
v -0.5988597869873047 4.988097190856934 2.882709503173828
v -0.5988597869873047 4.988097190856934 2.1981372833251953
v -0.18102797865867615 5.267282962799072 2.882709503173828
v -0.18102797865867615 5.267282962799072 2.1981372833251953
v 0.31183820962905884 5.365321159362793 2.882709503173828
v 0.31183820962905884 5.365321159362793 2.1981372833251953
v 0.8047044277191162 5.267282962799072 2.882709503173828
v 0.8047044277191162 5.267282962799072 2.1981372833251953
v 1.2225362062454224 4.988097190856934 2.882709503173828
v 1.2225362062454224 4.988097190856934 2.1981372833251953
v 1.5017224550247192 4.570265769958496 2.882709503173828
v 1.5017224550247192 4.570265769958496 2.1981372833251953
v 1.5997596979141235 4.077399253845215 2.882709503173828
v 1.5997596979141235 4.077399253845215 2.1981372833251953
v 1.5017224550247192 3.5845327377319336 2.882709503173828
v 1.5017224550247192 3.5845327377319336 2.1981372833251953
v 1.2225362062454224 3.166701078414917 2.882709503173828
v 1.2225362062454224 3.166701078414917 2.1981372833251953
v 0.8047044277191162 2.8875153064727783 2.882709503173828
v 0.8047044277191162 2.8875153064727783 2.1981372833251953
v 0.31183820962905884 2.7894773483276367 2.882709503173828
v 0.31183820962905884 2.7894773483276367 2.1981372833251953
v 0.017539864405989647 3.307544708251953 25
v 0.31183820962905884 3.2490053176879883 21.963205337524414
v 0.31183820962905884 3.2490053176879883 25
v 0.017539864405989647 3.3075456619262695 21.963205337524414
v -0.23195421695709229 3.4742510318756104 25
v -0.23195421695709229 3.4742519855499268 21.963205337524414
v -0.398660808801651 3.723745107650757 25
v -0.398660808801651 3.7237460613250732 21.963205337524414
v -0.45720046758651733 4.0180439949035645 25
v -0.45720046758651733 4.0180439949035645 21.963205337524414
v -0.398660808801651 4.312342166900635 25
v -0.398660808801651 4.312343120574951 21.963205337524414
v -0.23195421695709229 4.561836242675781 25
v -0.23195421695709229 4.561837196350098 21.963205337524414
v 0.017539864405989647 4.728542804718018 25
v 0.017539864405989647 4.728543281555176 21.963205337524414
v 0.31183820962905884 4.787082672119141 25
v 0.31183820962905884 4.787082672119141 21.963205337524414
v 0.6061365604400635 4.728542804718018 25
v 0.6061365604400635 4.728543281555176 21.963205337524414
v 0.85563063621521 4.561836242675781 25
v 0.85563063621521 4.561837196350098 21.963205337524414
v 1.0223371982574463 4.312342166900635 25
v 1.0223371982574463 4.312343120574951 21.963205337524414
v 1.0808769464492798 4.0180439949035645 25
v 1.0808769464492798 4.0180439949035645 21.963205337524414
v 1.0223371982574463 3.723745107650757 25
v 1.0223371982574463 3.7237460613250732 21.963205337524414
v 0.85563063621521 3.4742510318756104 25
v 0.85563063621521 3.4742519855499268 21.963205337524414
v 0.6061365604400635 3.307544708251953 25
v 0.6061365604400635 3.3075456619262695 21.963205337524414
v 0.31183820962905884 3.2490053176879883 25
v 0.31183820962905884 3.2490053176879883 21.963205337524414
v 0.06226730719208717 3.4155263900756836 17.31630516052246
v 0.06226730719208717 3.4155263900756836 16.879396438598633
v 0.31183820962905884 3.3658833503723145 16.879396438598633
v 0.31183820962905884 3.3658833503723145 17.31630516052246
v -0.14930865168571472 3.556896686553955 17.31630516052246
v 0.06226733699440956 3.4155263900756836 16.616918563842773
v 0.31183820962905884 3.3658833503723145 16.616918563842773
v -0.14930865168571472 3.556896686553955 16.616918563842773
v -0.14930865168571472 3.556896686553955 16.879396438598633
v -0.2906791865825653 3.76847243309021 17.31630516052246
v -0.2906791865825653 3.7684733867645264 16.879396438598633
v -0.2906791865825653 3.7684733867645264 16.616918563842773
v -0.3403218984603882 4.0180439949035645 17.31630516052246
v -0.3403218984603882 4.0180439949035645 16.879396438598633
v -0.3403218984603882 4.0180439949035645 16.616918563842773
v -0.25901681184768677 4.3065056800842285 16.879396438598633
v -0.25901681184768677 4.3065056800842285 16.616918563842773
v -0.08207862079143524 4.523840427398682 16.616918563842773
v -0.25901681184768677 4.3065056800842285 17.31630516052246
v -0.08207862079143524 4.523840427398682 16.879396438598633
v -0.08207862079143524 4.523840427398682 17.31630516052246
v -0.02870083414018154 -0.43712204694747925 -22.154949188232422
v -0.02870083414018154 1.0391137599945068 -19.008031845092773
v -0.02870083414018154 -0.16136668622493744 -22.222379684448242
v -0.02870083414018154 1.3148691654205322 -19.075464248657227
v -0.02870083414018154 -0.9060811400413513 -23.97286605834961
v -0.02870083414018154 -0.43712204694747925 -22.154949188232422
v -0.02870083414018154 -0.16136668622493744 -22.222379684448242
v -0.02870083414018154 -2.7111852169036865 -23.697877883911133
v 0.014357772655785084 7.797818660736084 17.31630516052246
v 0.014357772655785084 7.797818660736084 16.8794002532959
v 0.014357772655785084 7.344461441040039 16.8794002532959
v 0.014357772655785084 7.344461441040039 17.31630516052246
v 0.014357772655785084 8.104103088378906 16.991722106933594
v 0.014357772655785084 8.104103088378906 16.87003517150879
v 0.014357772655785084 8.104103088378906 16.534202575683594
v 0.014357772655785084 7.797818660736084 16.174734115600586
v 0.4679831564426422 3.730388879776001 -15.912772178649902
v 0.4679831564426422 1.0244559049606323 -19.28107261657715
v 0.4679831564426422 3.7303898334503174 -19.28107261657715
v 0.4679831564426422 1.024454951286316 -15.912772178649902
v 0.4679831564426422 3.730390787124634 -24.18513298034668
v 0.4679831564426422 -0.9753808379173279 -23.828472137451172
v 0.4679831564426422 3.730388879776001 -15.912772178649902
v 0.4679831564426422 2.309108257293701 -14.75920581817627
v 0.4679831564426422 1.024454951286316 -15.912772178649902
v 0.4679831564426422 3.730388879776001 -14.75920581817627
v 0.4679831564426422 3.730388879776001 -13.8809232711792
v 0.4679831564426422 2.309108257293701 -14.75920581817627
v 0.4679831564426422 3.730388879776001 -14.75920581817627
v 0.4679831564426422 2.3091073036193848 -13.8809232711792
v 0.15569327771663666 3.730388879776001 -14.75920581817627
v 0.15569327771663666 3.730388879776001 -15.912772178649902
v 0.15569327771663666 2.309108257293701 -14.75920581817627
v 0.15569327771663666 1.024454951286316 -15.912772178649902
v 0.15569327771663666 3.7303898334503174 -19.28107261657715
v 0.15569327771663666 1.024454951286316 -15.912772178649902
v 0.15569327771663666 3.730388879776001 -15.912772178649902
v 0.15569327771663666 1.0244559049606323 -19.28107261657715
v 0.15569327771663666 3.730390787124634 -24.18513298034668
v 0.15569327771663666 -0.9753808379173279 -23.828472137451172
v 0.4679831564426422 3.7303898334503174 -19.28107261657715
v 0.4679831564426422 3.730390787124634 -24.18513298034668
v 0.15569327771663666 3.7303898334503174 -19.28107261657715
v 0.15569327771663666 3.730390787124634 -24.18513298034668
v 0.15569327771663666 3.730388879776001 -15.912772178649902
v 0.4679831564426422 3.730388879776001 -15.912772178649902
v 0.15569327771663666 3.730388879776001 -14.75920581817627
v 0.4679831564426422 3.730388879776001 -14.75920581817627
v 0.15569327771663666 3.730388879776001 -13.8809232711792
v 0.4679831564426422 3.730388879776001 -13.8809232711792
v 0.15569327771663666 3.730388879776001 -13.8809232711792
v 0.15569327771663666 3.730388879776001 -14.75920581817627
v 0.15569327771663666 2.3091073036193848 -13.8809232711792
v 0.15569327771663666 2.309108257293701 -14.75920581817627
v -1.5731836557388306 3.546027660369873 14.24471378326416
v -1.5731836557388306 3.546029567718506 3.6746273040771484
v -1.3340156078338623 3.546029567718506 3.6746273040771484
v -1.3340156078338623 3.546027660369873 14.24471378326416
v 2.1968603134155273 3.546029567718506 3.6746273040771484
v 1.9576921463012695 3.546027660369873 14.24471378326416
v 1.9576921463012695 3.546029567718506 3.6746273040771484
v 2.1968603134155273 3.546027660369873 14.24471378326416
v 0.12927691638469696 8.104103088378906 16.991722106933594
v 0.12927691638469696 7.797816753387451 16.87003517150879
v 0.12927691638469696 8.104103088378906 16.87003517150879
v 0.12927691638469696 7.797816753387451 17.31630516052246
v 0.12927691638469696 7.797816753387451 16.87003517150879
v 0.12927691638469696 8.104103088378906 16.534202575683594
v 0.12927691638469696 8.104103088378906 16.87003517150879
v 0.12927691638469696 7.797818660736084 16.174734115600586
v 0.4943995177745819 7.797816753387451 16.87003517150879
v 0.4943995177745819 8.104103088378906 16.991722106933594
v 0.4943995177745819 8.104103088378906 16.87003517150879
v 0.4943995177745819 7.797816753387451 17.31630516052246
v 0.4943995177745819 8.104103088378906 16.534202575683594
v 0.4943995177745819 7.797816753387451 16.87003517150879
v 0.4943995177745819 8.104103088378906 16.87003517150879
v 0.4943995177745819 7.797816753387451 16.87003517150879
v 0.4943995177745819 8.104103088378906 16.534202575683594
v 0.4943995177745819 7.797818660736084 16.174734115600586
v -0.20993933081626892 8.372846603393555 -5.5511884689331055
v -0.20993933081626892 7.602201461791992 -5.788580894470215
v -0.20993933081626892 8.422516822814941 -6.08876371383667
v -0.20993933081626892 7.602201461791992 -5.294486999511719
v -0.20993933081626892 8.457438468933105 -6.466712951660156
v -0.20993933081626892 7.602201461791992 -7.677762031555176
v -0.20993933081626892 8.612432479858398 -8.144200325012207
v -0.20993933081626892 7.602201461791992 -6.135959148406982
v -0.20993933081626892 8.422516822814941 -6.08876371383667
v -0.20993933081626892 7.602201461791992 -6.135959148406982
v -0.20993933081626892 8.457438468933105 -6.466712951660156
v -0.20993933081626892 7.602201461791992 -5.788580894470215
v -0.20993933081626892 7.584793567657471 2.221527338027954
v -0.20993933081626892 7.599183559417725 0.9817490577697754
v -0.20993933081626892 7.664198875427246 2.221527338027954
v -0.20993933081626892 7.768037796020508 0.994585394859314
v -0.20993933081626892 7.768037796020508 0.994585394859314
v -0.20993933081626892 7.602201461791992 -5.294486999511719
v -0.20993933081626892 8.372846603393555 -5.5511884689331055
v -0.20993933081626892 7.599183559417725 0.9817490577697754
v -0.20993933081626892 8.149230003356934 -8.904153823852539
v -0.20993933081626892 7.602201461791992 -8.376245498657227
v -0.20993933081626892 7.602201461791992 -8.904153823852539
v -0.20993933081626892 8.612432479858398 -8.144200325012207
v -0.20993933081626892 7.602201461791992 -7.677762031555176
v 0.833615779876709 7.602201461791992 -5.788580894470215
v 0.833615779876709 8.372846603393555 -5.5511884689331055
v 0.833615779876709 8.422516822814941 -6.08876371383667
v 0.833615779876709 7.602201461791992 -5.294486999511719
v 0.833615779876709 7.602201461791992 -7.677762031555176
v 0.833615779876709 8.457438468933105 -6.466712951660156
v 0.833615779876709 8.612432479858398 -8.144200325012207
v 0.833615779876709 7.602201461791992 -6.135959148406982
v 0.833615779876709 7.602201461791992 -6.135959148406982
v 0.833615779876709 8.422516822814941 -6.08876371383667
v 0.833615779876709 8.457438468933105 -6.466712951660156
v 0.833615779876709 7.602201461791992 -5.788580894470215
v 0.833615779876709 7.664198875427246 2.221527338027954
v 0.833615779876709 7.768037796020508 0.994585394859314
v 0.833615779876709 7.599183559417725 0.9817490577697754
v 0.833615779876709 7.584793567657471 2.221527338027954
v 0.833615779876709 7.602201461791992 -5.294486999511719
v 0.833615779876709 7.768037796020508 0.994585394859314
v 0.833615779876709 8.372846603393555 -5.5511884689331055
v 0.833615779876709 7.599183559417725 0.9817490577697754
v 0.833615779876709 8.149230003356934 -8.904153823852539
v 0.833615779876709 7.602201461791992 -8.376245498657227
v 0.833615779876709 8.612432479858398 -8.144200325012207
v 0.833615779876709 7.602201461791992 -7.677762031555176
v 0.833615779876709 7.602201461791992 -8.904153823852539
v 0.0328405536711216 4.523841381072998 16.879396438598633
v 0.0328405536711216 4.523841381072998 17.31630516052246
v -0.08207862079143524 4.523840427398682 16.879396438598633
v -0.08207862079143524 4.523840427398682 17.31630516052246
v 0.0328405536711216 4.523841381072998 16.879396438598633
v 0.31183820962905884 4.523841381072998 16.879396438598633
v 0.31183820962905884 4.523841381072998 17.31630516052246
v 0.0328405536711216 4.523841381072998 17.31630516052246
v 0.06226733699440956 4.523841381072998 16.616918563842773
v 0.31183820962905884 4.523841381072998 16.616918563842773
v 0.31183820962905884 4.523841381072998 16.879396438598633
v 0.0328405536711216 4.523841381072998 16.879396438598633
v 0.06226733699440956 4.523841381072998 16.616918563842773
v 0.0328405536711216 4.523841381072998 16.879396438598633
v -0.08207862079143524 4.523840427398682 16.616918563842773
v -0.08207862079143524 4.523840427398682 16.879396438598633
v 0.7057550549507141 4.523840427398682 16.879396438598633
v 0.5908359289169312 4.523841381072998 17.31630516052246
v 0.5908359289169312 4.523841381072998 16.879396438598633
v 0.7057550549507141 4.523840427398682 17.31630516052246
v 0.5908359289169312 4.523841381072998 16.879396438598633
v 0.31183820962905884 4.523841381072998 17.31630516052246
v 0.31183820962905884 4.523841381072998 16.879396438598633
v 0.5908359289169312 4.523841381072998 17.31630516052246
v 0.561409056186676 4.523841381072998 16.616918563842773
v 0.31183820962905884 4.523841381072998 16.879396438598633
v 0.31183820962905884 4.523841381072998 16.616918563842773
v 0.5908359289169312 4.523841381072998 16.879396438598633
v 0.7057550549507141 4.523840427398682 16.616918563842773
v 0.5908359289169312 4.523841381072998 16.879396438598633
v 0.561409056186676 4.523841381072998 16.616918563842773
v 0.7057550549507141 4.523840427398682 16.879396438598633
v 0.31183820962905884 0.36736026406288147 -6.270246982574463
v -0.43406903743743896 0.5791235566139221 -6.002899646759033
v -0.43406903743743896 0.36736026406288147 -6.270246982574463
v 0.31183820962905884 0.5791235566139221 -6.002899646759033
v 0.31183820962905884 0.36736026406288147 -6.270246982574463
v 1.0577454566955566 0.36736026406288147 -6.270246982574463
v 1.0577454566955566 0.5791235566139221 -6.002899646759033
v 0.31183820962905884 0.5791235566139221 -6.002899646759033
v 0.9179116487503052 2.4680349826812744 1.3476454019546509
v 0.9179116487503052 2.4680349826812744 -2.542437791824341
v -0.2942351996898651 2.4680349826812744 1.3476454019546509
v -0.2942351996898651 2.4680349826812744 -2.542437791824341
v 0.31183820962905884 4.794327735900879 15.111220359802246
v 0.31183820962905884 4.7943267822265625 16.616918563842773
v 0.0328405536711216 4.794327735900879 15.111220359802246
v 0.0328405536711216 4.7943267822265625 16.616918563842773
v 0.0328405536711216 4.794327735900879 15.111220359802246
v -0.08207862079143524 4.7943267822265625 16.616918563842773
v -0.08207862079143524 4.7943267822265625 15.111220359802246
v 0.0328405536711216 4.7943267822265625 16.616918563842773
v 0.5908359289169312 4.794327735900879 15.111220359802246
v 0.31183820962905884 4.7943267822265625 16.616918563842773
v 0.31183820962905884 4.794327735900879 15.111220359802246
v 0.5908359289169312 4.7943267822265625 16.616918563842773
v 0.5908359289169312 4.794327735900879 15.111220359802246
v 0.7057550549507141 4.7943267822265625 16.616918563842773
v 0.5908359289169312 4.7943267822265625 16.616918563842773
v 0.7057550549507141 4.7943267822265625 15.111220359802246
v 1.287393569946289 5.252345085144043 -9.799479484558105
v 1.287393569946289 5.252345085144043 -10.533915519714355
v 1.6969691514968872 5.252345085144043 -10.175164222717285
v 1.6629887819290161 5.252345085144043 -10.36693000793457
v 1.50632643699646 5.252345085144043 -10.50415325164795
v 1.6969691514968872 5.252345085144043 -10.158231735229492
v 1.6629887819290161 5.252345085144043 -9.966465950012207
v 1.50632643699646 5.252345085144043 -9.829243659973145
v -0.6637170910835266 5.252345085144043 -10.533915519714355
v -0.6637170910835266 5.252345085144043 -9.799479484558105
v -1.039312481880188 5.252345085144043 -10.36693000793457
v -0.8826498985290527 5.252345085144043 -10.50415325164795
v -1.07329261302948 5.252345085144043 -10.175164222717285
v -1.07329261302948 5.252345085144043 -10.158231735229492
v -1.039312481880188 5.252345085144043 -9.966465950012207
v -0.8826498985290527 5.252345085144043 -9.829243659973145
v 1.278512954711914 1.8801231384277344 -7.329884052276611
v -0.6548365950584412 1.880122184753418 -7.329884052276611
v -0.6548364758491516 1.880122184753418 -6.244722843170166
v 1.2785131931304932 1.880122184753418 -6.244723320007324
v -0.43406903743743896 5.960150241851807 -5.6545891761779785
v -0.06111540272831917 5.960150241851807 -5.6545891761779785
v -0.43406903743743896 6.349725246429443 -6.088764190673828
v -0.06111540272831917 6.349725246429443 -6.088764190673828
v 0.31183820962905884 5.960150241851807 -5.6545891761779785
v 0.31183820962905884 6.349725246429443 -6.088764190673828
v 1.0577454566955566 5.960150241851807 -5.6545891761779785
v 1.0577454566955566 6.349725246429443 -6.088764190673828
v 0.6847918629646301 5.960150241851807 -5.6545891761779785
v 0.6847918629646301 6.349725246429443 -6.088764190673828
v 0.31183820962905884 5.960150241851807 -5.6545891761779785
v 0.31183820962905884 6.349725246429443 -6.088764190673828
v 0.31183820962905884 7.125410556793213 1.3872278928756714
v 0.31183820962905884 5.96014928817749 1.3872270584106445
v -0.06111540272831917 7.125410556793213 1.3872278928756714
v -0.06111540272831917 5.96014928817749 1.3872270584106445
v -0.43406903743743896 7.125410556793213 1.3872278928756714
v -0.43406903743743896 5.96014928817749 1.3872270584106445
v 0.6847918629646301 7.125410556793213 1.3872278928756714
v 0.31183820962905884 5.96014928817749 1.3872270584106445
v 0.31183820962905884 7.125410556793213 1.3872278928756714
v 0.6847918629646301 5.96014928817749 1.3872270584106445
v 1.0577454566955566 7.125410556793213 1.3872278928756714
v 1.0577454566955566 5.96014928817749 1.3872270584106445
v 0.8455846309661865 1.7757954597473145 -16.54897117614746
v 0.8455846309661865 1.7757954597473145 -18.69115447998047
v -0.22190816700458527 1.7757954597473145 -16.54897117614746
v -0.22190816700458527 1.7757954597473145 -18.69115447998047
v -1.6952245235443115 4.319195747375488 -9.089029312133789
v -0.010443830862641335 4.490945339202881 -6.457128524780273
v -1.3194324970245361 4.490945339202881 -9.264264106750488
v -0.38623595237731934 4.319195747375488 -6.281894207000732
v -0.5418940782546997 3.904555559158325 -6.2093095779418945
v -1.850882649421692 3.904555559158325 -9.016444206237793
v -0.38623589277267456 3.489915132522583 -6.281894207000732
v -1.6952245235443115 3.489915132522583 -9.089029312133789
v -0.010443801991641521 3.3181655406951904 -6.457128524780273
v -1.3194324970245361 3.318164587020874 -9.264264106750488
v 0.43828102946281433 3.318164587020874 -6.666372299194336
v -0.13579705357551575 3.318164587020874 -9.816202163696289
v 0.31183820962905884 -1.0029078722000122 -3.136542797088623
v -0.43406903743743896 -1.2283811569213867 -3.4518752098083496
v -0.43406903743743896 -1.0029078722000122 -3.136542797088623
v 0.31183820962905884 -1.2283811569213867 -3.4518752098083496
v 0.31183820962905884 -1.0029078722000122 -3.136542797088623
v 1.0577454566955566 -1.0029078722000122 -3.136542797088623
v 1.0577454566955566 -1.2283811569213867 -3.4518752098083496
v 0.31183820962905884 -1.2283811569213867 -3.4518752098083496
v 0.31183820962905884 2.9661648273468018 2.200263023376465
v -0.11341250687837601 3.0507545471191406 -13.781290054321289
v 0.31183820962905884 2.9661664962768555 -13.781290054321289
v -0.11341250687837601 3.050752639770508 2.200263023376465
v -0.47392258048057556 3.2916369438171387 2.200263023376465
v -0.47392258048057556 3.291639804840088 -13.781290054321289
v -0.7148076891899109 3.6521499156951904 -13.781290054321289
v -0.7148076891899109 3.6521472930908203 2.200263023376465
v -0.7993953227996826 4.077400207519531 -13.781290054321289
v -0.7993953227996826 4.077398300170898 2.200263023376465
v -0.7148076891899109 4.502651214599609 -13.781290054321289
v -0.7148076891899109 4.502649307250977 2.200263023376465
v -0.47392258048057556 4.863161563873291 -13.781290054321289
v -0.47392258048057556 4.863158702850342 2.200263023376465
v -0.11341250687837601 5.104043960571289 2.200263023376465
v -0.11341250687837601 5.10404634475708 -13.781290054321289
v 0.31183820962905884 5.188632011413574 2.200263023376465
v 0.31183820962905884 5.188634395599365 -13.781290054321289
v 0.7370889186859131 5.104043960571289 2.200263023376465
v 0.7370889186859131 5.10404634475708 -13.781290054321289
v 1.0975990295410156 4.863158702850342 2.200263023376465
v 1.0975990295410156 4.863161563873291 -13.781290054321289
v 1.3384840488433838 4.502649307250977 2.200263023376465
v 1.3384840488433838 4.502651214599609 -13.781290054321289
v 1.4230718612670898 4.077398300170898 2.200263023376465
v 1.4230718612670898 4.077400207519531 -13.781290054321289
v 1.3384840488433838 3.6521472930908203 2.200263023376465
v 1.3384840488433838 3.6521499156951904 -13.781290054321289
v 1.0975990295410156 3.2916369438171387 2.200263023376465
v 1.0975990295410156 3.291639804840088 -13.781290054321289
v 0.7370889186859131 3.050752639770508 2.200263023376465
v 0.7370889186859131 3.0507545471191406 -13.781290054321289
v 0.31183820962905884 2.9661664962768555 -13.781290054321289
v 0.31183820962905884 2.9661648273468018 2.200263023376465
v -0.5282904505729675 -1.8071744441986084 -6.659703254699707
v -0.5282904505729675 -5.417135715484619 -8.850340843200684
v 1.15196692943573 -1.8071744441986084 -6.659703254699707
v 1.15196692943573 -5.417135715484619 -8.850340843200684
v 0.8047044277191162 2.8875153064727783 2.1981372833251953
v -0.18102797865867615 2.8875153064727783 2.1981372833251953
v -0.878045916557312 4.570265769958496 2.1981372833251953
v 0.31183820962905884 2.7894773483276367 2.1981372833251953
v -0.878045916557312 3.5845327377319336 2.1981372833251953
v -0.5988597869873047 3.166701078414917 2.1981372833251953
v -0.9760833382606506 4.077399253845215 2.1981372833251953
v -0.18102797865867615 5.267282962799072 2.1981372833251953
v -0.5988597869873047 4.988097190856934 2.1981372833251953
v 0.8047044277191162 5.267282962799072 2.1981372833251953
v 0.31183820962905884 5.365321159362793 2.1981372833251953
v 1.5017224550247192 4.570265769958496 2.1981372833251953
v 1.2225362062454224 4.988097190856934 2.1981372833251953
v 1.5017224550247192 3.5845327377319336 2.1981372833251953
v 1.2225362062454224 3.166701078414917 2.1981372833251953
v 1.5997596979141235 4.077399253845215 2.1981372833251953
v 0.31183820962905884 6.349725246429443 -8.144200325012207
v 0.31183820962905884 6.349725246429443 -6.4667134284973145
v -0.06111540272831917 6.349725246429443 -8.144200325012207
v -0.06111540272831917 6.349725246429443 -6.4667134284973145
v -0.06111540272831917 6.34972620010376 -9.616589546203613
v -0.06111540272831917 6.349725246429443 -8.144200325012207
v -0.43406903743743896 6.34972620010376 -9.35208511352539
v -0.43406903743743896 6.34972620010376 -8.144200325012207
v -0.06111540272831917 6.349725246429443 -8.144200325012207
v -0.06111540272831917 6.349725246429443 -6.4667134284973145
v -0.43406903743743896 6.34972620010376 -8.144200325012207
v -0.43406903743743896 6.349725246429443 -6.4667134284973145
v 0.31183820962905884 6.34972620010376 -9.616589546203613
v 0.31183820962905884 6.349725246429443 -8.144200325012207
v -0.06111540272831917 6.34972620010376 -9.616589546203613
v -0.06111540272831917 6.349725246429443 -8.144200325012207
v 0.6847918629646301 6.349725246429443 -8.144200325012207
v 0.31183820962905884 6.349725246429443 -6.4667134284973145
v 0.31183820962905884 6.349725246429443 -8.144200325012207
v 0.6847918629646301 6.349725246429443 -6.4667134284973145
v 1.0577454566955566 6.34972620010376 -9.35208511352539
v 0.6847918629646301 6.349725246429443 -8.144200325012207
v 0.6847918629646301 6.34972620010376 -9.616589546203613
v 1.0577454566955566 6.34972620010376 -8.144200325012207
v 1.0577454566955566 6.34972620010376 -8.144200325012207
v 0.6847918629646301 6.349725246429443 -6.4667134284973145
v 0.6847918629646301 6.349725246429443 -8.144200325012207
v 1.0577454566955566 6.349725246429443 -6.4667134284973145
v 0.6847918629646301 6.34972620010376 -9.616589546203613
v 0.31183820962905884 6.349725246429443 -8.144200325012207
v 0.31183820962905884 6.34972620010376 -9.616589546203613
v 0.6847918629646301 6.349725246429443 -8.144200325012207
v 1.15196692943573 0.7400924563407898 -6.978111267089844
v 1.15196692943573 0.7400924563407898 -9.206969261169434
v -0.5282904505729675 0.7400924563407898 -6.978111267089844
v -0.5282904505729675 0.7400924563407898 -9.206969261169434
v -1.2522273063659668 4.077399253845215 2.582336902618408
v 1.8759039640426636 4.077399253845215 2.582336902618408
v -0.7941232919692993 2.97143816947937 2.582336902618408
v -1.1331698894500732 3.4788565635681152 2.582336902618408
v -0.7941232919692993 5.1833600997924805 2.582336902618408
v -1.1331698894500732 4.675940990447998 2.582336902618408
v -0.28670382499694824 5.522407531738281 2.582336902618408
v 0.9103803038597107 5.522407531738281 2.582336902618408
v 0.31183820962905884 5.641465187072754 2.5823378562927246
v 1.4177998304367065 5.1833600997924805 2.582336902618408
v 1.75684654712677 4.675940990447998 2.582336902618408
v 1.4177998304367065 2.97143816947937 2.582336902618408
v 1.75684654712677 3.4788565635681152 2.582336902618408
v 0.31183820962905884 2.513333320617676 2.582336902618408
v 0.9103803038597107 2.6323909759521484 2.582336902618408
v -0.28670382499694824 2.6323909759521484 2.582336902618408
v -0.547604501247406 1.3748513460159302 -7.129245758056641
v 1.1712809801101685 1.5255663394927979 -6.9785308837890625
v -0.547604501247406 1.5255663394927979 -6.978530406951904
v 1.1712809801101685 1.3748513460159302 -7.129245758056641
v -0.547604501247406 2.0880422592163086 -7.129245281219482
v 1.171280860900879 2.1432077884674072 -7.3351263999938965
v -0.5476045608520508 2.1432077884674072 -7.335125923156738
v 1.1712809801101685 2.0880422592163086 -7.129245758056641
v -2.048360824584961 4.343099594116211 -9.78977108001709
v -1.5265090465545654 4.52475118637085 -9.708340644836426
v -1.650904655456543 4.52475118637085 -9.97510814666748
v -1.9239648580551147 4.343099594116211 -9.523003578186035
v -2.2129921913146973 3.904555559158325 -9.71300220489502
v -2.0885965824127197 3.904555559158325 -9.446235656738281
v -2.048360824584961 3.4660115242004395 -9.78977108001709
v -1.9239648580551147 3.4660115242004395 -9.523003578186035
v -1.650904655456543 3.284359931945801 -9.97510814666748
v -1.5265090465545654 3.284359931945801 -9.708340644836426
v -1.253448486328125 3.4660115242004395 -10.160445213317871
v -1.129052758216858 3.4660115242004395 -9.893677711486816
v -1.08881676197052 3.904555559158325 -10.237214088439941
v -0.9644211530685425 3.904555559158325 -9.970446586608887
v -1.253448486328125 4.343099594116211 -10.160445213317871
v -1.129052996635437 4.343099594116211 -9.893677711486816
v -1.650904655456543 4.52475118637085 -9.97510814666748
v -1.5265090465545654 4.52475118637085 -9.708340644836426
v 0.31183820962905884 7.345457553863525 16.102575302124023
v 0.014357772655785084 7.344461441040039 16.8794002532959
v 0.006183422636240721 7.345457553863525 16.102575302124023
v 0.31183820962905884 7.344461441040039 16.8794002532959
v 0.6093186736106873 7.344461441040039 16.8794002532959
v 0.6174930334091187 7.345457553863525 16.102575302124023
v -0.06111540272831917 7.505387783050537 0.994585394859314
v 0.31183820962905884 7.505387783050537 0.994585394859314
v 0.31183820962905884 7.125410556793213 1.3872278928756714
v -0.06111540272831917 7.125410556793213 1.3872278928756714
v -0.43406903743743896 7.505387783050537 0.994585394859314
v -0.43406903743743896 7.125410556793213 1.3872278928756714
v 0.6847918629646301 7.505387783050537 0.994585394859314
v 0.31183820962905884 7.125410556793213 1.3872278928756714
v 0.31183820962905884 7.505387783050537 0.994585394859314
v 0.6847918629646301 7.125410556793213 1.3872278928756714
v 1.0577454566955566 7.505387783050537 0.994585394859314
v 1.0577454566955566 7.125410556793213 1.3872278928756714
v -0.43406903743743896 -0.02337770350277424 -6.457830905914307
v 0.31183820962905884 -0.02337770350277424 -6.457830905914307
v -0.43406903743743896 0.36736026406288147 -6.270246982574463
v 0.31183820962905884 0.36736026406288147 -6.270246982574463
v 1.0577454566955566 0.36736026406288147 -6.270246982574463
v 0.31183820962905884 0.36736026406288147 -6.270246982574463
v 0.31183820962905884 -0.02337770350277424 -6.457830905914307
v 1.0577454566955566 -0.02337770350277424 -6.457830905914307
v -0.06111540272831917 7.5053887367248535 -5.5511884689331055
v -0.06111540272831917 7.505387783050537 0.994585394859314
v -0.43406903743743896 7.505387783050537 -5.5511884689331055
v -0.43406903743743896 7.505387783050537 0.994585394859314
v 0.31183820962905884 7.5053887367248535 -5.5511884689331055
v 0.31183820962905884 7.505387783050537 0.994585394859314
v -0.06111540272831917 7.5053887367248535 -5.5511884689331055
v -0.06111540272831917 7.505387783050537 0.994585394859314
v 1.0577454566955566 7.505387783050537 -5.5511884689331055
v 0.6847918629646301 7.505387783050537 0.994585394859314
v 0.6847918629646301 7.5053887367248535 -5.5511884689331055
v 1.0577454566955566 7.505387783050537 0.994585394859314
v 0.6847918629646301 7.5053887367248535 -5.5511884689331055
v 0.31183820962905884 7.505387783050537 0.994585394859314
v 0.31183820962905884 7.5053887367248535 -5.5511884689331055
v 0.6847918629646301 7.505387783050537 0.994585394859314
v -0.3418687582015991 7.576605319976807 -8.41761589050293
v 0.9655451774597168 7.576605319976807 -8.41761589050293
v 0.9655451774597168 7.57660436630249 -7.342300891876221
v -0.3418687582015991 7.57660436630249 -7.342300891876221
v 1.9576921463012695 4.515832901000977 3.6746273040771484
v -1.3340156078338623 4.515832901000977 3.6746273040771484
v -0.17306329309940338 5.676784992218018 3.6746273040771484
v 0.7967397570610046 5.676784992218018 3.6746273040771484
v -1.3340156078338623 3.546029567718506 3.6746273040771484
v -0.17306329309940338 2.3850772380828857 3.6746273040771484
v 1.9576921463012695 3.546029567718506 3.6746273040771484
v 0.7967397570610046 2.3850772380828857 3.6746273040771484
v 2.1968603134155273 4.515832901000977 3.6746273040771484
v 1.9576921463012695 3.546029567718506 3.6746273040771484
v 1.9576921463012695 4.515832901000977 3.6746273040771484
v 2.1968603134155273 3.546029567718506 3.6746273040771484
v -0.17306329309940338 2.3850772380828857 3.6746273040771484
v 0.7967397570610046 2.3850772380828857 3.6746273040771484
v 0.7967397570610046 2.145909070968628 3.6746273040771484
v -0.17306329309940338 2.145909070968628 3.6746273040771484
v -0.17306329309940338 5.915953159332275 3.6746273040771484
v 0.7967397570610046 5.915953159332275 3.6746273040771484
v 0.7967397570610046 5.676784992218018 3.6746273040771484
v -0.17306329309940338 5.676784992218018 3.6746273040771484
v -1.5731836557388306 3.546029567718506 3.6746273040771484
v -1.5731836557388306 4.515832901000977 3.6746273040771484
v -1.3340156078338623 4.515832901000977 3.6746273040771484
v -1.3340156078338623 3.546029567718506 3.6746273040771484
v 1.15196692943573 -5.887108325958252 -8.796663284301758
v -0.5282904505729675 -5.887108325958252 -8.796663284301758
v -0.5282904505729675 -6.271392345428467 -8.946495056152344
v 1.15196692943573 -6.271392345428467 -8.946495056152344
v 0.31183820962905884 -1.2283811569213867 -3.4518752098083496
v -0.43406903743743896 -1.2283806800842285 -6.002900123596191
v -0.43406903743743896 -1.2283811569213867 -3.4518752098083496
v 0.31183820962905884 -1.2283806800842285 -6.002900123596191
v 1.0577454566955566 -1.2283811569213867 -3.4518752098083496
v 1.0577454566955566 -1.2283806800842285 -6.002900123596191
v 0.31183820962905884 -1.2283811569213867 -3.4518752098083496
v 0.31183820962905884 -1.2283806800842285 -6.002900123596191
v 0.4679831564426422 -0.9753808379173279 -23.828472137451172
v 0.4679831564426422 1.0244559049606323 -19.28107261657715
v 0.15569327771663666 -0.9753808379173279 -23.828472137451172
v 0.15569327771663666 1.0244559049606323 -19.28107261657715
v 0.6523772478103638 -0.43712204694747925 -22.154949188232422
v 0.6523772478103638 1.0391137599945068 -19.008031845092773
v -0.02870083414018154 -0.43712204694747925 -22.154949188232422
v -0.02870083414018154 1.0391137599945068 -19.008031845092773
v -0.5418940782546997 3.904555559158325 -6.2093095779418945
v -0.010443801991641521 3.3181655406951904 -6.457128524780273
v -0.010443830862641335 4.490945339202881 -6.457128524780273
v -0.38623589277267456 3.489915132522583 -6.281894207000732
v -0.38623595237731934 4.319195747375488 -6.281894207000732
v 0.5939390659332275 3.904555559158325 -6.738956928253174
v 0.43828099966049194 4.490945339202881 -6.666372299194336
v 0.43828102946281433 3.318164587020874 -6.666372299194336
v -0.43406903743743896 7.126683235168457 -6.088764190673828
v -0.06111540272831917 6.349725246429443 -6.088764190673828
v -0.06111540272831917 7.126683235168457 -6.088764190673828
v -0.43406903743743896 6.349725246429443 -6.088764190673828
v -0.06111540272831917 7.126683235168457 -6.088764190673828
v -0.06111540272831917 6.349725246429443 -6.088764190673828
v 0.31183820962905884 7.126683235168457 -6.08876371383667
v 0.31183820962905884 6.349725246429443 -6.088764190673828
v 1.0577454566955566 7.126683235168457 -6.088764190673828
v 0.6847918629646301 6.349725246429443 -6.088764190673828
v 1.0577454566955566 6.349725246429443 -6.088764190673828
v 0.6847918629646301 7.126683235168457 -6.088764190673828
v 0.6847918629646301 6.349725246429443 -6.088764190673828
v 0.6847918629646301 7.126683235168457 -6.088764190673828
v 0.31183820962905884 7.126683235168457 -6.08876371383667
v 0.31183820962905884 6.349725246429443 -6.088764190673828
v -0.4108074903488159 3.5461819171905518 -6.467728614807129
v -0.4108074903488159 4.2629289627075195 -6.467728614807129
v -0.5453426241874695 3.904555559158325 -6.404993534088135
v 0.23878557980060577 3.5461819171905518 -6.770638465881348
v -0.08601094782352448 3.3977391719818115 -6.619183540344238
v 0.23878556489944458 4.2629289627075195 -6.770638465881348
v -0.08601097762584686 4.41137170791626 -6.619183540344238
v 0.37332069873809814 3.904555559158325 -6.833373546600342
v -0.547604501247406 1.5255663394927979 -6.978530406951904
v 1.1712809801101685 1.7314467430114746 -6.923365116119385
v -0.547604501247406 1.7314467430114746 -6.923364639282227
v 1.1712809801101685 1.5255663394927979 -6.9785308837890625
v -0.547604501247406 1.9373267889022827 -6.978530406951904
v 1.1712809801101685 2.0880422592163086 -7.129245758056641
v -0.547604501247406 2.0880422592163086 -7.129245281219482
v 1.1712809801101685 1.9373277425765991 -6.9785308837890625
v -0.6548364758491516 1.606460690498352 -6.244722843170166
v 1.2785131931304932 1.6064611673355103 -6.244723320007324
v -0.6548364758491516 1.880122184753418 -6.244722843170166
v 1.2785131931304932 1.880122184753418 -6.244723320007324
v -0.1681128591299057 2.918694019317627 -13.671419143676758
v 0.31183820962905884 2.8232271671295166 -24.434633255004883
v 0.31183820962905884 2.823225259780884 -13.671419143676758
v -0.1681128591299057 2.9186959266662598 -24.434633255004883
v -0.5749956965446472 3.1905646324157715 -13.671419143676758
v -0.5749956965446472 3.190565586090088 -24.434633255004883
v -0.8468660116195679 3.597447156906128 -13.671419143676758
v -0.8468660116195679 3.5974488258361816 -24.434633255004883
v -0.9423342943191528 4.077398300170898 -13.671419143676758
v -0.9423342943191528 4.077400207519531 -24.434633255004883
v -0.8468660116195679 4.55734920501709 -13.671419143676758
v -0.8468660116195679 4.557351112365723 -24.434633255004883
v -0.5749956965446472 4.964231967926025 -13.671418190002441
v -0.5749956965446472 4.964233875274658 -24.434633255004883
v -0.1681128591299057 5.23610258102417 -13.671418190002441
v -0.1681128591299057 5.236104488372803 -24.434633255004883
v 0.31183820962905884 5.33157205581665 -24.434633255004883
v 0.31183820962905884 5.331570148468018 -13.671418190002441
v 0.7917892932891846 5.236104488372803 -24.434633255004883
v 0.7917892932891846 5.23610258102417 -13.671418190002441
v 1.1986721754074097 4.964231967926025 -13.671418190002441
v 1.1986721754074097 4.964233875274658 -24.434633255004883
v 1.470542550086975 4.557351112365723 -24.434633255004883
v 1.470542550086975 4.55734920501709 -13.671419143676758
v 1.56601083278656 4.077400207519531 -24.434633255004883
v 1.56601083278656 4.077398300170898 -13.671419143676758
v 1.470542550086975 3.5974488258361816 -24.434633255004883
v 1.470542550086975 3.597447156906128 -13.671419143676758
v 1.1986721754074097 3.190565586090088 -24.434633255004883
v 1.1986721754074097 3.1905646324157715 -13.671419143676758
v 0.7917892932891846 2.918694019317627 -13.671419143676758
v 0.7917892932891846 2.9186959266662598 -24.434633255004883
v 0.31183820962905884 2.823225259780884 -13.671419143676758
v 0.31183820962905884 2.8232271671295166 -24.434633255004883
v 0.31183820962905884 -0.02337770350277424 -6.457830905914307
v -0.43406903743743896 -0.02337770350277424 -6.457830905914307
v 0.31183820962905884 -0.6258794069290161 -6.457830905914307
v -0.43406903743743896 -0.6258794069290161 -6.457830905914307
v 0.31183820962905884 -0.02337770350277424 -6.457830905914307
v 0.31183820962905884 -0.6258794069290161 -6.457830905914307
v 1.0577454566955566 -0.02337770350277424 -6.457830905914307
v 1.0577454566955566 -0.6258794069290161 -6.457830905914307
v 0.31183820962905884 3.0182647705078125 -9.407455444335938
v -0.3880675733089447 2.5409483909606934 -8.817933082580566
v 0.31183820962905884 2.538100004196167 -8.817933082580566
v -0.5824849605560303 3.0182647705078125 -9.407455444335938
v 1.0117440223693848 2.5409483909606934 -8.817933082580566
v 0.31183820962905884 3.0182647705078125 -9.407455444335938
v 0.31183820962905884 2.538100004196167 -8.817933082580566
v 1.2061614990234375 3.0182647705078125 -9.407455444335938
v -0.43406903743743896 7.126683235168457 -6.088764190673828
v -0.06111540272831917 7.126683235168457 -6.088764190673828
v -0.06111540272831917 7.5053887367248535 -5.5511884689331055
v -0.43406903743743896 7.505387783050537 -5.5511884689331055
v 0.31183820962905884 7.126683235168457 -6.08876371383667
v -0.06111540272831917 7.5053887367248535 -5.5511884689331055
v -0.06111540272831917 7.126683235168457 -6.088764190673828
v 0.31183820962905884 7.5053887367248535 -5.5511884689331055
v 1.0577454566955566 7.126683235168457 -6.088764190673828
v 0.6847918629646301 7.5053887367248535 -5.5511884689331055
v 0.6847918629646301 7.126683235168457 -6.088764190673828
v 1.0577454566955566 7.505387783050537 -5.5511884689331055
v 0.31183820962905884 7.126683235168457 -6.08876371383667
v 0.6847918629646301 7.5053887367248535 -5.5511884689331055
v 0.31183820962905884 7.5053887367248535 -5.5511884689331055
v 0.6847918629646301 7.126683235168457 -6.088764190673828
v -0.5282904505729675 0.40841665863990784 -6.659702777862549
v 1.15196692943573 -1.8071744441986084 -6.659703254699707
v 1.15196692943573 0.40841665863990784 -6.659702777862549
v -0.5282904505729675 -1.8071744441986084 -6.659703254699707
v 0.31183820962905884 -1.2283806800842285 -6.002900123596191
v -0.43406903743743896 -1.085168480873108 -6.318233013153076
v -0.43406903743743896 -1.2283806800842285 -6.002900123596191
v 0.31183820962905884 -1.085168480873108 -6.318233013153076
v 0.31183820962905884 -1.2283806800842285 -6.002900123596191
v 1.0577454566955566 -1.2283806800842285 -6.002900123596191
v 1.0577454566955566 -1.085168480873108 -6.318233013153076
v 0.31183820962905884 -1.085168480873108 -6.318233013153076
v 1.15196692943573 0.7400924563407898 -6.978111267089844
v -0.5282904505729675 0.7400924563407898 -6.978111267089844
v -0.5282904505729675 0.40841665863990784 -6.659702777862549
v 1.15196692943573 0.40841665863990784 -6.659702777862549
v -0.547604501247406 1.7314467430114746 -6.923364639282227
v 1.1712809801101685 1.9373277425765991 -6.9785308837890625
v -0.547604501247406 1.9373267889022827 -6.978530406951904
v 1.1712809801101685 1.7314467430114746 -6.923365116119385
v -0.3418687582015991 7.775571823120117 -7.342300891876221
v 0.9655451774597168 7.57660436630249 -7.342300891876221
v 0.9655451774597168 7.775571823120117 -7.342300891876221
v -0.3418687582015991 7.57660436630249 -7.342300891876221
v -0.43406903743743896 -1.085168480873108 -6.318233013153076
v 0.31183820962905884 -1.085168480873108 -6.318233013153076
v -0.43406903743743896 -0.6258794069290161 -6.457830905914307
v 0.31183820962905884 -0.6258794069290161 -6.457830905914307
v 1.0577454566955566 -0.6258794069290161 -6.457830905914307
v 0.31183820962905884 -0.6258794069290161 -6.457830905914307
v 0.31183820962905884 -1.085168480873108 -6.318233013153076
v 1.0577454566955566 -1.085168480873108 -6.318233013153076
v 0.31183820962905884 3.5792155265808105 -9.889139175415039
v -0.5824849605560303 3.0182647705078125 -9.407455444335938
v 0.31183820962905884 3.0182647705078125 -9.407455444335938
v -0.8348830342292786 3.5792155265808105 -9.889139175415039
v 1.2061614990234375 3.0182647705078125 -9.407455444335938
v 0.31183820962905884 3.5792155265808105 -9.889139175415039
v 0.31183820962905884 3.0182647705078125 -9.407455444335938
v 1.4585593938827515 3.5792155265808105 -9.889139175415039
v 0.12927691638469696 8.104103088378906 16.534202575683594
v 0.12927691638469696 7.797818660736084 16.174734115600586
v 0.014357772655785084 8.104103088378906 16.534202575683594
v 0.014357772655785084 8.104103088378906 16.534202575683594
v 0.12927691638469696 7.797818660736084 16.174734115600586
v 0.014357772655785084 7.797818660736084 16.174734115600586
v 0.6093186736106873 8.104103088378906 16.534202575683594
v 0.4943995177745819 7.797818660736084 16.174734115600586
v 0.4943995177745819 8.104103088378906 16.534202575683594
v 0.4943995177745819 7.797818660736084 16.174734115600586
v 0.6093186736106873 8.104103088378906 16.534202575683594
v 0.6093186736106873 7.797818660736084 16.174734115600586
v 0.08058331161737442 3.459744691848755 22.160648345947266
v 0.31183820962905884 3.4137473106384277 14.155478477478027
v 0.31183820962905884 3.413745641708374 22.160648345947266
v 0.08058331161737442 3.4597463607788086 14.155478477478027
v -0.11546507477760315 3.590740442276001 22.160648345947266
v -0.11546507477760315 3.5907421112060547 14.155478477478027
v -0.24646040797233582 3.7867889404296875 22.160648345947266
v -0.2464604675769806 3.786789655685425 14.155478477478027
v -0.2924599349498749 4.018043041229248 22.160648345947266
v -0.2924599349498749 4.018044948577881 14.155478477478027
v -0.24646040797233582 4.249298572540283 22.160648345947266
v -0.2464604675769806 4.249300479888916 14.155478477478027
v -0.11546507477760315 4.445346832275391 22.160648345947266
v -0.11546507477760315 4.445348739624023 14.155478477478027
v 0.08058331161737442 4.576342582702637 22.160648345947266
v 0.08058331161737442 4.576343536376953 14.155478477478027
v 0.31183820962905884 4.62234354019165 14.15548038482666
v 0.31183820962905884 4.622341632843018 22.160648345947266
v 0.5430930852890015 4.576343536376953 14.155478477478027
v 0.5430930852890015 4.576342582702637 22.160648345947266
v 0.7391415238380432 4.445346832275391 22.160648345947266
v 0.7391415238380432 4.445348739624023 14.155478477478027
v 0.8701368570327759 4.249300479888916 14.155478477478027
v 0.8701369166374207 4.249298572540283 22.160648345947266
v 0.9161363840103149 4.018044948577881 14.155478477478027
v 0.9161363840103149 4.018043041229248 22.160648345947266
v 0.8701368570327759 3.786789655685425 14.155478477478027
v 0.8701369166374207 3.7867889404296875 22.160648345947266
v 0.7391415238380432 3.5907421112060547 14.155478477478027
v 0.7391415238380432 3.590740442276001 22.160648345947266
v 0.5430930852890015 3.459744691848755 22.160648345947266
v 0.5430930852890015 3.4597463607788086 14.155478477478027
v 0.31183820962905884 3.413745641708374 22.160648345947266
v 0.31183820962905884 3.4137473106384277 14.155478477478027
v -0.22190816700458527 -1.2201695442199707 -20.554533004760742
v 0.8455846309661865 -1.2201695442199707 -20.554533004760742
v 0.8455846309661865 -0.6716198325157166 -19.8682861328125
v -0.22190816700458527 -0.6716198325157166 -19.8682861328125
v -0.8348830342292786 3.5792155265808105 -9.889139175415039
v 0.31183820962905884 3.5792155265808105 -9.889139175415039
v 0.31183820962905884 4.054202556610107 -10.040115356445312
v -0.929364025592804 4.054202556610107 -10.040115356445312
v 1.5530405044555664 4.054202556610107 -10.040115356445312
v 0.31183820962905884 4.054202556610107 -10.040115356445312
v 1.4585593938827515 3.5792155265808105 -9.889139175415039
v 0.31183820962905884 3.5792155265808105 -9.889139175415039
v -1.9239648580551147 3.4660115242004395 -9.523003578186035
v -1.9239648580551147 4.343099594116211 -9.523003578186035
v -2.0885965824127197 3.904555559158325 -9.446235656738281
v -1.129052758216858 3.4660115242004395 -9.893677711486816
v -1.5265090465545654 3.284359931945801 -9.708340644836426
v -1.129052996635437 4.343099594116211 -9.893677711486816
v -1.5265090465545654 4.52475118637085 -9.708340644836426
v -0.9644211530685425 3.904555559158325 -9.970446586608887
v 1.15196692943573 -5.417135715484619 -8.850340843200684
v -0.5282904505729675 -5.417135715484619 -8.850340843200684
v -0.5282904505729675 -5.887108325958252 -8.796663284301758
v 1.15196692943573 -5.887108325958252 -8.796663284301758
v -0.6637170910835266 5.752108097076416 -9.799479484558105
v 1.287393569946289 5.252345085144043 -9.799479484558105
v 1.287393569946289 5.752108097076416 -9.799479484558105
v 1.50632643699646 5.252345085144043 -9.829243659973145
v -0.6637170910835266 5.252345085144043 -9.799479484558105
v 1.50632643699646 5.752108097076416 -9.829243659973145
v -0.8826498985290527 5.752108097076416 -9.829243659973145
v 1.6629887819290161 5.252345085144043 -9.966465950012207
v -0.8826498985290527 5.252345085144043 -9.829243659973145
v 1.6629887819290161 5.752108097076416 -9.966465950012207
v 1.6969691514968872 5.252345085144043 -10.158231735229492
v 1.6969691514968872 5.752108097076416 -10.158231735229492
v -1.039312481880188 5.752108097076416 -9.966465950012207
v -1.039312481880188 5.252345085144043 -9.966465950012207
v -1.07329261302948 5.752108097076416 -10.158231735229492
v -1.07329261302948 5.252345085144043 -10.158231735229492
v -0.22190816700458527 -0.6716198325157166 -19.8682861328125
v 0.8455846309661865 -0.6716198325157166 -19.8682861328125
v 0.8455846309661865 0.7083028554916382 -18.280242919921875
v -0.22190816700458527 0.7083028554916382 -18.280242919921875
v 0.31183820962905884 4.054202556610107 -10.040115356445312
v -0.16314934194087982 5.200924873352051 -10.040114402770996
v -0.5658242702484131 4.93186616897583 -10.040115356445312
v 0.31183820962905884 5.295405387878418 -10.040114402770996
v -0.8348830342292786 4.529191493988037 -10.040115356445312
v -0.929364025592804 4.054202556610107 -10.040115356445312
v 0.31183820962905884 4.054202556610107 -10.040115356445312
v 1.1895006895065308 4.93186616897583 -10.040115356445312
v 0.7868257761001587 5.200924873352051 -10.040114402770996
v 0.31183820962905884 5.295405387878418 -10.040114402770996
v 1.4585593938827515 4.529191493988037 -10.040115356445312
v 1.5530405044555664 4.054202556610107 -10.040115356445312
v 0.15569327771663666 2.309108257293701 -14.75920581817627
v 0.15569327771663666 1.024454951286316 -15.912772178649902
v 0.4679831564426422 2.309108257293701 -14.75920581817627
v 0.4679831564426422 1.024454951286316 -15.912772178649902
v 0.0328405536711216 5.816373348236084 14.51966667175293
v 0.014357772655785084 7.797818660736084 16.174734115600586
v 0.12927691638469696 7.797818660736084 16.174734115600586
v -0.08207862079143524 5.816373348236084 14.51966667175293
v 0.31183820962905884 5.816373348236084 14.51966667175293
v 0.12927691638469696 7.797818660736084 16.174734115600586
v 0.31183820962905884 7.797818660736084 16.174734115600586
v 0.0328405536711216 5.816373348236084 14.51966667175293
v 0.4943995177745819 7.797818660736084 16.174734115600586
v 0.5908359289169312 5.816373348236084 14.51966667175293
v 0.6093186736106873 7.797818660736084 16.174734115600586
v 0.5908359289169312 5.816373348236084 14.51966667175293
v 0.4943995177745819 7.797818660736084 16.174734115600586
v 0.7057550549507141 5.816373348236084 14.51966667175293
v -0.22190816700458527 1.396492838859558 -16.07484245300293
v 0.8455846309661865 1.396492838859558 -16.07484245300293
v 0.8455846309661865 1.7757954597473145 -16.54897117614746
v -0.22190816700458527 1.7757954597473145 -16.54897117614746
v 0.31183820962905884 5.331570148468018 -13.671418190002441
v -0.8468660116195679 3.597447156906128 -13.671419143676758
v 1.470542550086975 3.597447156906128 -13.671419143676758
v -0.8468660116195679 4.55734920501709 -13.671419143676758
v -0.9423342943191528 4.077398300170898 -13.671419143676758
v -0.5749956965446472 4.964231967926025 -13.671418190002441
v -0.1681128591299057 5.23610258102417 -13.671418190002441
v 1.1986721754074097 4.964231967926025 -13.671418190002441
v 0.7917892932891846 5.23610258102417 -13.671418190002441
v 1.470542550086975 4.55734920501709 -13.671419143676758
v 1.56601083278656 4.077398300170898 -13.671419143676758
v 0.31183820962905884 2.823225259780884 -13.671419143676758
v -0.5749956965446472 3.1905646324157715 -13.671419143676758
v -0.1681128591299057 2.918694019317627 -13.671419143676758
v 1.1986721754074097 3.1905646324157715 -13.671419143676758
v 0.7917892932891846 2.918694019317627 -13.671419143676758
v 0.15569327771663666 3.730388879776001 -13.8809232711792
v 0.4679831564426422 2.3091073036193848 -13.8809232711792
v 0.4679831564426422 3.730388879776001 -13.8809232711792
v 0.15569327771663666 2.3091073036193848 -13.8809232711792
v 0.0328405536711216 5.816373348236084 14.51966667175293
v 0.0328405536711216 5.581286907196045 14.465115547180176
v -0.08207862079143524 5.816373348236084 14.51966667175293
v -0.08207862079143524 5.581286907196045 14.465115547180176
v 0.0328405536711216 5.816373348236084 14.51966667175293
v 0.31183820962905884 5.816373348236084 14.51966667175293
v 0.31183820962905884 5.581286907196045 14.465115547180176
v 0.0328405536711216 5.581286907196045 14.465115547180176
v 0.5908359289169312 5.816373348236084 14.51966667175293
v 0.5908359289169312 5.581286907196045 14.465115547180176
v 0.7057550549507141 5.816373348236084 14.51966667175293
v 0.5908359289169312 5.581286907196045 14.465115547180176
v 0.5908359289169312 5.816373348236084 14.51966667175293
v 0.7057550549507141 5.581286907196045 14.465115547180176
v -0.11546507477760315 3.5907421112060547 14.155478477478027
v 0.7391415238380432 3.5907421112060547 14.155478477478027
v 0.5430930852890015 3.4597463607788086 14.155478477478027
v 0.08058331161737442 3.4597463607788086 14.155478477478027
v 0.31183820962905884 3.4137473106384277 14.155478477478027
v 0.7391415238380432 4.445348739624023 14.155478477478027
v 0.8701368570327759 3.786789655685425 14.155478477478027
v 0.8701368570327759 4.249300479888916 14.155478477478027
v 0.9161363840103149 4.018044948577881 14.155478477478027
v -0.11546507477760315 4.445348739624023 14.155478477478027
v 0.08058331161737442 4.576343536376953 14.155478477478027
v 0.5430930852890015 4.576343536376953 14.155478477478027
v 0.31183820962905884 4.62234354019165 14.15548038482666
v -0.2464604675769806 4.249300479888916 14.155478477478027
v -0.2464604675769806 3.786789655685425 14.155478477478027
v -0.2924599349498749 4.018044948577881 14.155478477478027
v 0.0328405536711216 5.581286907196045 14.465115547180176
v 0.0328405536711216 5.220952033996582 14.465115547180176
v -0.08207862079143524 5.581286907196045 14.465115547180176
v -0.08207862079143524 5.220952033996582 14.465115547180176
v 0.0328405536711216 4.794327735900879 14.465115547180176
v -0.08207862079143524 4.794327735900879 14.465115547180176
v 0.0328405536711216 5.581286907196045 14.465115547180176
v 0.31183820962905884 5.581286907196045 14.465115547180176
v 0.31183820962905884 5.220952033996582 14.465115547180176
v 0.0328405536711216 5.220952033996582 14.465115547180176
v 0.5908359289169312 5.581286907196045 14.465115547180176
v 0.5908359289169312 5.220952033996582 14.465115547180176
v 0.31183820962905884 4.794327735900879 14.465115547180176
v 0.0328407809138298 4.542623996734619 14.465115547180176
v 0.0328405536711216 4.794327735900879 14.465115547180176
v 0.31183820962905884 4.542623996734619 14.465115547180176
v 0.0328405536711216 4.794327735900879 14.465115547180176
v 0.0328407809138298 4.542623996734619 14.465115547180176
v -0.08207862079143524 4.794327735900879 14.465115547180176
v -0.08207838982343674 4.542623996734619 14.465115547180176
v 0.31183820962905884 5.220952033996582 14.465115547180176
v 0.0328405536711216 4.794327735900879 14.465115547180176
v 0.0328405536711216 5.220952033996582 14.465115547180176
v 0.31183820962905884 4.794327735900879 14.465115547180176
v 0.31183820962905884 4.542623996734619 14.465115547180176
v 0.06308828294277191 4.389734268188477 14.465115547180176
v 0.0328407809138298 4.542623996734619 14.465115547180176
v 0.31183820962905884 4.389734268188477 14.465115547180176
v -0.08207838982343674 4.542623996734619 14.465115547180176
v 0.0328407809138298 4.542623996734619 14.465115547180176
v 0.016268156468868256 4.38732385635376 14.465115547180176
v 0.016268156468868256 4.38732385635376 14.465115547180176
v 0.0328407809138298 4.542623996734619 14.465115547180176
v 0.06308828294277191 4.389734268188477 14.465115547180176
v -0.35745733976364136 4.0180439949035645 14.465115547180176
v -0.10256130993366241 3.8564937114715576 14.465115547180176
v -0.30651023983955383 3.761916160583496 14.465115547180176
v -0.13670462369918823 4.028142929077148 14.465115547180176
v -0.08207838982343674 4.542623996734619 14.465115547180176
v 0.016268156468868256 4.38732385635376 14.465115547180176
v -0.16142521798610687 4.491307735443115 14.465115547180176
v -0.005329458974301815 4.345311164855957 14.465115547180176
v 0.1401883065700531 3.613743543624878 14.465115547180176
v -0.16142521798610687 3.5447804927825928 14.465115547180176
v -0.005329458974301815 3.7109758853912354 14.465115547180176
v 0.055709876120090485 3.39969539642334 14.465115547180176
v -0.13670462369918823 4.028142929077148 14.465115547180176
v -0.30651023983955383 4.274172782897949 14.465115547180176
v -0.10256130993366241 4.199793338775635 14.465115547180176
v -0.35745733976364136 4.0180439949035645 14.465115547180176
v 0.31183820962905884 3.5796005725860596 14.465115547180176
v 0.055709876120090485 3.39969539642334 14.465115547180176
v 0.1401883065700531 3.613743543624878 14.465115547180176
v 0.31183820962905884 3.3487484455108643 14.465115547180176
v -0.30651023983955383 3.761916160583496 14.465115547180176
v -0.005329458974301815 3.7109758853912354 14.465115547180176
v -0.16142521798610687 3.5447804927825928 14.465115547180176
v -0.10256130993366241 3.8564937114715576 14.465115547180176
v -0.16142521798610687 4.491307735443115 14.465115547180176
v -0.10256130993366241 4.199793338775635 14.465115547180176
v -0.30651023983955383 4.274172782897949 14.465115547180176
v -0.005329458974301815 4.345311164855957 14.465115547180176
v 0.7057550549507141 5.581286907196045 14.465115547180176
v 0.5908359289169312 5.220952033996582 14.465115547180176
v 0.5908359289169312 5.581286907196045 14.465115547180176
v 0.7057550549507141 5.220952033996582 14.465115547180176
v 0.31183820962905884 4.794327735900879 14.465115547180176
v 0.590835690498352 4.542623996734619 14.465115547180176
v 0.31183820962905884 4.542623996734619 14.465115547180176
v 0.5908359289169312 4.794327735900879 14.465115547180176
v 0.590835690498352 4.542623996734619 14.465115547180176
v 0.5908359289169312 4.794327735900879 14.465115547180176
v 0.7057550549507141 4.794327735900879 14.465115547180176
v 0.705754816532135 4.542623996734619 14.465115547180176
v 0.7057550549507141 5.220952033996582 14.465115547180176
v 0.5908359289169312 4.794327735900879 14.465115547180176
v 0.5908359289169312 5.220952033996582 14.465115547180176
v 0.7057550549507141 4.794327735900879 14.465115547180176
v 0.31183820962905884 5.220952033996582 14.465115547180176
v 0.5908359289169312 5.220952033996582 14.465115547180176
v 0.5908359289169312 4.794327735900879 14.465115547180176
v 0.31183820962905884 4.794327735900879 14.465115547180176
v 0.31183820962905884 4.542623996734619 14.465115547180176
v 0.5605881810188293 4.389734268188477 14.465115547180176
v 0.31183820962905884 4.389734268188477 14.465115547180176
v 0.590835690498352 4.542623996734619 14.465115547180176
v 0.705754816532135 4.542623996734619 14.465115547180176
v 0.6074082255363464 4.38732385635376 14.465115547180176
v 0.590835690498352 4.542623996734619 14.465115547180176
v 0.5605881810188293 4.389734268188477 14.465115547180176
v 0.981133759021759 4.0180439949035645 14.465115547180176
v 0.7262377738952637 3.8564937114715576 14.465115547180176
v 0.7603810429573059 4.028142929077148 14.465115547180176
v 0.9301866888999939 3.761916160583496 14.465115547180176
v 0.6074082255363464 4.38732385635376 14.465115547180176
v 0.7851016521453857 4.491307735443115 14.465115547180176
v 0.6290059089660645 4.345311164855957 14.465115547180176
v 0.705754816532135 4.542623996734619 14.465115547180176
v 0.4834881126880646 3.613743543624878 14.465115547180176
v 0.7851016521453857 3.5447804927825928 14.465115547180176
v 0.5679665803909302 3.39969539642334 14.465115547180176
v 0.6290059089660645 3.7109758853912354 14.465115547180176
v 0.9301866888999939 4.274172782897949 14.465115547180176
v 0.7603810429573059 4.028142929077148 14.465115547180176
v 0.7262377738952637 4.199793338775635 14.465115547180176
v 0.981133759021759 4.0180439949035645 14.465115547180176
v 0.31183820962905884 3.5796005725860596 14.465115547180176
v 0.5679665803909302 3.39969539642334 14.465115547180176
v 0.31183820962905884 3.3487484455108643 14.465115547180176
v 0.4834881126880646 3.613743543624878 14.465115547180176
v 0.9301866888999939 3.761916160583496 14.465115547180176
v 0.6290059089660645 3.7109758853912354 14.465115547180176
v 0.7262377738952637 3.8564937114715576 14.465115547180176
v 0.7851016521453857 3.5447804927825928 14.465115547180176
v 0.7851016521453857 4.491307735443115 14.465115547180176
v 0.7262377738952637 4.199793338775635 14.465115547180176
v 0.6290059089660645 4.345311164855957 14.465115547180176
v 0.9301866888999939 4.274172782897949 14.465115547180176
v -0.22190816700458527 1.396492838859558 -16.07484245300293
v 0.8455846309661865 0.7083024382591248 -16.07484245300293
v 0.8455846309661865 1.396492838859558 -16.07484245300293
v -0.22190816700458527 0.7083024382591248 -16.07484245300293
v -0.02870083414018154 -0.43712204694747925 -22.154949188232422
v -0.02870083414018154 -2.7111852169036865 -23.697877883911133
v 0.6523772478103638 -0.43712204694747925 -22.154949188232422
v 0.6523772478103638 -2.7111852169036865 -23.697877883911133
v 0.31183820962905884 4.7943267822265625 16.616918563842773
v 0.06226733699440956 4.523841381072998 16.616918563842773
v 0.0328405536711216 4.7943267822265625 16.616918563842773
v 0.31183820962905884 4.523841381072998 16.616918563842773
v 0.561409056186676 4.523841381072998 16.616918563842773
v 0.5908359289169312 4.7943267822265625 16.616918563842773
v 0.0328405536711216 4.7943267822265625 16.616918563842773
v -0.08207862079143524 4.523840427398682 16.616918563842773
v -0.08207862079143524 4.7943267822265625 16.616918563842773
v 0.06226733699440956 4.523841381072998 16.616918563842773
v 0.06226733699440956 4.3065056800842285 16.616918563842773
v 0.31183820962905884 4.0180439949035645 16.616918563842773
v 0.06226733699440956 4.0180439949035645 16.616918563842773
v 0.31183820962905884 4.3065056800842285 16.616918563842773
v 0.561409056186676 4.3065056800842285 16.616918563842773
v 0.561409056186676 4.0180439949035645 16.616918563842773
v 0.31183820962905884 4.0180439949035645 16.616918563842773
v 0.06226733699440956 3.7684733867645264 16.616918563842773
v 0.06226733699440956 4.0180439949035645 16.616918563842773
v -0.2906791865825653 3.7684733867645264 16.616918563842773
v -0.3403218984603882 4.0180439949035645 16.616918563842773
v -0.14930865168571472 3.556896686553955 16.616918563842773
v 0.06226733699440956 3.4155263900756836 16.616918563842773
v 0.31183820962905884 3.7684733867645264 16.616918563842773
v 0.31183820962905884 3.3658833503723145 16.616918563842773
v 0.561409056186676 3.4155263900756836 16.616918563842773
v 0.561409056186676 3.7684733867645264 16.616918563842773
v 0.77298504114151 3.556896686553955 16.616918563842773
v 0.561409056186676 4.0180439949035645 16.616918563842773
v 0.9143556356430054 3.7684733867645264 16.616918563842773
v 0.9639983177185059 4.0180439949035645 16.616918563842773
v 0.06226733699440956 4.0180439949035645 16.616918563842773
v -0.25901681184768677 4.3065056800842285 16.616918563842773
v 0.06226733699440956 4.3065056800842285 16.616918563842773
v -0.3403218984603882 4.0180439949035645 16.616918563842773
v 0.06226733699440956 4.3065056800842285 16.616918563842773
v -0.08207862079143524 4.523840427398682 16.616918563842773
v 0.06226733699440956 4.523841381072998 16.616918563842773
v -0.25901681184768677 4.3065056800842285 16.616918563842773
v 0.06226733699440956 4.523841381072998 16.616918563842773
v 0.31183820962905884 4.3065056800842285 16.616918563842773
v 0.06226733699440956 4.3065056800842285 16.616918563842773
v 0.31183820962905884 4.523841381072998 16.616918563842773
v 0.5908359289169312 4.7943267822265625 16.616918563842773
v 0.7057550549507141 4.523840427398682 16.616918563842773
v 0.561409056186676 4.523841381072998 16.616918563842773
v 0.7057550549507141 4.7943267822265625 16.616918563842773
v 0.8826932311058044 4.3065056800842285 16.616918563842773
v 0.561409056186676 4.0180439949035645 16.616918563842773
v 0.561409056186676 4.3065056800842285 16.616918563842773
v 0.9639983177185059 4.0180439949035645 16.616918563842773
v 0.7057550549507141 4.523840427398682 16.616918563842773
v 0.561409056186676 4.3065056800842285 16.616918563842773
v 0.561409056186676 4.523841381072998 16.616918563842773
v 0.8826932311058044 4.3065056800842285 16.616918563842773
v 0.561409056186676 4.523841381072998 16.616918563842773
v 0.31183820962905884 4.3065056800842285 16.616918563842773
v 0.31183820962905884 4.523841381072998 16.616918563842773
v 0.561409056186676 4.3065056800842285 16.616918563842773
v 0.31183820962905884 7.344461441040039 16.8794002532959
v 0.31183820962905884 5.220951080322266 16.879396438598633
v 0.014357772655785084 7.344461441040039 16.8794002532959
v -0.08207862079143524 5.220951080322266 16.879396438598633
v 0.6093186736106873 7.344461441040039 16.8794002532959
v 0.31183820962905884 5.220951080322266 16.879396438598633
v 0.31183820962905884 7.344461441040039 16.8794002532959
v 0.7057550549507141 5.220951080322266 16.879396438598633
v -0.02870083414018154 1.3148691654205322 -19.075464248657227
v 0.6523772478103638 1.0391137599945068 -19.008031845092773
v 0.6523772478103638 1.3148691654205322 -19.075464248657227
v -0.02870083414018154 1.0391137599945068 -19.008031845092773
v 0.6061365604400635 3.3075456619262695 21.963205337524414
v 0.017539864405989647 3.3075456619262695 21.963205337524414
v -0.398660808801651 4.312343120574951 21.963205337524414
v 0.31183820962905884 3.2490053176879883 21.963205337524414
v -0.398660808801651 3.7237460613250732 21.963205337524414
v -0.23195421695709229 3.4742519855499268 21.963205337524414
v -0.45720046758651733 4.0180439949035645 21.963205337524414
v 0.017539864405989647 4.728543281555176 21.963205337524414
v -0.23195421695709229 4.561837196350098 21.963205337524414
v 0.6061365604400635 4.728543281555176 21.963205337524414
v 0.31183820962905884 4.787082672119141 21.963205337524414
v 1.0223371982574463 4.312343120574951 21.963205337524414
v 0.85563063621521 4.561837196350098 21.963205337524414
v 1.0223371982574463 3.7237460613250732 21.963205337524414
v 0.85563063621521 3.4742519855499268 21.963205337524414
v 1.0808769464492798 4.0180439949035645 21.963205337524414
v -0.9534097909927368 -0.48850902915000916 -23.789215087890625
v 0.31183820962905884 1.3763723373413086 -23.98206901550293
v -1.1727898120880127 1.3763723373413086 -23.98206901550293
v 0.31183820962905884 -0.48850902915000916 -23.789215087890625
v 1.577086329460144 -0.48850902915000916 -23.789215087890625
v 1.7964661121368408 1.3763723373413086 -23.98206901550293
v 0.31183820962905884 1.3763723373413086 -23.98206901550293
v -1.1449917554855347 4.107689380645752 -24.26451873779297
v -1.1727898120880127 1.3763723373413086 -23.98206901550293
v 0.31183820962905884 4.107689380645752 -24.26451873779297
v 1.768668293952942 4.107689380645752 -24.26451873779297
v 1.7964661121368408 1.3763723373413086 -23.98206901550293
v -0.7888399362564087 -1.679808497428894 -23.6660213470459
v 0.31183820962905884 -0.48850902915000916 -23.789215087890625
v -0.9534097909927368 -0.48850902915000916 -23.789215087890625
v 0.31183820962905884 -1.679808497428894 -23.6660213470459
v 1.4125163555145264 -1.679808497428894 -23.6660213470459
v 1.577086329460144 -0.48850902915000916 -23.789215087890625
v 0.31183820962905884 4.107689380645752 -24.26451873779297
v -0.24566654860973358 5.444718837738037 -24.402780532836914
v -0.7182961702346802 5.131007671356201 -24.37034034729004
v 0.31183820962905884 5.554879188537598 -24.414175033569336
v -1.0340971946716309 4.661504745483398 -24.321788787841797
v -1.1449917554855347 4.107689380645752 -24.26451873779297
v 0.31183820962905884 -1.679808497428894 -23.6660213470459
v -0.4439503252506256 -2.805203676223755 -23.54964256286621
v 0.31183820962905884 -3.029268264770508 -23.526472091674805
v -0.7888399362564087 -1.679808497428894 -23.6660213470459
v 0.31183820962905884 4.107689380645752 -24.26451873779297
v 1.3419727087020874 5.131007671356201 -24.37034034729004
v 0.8693429827690125 5.444718837738037 -24.402780532836914
v 0.31183820962905884 5.554879188537598 -24.414175033569336
v 1.657773733139038 4.661504745483398 -24.321788787841797
v 1.768668293952942 4.107689380645752 -24.26451873779297
v 1.0676268339157104 -2.805203676223755 -23.54964256286621
v 0.31183820962905884 -1.679808497428894 -23.6660213470459
v 0.31183820962905884 -3.029268264770508 -23.526472091674805
v 1.4125163555145264 -1.679808497428894 -23.6660213470459

vn -0.0004885197849944234 -0.0004885197849944234 1
vn -0.0004885197849944234 -0.0004885197849944234 1
vn -0.0004885197849944234 -0.0004885197849944234 1
vn -0.0004885197849944234 -0.0004885197849944234 1
vn -0.0004885197849944234 -0.0004885197849944234 1
vn -0.0004885197849944234 -0.0004885197849944234 1
vn -0.0004885197849944234 -0.0004885197849944234 1
vn -0.0004885197849944234 -0.0004885197849944234 1
vn -0.0004885197849944234 -0.0004885197849944234 1
vn -0.0004885197849944234 -0.0004885197849944234 1
vn -0.0004885197849944234 -0.0004885197849944234 1
vn -0.0004885197849944234 -0.0004885197849944234 1
vn -0.0004885197849944234 -0.0004885197849944234 1
vn -0.0004885197849944234 -0.0004885197849944234 1
vn -0.0004885197849944234 -0.0004885197849944234 1
vn -0.0004885197849944234 -0.0004885197849944234 1
vn 0.0004885197849944234 -0.10307767242193222 -0.995114803314209
vn 0.0004885197849944234 -0.10307767242193222 -0.995114803314209
vn 0.0004885197849944234 -0.10307767242193222 -0.995114803314209
vn 0.0004885197849944234 -0.10307767242193222 -0.995114803314209
vn 0.0004885197849944234 -0.10307767242193222 -0.995114803314209
vn 0.0004885197849944234 -0.10307767242193222 -0.995114803314209
vn 0.0004885197849944234 -0.10307767242193222 -0.995114803314209
vn 0.0004885197849944234 -0.10307767242193222 -0.995114803314209
vn 0.0004885197849944234 -0.10307767242193222 -0.995114803314209
vn 0.0004885197849944234 -0.10307767242193222 -0.995114803314209
vn 0.0004885197849944234 -0.10307767242193222 -0.995114803314209
vn 0.0004885197849944234 -0.10307767242193222 -0.995114803314209
vn 0.0004885197849944234 -0.10307767242193222 -0.995114803314209
vn 0.0004885197849944234 -0.10307767242193222 -0.995114803314209
vn 0.0004885197849944234 -0.10307767242193222 -0.995114803314209
vn 0.0004885197849944234 -0.10307767242193222 -0.995114803314209
vn 0.0004885197849944234 -0.10307767242193222 -0.995114803314209
vn 0.0004885197849944234 -0.10307767242193222 -0.995114803314209
vn 0.0004885197849944234 -0.10307767242193222 -0.995114803314209
vn 0.0004885197849944234 -0.10307767242193222 -0.995114803314209
vn 0.0004885197849944234 0.0004885197849944234 -1
vn 0.0004885197849944234 0.0004885197849944234 -1
vn 0.0004885197849944234 0.0004885197849944234 -1
vn 0.0004885197849944234 0.0004885197849944234 -1
vn 0.0004885197849944234 0.0004885197849944234 -1
vn 0.0004885197849944234 0.0004885197849944234 -1
vn 0.0004885197849944234 0.0004885197849944234 -1
vn 0.0004885197849944234 0.0004885197849944234 -1
vn 0.0004885197849944234 0.0004885197849944234 -1
vn 0.0004885197849944234 0.0004885197849944234 -1
vn 0.0004885197849944234 0.0004885197849944234 -1
vn 0.0004885197849944234 0.0004885197849944234 -1
vn 0.0004885197849944234 0.0004885197849944234 -1
vn 0.0004885197849944234 0.0004885197849944234 -1
vn 0.0004885197849944234 0.0004885197849944234 -1
vn 0.0004885197849944234 0.0004885197849944234 -1
vn 0.0004885197849944234 -0.15095260739326477 -0.9882755279541016
vn 0.0004885197849944234 -0.15095260739326477 -0.9882755279541016
vn 0.0004885197849944234 -0.15095260739326477 -0.9882755279541016
vn 0.0004885197849944234 -0.15095260739326477 -0.9882755279541016
vn 0.0004885197849944234 -0.07572056353092194 -0.9970688819885254
vn 0.0004885197849944234 -0.07572056353092194 -0.9970688819885254
vn 0.0004885197849944234 -0.07572056353092194 -0.9970688819885254
vn 0.0004885197849944234 -0.07572056353092194 -0.9970688819885254
vn 0.0004885197849944234 -0.0004885197849944234 1
vn 0.0004885197849944234 -0.0004885197849944234 1
vn 0.0004885197849944234 -0.0004885197849944234 1
vn 0.0004885197849944234 -0.0004885197849944234 1
vn 0.0004885197849944234 -0.0004885197849944234 1
vn 0.0004885197849944234 -0.0004885197849944234 1
vn 0.0004885197849944234 -0.0004885197849944234 1
vn 0.0004885197849944234 -0.0004885197849944234 1
vn 0.0004885197849944234 -0.0004885197849944234 1
vn 0.0004885197849944234 -0.0004885197849944234 1
vn 0.0004885197849944234 -0.0004885197849944234 1
vn 0.0004885197849944234 -0.0004885197849944234 1
vn 0.0004885197849944234 -0.0004885197849944234 1
vn 0.0004885197849944234 -0.0004885197849944234 1
vn 0.0004885197849944234 -0.0004885197849944234 1
vn 0.0004885197849944234 -0.0004885197849944234 1
vn 0.0004885197849944234 -0.07767464220523834 -0.9970688819885254
vn 0.0004885197849944234 -0.07767464220523834 -0.9970688819885254
vn 0.0004885197849944234 -0.07767464220523834 -0.9970688819885254
vn 0.0004885197849944234 -0.07767464220523834 -0.9970688819885254
vn -0.0004885197849944234 -0.0004885197849944234 1
vn -0.0004885197849944234 -0.0004885197849944234 1
vn -0.0004885197849944234 -0.0004885197849944234 1
vn -0.0004885197849944234 -0.0004885197849944234 1
vn 0.0004885197849944234 -0.0004885197849944234 1
vn 0.0004885197849944234 -0.0004885197849944234 1
vn 0.0004885197849944234 -0.0004885197849944234 1
vn 0.0004885197849944234 -0.0004885197849944234 1
vn 0.0004885197849944234 -0.0004885197849944234 1
vn 0.0004885197849944234 -0.0004885197849944234 1
vn 0.0004885197849944234 -0.0004885197849944234 1
vn 0.0004885197849944234 -0.0004885197849944234 1
vn 0.0004885197849944234 -0.0004885197849944234 1
vn 0.0004885197849944234 -0.0004885197849944234 1
vn 0.0004885197849944234 -0.0004885197849944234 1
vn 0.0004885197849944234 -0.0004885197849944234 1
vn 0.0004885197849944234 -0.0004885197849944234 1
vn 0.0004885197849944234 -0.0004885197849944234 1
vn 0.0004885197849944234 -0.0004885197849944234 1
vn 0.0004885197849944234 -0.0004885197849944234 1
vn 0.0004885197849944234 -0.0004885197849944234 1
vn 0.0004885197849944234 -0.0004885197849944234 1
vn 0.0004885197849944234 -0.0004885197849944234 1
vn 0.0004885197849944234 -0.0004885197849944234 1
vn 0.0004885197849944234 -0.0004885197849944234 1
vn 0.0004885197849944234 -0.0004885197849944234 1
vn 0.0004885197849944234 -0.0004885197849944234 1
vn 0.0004885197849944234 -0.0004885197849944234 1
vn 0.0004885197849944234 -0.0004885197849944234 1
vn 0.0004885197849944234 -0.0004885197849944234 1
vn 0.0004885197849944234 -0.0004885197849944234 1
vn 0.0004885197849944234 -0.0004885197849944234 1
vn -0.0004885197849944234 0.0004885197849944234 1
vn -0.0004885197849944234 0.0004885197849944234 1
vn -0.0004885197849944234 0.0004885197849944234 1
vn -0.0004885197849944234 0.0004885197849944234 1
vn 0.0004885197849944234 -0.0004885197849944234 1
vn 0.0004885197849944234 -0.0004885197849944234 1
vn 0.0004885197849944234 -0.0004885197849944234 1
vn 0.0004885197849944234 -0.0004885197849944234 1
vn 0.0004885197849944234 -0.0004885197849944234 1
vn 0.0004885197849944234 -0.0004885197849944234 1
vn 0.0004885197849944234 -0.0004885197849944234 1
vn 0.0004885197849944234 -0.0004885197849944234 1
vn -0.0004885197849944234 -0.0004885197849944234 1
vn -0.0004885197849944234 -0.0004885197849944234 1
vn -0.0004885197849944234 -0.0004885197849944234 1
vn -0.0004885197849944234 -0.0004885197849944234 1
vn -0.0004885197849944234 -0.0004885197849944234 1
vn -0.0004885197849944234 -0.0004885197849944234 1
vn -0.0004885197849944234 -0.0004885197849944234 1
vn -0.0004885197849944234 -0.0004885197849944234 1
vn -0.0004885197849944234 -0.0004885197849944234 1
vn -0.0004885197849944234 -0.0004885197849944234 1
vn -0.0004885197849944234 -0.0004885197849944234 1
vn -0.0004885197849944234 -0.0004885197849944234 1
vn 0.0004885197849944234 -0.0004885197849944234 1
vn 0.0004885197849944234 -0.0004885197849944234 1
vn 0.0004885197849944234 -0.0004885197849944234 1
vn 0.0004885197849944234 -0.0004885197849944234 1
vn 0.0004885197849944234 -0.0004885197849944234 1
vn 0.0004885197849944234 -0.0004885197849944234 1
vn -0.0004885197849944234 -0.0004885197849944234 1
vn -0.0004885197849944234 -0.0004885197849944234 1
vn -0.0004885197849944234 -0.0004885197849944234 1
vn -0.0004885197849944234 -0.0004885197849944234 1
vn -0.0004885197849944234 -0.0004885197849944234 1
vn -0.0004885197849944234 -0.0004885197849944234 1
vn -0.0004885197849944234 -0.0004885197849944234 1
vn -0.0004885197849944234 -0.0004885197849944234 1
vn 0.0004885197849944234 -0.0004885197849944234 1
vn 0.0004885197849944234 -0.0004885197849944234 1
vn 0.0004885197849944234 -0.0004885197849944234 1
vn 0.0004885197849944234 -0.0004885197849944234 1
vn -0.0004885197849944234 -0.0004885197849944234 1
vn -0.0004885197849944234 -0.0004885197849944234 1
vn -0.0004885197849944234 -0.0004885197849944234 1
vn -0.0004885197849944234 -0.0004885197849944234 1
vn -0.0004885197849944234 -0.0004885197849944234 1
vn -0.0004885197849944234 -0.0004885197849944234 1
vn -0.0004885197849944234 -0.0004885197849944234 1
vn -0.0004885197849944234 -0.0004885197849944234 1
vn 0.0004885197849944234 -0.0004885197849944234 1
vn 0.0004885197849944234 -0.0004885197849944234 1
vn 0.0004885197849944234 -0.0004885197849944234 1
vn 0.0004885197849944234 -0.0004885197849944234 1
vn 0.0004885197849944234 0.0004885197849944234 1
vn 0.0004885197849944234 0.0004885197849944234 1
vn 0.0004885197849944234 0.0004885197849944234 1
vn 0.0004885197849944234 0.0004885197849944234 1
vn 0.0004885197849944234 -0.0004885197849944234 1
vn 0.0004885197849944234 -0.0004885197849944234 1
vn 0.0004885197849944234 -0.0004885197849944234 1
vn 0.0004885197849944234 -0.0004885197849944234 1
vn 0.0004885197849944234 -0.0004885197849944234 1
vn 0.0004885197849944234 -0.0004885197849944234 1
vn 0.0004885197849944234 -0.0004885197849944234 1
vn 0.0004885197849944234 -0.0004885197849944234 1
vn 0.0004885197849944234 -0.0004885197849944234 1
vn 0.0004885197849944234 -0.0004885197849944234 1
vn 0.0004885197849944234 -0.0004885197849944234 1
vn 0.0004885197849944234 -0.0004885197849944234 1
vn 0.0004885197849944234 -0.0004885197849944234 1
vn 0.0004885197849944234 -0.0004885197849944234 1
vn 0.0004885197849944234 -0.0004885197849944234 1
vn 0.0004885197849944234 -0.0004885197849944234 1
vn 0.0004885197849944234 -0.0004885197849944234 1
vn 0.0004885197849944234 -0.0004885197849944234 1
vn 0.0004885197849944234 -0.0004885197849944234 1
vn 0.0004885197849944234 -0.0004885197849944234 1
vn 0.0004885197849944234 -0.0004885197849944234 1
vn 0.0004885197849944234 -0.0004885197849944234 1
vn 0.0004885197849944234 -0.0004885197849944234 1
vn 0.0004885197849944234 -0.0004885197849944234 1
vn 0.0004885197849944234 -0.0004885197849944234 1
vn 0.0004885197849944234 -0.0004885197849944234 1
vn 0.0004885197849944234 -0.0004885197849944234 1
vn 0.0004885197849944234 -0.0004885197849944234 1
vn 0.0004885197849944234 -0.0004885197849944234 1
vn 0.0004885197849944234 -0.0004885197849944234 1
vn 0.0004885197849944234 -0.0004885197849944234 1
vn 0.0004885197849944234 -0.0004885197849944234 1
vn 0.0004885197849944234 -0.0004885197849944234 1
vn 0.0004885197849944234 -0.0004885197849944234 1
vn 0.0004885197849944234 -0.0004885197849944234 1
vn 0.0004885197849944234 -0.0004885197849944234 1
vn 0.0004885197849944234 -0.0004885197849944234 1
vn 0.0004885197849944234 -0.0004885197849944234 1
vn 0.0004885197849944234 -0.0004885197849944234 1
vn 0.0004885197849944234 -0.0004885197849944234 1
vn 0.0004885197849944234 -0.0004885197849944234 1
vn 0.0004885197849944234 -0.0004885197849944234 1
vn 0.0004885197849944234 -0.0004885197849944234 1
vn 0.0004885197849944234 -0.0004885197849944234 1
vn 0.0004885197849944234 -0.0004885197849944234 1
vn 0.0004885197849944234 -0.0004885197849944234 1
vn 0.0004885197849944234 0.0004885197849944234 1
vn 0.0004885197849944234 0.0004885197849944234 1
vn 0.0004885197849944234 0.0004885197849944234 1
vn 0.0004885197849944234 0.0004885197849944234 1
vn 0.0004885197849944234 0.0004885197849944234 1
vn 0.0004885197849944234 0.0004885197849944234 1
vn 0.0004885197849944234 0.0004885197849944234 1
vn 0.0004885197849944234 0.0004885197849944234 1
vn 0.0004885197849944234 0.0004885197849944234 1
vn 0.0004885197849944234 0.0004885197849944234 1
vn -0.0004885197849944234 -0.0004885197849944234 1
vn -0.0004885197849944234 -0.0004885197849944234 1
vn -0.0004885197849944234 -0.0004885197849944234 1
vn -0.0004885197849944234 -0.0004885197849944234 1
vn -0.0004885197849944234 -0.0004885197849944234 1
vn -0.0004885197849944234 -0.0004885197849944234 1
vn -0.0004885197849944234 -0.0004885197849944234 1
vn -0.0004885197849944234 -0.0004885197849944234 1
vn -0.0004885197849944234 -0.0004885197849944234 1
vn -0.0004885197849944234 -0.0004885197849944234 1
vn -0.0004885197849944234 -0.0004885197849944234 1
vn -0.0004885197849944234 -0.0004885197849944234 1
vn -0.0004885197849944234 0.0004885197849944234 1
vn -0.0004885197849944234 0.0004885197849944234 1
vn -0.0004885197849944234 0.0004885197849944234 1
vn -0.0004885197849944234 0.0004885197849944234 1
vn -0.0004885197849944234 -0.0004885197849944234 1
vn -0.0004885197849944234 -0.0004885197849944234 1
vn -0.0004885197849944234 -0.0004885197849944234 1
vn -0.0004885197849944234 -0.0004885197849944234 1
vn -0.0004885197849944234 0.0004885197849944234 1
vn -0.0004885197849944234 0.0004885197849944234 1
vn -0.0004885197849944234 0.0004885197849944234 1
vn -0.0004885197849944234 0.0004885197849944234 1
vn -0.0004885197849944234 -0.0004885197849944234 1
vn -0.0004885197849944234 -0.0004885197849944234 1
vn -0.0004885197849944234 -0.0004885197849944234 1
vn -0.0004885197849944234 -0.0004885197849944234 1
vn -0.0004885197849944234 -0.0004885197849944234 1
vn -0.0004885197849944234 -0.0004885197849944234 1
vn -0.0004885197849944234 -0.0004885197849944234 1
vn -0.0004885197849944234 -0.0004885197849944234 1
vn -0.0004885197849944234 0.0004885197849944234 1
vn -0.0004885197849944234 0.0004885197849944234 1
vn -0.0004885197849944234 0.0004885197849944234 1
vn -0.0004885197849944234 0.0004885197849944234 1
vn -0.0004885197849944234 0.0004885197849944234 1
vn -0.0004885197849944234 0.0004885197849944234 1
vn 0.0004885197849944234 0.0004885197849944234 1
vn 0.0004885197849944234 0.0004885197849944234 1
vn 0.0004885197849944234 0.0004885197849944234 1
vn 0.0004885197849944234 0.0004885197849944234 1
vn 0.0004885197849944234 -0.0004885197849944234 1
vn 0.0004885197849944234 -0.0004885197849944234 1
vn 0.0004885197849944234 -0.0004885197849944234 1
vn 0.0004885197849944234 -0.0004885197849944234 1
vn 0.0004885197849944234 -0.0004885197849944234 1
vn 0.0004885197849944234 -0.0004885197849944234 1
vn 0.0004885197849944234 -0.0004885197849944234 1
vn 0.0004885197849944234 -0.0004885197849944234 1
vn 0.0004885197849944234 -0.0004885197849944234 1
vn 0.0004885197849944234 -0.0004885197849944234 1
vn 0.0004885197849944234 -0.0004885197849944234 1
vn 0.0004885197849944234 -0.0004885197849944234 1
vn 0.0004885197849944234 0.0004885197849944234 1
vn 0.0004885197849944234 0.0004885197849944234 1
vn 0.0004885197849944234 0.0004885197849944234 1
vn 0.0004885197849944234 0.0004885197849944234 1
vn 0.0004885197849944234 -0.0004885197849944234 1
vn 0.0004885197849944234 -0.0004885197849944234 1
vn 0.0004885197849944234 -0.0004885197849944234 1
vn 0.0004885197849944234 -0.0004885197849944234 1
vn 0.0004885197849944234 0.0004885197849944234 1
vn 0.0004885197849944234 0.0004885197849944234 1
vn 0.0004885197849944234 0.0004885197849944234 1
vn 0.0004885197849944234 0.0004885197849944234 1
vn 0.0004885197849944234 -0.0004885197849944234 1
vn 0.0004885197849944234 -0.0004885197849944234 1
vn 0.0004885197849944234 -0.0004885197849944234 1
vn 0.0004885197849944234 -0.0004885197849944234 1
vn 0.0004885197849944234 0.7274059653282166 0.686370313167572
vn 0.0004885197849944234 0.7274059653282166 0.686370313167572
vn 0.0004885197849944234 0.7274059653282166 0.686370313167572
vn 0.0004885197849944234 0.7274059653282166 0.686370313167572
vn -0.0004885197849944234 0.7274059653282166 0.686370313167572
vn -0.0004885197849944234 0.7274059653282166 0.686370313167572
vn -0.0004885197849944234 0.7274059653282166 0.686370313167572
vn -0.0004885197849944234 0.7274059653282166 0.686370313167572
vn 0.0004885197849944234 -0.0004885197849944234 1
vn 0.0004885197849944234 -0.0004885197849944234 1
vn 0.0004885197849944234 -0.0004885197849944234 1
vn 0.0004885197849944234 -0.0004885197849944234 1
vn 0.0004885197849944234 -0.0004885197849944234 1
vn 0.0004885197849944234 -0.0004885197849944234 1
vn 0.0004885197849944234 -0.0004885197849944234 1
vn 0.0004885197849944234 -0.0004885197849944234 1
vn 0.0004885197849944234 -0.0004885197849944234 1
vn 0.0004885197849944234 -0.0004885197849944234 1
vn 0.0004885197849944234 -0.0004885197849944234 1
vn 0.0004885197849944234 -0.0004885197849944234 1
vn 0.0004885197849944234 -0.0004885197849944234 1
vn 0.0004885197849944234 -0.0004885197849944234 1
vn 0.0004885197849944234 -0.0004885197849944234 1
vn 0.0004885197849944234 -0.0004885197849944234 1
vn 0.0004885197849944234 -0.0004885197849944234 1
vn 0.0004885197849944234 -0.0004885197849944234 1
vn 0.0004885197849944234 -0.0004885197849944234 1
vn 0.0004885197849944234 -0.0004885197849944234 1
vn 0.0004885197849944234 -0.0004885197849944234 1
vn 0.0004885197849944234 -0.0004885197849944234 1
vn 0.0004885197849944234 -0.0004885197849944234 1
vn 0.0004885197849944234 -0.0004885197849944234 1
vn 0.0004885197849944234 -0.0004885197849944234 1
vn 0.0004885197849944234 -0.0004885197849944234 1
vn 0.0004885197849944234 -0.0004885197849944234 1
vn 0.0004885197849944234 -0.0004885197849944234 1
vn 0.0004885197849944234 -0.0004885197849944234 1
vn 0.0004885197849944234 -0.0004885197849944234 1
vn 0.0004885197849944234 -0.6541280150413513 -0.7567171454429626
vn 0.0004885197849944234 -0.6541280150413513 -0.7567171454429626
vn 0.0004885197849944234 -0.6541280150413513 -0.7567171454429626
vn 0.0004885197849944234 -0.6541280150413513 -0.7567171454429626
vn 0.0004885197849944234 -0.21836833655834198 0.9755740165710449
vn 0.0004885197849944234 -0.21836833655834198 0.9755740165710449
vn 0.0004885197849944234 -0.21836833655834198 0.9755740165710449
vn 0.0004885197849944234 -0.21836833655834198 0.9755740165710449
vn 0.0004885197849944234 -0.21836833655834198 0.9755740165710449
vn 0.0004885197849944234 -0.21836833655834198 0.9755740165710449
vn 0.0004885197849944234 -0.21836833655834198 0.9755740165710449
vn 0.0004885197849944234 -0.21836833655834198 0.9755740165710449
vn 0.0004885197849944234 0.0004885197849944234 -1
vn 0.0004885197849944234 0.0004885197849944234 -1
vn 0.0004885197849944234 0.0004885197849944234 -1
vn 0.0004885197849944234 0.0004885197849944234 -1
vn 0.0004885197849944234 0.0004885197849944234 -1
vn 0.0004885197849944234 0.0004885197849944234 -1
vn 0.0004885197849944234 0.0004885197849944234 -1
vn 0.0004885197849944234 0.0004885197849944234 -1
vn 0.0004885197849944234 0.0004885197849944234 -1
vn 0.0004885197849944234 0.0004885197849944234 -1
vn 0.0004885197849944234 0.0004885197849944234 -1
vn 0.0004885197849944234 0.0004885197849944234 -1
vn 0.0004885197849944234 0.0004885197849944234 -1
vn 0.0004885197849944234 0.0004885197849944234 -1
vn 0.0004885197849944234 0.0004885197849944234 -1
vn 0.0004885197849944234 0.0004885197849944234 -1
vn 0.0004885197849944234 -0.9599413871765137 -0.2808988690376282
vn 0.0004885197849944234 -0.9599413871765137 -0.2808988690376282
vn 0.0004885197849944234 -0.9599413871765137 -0.2808988690376282
vn 0.0004885197849944234 -0.9599413871765137 -0.2808988690376282
vn -0.0004885197849944234 -0.9599413871765137 -0.2808988690376282
vn -0.0004885197849944234 -0.9599413871765137 -0.2808988690376282
vn -0.0004885197849944234 -0.9599413871765137 -0.2808988690376282
vn -0.0004885197849944234 -0.9599413871765137 -0.2808988690376282
vn 0.0004885197849944234 -0.9628725051879883 0.27210551500320435
vn 0.0004885197849944234 -0.9628725051879883 0.27210551500320435
vn 0.0004885197849944234 -0.9628725051879883 0.27210551500320435
vn 0.0004885197849944234 -0.9628725051879883 0.27210551500320435
vn 0.0004885197849944234 0.7547630667686462 -0.6560820937156677
vn 0.0004885197849944234 0.7547630667686462 -0.6560820937156677
vn 0.0004885197849944234 0.7547630667686462 -0.6560820937156677
vn 0.0004885197849944234 0.7547630667686462 -0.6560820937156677
vn 0.0004885197849944234 0.0004885197849944234 -1
vn 0.0004885197849944234 0.0004885197849944234 -1
vn 0.0004885197849944234 0.0004885197849944234 -1
vn 0.0004885197849944234 0.0004885197849944234 -1
vn 0.0004885197849944234 0.0004885197849944234 -1
vn 0.0004885197849944234 0.0004885197849944234 -1
vn 0.0004885197849944234 0.0004885197849944234 -1
vn 0.0004885197849944234 0.0004885197849944234 -1
vn 0.0004885197849944234 0.0004885197849944234 -1
vn 0.0004885197849944234 0.0004885197849944234 -1
vn 0.0004885197849944234 0.0004885197849944234 -1
vn 0.0004885197849944234 0.0004885197849944234 -1
vn 0.0004885197849944234 0.0004885197849944234 -1
vn 0.0004885197849944234 0.0004885197849944234 -1
vn 0.0004885197849944234 0.0004885197849944234 -1
vn 0.0004885197849944234 0.0004885197849944234 -1
vn 0.0004885197849944234 0.0004885197849944234 -1
vn 0.0004885197849944234 0.0004885197849944234 -1
vn 0.0004885197849944234 0.0004885197849944234 -1
vn 0.0004885197849944234 0.0004885197849944234 -1
vn 0.0004885197849944234 0.0004885197849944234 -1
vn 0.0004885197849944234 0.0004885197849944234 -1
vn 0.0004885197849944234 0.0004885197849944234 -1
vn 0.0004885197849944234 0.0004885197849944234 -1
vn 0.0004885197849944234 0.0004885197849944234 -1
vn 0.0004885197849944234 0.0004885197849944234 -1
vn 0.0004885197849944234 0.0004885197849944234 -1
vn 0.0004885197849944234 0.0004885197849944234 -1
vn 0.0004885197849944234 0.0004885197849944234 -1
vn 0.0004885197849944234 0.0004885197849944234 -1
vn 0.0004885197849944234 -0.6414265036582947 0.7674645781517029
vn 0.0004885197849944234 -0.6414265036582947 0.7674645781517029
vn 0.0004885197849944234 -0.6414265036582947 0.7674645781517029
vn 0.0004885197849944234 -0.6414265036582947 0.7674645781517029
vn 0.0004885197849944234 -0.6414265036582947 0.7674645781517029
vn 0.0004885197849944234 -0.6414265036582947 0.7674645781517029
vn 0.0004885197849944234 -0.6414265036582947 0.7674645781517029
vn 0.0004885197849944234 -0.6414265036582947 0.7674645781517029
vn 0.06790424883365631 0.0004885197849944234 -0.9980459213256836
vn -0.06790424883365631 0.0004885197849944234 -0.9980459213256836
vn -0.06790424883365631 0.0004885197849944234 -0.9980459213256836
vn -0.40595993399620056 0.0004885197849944234 -0.9140205383300781
vn 0.06790424883365631 0.0004885197849944234 -0.9980459213256836
vn 0.40595993399620056 0.0004885197849944234 -0.9140205383300781
vn 0.40595993399620056 0.0004885197849944234 -0.9140205383300781
vn -0.40595993399620056 0.0004885197849944234 -0.9140205383300781
vn -0.8651685118675232 0.0004885197849944234 -0.5017098188400269
vn -0.8651685118675232 0.0004885197849944234 -0.5017098188400269
vn -0.9843673706054688 0.0004885197849944234 -0.17440156638622284
vn -0.9843673706054688 0.0004885197849944234 -0.17440156638622284
vn 0.0004885197849944234 0.19785051047801971 -0.9804592132568359
vn 0.0004885197849944234 0.19785051047801971 -0.9804592132568359
vn 0.0004885197849944234 0.19785051047801971 -0.9804592132568359
vn 0.0004885197849944234 0.19785051047801971 -0.9804592132568359
vn 0.0004885197849944234 0.19785051047801971 -0.9804592132568359
vn 0.0004885197849944234 0.19785051047801971 -0.9804592132568359
vn 0.0004885197849944234 0.19785051047801971 -0.9804592132568359
vn 0.0004885197849944234 0.19785051047801971 -0.9804592132568359
vn 0.0004885197849944234 0.19785051047801971 -0.9804592132568359
vn 0.0004885197849944234 0.19785051047801971 -0.9804592132568359
vn 0.0004885197849944234 0.19785051047801971 -0.9804592132568359
vn 0.0004885197849944234 0.19785051047801971 -0.9804592132568359
vn 0.0004885197849944234 0.7811431288719177 -0.6248167753219604
vn 0.0004885197849944234 0.7811431288719177 -0.6248167753219604
vn 0.0004885197849944234 0.7811431288719177 -0.6248167753219604
vn 0.0004885197849944234 0.7811431288719177 -0.6248167753219604
vn 0.0004885197849944234 0.0317537859082222 -0.9990229606628418
vn 0.0004885197849944234 0.0317537859082222 -0.9990229606628418
vn 0.0004885197849944234 0.0317537859082222 -0.9990229606628418
vn 0.0004885197849944234 0.0317537859082222 -0.9990229606628418
vn 0.0004885197849944234 0.0317537859082222 -0.9990229606628418
vn 0.0004885197849944234 0.0317537859082222 -0.9990229606628418
vn 0.0004885197849944234 0.0317537859082222 -0.9990229606628418
vn 0.0004885197849944234 0.0317537859082222 -0.9990229606628418
vn 0.24767953157424927 0.12359550595283508 -0.9609184265136719
vn 0.24767953157424927 0.12359550595283508 -0.9609184265136719
vn 0.24767953157424927 0.12359550595283508 -0.9609184265136719
vn 0.24767953157424927 0.12359550595283508 -0.9609184265136719
vn -0.24767953157424927 0.12359550595283508 -0.9609184265136719
vn -0.24767953157424927 0.12359550595283508 -0.9609184265136719
vn -0.24767953157424927 0.12359550595283508 -0.9609184265136719
vn -0.24767953157424927 0.12359550595283508 -0.9609184265136719
vn 0.0004885197849944234 0.4235466420650482 -0.9062042236328125
vn 0.0004885197849944234 0.4235466420650482 -0.9062042236328125
vn 0.0004885197849944234 0.4235466420650482 -0.9062042236328125
vn 0.0004885197849944234 0.4235466420650482 -0.9062042236328125
vn 0.0004885197849944234 0.4235466420650482 -0.9062042236328125
vn 0.0004885197849944234 0.4235466420650482 -0.9062042236328125
vn 0.0004885197849944234 0.4235466420650482 -0.9062042236328125
vn 0.0004885197849944234 0.4235466420650482 -0.9062042236328125
vn -0.42256960272789 -0.0004885197849944234 -0.9062042236328125
vn -0.42256960272789 -0.0004885197849944234 -0.9062042236328125
vn -0.42256960272789 -0.0004885197849944234 -0.9062042236328125
vn -0.42256960272789 -0.0004885197849944234 -0.9062042236328125
vn -0.42256960272789 -0.0004885197849944234 -0.9062042236328125
vn -0.42256960272789 -0.0004885197849944234 -0.9062042236328125
vn -0.42256960272789 -0.0004885197849944234 -0.9062042236328125
vn -0.42256960272789 -0.0004885197849944234 -0.9062042236328125
vn 0.0004885197849944234 0.4460185766220093 -0.8954567909240723
vn 0.0004885197849944234 0.4460185766220093 -0.8954567909240723
vn 0.0004885197849944234 0.4460185766220093 -0.8954567909240723
vn 0.0004885197849944234 0.4460185766220093 -0.8954567909240723
vn 0.0004885197849944234 0.4460185766220093 -0.8954567909240723
vn 0.0004885197849944234 0.4460185766220093 -0.8954567909240723
vn 0.0004885197849944234 0.4460185766220093 -0.8954567909240723
vn 0.0004885197849944234 0.4460185766220093 -0.8954567909240723
vn -0.42256960272789 -0.0004885197849944234 -0.9062042236328125
vn -0.42256960272789 -0.0004885197849944234 -0.9062042236328125
vn -0.42256960272789 -0.0004885197849944234 -0.9062042236328125
vn -0.42256960272789 -0.0004885197849944234 -0.9062042236328125
vn -0.42256960272789 -0.0004885197849944234 -0.9062042236328125
vn -0.42256960272789 -0.0004885197849944234 -0.9062042236328125
vn -0.42256960272789 -0.0004885197849944234 -0.9062042236328125
vn -0.42256960272789 -0.0004885197849944234 -0.9062042236328125
vn 0.0004885197849944234 -0.49975574016571045 -0.8661455512046814
vn 0.0004885197849944234 -0.49975574016571045 -0.8661455512046814
vn 0.0004885197849944234 -0.49975574016571045 -0.8661455512046814
vn 0.0004885197849944234 -0.49975574016571045 -0.8661455512046814
vn 0.0004885197849944234 -0.49975574016571045 -0.8661455512046814
vn 0.0004885197849944234 -0.49975574016571045 -0.8661455512046814
vn 0.0004885197849944234 -0.49975574016571045 -0.8661455512046814
vn 0.0004885197849944234 -0.49975574016571045 -0.8661455512046814
vn 0.0004885197849944234 -0.49975574016571045 -0.8661455512046814
vn 0.0004885197849944234 -0.49975574016571045 -0.8661455512046814
vn 0.0004885197849944234 -0.49975574016571045 -0.8661455512046814
vn 0.0004885197849944234 -0.49975574016571045 -0.8661455512046814
vn 0.0004885197849944234 0.27210551500320435 -0.9618954658508301
vn 0.0004885197849944234 0.27210551500320435 -0.9618954658508301
vn 0.0004885197849944234 0.27210551500320435 -0.9618954658508301
vn 0.0004885197849944234 0.27210551500320435 -0.9618954658508301
vn 0.0004885197849944234 0.0004885197849944234 -1
vn 0.0004885197849944234 0.0004885197849944234 -1
vn 0.0004885197849944234 0.0004885197849944234 -1
vn 0.0004885197849944234 0.0004885197849944234 -1
vn -0.42256960272789 -0.0004885197849944234 -0.9062042236328125
vn -0.42256960272789 -0.0004885197849944234 -0.9062042236328125
vn -0.42256960272789 -0.0004885197849944234 -0.9062042236328125
vn -0.42256960272789 -0.0004885197849944234 -0.9062042236328125
vn -0.42256960272789 -0.0004885197849944234 -0.9062042236328125
vn -0.42256960272789 -0.0004885197849944234 -0.9062042236328125
vn -0.42256960272789 -0.0004885197849944234 -0.9062042236328125
vn -0.42256960272789 -0.0004885197849944234 -0.9062042236328125
vn 0.0004885197849944234 -0.6375183463096619 -0.7703956961631775
vn 0.0004885197849944234 -0.6375183463096619 -0.7703956961631775
vn 0.0004885197849944234 -0.6375183463096619 -0.7703956961631775
vn 0.0004885197849944234 -0.6375183463096619 -0.7703956961631775
vn 0.0004885197849944234 -0.6375183463096619 -0.7703956961631775
vn 0.0004885197849944234 -0.6375183463096619 -0.7703956961631775
vn 0.0004885197849944234 -0.6375183463096619 -0.7703956961631775
vn 0.0004885197849944234 -0.6375183463096619 -0.7703956961631775
vn 0.0004885197849944234 0.0004885197849944234 -1
vn 0.0004885197849944234 0.0004885197849944234 -1
vn 0.0004885197849944234 0.0004885197849944234 -1
vn 0.0004885197849944234 0.0004885197849944234 -1
vn 0.0004885197849944234 -0.0004885197849944234 -1
vn 0.0004885197849944234 -0.0004885197849944234 -1
vn 0.0004885197849944234 -0.0004885197849944234 -1
vn 0.0004885197849944234 -0.0004885197849944234 -1
vn 0.0004885197849944234 -0.0004885197849944234 -1
vn 0.0004885197849944234 -0.0004885197849944234 -1
vn 0.0004885197849944234 -0.0004885197849944234 -1
vn 0.0004885197849944234 -0.0004885197849944234 -1
vn 0.0004885197849944234 0.0004885197849944234 -1
vn 0.0004885197849944234 0.0004885197849944234 -1
vn 0.0004885197849944234 0.0004885197849944234 -1
vn 0.0004885197849944234 0.0004885197849944234 -1
vn 0.0004885197849944234 -0.0004885197849944234 -1
vn 0.0004885197849944234 -0.0004885197849944234 -1
vn 0.0004885197849944234 -0.0004885197849944234 -1
vn 0.0004885197849944234 -0.0004885197849944234 -1
vn 0.0004885197849944234 -0.0004885197849944234 -1
vn 0.0004885197849944234 -0.0004885197849944234 -1
vn 0.0004885197849944234 -0.0004885197849944234 -1
vn 0.0004885197849944234 -0.0004885197849944234 -1
vn 0.0004885197849944234 0.8534440398216248 -0.5202735662460327
vn 0.0004885197849944234 0.8534440398216248 -0.5202735662460327
vn 0.0004885197849944234 0.8534440398216248 -0.5202735662460327
vn 0.0004885197849944234 0.8534440398216248 -0.5202735662460327
vn 0.0004885197849944234 0.8534440398216248 -0.5202735662460327
vn 0.0004885197849944234 0.8534440398216248 -0.5202735662460327
vn 0.0004885197849944234 0.8534440398216248 -0.5202735662460327
vn 0.0004885197849944234 0.8534440398216248 -0.5202735662460327
vn 0.535906195640564 0.37664875388145447 -0.7557401061058044
vn 0.535906195640564 0.37664875388145447 -0.7557401061058044
vn 0.535906195640564 0.37664875388145447 -0.7557401061058044
vn 0.535906195640564 0.37664875388145447 -0.7557401061058044
vn 0.540791392326355 0.3561309278011322 -0.7625793814659119
vn 0.540791392326355 0.3561309278011322 -0.7625793814659119
vn 0.540791392326355 0.3561309278011322 -0.7625793814659119
vn 0.540791392326355 0.3561309278011322 -0.7625793814659119
vn 0.0004885197849944234 0.0004885197849944234 -1
vn 0.0004885197849944234 0.0004885197849944234 -1
vn 0.0004885197849944234 0.0004885197849944234 -1
vn 0.0004885197849944234 0.0004885197849944234 -1
vn 0.0004885197849944234 0.0004885197849944234 -1
vn 0.0004885197849944234 0.0004885197849944234 -1
vn 0.0004885197849944234 0.0004885197849944234 -1
vn 0.0004885197849944234 0.0004885197849944234 -1
vn 0.0004885197849944234 0.0004885197849944234 -1
vn 0.0004885197849944234 0.0004885197849944234 -1
vn 0.0004885197849944234 0.0004885197849944234 -1
vn 0.0004885197849944234 0.0004885197849944234 -1
vn 0.0004885197849944234 0.0004885197849944234 -1
vn 0.0004885197849944234 0.0004885197849944234 -1
vn 0.0004885197849944234 0.0004885197849944234 -1
vn 0.0004885197849944234 0.0004885197849944234 -1
vn -0.535906195640564 0.37664875388145447 -0.7557401061058044
vn -0.535906195640564 0.37664875388145447 -0.7557401061058044
vn -0.535906195640564 0.37664875388145447 -0.7557401061058044
vn -0.535906195640564 0.37664875388145447 -0.7557401061058044
vn -0.540791392326355 0.3561309278011322 -0.7625793814659119
vn -0.540791392326355 0.3561309278011322 -0.7625793814659119
vn -0.540791392326355 0.3561309278011322 -0.7625793814659119
vn -0.540791392326355 0.3561309278011322 -0.7625793814659119
vn 0.0004885197849944234 0.0004885197849944234 -1
vn 0.0004885197849944234 0.0004885197849944234 -1
vn 0.0004885197849944234 0.0004885197849944234 -1
vn 0.0004885197849944234 0.0004885197849944234 -1
vn -0.0004885197849944234 -0.2584269642829895 -0.9658036231994629
vn -0.0004885197849944234 -0.2584269642829895 -0.9658036231994629
vn -0.0004885197849944234 -0.2584269642829895 -0.9658036231994629
vn -0.0004885197849944234 -0.2584269642829895 -0.9658036231994629
vn -0.0004885197849944234 0.0004885197849944234 -1
vn -0.0004885197849944234 0.0004885197849944234 -1
vn -0.0004885197849944234 0.0004885197849944234 -1
vn -0.0004885197849944234 0.0004885197849944234 -1
vn 0.0004885197849944234 -0.9628725051879883 -0.27112847566604614
vn 0.0004885197849944234 -0.9628725051879883 -0.27112847566604614
vn 0.0004885197849944234 -0.9628725051879883 -0.27112847566604614
vn 0.0004885197849944234 -0.9628725051879883 -0.27112847566604614
vn 0.0004885197849944234 -0.9628725051879883 -0.27112847566604614
vn 0.0004885197849944234 -0.9628725051879883 -0.27112847566604614
vn 0.0004885197849944234 -0.9628725051879883 -0.27112847566604614
vn 0.0004885197849944234 -0.9628725051879883 -0.27112847566604614
vn -0.0004885197849944234 -0.7068881392478943 -0.7068881392478943
vn -0.0004885197849944234 -0.7068881392478943 -0.7068881392478943
vn -0.0004885197849944234 -0.7068881392478943 -0.7068881392478943
vn -0.0004885197849944234 -0.7068881392478943 -0.7068881392478943
vn -0.0004885197849944234 0.2584269642829895 -0.9658036231994629
vn -0.0004885197849944234 0.2584269642829895 -0.9658036231994629
vn -0.0004885197849944234 0.2584269642829895 -0.9658036231994629
vn -0.0004885197849944234 0.2584269642829895 -0.9658036231994629
vn -0.0004885197849944234 0.0004885197849944234 -1
vn -0.0004885197849944234 0.0004885197849944234 -1
vn -0.0004885197849944234 0.0004885197849944234 -1
vn -0.0004885197849944234 0.0004885197849944234 -1
vn -0.0004885197849944234 0.0004885197849944234 -1
vn -0.0004885197849944234 0.0004885197849944234 -1
vn -0.0004885197849944234 0.0004885197849944234 -1
vn -0.0004885197849944234 0.0004885197849944234 -1
vn -0.0004885197849944234 0.0004885197849944234 -1
vn -0.0004885197849944234 0.0004885197849944234 -1
vn -0.0004885197849944234 0.0004885197849944234 -1
vn -0.0004885197849944234 0.0004885197849944234 -1
vn -0.0004885197849944234 0.0004885197849944234 -1
vn -0.0004885197849944234 0.0004885197849944234 -1
vn -0.0004885197849944234 0.0004885197849944234 -1
vn -0.0004885197849944234 0.0004885197849944234 -1
vn 0.0004885197849944234 0.0004885197849944234 -1
vn 0.0004885197849944234 0.0004885197849944234 -1
vn 0.0004885197849944234 0.0004885197849944234 -1
vn 0.0004885197849944234 0.0004885197849944234 -1
vn 0.0004885197849944234 0.0004885197849944234 -1
vn 0.0004885197849944234 0.0004885197849944234 -1
vn 0.0004885197849944234 0.0004885197849944234 -1
vn 0.0004885197849944234 0.0004885197849944234 -1
vn 0.0004885197849944234 0.0004885197849944234 -1
vn 0.0004885197849944234 0.0004885197849944234 -1
vn 0.0004885197849944234 0.0004885197849944234 -1
vn 0.0004885197849944234 0.0004885197849944234 -1
vn 0.0004885197849944234 0.0004885197849944234 -1
vn 0.0004885197849944234 0.0004885197849944234 -1
vn 0.0004885197849944234 0.0004885197849944234 -1
vn 0.0004885197849944234 0.0004885197849944234 -1
vn 0.8651685118675232 0.0004885197849944234 -0.5017098188400269
vn 0.40595993399620056 0.0004885197849944234 -0.9140205383300781
vn 0.40595993399620056 0.0004885197849944234 -0.9140205383300781
vn 0.8651685118675232 0.0004885197849944234 -0.5017098188400269
vn 0.9843673706054688 0.0004885197849944234 -0.17440156638622284
vn 0.9843673706054688 0.0004885197849944234 -0.17440156638622284
vn 0.0004885197849944234 0.9052271842956543 -0.4245236814022064
vn 0.0004885197849944234 0.9052271842956543 -0.4245236814022064
vn 0.0004885197849944234 0.9052271842956543 -0.4245236814022064
vn 0.0004885197849944234 0.9052271842956543 -0.4245236814022064
vn 0.0004885197849944234 0.5486077070236206 -0.8358573317527771
vn 0.0004885197849944234 0.5486077070236206 -0.8358573317527771
vn 0.0004885197849944234 0.5486077070236206 -0.8358573317527771
vn 0.0004885197849944234 0.5486077070236206 -0.8358573317527771
vn -0.0004885197849944234 -1 -0.0004885197849944234
vn -0.0004885197849944234 -1 -0.0004885197849944234
vn -0.0004885197849944234 -1 -0.0004885197849944234
vn -0.0004885197849944234 -1 -0.0004885197849944234
vn 0.0004885197849944234 -1 -0.0004885197849944234
vn 0.0004885197849944234 -1 -0.0004885197849944234
vn 0.0004885197849944234 -1 -0.0004885197849944234
vn 0.0004885197849944234 -1 -0.0004885197849944234
vn -0.0004885197849944234 -1 -0.0004885197849944234
vn -0.0004885197849944234 -1 -0.0004885197849944234
vn -0.0004885197849944234 -1 -0.0004885197849944234
vn -0.0004885197849944234 -1 -0.0004885197849944234
vn -0.0004885197849944234 -1 -0.0004885197849944234
vn -0.0004885197849944234 -1 -0.0004885197849944234
vn -0.0004885197849944234 -1 -0.0004885197849944234
vn -0.0004885197849944234 -1 -0.0004885197849944234
vn -0.0004885197849944234 -1 -0.0004885197849944234
vn -0.0004885197849944234 -1 -0.0004885197849944234
vn -0.0004885197849944234 -1 -0.0004885197849944234
vn -0.0004885197849944234 -1 -0.0004885197849944234
vn 0.0004885197849944234 -1 -0.0004885197849944234
vn 0.0004885197849944234 -1 -0.0004885197849944234
vn 0.0004885197849944234 -1 -0.0004885197849944234
vn 0.0004885197849944234 -1 -0.0004885197849944234
vn -0.0004885197849944234 -1 -0.0004885197849944234
vn -0.0004885197849944234 -1 -0.0004885197849944234
vn -0.0004885197849944234 -1 -0.0004885197849944234
vn -0.0004885197849944234 -1 -0.0004885197849944234
vn 0.0004885197849944234 -1 -0.0004885197849944234
vn 0.0004885197849944234 -1 -0.0004885197849944234
vn 0.0004885197849944234 -1 -0.0004885197849944234
vn 0.0004885197849944234 -1 -0.0004885197849944234
vn 0.0004885197849944234 -1 -0.0004885197849944234
vn 0.0004885197849944234 -1 -0.0004885197849944234
vn 0.0004885197849944234 -1 -0.0004885197849944234
vn 0.0004885197849944234 -1 -0.0004885197849944234
vn 0.0004885197849944234 -1 -0.0004885197849944234
vn 0.0004885197849944234 -1 -0.0004885197849944234
vn 0.0004885197849944234 -1 -0.0004885197849944234
vn 0.0004885197849944234 -1 -0.0004885197849944234
vn 0.0004885197849944234 -1 -0.0004885197849944234
vn 0.0004885197849944234 -1 -0.0004885197849944234
vn 0.0004885197849944234 -1 -0.0004885197849944234
vn 0.0004885197849944234 -1 -0.0004885197849944234
vn 0.0004885197849944234 -1 -0.0004885197849944234
vn 0.0004885197849944234 -1 -0.0004885197849944234
vn 0.0004885197849944234 -1 -0.0004885197849944234
vn 0.0004885197849944234 -1 -0.0004885197849944234
vn 0.0004885197849944234 -1 -0.0004885197849944234
vn 0.0004885197849944234 -1 -0.0004885197849944234
vn 0.0004885197849944234 -1 -0.0004885197849944234
vn -0.0004885197849944234 -1 -0.0004885197849944234
vn -0.0004885197849944234 -1 -0.0004885197849944234
vn -0.0004885197849944234 -1 -0.0004885197849944234
vn -0.0004885197849944234 -1 -0.0004885197849944234
vn 0.0004885197849944234 0.9198827743530273 -0.3913043439388275
vn 0.0004885197849944234 0.9198827743530273 -0.3913043439388275
vn 0.0004885197849944234 0.9198827743530273 -0.3913043439388275
vn 0.0004885197849944234 0.9198827743530273 -0.3913043439388275
vn 0.0004885197849944234 -0.9843673706054688 0.17537860572338104
vn 0.0004885197849944234 -0.9843673706054688 0.17537860572338104
vn 0.0004885197849944234 -0.9843673706054688 0.17537860572338104
vn 0.0004885197849944234 -0.9843673706054688 0.17537860572338104
vn 0.0004885197849944234 -0.9843673706054688 0.17537860572338104
vn 0.0004885197849944234 -0.9843673706054688 0.17537860572338104
vn 0.0004885197849944234 -0.9843673706054688 0.17537860572338104
vn 0.0004885197849944234 -0.9843673706054688 0.17537860572338104
vn 0.0004885197849944234 -0.9843673706054688 0.17537860572338104
vn 0.0004885197849944234 -0.9843673706054688 0.17537860572338104
vn 0.0004885197849944234 -0.9843673706054688 0.17537860572338104
vn 0.0004885197849944234 -0.9843673706054688 0.17537860572338104
vn 0.0004885197849944234 -0.9843673706054688 0.17537860572338104
vn 0.0004885197849944234 -0.9843673706054688 0.17537860572338104
vn 0.0004885197849944234 -0.9843673706054688 0.17537860572338104
vn 0.0004885197849944234 -0.9843673706054688 0.17537860572338104
vn -0.0004885197849944234 1 0.0004885197849944234
vn -0.0004885197849944234 1 0.0004885197849944234
vn -0.0004885197849944234 1 0.0004885197849944234
vn -0.0004885197849944234 1 0.0004885197849944234
vn 0.0004885197849944234 1 0.0004885197849944234
vn 0.0004885197849944234 1 0.0004885197849944234
vn 0.0004885197849944234 1 0.0004885197849944234
vn 0.0004885197849944234 1 0.0004885197849944234
vn 0.0004885197849944234 1 0.0004885197849944234
vn 0.0004885197849944234 1 0.0004885197849944234
vn 0.0004885197849944234 1 0.0004885197849944234
vn 0.0004885197849944234 1 0.0004885197849944234
vn 0.0004885197849944234 1 0.0004885197849944234
vn 0.0004885197849944234 1 0.0004885197849944234
vn 0.0004885197849944234 1 0.0004885197849944234
vn 0.0004885197849944234 1 0.0004885197849944234
vn 0.0004885197849944234 -0.9726428985595703 -0.23302394151687622
vn 0.0004885197849944234 -0.9726428985595703 -0.23302394151687622
vn 0.0004885197849944234 -0.9726428985595703 -0.23302394151687622
vn 0.0004885197849944234 -0.9726428985595703 -0.23302394151687622
vn 0.0004885197849944234 -0.9726428985595703 -0.23302394151687622
vn 0.0004885197849944234 -0.9726428985595703 -0.23302394151687622
vn 0.0004885197849944234 -0.9726428985595703 -0.23302394151687622
vn 0.0004885197849944234 -0.9726428985595703 -0.23302394151687622
vn 0.0004885197849944234 -0.9726428985595703 -0.23302394151687622
vn 0.0004885197849944234 -0.9726428985595703 -0.23302394151687622
vn 0.0004885197849944234 -0.9726428985595703 -0.23302394151687622
vn 0.0004885197849944234 -0.9726428985595703 -0.23302394151687622
vn 0.0004885197849944234 -0.9726428985595703 -0.23302394151687622
vn 0.0004885197849944234 -0.9726428985595703 -0.23302394151687622
vn 0.0004885197849944234 -0.9726428985595703 -0.23302394151687622
vn 0.0004885197849944234 -0.9726428985595703 -0.23302394151687622
vn 0.0004885197849944234 -0.9726428985595703 -0.23302394151687622
vn 0.0004885197849944234 -0.9726428985595703 -0.23302394151687622
vn 0.0004885197849944234 -0.9726428985595703 -0.23302394151687622
vn 0.0004885197849944234 -0.9726428985595703 -0.23302394151687622
vn 0.0004885197849944234 -0.9726428985595703 -0.23302394151687622
vn 0.0004885197849944234 -0.9726428985595703 -0.23302394151687622
vn 0.0004885197849944234 -0.9726428985595703 -0.23302394151687622
vn 0.0004885197849944234 -0.9726428985595703 -0.23302394151687622
vn 0.0004885197849944234 0.9960918426513672 0.09233023971319199
vn 0.0004885197849944234 0.9960918426513672 0.09233023971319199
vn 0.0004885197849944234 0.9960918426513672 0.09233023971319199
vn 0.0004885197849944234 0.9960918426513672 0.09233023971319199
vn 0.0004885197849944234 0.9960918426513672 0.09233023971319199
vn 0.0004885197849944234 0.9960918426513672 0.09233023971319199
vn 0.0004885197849944234 0.9960918426513672 0.09233023971319199
vn 0.0004885197849944234 0.9960918426513672 0.09233023971319199
vn 0.0004885197849944234 0.9960918426513672 0.09233023971319199
vn 0.0004885197849944234 0.9960918426513672 0.09233023971319199
vn 0.0004885197849944234 0.9960918426513672 0.09233023971319199
vn 0.0004885197849944234 0.9960918426513672 0.09233023971319199
vn 0.0004885197849944234 0.9960918426513672 0.09233023971319199
vn 0.0004885197849944234 0.9960918426513672 0.09233023971319199
vn 0.0004885197849944234 0.9960918426513672 0.09233023971319199
vn 0.0004885197849944234 0.9960918426513672 0.09233023971319199
vn 0.0004885197849944234 0.9960918426513672 0.09233023971319199
vn 0.0004885197849944234 0.9960918426513672 0.09233023971319199
vn 0.0004885197849944234 0.9960918426513672 0.09233023971319199
vn 0.0004885197849944234 0.9960918426513672 0.09233023971319199
vn 0.0004885197849944234 0.9960918426513672 0.09233023971319199
vn 0.0004885197849944234 0.9960918426513672 0.09233023971319199
vn 0.0004885197849944234 0.9960918426513672 0.09233023971319199
vn 0.0004885197849944234 0.9960918426513672 0.09233023971319199
vn 0.0004885197849944234 0.9960918426513672 0.09233023971319199
vn 0.0004885197849944234 0.9960918426513672 0.09233023971319199
vn 0.0004885197849944234 0.9960918426513672 0.09233023971319199
vn 0.0004885197849944234 0.9960918426513672 0.09233023971319199
vn 0.0004885197849944234 0.9960918426513672 0.09233023971319199
vn 0.0004885197849944234 0.9960918426513672 0.09233023971319199
vn 0.0004885197849944234 0.9960918426513672 0.09233023971319199
vn 0.0004885197849944234 0.9960918426513672 0.09233023971319199
vn 0.0004885197849944234 -0.7821201682090759 -0.6238397359848022
vn 0.0004885197849944234 -0.7821201682090759 -0.6238397359848022
vn 0.0004885197849944234 -0.7821201682090759 -0.6238397359848022
vn 0.0004885197849944234 -0.7821201682090759 -0.6238397359848022
vn 0.0004885197849944234 0.9960918426513672 0.08451392501592636
vn 0.0004885197849944234 0.9960918426513672 0.08451392501592636
vn 0.0004885197849944234 0.9960918426513672 0.08451392501592636
vn 0.0004885197849944234 0.9960918426513672 0.08451392501592636
vn 0.0004885197849944234 -0.7821201682090759 -0.6238397359848022
vn 0.0004885197849944234 -0.7821201682090759 -0.6238397359848022
vn 0.0004885197849944234 -0.7821201682090759 -0.6238397359848022
vn 0.0004885197849944234 -0.7821201682090759 -0.6238397359848022
vn 0.0004885197849944234 0.9960918426513672 0.08451392501592636
vn 0.0004885197849944234 0.9960918426513672 0.08451392501592636
vn 0.0004885197849944234 0.9960918426513672 0.08451392501592636
vn 0.0004885197849944234 0.9960918426513672 0.08451392501592636
vn 0.0004885197849944234 -0.0004885197849944234 1
vn 0.0004885197849944234 -0.0004885197849944234 1
vn 0.0004885197849944234 -0.0004885197849944234 1
vn 0.0004885197849944234 -0.0004885197849944234 1
vn 0.0004885197849944234 -0.0004885197849944234 1
vn 0.0004885197849944234 -0.0004885197849944234 1
vn 0.0004885197849944234 -0.0004885197849944234 1
vn 0.0004885197849944234 -0.0004885197849944234 1
vn 0.0004885197849944234 -0.0004885197849944234 1
vn 0.0004885197849944234 -0.0004885197849944234 1
vn 0.0004885197849944234 -0.0004885197849944234 1
vn 0.0004885197849944234 -0.0004885197849944234 1
vn 0.0004885197849944234 -0.0004885197849944234 1
vn 0.0004885197849944234 -0.0004885197849944234 1
vn 0.0004885197849944234 -0.0004885197849944234 1
vn 0.0004885197849944234 -0.0004885197849944234 1
vn 0.0004885197849944234 1 0.0004885197849944234
vn 0.0004885197849944234 1 0.0004885197849944234
vn 0.0004885197849944234 1 0.0004885197849944234
vn 0.0004885197849944234 1 0.0004885197849944234
vn 0.0004885197849944234 1 0.0004885197849944234
vn 0.0004885197849944234 1 0.0004885197849944234
vn 0.0004885197849944234 1 0.0004885197849944234
vn 0.0004885197849944234 1 0.0004885197849944234
vn 0.0004885197849944234 1 0.0004885197849944234
vn -0.0004885197849944234 1 -0.0004885197849944234
vn -0.0004885197849944234 1 -0.0004885197849944234
vn -0.0004885197849944234 1 -0.0004885197849944234
vn -0.0004885197849944234 1 -0.0004885197849944234
vn -0.0004885197849944234 1 -0.0004885197849944234
vn -0.0004885197849944234 1 -0.0004885197849944234
vn 0.0004885197849944234 1 -0.0004885197849944234
vn 0.0004885197849944234 1 -0.0004885197849944234
vn 0.0004885197849944234 1 -0.0004885197849944234
vn 0.0004885197849944234 1 -0.0004885197849944234
vn 0.0004885197849944234 1 0.0004885197849944234
vn 0.0004885197849944234 1 0.0004885197849944234
vn 0.0004885197849944234 1 0.0004885197849944234
vn 0.0004885197849944234 1 0.0004885197849944234
vn 0.0004885197849944234 1 0.01123595517128706
vn 0.0004885197849944234 1 0.01123595517128706
vn 0.0004885197849944234 1 0.01123595517128706
vn 0.0004885197849944234 1 0.01123595517128706
vn 0.0004885197849944234 1 0.01123595517128706
vn 0.0004885197849944234 1 0.01123595517128706
vn 0.0004885197849944234 1 0.01123595517128706
vn 0.0004885197849944234 1 0.01123595517128706
vn 0.0004885197849944234 -0.9658036231994629 -0.2584269642829895
vn 0.0004885197849944234 -0.9658036231994629 -0.2584269642829895
vn 0.0004885197849944234 -0.9658036231994629 -0.2584269642829895
vn 0.0004885197849944234 -0.9658036231994629 -0.2584269642829895
vn 0.0004885197849944234 1 0.0004885197849944234
vn 0.0004885197849944234 1 0.0004885197849944234
vn 0.0004885197849944234 1 0.0004885197849944234
vn 0.0004885197849944234 1 0.0004885197849944234
vn 0.0004885197849944234 1 0.0004885197849944234
vn 0.0004885197849944234 1 0.0004885197849944234
vn 0.0004885197849944234 1 0.0004885197849944234
vn 0.0004885197849944234 1 0.0004885197849944234
vn 0.0004885197849944234 1 0.0004885197849944234
vn 0.0004885197849944234 1 0.0004885197849944234
vn 0.0004885197849944234 1 0.0004885197849944234
vn 0.0004885197849944234 1 0.0004885197849944234
vn 0.0004885197849944234 1 0.0004885197849944234
vn 0.0004885197849944234 1 0.0004885197849944234
vn 0.0004885197849944234 1 0.0004885197849944234
vn 0.0004885197849944234 1 0.0004885197849944234
vn 0.0004885197849944234 1 0.0004885197849944234
vn 0.0004885197849944234 1 0.0004885197849944234
vn 0.0004885197849944234 1 0.0004885197849944234
vn 0.0004885197849944234 1 0.0004885197849944234
vn 0.0004885197849944234 1 0.0004885197849944234
vn 0.0004885197849944234 1 0.0004885197849944234
vn 0.0004885197849944234 1 0.0004885197849944234
vn 0.0004885197849944234 1 0.0004885197849944234
vn 0.0004885197849944234 1 0.0004885197849944234
vn 0.0004885197849944234 1 0.0004885197849944234
vn 0.0004885197849944234 1 0.0004885197849944234
vn 0.0004885197849944234 1 0.0004885197849944234
vn 0.0004885197849944234 1 0.0004885197849944234
vn 0.0004885197849944234 1 0.0004885197849944234
vn 0.0004885197849944234 1 0.0004885197849944234
vn 0.0004885197849944234 1 0.0004885197849944234
vn -0.0004885197849944234 0.7068881392478943 -0.7068881392478943
vn -0.0004885197849944234 0.7068881392478943 -0.7068881392478943
vn -0.0004885197849944234 0.7068881392478943 -0.7068881392478943
vn -0.0004885197849944234 0.7068881392478943 -0.7068881392478943
vn 0.0004885197849944234 -0.3795798718929291 -0.9247679710388184
vn 0.0004885197849944234 -0.3795798718929291 -0.9247679710388184
vn 0.0004885197849944234 -0.3795798718929291 -0.9247679710388184
vn 0.0004885197849944234 -0.3795798718929291 -0.9247679710388184
vn 0.0004885197849944234 -0.3795798718929291 -0.9247679710388184
vn 0.0004885197849944234 -0.3795798718929291 -0.9247679710388184
vn 0.0004885197849944234 -0.3795798718929291 -0.9247679710388184
vn 0.0004885197849944234 -0.3795798718929291 -0.9247679710388184
vn -0.6404494643211365 0.7068881392478943 0.29848557710647583
vn 0.0004885197849944234 1 -0.0004885197849944234
vn 0.0004885197849944234 1 -0.0004885197849944234
vn -0.6404494643211365 0.7068881392478943 0.29848557710647583
vn -0.9062042236328125 0.0004885197849944234 0.42256960272789
vn -0.9062042236328125 0.0004885197849944234 0.42256960272789
vn -0.6404494643211365 -0.7068881392478943 0.29848557710647583
vn -0.6404494643211365 -0.7068881392478943 0.29848557710647583
vn 0.0004885197849944234 -1 0.0004885197849944234
vn 0.0004885197849944234 -1 0.0004885197849944234
vn 0.6404494643211365 -0.7068881392478943 -0.29848557710647583
vn 0.6404494643211365 -0.7068881392478943 -0.29848557710647583
vn 0.9062042236328125 0.0004885197849944234 -0.42256960272789
vn 0.9062042236328125 0.0004885197849944234 -0.42256960272789
vn 0.6404494643211365 0.7068881392478943 -0.29848557710647583
vn 0.6404494643211365 0.7068881392478943 -0.29848557710647583
vn 0.0004885197849944234 1 -0.0004885197849944234
vn 0.0004885197849944234 1 -0.0004885197849944234
vn 0.0004885197849944234 1 0.0004885197849944234
vn 0.0004885197849944234 1 0.0004885197849944234
vn 0.0004885197849944234 1 0.0004885197849944234
vn 0.0004885197849944234 1 0.0004885197849944234
vn 0.0004885197849944234 1 0.0004885197849944234
vn 0.0004885197849944234 1 0.0004885197849944234
vn 0.0004885197849944234 1 0.0004885197849944234
vn 0.0004885197849944234 1 0.0004885197849944234
vn 0.0004885197849944234 1 0.0004885197849944234
vn 0.0004885197849944234 1 0.0004885197849944234
vn -0.37274059653282166 -0.9013190269470215 0.22129946947097778
vn 0.0004885197849944234 -0.9755740165710449 0.22129946947097778
vn 0.0004885197849944234 -0.9755740165710449 0.22129946947097778
vn -0.37274059653282166 -0.9013190269470215 0.22129946947097778
vn -0.6893014311790466 -0.6893014311790466 0.22129946947097778
vn -0.6893014311790466 -0.6893014311790466 0.22129946947097778
vn -0.9013190269470215 -0.37274059653282166 0.22129946947097778
vn -0.9013190269470215 -0.37274059653282166 0.22129946947097778
vn -0.9755740165710449 -0.0004885197849944234 0.22129946947097778
vn -0.9755740165710449 -0.0004885197849944234 0.22129946947097778
vn -0.9013190269470215 0.37274059653282166 0.22129946947097778
vn -0.9013190269470215 0.37274059653282166 0.22129946947097778
vn -0.6893014311790466 0.6893014311790466 0.22129946947097778
vn -0.6893014311790466 0.6893014311790466 0.22129946947097778
vn -0.37274059653282166 0.9013190269470215 0.22129946947097778
vn -0.37274059653282166 0.9013190269470215 0.22129946947097778
vn 0.0004885197849944234 0.9755740165710449 0.22129946947097778
vn 0.0004885197849944234 0.9755740165710449 0.22129946947097778
vn 0.37274059653282166 0.9013190269470215 0.22129946947097778
vn 0.37274059653282166 0.9013190269470215 0.22129946947097778
vn 0.6893014311790466 0.6893014311790466 0.22129946947097778
vn 0.6893014311790466 0.6893014311790466 0.22129946947097778
vn 0.9013190269470215 0.37274059653282166 0.22129946947097778
vn 0.9013190269470215 0.37274059653282166 0.22129946947097778
vn 0.9755740165710449 -0.0004885197849944234 0.22129946947097778
vn 0.9755740165710449 0.0004885197849944234 0.22129946947097778
vn 0.9013190269470215 -0.37274059653282166 0.22129946947097778
vn 0.9013190269470215 -0.37274059653282166 0.22129946947097778
vn 0.6893014311790466 -0.6893014311790466 0.22129946947097778
vn 0.6893014311790466 -0.6893014311790466 0.22129946947097778
vn 0.37274059653282166 -0.9013190269470215 0.22129946947097778
vn 0.37274059653282166 -0.9013190269470215 0.22129946947097778
vn 0.0004885197849944234 -0.9755740165710449 0.22129946947097778
vn 0.0004885197849944234 -0.9755740165710449 0.22129946947097778
vn 0.0004885197849944234 -0.22032243013381958 -0.9755740165710449
vn 0.0004885197849944234 -0.22032243013381958 -0.9755740165710449
vn 0.0004885197849944234 -0.22032243013381958 -0.9755740165710449
vn 0.0004885197849944234 -0.22032243013381958 -0.9755740165710449
vn 0.0004885197849944234 -0.0004885197849944234 1
vn 0.0004885197849944234 -0.0004885197849944234 1
vn 0.0004885197849944234 -0.0004885197849944234 1
vn 0.0004885197849944234 -0.0004885197849944234 1
vn 0.0004885197849944234 -0.0004885197849944234 1
vn 0.0004885197849944234 -0.0004885197849944234 1
vn 0.0004885197849944234 -0.0004885197849944234 1
vn 0.0004885197849944234 -0.0004885197849944234 1
vn 0.0004885197849944234 -0.0004885197849944234 1
vn 0.0004885197849944234 -0.0004885197849944234 1
vn 0.0004885197849944234 -0.0004885197849944234 1
vn 0.0004885197849944234 -0.0004885197849944234 1
vn 0.0004885197849944234 -0.0004885197849944234 1
vn 0.0004885197849944234 -0.0004885197849944234 1
vn 0.0004885197849944234 -0.0004885197849944234 1
vn 0.0004885197849944234 -0.0004885197849944234 1
vn 0.0004885197849944234 -1 -0.0004885197849944234
vn 0.0004885197849944234 -1 -0.0004885197849944234
vn 0.0004885197849944234 -1 -0.0004885197849944234
vn 0.0004885197849944234 -1 -0.0004885197849944234
vn 0.0004885197849944234 -1 -0.0004885197849944234
vn 0.0004885197849944234 -1 -0.0004885197849944234
vn 0.0004885197849944234 -1 -0.0004885197849944234
vn 0.0004885197849944234 -1 -0.0004885197849944234
vn 0.0004885197849944234 -1 -0.0004885197849944234
vn 0.0004885197849944234 -1 -0.0004885197849944234
vn 0.0004885197849944234 -1 -0.0004885197849944234
vn 0.0004885197849944234 -1 -0.0004885197849944234
vn 0.0004885197849944234 -1 -0.0004885197849944234
vn 0.0004885197849944234 -1 -0.0004885197849944234
vn 0.0004885197849944234 -1 -0.0004885197849944234
vn 0.0004885197849944234 -1 -0.0004885197849944234
vn 0.0004885197849944234 -1 -0.0004885197849944234
vn 0.0004885197849944234 -1 -0.0004885197849944234
vn 0.0004885197849944234 -1 -0.0004885197849944234
vn 0.0004885197849944234 -1 -0.0004885197849944234
vn 0.0004885197849944234 -1 -0.0004885197849944234
vn 0.0004885197849944234 -1 -0.0004885197849944234
vn 0.0004885197849944234 -0.6091841459274292 0.7928676009178162
vn 0.0004885197849944234 -0.6091841459274292 0.7928676009178162
vn 0.0004885197849944234 -0.6091841459274292 0.7928676009178162
vn 0.0004885197849944234 -0.6091841459274292 0.7928676009178162
vn 0.0004885197849944234 -0.6091841459274292 0.7928676009178162
vn 0.0004885197849944234 -0.6091841459274292 0.7928676009178162
vn 0.0004885197849944234 -0.6091841459274292 0.7928676009178162
vn 0.0004885197849944234 -0.6091841459274292 0.7928676009178162
vn 0.0004885197849944234 -0.6091841459274292 0.7928676009178162
vn 0.0004885197849944234 -0.6091841459274292 0.7928676009178162
vn 0.0004885197849944234 -0.6091841459274292 0.7928676009178162
vn 0.0004885197849944234 -0.6091841459274292 0.7928676009178162
vn 0.0004885197849944234 -0.6091841459274292 0.7928676009178162
vn 0.0004885197849944234 -0.6091841459274292 0.7928676009178162
vn 0.0004885197849944234 -0.6091841459274292 0.7928676009178162
vn 0.0004885197849944234 -0.6091841459274292 0.7928676009178162
vn 0.0004885197849944234 0.0004885197849944234 1
vn 0.0004885197849944234 0.0004885197849944234 1
vn 0.0004885197849944234 0.0004885197849944234 1
vn 0.0004885197849944234 0.0004885197849944234 1
vn 0.0004885197849944234 0.0004885197849944234 1
vn 0.0004885197849944234 0.0004885197849944234 1
vn 0.0004885197849944234 -0.0004885197849944234 1
vn 0.0004885197849944234 -0.0004885197849944234 1
vn 0.0004885197849944234 -0.0004885197849944234 1
vn 0.0004885197849944234 -0.0004885197849944234 1
vn 0.0004885197849944234 -0.0004885197849944234 1
vn 0.0004885197849944234 -0.0004885197849944234 1
vn 0.0004885197849944234 -0.0004885197849944234 1
vn 0.0004885197849944234 -0.0004885197849944234 1
vn 0.0004885197849944234 -0.0004885197849944234 1
vn 0.0004885197849944234 -0.0004885197849944234 1
vn 0.0004885197849944234 -0.0004885197849944234 1
vn 0.0004885197849944234 -0.0004885197849944234 1
vn 0.0004885197849944234 -0.0004885197849944234 1
vn 0.0004885197849944234 -0.0004885197849944234 1
vn 0.0004885197849944234 -0.0004885197849944234 1
vn 0.0004885197849944234 -0.0004885197849944234 1
vn 0.0004885197849944234 -0.0004885197849944234 1
vn 0.0004885197849944234 -0.0004885197849944234 1
vn 0.0004885197849944234 -0.0004885197849944234 1
vn 0.0004885197849944234 -0.0004885197849944234 1
vn 0.0004885197849944234 -0.0004885197849944234 1
vn 0.0004885197849944234 -0.0004885197849944234 1
vn 0.0004885197849944234 -0.0004885197849944234 1
vn 0.0004885197849944234 -0.0004885197849944234 1
vn 0.0004885197849944234 -0.0004885197849944234 1
vn 0.0004885197849944234 -0.0004885197849944234 1
vn 0.0004885197849944234 -0.0004885197849944234 1
vn 0.0004885197849944234 0.0004885197849944234 1
vn 0.0004885197849944234 0.0004885197849944234 1
vn 0.0004885197849944234 0.0004885197849944234 1
vn 0.0004885197849944234 0.0004885197849944234 1
vn 0.0004885197849944234 0.0004885197849944234 1
vn 0.0004885197849944234 0.0004885197849944234 1
vn 0.0004885197849944234 -0.0004885197849944234 1
vn 0.0004885197849944234 -0.0004885197849944234 1
vn 0.0004885197849944234 -0.0004885197849944234 1
vn 0.0004885197849944234 -0.0004885197849944234 1
vn 0.0004885197849944234 -0.0004885197849944234 1
vn 0.0004885197849944234 -0.0004885197849944234 1
vn 0.0004885197849944234 -0.0004885197849944234 1
vn 0.0004885197849944234 -0.0004885197849944234 1
vn 0.0004885197849944234 -0.0004885197849944234 1
vn 0.0004885197849944234 -0.0004885197849944234 1
vn 0.0004885197849944234 -0.0004885197849944234 1
vn 0.0004885197849944234 -0.0004885197849944234 1
vn 0.0004885197849944234 -0.0004885197849944234 1
vn 0.0004885197849944234 -0.0004885197849944234 1
vn 0.0004885197849944234 -0.0004885197849944234 1
vn 0.0004885197849944234 -0.0004885197849944234 1
vn 0.0004885197849944234 -0.0004885197849944234 1
vn 0.0004885197849944234 -0.0004885197849944234 1
vn 0.0004885197849944234 -0.0004885197849944234 1
vn 0.0004885197849944234 -0.0004885197849944234 1
vn 0.0004885197849944234 -0.0004885197849944234 1
vn 0.0004885197849944234 -0.0004885197849944234 1
vn 0.0004885197849944234 -0.0004885197849944234 1
vn 0.0004885197849944234 -0.0004885197849944234 1
vn 0.0004885197849944234 -0.0004885197849944234 1
vn 0.0004885197849944234 -0.0004885197849944234 1
vn 0.0004885197849944234 -0.0004885197849944234 1
vn 0.0004885197849944234 -0.0004885197849944234 1
vn 0.0004885197849944234 -0.0004885197849944234 1
vn 0.0004885197849944234 -0.0004885197849944234 1
vn 0.0004885197849944234 -0.0004885197849944234 1
vn 0.0004885197849944234 -0.0004885197849944234 1
vn 0.0004885197849944234 -0.0004885197849944234 1
vn 0.0004885197849944234 -0.0004885197849944234 1
vn 0.0004885197849944234 -0.0004885197849944234 1
vn 0.0004885197849944234 -0.0004885197849944234 1
vn 0.0004885197849944234 -0.0004885197849944234 1
vn 0.0004885197849944234 -0.0004885197849944234 1
vn 0.0004885197849944234 -0.0004885197849944234 1
vn 0.0004885197849944234 -0.0004885197849944234 1
vn 0.0004885197849944234 -0.0004885197849944234 1
vn 0.0004885197849944234 -0.0004885197849944234 1
vn 0.0004885197849944234 -0.0004885197849944234 1
vn 0.0004885197849944234 -1 -0.0004885197849944234
vn 0.0004885197849944234 -1 -0.0004885197849944234
vn 0.0004885197849944234 -1 -0.0004885197849944234
vn 0.0004885197849944234 -1 -0.0004885197849944234
vn 0.0004885197849944234 0.0004885197849944234 -1
vn 0.0004885197849944234 0.0004885197849944234 -1
vn 0.0004885197849944234 0.0004885197849944234 -1
vn 0.0004885197849944234 0.0004885197849944234 -1
vn 0.0004885197849944234 0.0004885197849944234 -1
vn 0.0004885197849944234 0.0004885197849944234 -1
vn 0.0004885197849944234 0.0004885197849944234 -1
vn 0.0004885197849944234 0.0004885197849944234 -1
vn 0.0004885197849944234 -0.097215436398983 -0.995114803314209
vn 0.0004885197849944234 -0.097215436398983 -0.995114803314209
vn 0.0004885197849944234 -0.097215436398983 -0.995114803314209
vn 0.0004885197849944234 -0.097215436398983 -0.995114803314209
vn 0.0004885197849944234 -0.7889594435691833 0.6150463819503784
vn 0.0004885197849944234 -0.7889594435691833 0.6150463819503784
vn 0.0004885197849944234 -0.7889594435691833 0.6150463819503784
vn 0.0004885197849944234 -0.7889594435691833 0.6150463819503784
vn -0.0004885197849944234 -0.7889594435691833 0.6150463819503784
vn -0.0004885197849944234 -0.7889594435691833 0.6150463819503784
vn -0.0004885197849944234 -0.7889594435691833 0.6150463819503784
vn -0.0004885197849944234 -0.7889594435691833 0.6150463819503784
vn -0.0004885197849944234 -0.7889594435691833 0.6150463819503784
vn -0.0004885197849944234 -0.7889594435691833 0.6150463819503784
vn -0.0004885197849944234 -0.7889594435691833 0.6150463819503784
vn -0.0004885197849944234 -0.7889594435691833 0.6150463819503784
vn 0.0004885197849944234 -0.7889594435691833 0.6150463819503784
vn 0.0004885197849944234 -0.7889594435691833 0.6150463819503784
vn 0.0004885197849944234 -0.7889594435691833 0.6150463819503784
vn 0.0004885197849944234 -0.7889594435691833 0.6150463819503784
vn 0.0004885197849944234 1 0.0004885197849944234
vn 0.0004885197849944234 1 0.0004885197849944234
vn 0.0004885197849944234 1 0.0004885197849944234
vn 0.0004885197849944234 1 0.0004885197849944234
vn 0.0004885197849944234 1 0.0004885197849944234
vn 0.0004885197849944234 1 0.0004885197849944234
vn 0.0004885197849944234 1 0.0004885197849944234
vn 0.0004885197849944234 1 0.0004885197849944234
vn 0.0004885197849944234 1 0.0004885197849944234
vn 0.0004885197849944234 1 0.0004885197849944234
vn 0.0004885197849944234 1 0.0004885197849944234
vn 0.0004885197849944234 1 0.0004885197849944234
vn 0.0004885197849944234 1 0.0004885197849944234
vn 0.0004885197849944234 1 0.0004885197849944234
vn 0.0004885197849944234 1 0.0004885197849944234
vn 0.0004885197849944234 1 0.0004885197849944234
vn 0.0004885197849944234 1 0.0004885197849944234
vn 0.0004885197849944234 1 0.0004885197849944234
vn 0.0004885197849944234 1 0.0004885197849944234
vn 0.0004885197849944234 1 0.0004885197849944234
vn 0.0004885197849944234 1 0.0004885197849944234
vn 0.0004885197849944234 1 0.0004885197849944234
vn 0.0004885197849944234 1 0.0004885197849944234
vn 0.0004885197849944234 1 0.0004885197849944234
vn 0.0004885197849944234 1 0.0004885197849944234
vn 0.0004885197849944234 1 0.0004885197849944234
vn 0.0004885197849944234 1 0.0004885197849944234
vn 0.0004885197849944234 1 0.0004885197849944234
vn 0.0004885197849944234 1 0.0004885197849944234
vn 0.0004885197849944234 1 0.0004885197849944234
vn 0.0004885197849944234 1 0.0004885197849944234
vn 0.0004885197849944234 1 0.0004885197849944234
vn 0.0004885197849944234 1 0.0004885197849944234
vn 0.0004885197849944234 1 0.0004885197849944234
vn 0.0004885197849944234 1 0.0004885197849944234
vn 0.0004885197849944234 1 0.0004885197849944234
vn 0.0004885197849944234 1 0.0004885197849944234
vn 0.0004885197849944234 1 0.0004885197849944234
vn 0.0004885197849944234 1 0.0004885197849944234
vn 0.0004885197849944234 1 0.0004885197849944234
vn 0.0004885197849944234 1 0.0004885197849944234
vn 0.0004885197849944234 1 0.0004885197849944234
vn 0.0004885197849944234 1 0.0004885197849944234
vn 0.0004885197849944234 1 0.0004885197849944234
vn 0.0004885197849944234 1 0.0004885197849944234
vn 0.0004885197849944234 1 0.0004885197849944234
vn 0.0004885197849944234 1 0.0004885197849944234
vn 0.0004885197849944234 1 0.0004885197849944234
vn 0.0004885197849944234 1 0.0004885197849944234
vn 0.0004885197849944234 1 0.0004885197849944234
vn 0.0004885197849944234 1 0.0004885197849944234
vn 0.0004885197849944234 1 0.0004885197849944234
vn 0.0004885197849944234 1 0.0004885197849944234
vn 0.0004885197849944234 1 0.0004885197849944234
vn 0.0004885197849944234 1 0.0004885197849944234
vn 0.0004885197849944234 1 0.0004885197849944234
vn 0.0004885197849944234 1 0.0004885197849944234
vn 0.0004885197849944234 1 0.0004885197849944234
vn 0.0004885197849944234 0.0004885197849944234 -1
vn 0.0004885197849944234 0.0004885197849944234 -1
vn 0.0004885197849944234 0.0004885197849944234 -1
vn 0.0004885197849944234 0.0004885197849944234 -1
vn 0.0004885197849944234 -1 -0.0004885197849944234
vn 0.0004885197849944234 -1 -0.0004885197849944234
vn 0.0004885197849944234 -1 -0.0004885197849944234
vn 0.0004885197849944234 -1 -0.0004885197849944234
vn 0.0004885197849944234 -0.0004885197849944234 1
vn 0.0004885197849944234 -0.0004885197849944234 1
vn 0.0004885197849944234 -0.0004885197849944234 1
vn 0.0004885197849944234 -0.0004885197849944234 1
vn 0.0004885197849944234 -0.0004885197849944234 1
vn 0.0004885197849944234 -0.0004885197849944234 1
vn 0.0004885197849944234 -0.0004885197849944234 1
vn 0.0004885197849944234 -0.0004885197849944234 1
vn 0.0004885197849944234 -0.0004885197849944234 1
vn 0.0004885197849944234 -0.0004885197849944234 1
vn 0.0004885197849944234 -0.0004885197849944234 1
vn 0.0004885197849944234 -0.0004885197849944234 1
vn 0.0004885197849944234 -0.0004885197849944234 1
vn 0.0004885197849944234 -0.0004885197849944234 1
vn 0.0004885197849944234 -0.0004885197849944234 1
vn 0.0004885197849944234 -0.0004885197849944234 1
vn 0.0004885197849944234 -0.0004885197849944234 1
vn 0.0004885197849944234 -0.0004885197849944234 1
vn 0.0004885197849944234 0.0004885197849944234 1
vn 0.0004885197849944234 0.0004885197849944234 1
vn 0.0004885197849944234 0.0004885197849944234 1
vn 0.0004885197849944234 0.0004885197849944234 1
vn 0.0004885197849944234 -0.0004885197849944234 1
vn 0.0004885197849944234 -0.0004885197849944234 1
vn 0.0004885197849944234 -0.0004885197849944234 1
vn 0.0004885197849944234 -0.0004885197849944234 1
vn 0.0004885197849944234 -0.0004885197849944234 1
vn 0.0004885197849944234 -0.0004885197849944234 1
vn 0.0004885197849944234 -0.0004885197849944234 1
vn 0.0004885197849944234 -0.0004885197849944234 1
vn 0.0004885197849944234 -0.0004885197849944234 1
vn 0.0004885197849944234 -0.0004885197849944234 1
vn 0.0004885197849944234 -0.0004885197849944234 1
vn 0.0004885197849944234 -0.0004885197849944234 1
vn 0.0004885197849944234 0.0004885197849944234 1
vn 0.0004885197849944234 0.0004885197849944234 1
vn 0.0004885197849944234 0.0004885197849944234 1
vn 0.0004885197849944234 0.0004885197849944234 1
vn 0.0004885197849944234 0.0004885197849944234 1
vn 0.0004885197849944234 0.0004885197849944234 1
vn 0.0004885197849944234 0.0004885197849944234 1
vn 0.0004885197849944234 0.0004885197849944234 1
vn 0.0004885197849944234 -0.0004885197849944234 1
vn 0.0004885197849944234 -0.0004885197849944234 1
vn 0.0004885197849944234 -0.0004885197849944234 1
vn 0.0004885197849944234 -0.0004885197849944234 1
vn 0.0004885197849944234 -0.0004885197849944234 1
vn 0.0004885197849944234 -0.0004885197849944234 1
vn 1 0.0004885197849944234 0.0004885197849944234
vn 1 0.0004885197849944234 0.0004885197849944234
vn 1 0.0004885197849944234 0.0004885197849944234
vn 1 0.0004885197849944234 0.0004885197849944234
vn 1 0.0004885197849944234 0.0004885197849944234
vn 1 0.0004885197849944234 0.0004885197849944234
vn 1 0.0004885197849944234 0.0004885197849944234
vn 1 0.0004885197849944234 0.0004885197849944234
vn 0.7068881392478943 0.7068881392478943 0.0004885197849944234
vn 0.7068881392478943 0.7068881392478943 0.0004885197849944234
vn 0.7068881392478943 0.7068881392478943 0.0004885197849944234
vn 0.7068881392478943 0.7068881392478943 0.0004885197849944234
vn -1 0.0004885197849944234 0.0004885197849944234
vn -1 0.0004885197849944234 0.0004885197849944234
vn -1 0.0004885197849944234 0.0004885197849944234
vn -1 0.0004885197849944234 0.0004885197849944234
vn -1 0.0004885197849944234 0.0004885197849944234
vn -1 0.0004885197849944234 0.0004885197849944234
vn -1 0.0004885197849944234 0.0004885197849944234
vn -1 0.0004885197849944234 0.0004885197849944234
vn -0.7068881392478943 0.7068881392478943 0.0004885197849944234
vn -0.7068881392478943 0.7068881392478943 0.0004885197849944234
vn -0.7068881392478943 0.7068881392478943 0.0004885197849944234
vn -0.7068881392478943 0.7068881392478943 0.0004885197849944234
vn 0.0004885197849944234 -0.0004885197849944234 1
vn 0.0004885197849944234 -0.0004885197849944234 1
vn 0.0004885197849944234 -0.0004885197849944234 1
vn 0.0004885197849944234 -0.0004885197849944234 1
vn 0.0004885197849944234 1 0.0004885197849944234
vn 0.0004885197849944234 1 0.0004885197849944234
vn 0.0004885197849944234 1 0.0004885197849944234
vn 0.0004885197849944234 1 0.0004885197849944234
vn 0.0004885197849944234 1 0.0004885197849944234
vn 0.0004885197849944234 1 0.0004885197849944234
vn 0.0004885197849944234 1 0.0004885197849944234
vn 0.0004885197849944234 1 0.0004885197849944234
vn 0.0004885197849944234 1 0.0004885197849944234
vn 0.0004885197849944234 1 0.0004885197849944234
vn 0.0004885197849944234 1 0.0004885197849944234
vn 0.0004885197849944234 1 0.0004885197849944234
vn 0.0004885197849944234 1 0.0004885197849944234
vn 0.0004885197849944234 1 0.0004885197849944234
vn 0.0004885197849944234 1 0.0004885197849944234
vn 0.0004885197849944234 1 0.0004885197849944234
vn 0.9462628364562988 0.27308255434036255 -0.17244748771190643
vn 0.9462628364562988 0.27308255434036255 -0.17244748771190643
vn 0.9462628364562988 0.27308255434036255 -0.17244748771190643
vn 0.9462628364562988 0.27308255434036255 -0.17244748771190643
vn 0.0004885197849944234 -1 -0.0004885197849944234
vn 0.0004885197849944234 -1 -0.0004885197849944234
vn 0.0004885197849944234 -1 -0.0004885197849944234
vn 0.0004885197849944234 -1 -0.0004885197849944234
vn 1 0.0004885197849944234 0.0004885197849944234
vn 1 0.0004885197849944234 0.0004885197849944234
vn 1 0.0004885197849944234 0.0004885197849944234
vn 1 0.0004885197849944234 0.0004885197849944234
vn -0.0004885197849944234 -0.9990229606628418 0.04250122234225273
vn -0.0004885197849944234 -0.9990229606628418 0.04250122234225273
vn -0.0004885197849944234 -0.9990229606628418 0.04250122234225273
vn -0.0004885197849944234 -0.9990229606628418 0.04250122234225273
vn 0.0004885197849944234 -0.9990229606628418 0.04250122234225273
vn 0.0004885197849944234 -0.9990229606628418 0.04250122234225273
vn 0.0004885197849944234 -0.9990229606628418 0.04250122234225273
vn 0.0004885197849944234 -0.9990229606628418 0.04250122234225273
vn 0.0004885197849944234 -0.9990229606628418 0.04250122234225273
vn 0.0004885197849944234 -0.9990229606628418 0.04250122234225273
vn 0.0004885197849944234 -0.9990229606628418 0.04250122234225273
vn 0.0004885197849944234 -0.9990229606628418 0.04250122234225273
vn -0.0004885197849944234 -0.9990229606628418 0.04250122234225273
vn -0.0004885197849944234 -0.9990229606628418 0.04250122234225273
vn -0.0004885197849944234 -0.9990229606628418 0.04250122234225273
vn -0.0004885197849944234 -0.9990229606628418 0.04250122234225273
vn 0.0004885197849944234 1 0.0004885197849944234
vn 0.0004885197849944234 1 0.0004885197849944234
vn 0.0004885197849944234 1 0.0004885197849944234
vn 0.0004885197849944234 1 0.0004885197849944234
vn 0.0004885197849944234 1 0.0004885197849944234
vn 0.0004885197849944234 1 0.0004885197849944234
vn 0.0004885197849944234 1 0.0004885197849944234
vn 0.0004885197849944234 1 0.0004885197849944234
vn 0.0004885197849944234 1 0.0004885197849944234
vn 0.0004885197849944234 1 0.0004885197849944234
vn 0.0004885197849944234 1 0.0004885197849944234
vn 0.0004885197849944234 1 0.0004885197849944234
vn 0.0004885197849944234 0.09916951507329941 0.995114803314209
vn 0.0004885197849944234 0.09916951507329941 0.995114803314209
vn 0.0004885197849944234 0.09916951507329941 0.995114803314209
vn 0.0004885197849944234 0.09916951507329941 0.995114803314209
vn -1 0.0004885197849944234 0.0004885197849944234
vn -1 0.0004885197849944234 0.0004885197849944234
vn -1 0.0004885197849944234 0.0004885197849944234
vn -1 0.0004885197849944234 0.0004885197849944234
vn 0.9462628364562988 -0.27308255434036255 -0.17244748771190643
vn 0.9462628364562988 -0.27308255434036255 -0.17244748771190643
vn 0.9462628364562988 -0.27308255434036255 -0.17244748771190643
vn 0.9462628364562988 -0.27308255434036255 -0.17244748771190643
vn 0.0004885197849944234 -1 -0.0004885197849944234
vn 0.0004885197849944234 -1 -0.0004885197849944234
vn 0.0004885197849944234 -1 -0.0004885197849944234
vn 0.0004885197849944234 -1 -0.0004885197849944234
vn 0.7068881392478943 -0.7068881392478943 -0.0004885197849944234
vn 0.7068881392478943 -0.7068881392478943 -0.0004885197849944234
vn 0.7068881392478943 -0.7068881392478943 -0.0004885197849944234
vn 0.7068881392478943 -0.7068881392478943 -0.0004885197849944234
vn 0.7049340605735779 -0.7059110999107361 0.07278944551944733
vn 0.0004885197849944234 -0.995114803314209 0.10307767242193222
vn 0.0004885197849944234 -0.995114803314209 0.10307767242193222
vn 0.7049340605735779 -0.7059110999107361 0.07278944551944733
vn 0.9765510559082031 -0.21348313987255096 0.021983390673995018
vn 0.9765510559082031 -0.21348313987255096 0.021983390673995018
vn 0.9921836853027344 -0.1255495846271515 0.013190033845603466
vn 0.9921836853027344 -0.1255495846271515 0.013190033845603466
vn 0.9990229606628418 -0.053248655050992966 0.005373717751353979
vn 0.9990229606628418 -0.053248655050992966 0.005373717751353979
vn 0.995114803314209 0.10307767242193222 -0.010258915834128857
vn 0.995114803314209 0.10307767242193222 -0.010258915834128857
vn 0.9237909317016602 0.3815339505672455 -0.03957010433077812
vn 0.9237909317016602 0.3815339505672455 -0.03957010433077812
vn 0.7068881392478943 0.7039570212364197 -0.07278944551944733
vn 0.7068881392478943 0.7039570212364197 -0.07278944551944733
vn 0.3825109899044037 0.9189057350158691 -0.0952613577246666
vn 0.3825109899044037 0.9189057350158691 -0.0952613577246666
vn 0.0004885197849944234 0.995114803314209 -0.10307767242193222
vn 0.0004885197849944234 0.995114803314209 -0.10307767242193222
vn -0.7068881392478943 -0.7068881392478943 -0.0004885197849944234
vn -0.7068881392478943 -0.7068881392478943 -0.0004885197849944234
vn -0.7068881392478943 -0.7068881392478943 -0.0004885197849944234
vn -0.7068881392478943 -0.7068881392478943 -0.0004885197849944234
vn -0.7049340605735779 -0.7059110999107361 0.07278944551944733
vn 0.0004885197849944234 -0.995114803314209 0.10307767242193222
vn 0.0004885197849944234 -0.995114803314209 0.10307767242193222
vn -0.7049340605735779 -0.7059110999107361 0.07278944551944733
vn -0.9765510559082031 -0.21348313987255096 0.021983390673995018
vn -0.9765510559082031 -0.21348313987255096 0.021983390673995018
vn -0.9921836853027344 -0.1255495846271515 0.013190033845603466
vn -0.9921836853027344 -0.1255495846271515 0.013190033845603466
vn -0.9990229606628418 -0.053248655050992966 0.005373717751353979
vn -0.9990229606628418 -0.053248655050992966 0.005373717751353979
vn -0.995114803314209 0.10307767242193222 -0.010258915834128857
vn -0.995114803314209 0.10307767242193222 -0.010258915834128857
vn -0.9237909317016602 0.3815339505672455 -0.03957010433077812
vn -0.9237909317016602 0.3815339505672455 -0.03957010433077812
vn -0.7068881392478943 0.7039570212364197 -0.07278944551944733
vn -0.7068881392478943 0.7039570212364197 -0.07278944551944733
vn -0.3825109899044037 0.9189057350158691 -0.0952613577246666
vn -0.3825109899044037 0.9189057350158691 -0.0952613577246666
vn 0.0004885197849944234 0.995114803314209 -0.10307767242193222
vn 0.0004885197849944234 0.995114803314209 -0.10307767242193222
vn 0.9990229606628418 0.021983390673995018 0.033707864582538605
vn 0.9990229606628418 0.021983390673995018 0.033707864582538605
vn 0.9990229606628418 0.021983390673995018 0.033707864582538605
vn 0.9990229606628418 0.021983390673995018 0.033707864582538605
vn 1 0.0004885197849944234 -0.0004885197849944234
vn 1 0.0004885197849944234 -0.0004885197849944234
vn 1 0.0004885197849944234 -0.0004885197849944234
vn 1 0.0004885197849944234 -0.0004885197849944234
vn 0.0004885197849944234 0.3473375737667084 -0.937469482421875
vn 0.0004885197849944234 0.3473375737667084 -0.937469482421875
vn 0.0004885197849944234 0.3473375737667084 -0.937469482421875
vn 0.0004885197849944234 0.3473375737667084 -0.937469482421875
vn 0.0004885197849944234 0.3473375737667084 -0.937469482421875
vn 0.0004885197849944234 0.3473375737667084 -0.937469482421875
vn 0.0004885197849944234 0.3473375737667084 -0.937469482421875
vn 0.0004885197849944234 0.3473375737667084 -0.937469482421875
vn 0.0004885197849944234 1 0.0004885197849944234
vn 0.0004885197849944234 1 0.0004885197849944234
vn 0.0004885197849944234 1 0.0004885197849944234
vn 0.0004885197849944234 1 0.0004885197849944234
vn 0.0004885197849944234 1 0.0004885197849944234
vn 0.0004885197849944234 1 0.0004885197849944234
vn 0.0004885197849944234 1 0.0004885197849944234
vn 0.0004885197849944234 1 0.0004885197849944234
vn -0.9990229606628418 0.021983390673995018 0.033707864582538605
vn -0.9990229606628418 0.021983390673995018 0.033707864582538605
vn -0.9990229606628418 0.021983390673995018 0.033707864582538605
vn -0.9990229606628418 0.021983390673995018 0.033707864582538605
vn 1 0.0004885197849944234 -0.0004885197849944234
vn 1 0.0004885197849944234 -0.0004885197849944234
vn 1 0.0004885197849944234 -0.0004885197849944234
vn 1 0.0004885197849944234 -0.0004885197849944234
vn 1 0.0004885197849944234 -0.0004885197849944234
vn 1 0.0004885197849944234 -0.0004885197849944234
vn 1 0.0004885197849944234 -0.0004885197849944234
vn 1 0.0004885197849944234 -0.0004885197849944234
vn 1 0.0004885197849944234 -0.0004885197849944234
vn 1 0.0004885197849944234 -0.0004885197849944234
vn 1 0.0004885197849944234 -0.0004885197849944234
vn 1 0.0004885197849944234 -0.0004885197849944234
vn -1 -0.0004885197849944234 0.0004885197849944234
vn -1 -0.0004885197849944234 0.0004885197849944234
vn -1 -0.0004885197849944234 0.0004885197849944234
vn -1 -0.0004885197849944234 0.0004885197849944234
vn 1 0.0004885197849944234 0.0004885197849944234
vn 1 0.0004885197849944234 0.0004885197849944234
vn 1 0.0004885197849944234 0.0004885197849944234
vn 1 0.0004885197849944234 0.0004885197849944234
vn 1 0.0004885197849944234 0.0004885197849944234
vn 1 0.0004885197849944234 0.0004885197849944234
vn 1 0.0004885197849944234 0.0004885197849944234
vn 1 0.0004885197849944234 0.0004885197849944234
vn 1 0.0004885197849944234 0.0004885197849944234
vn 1 0.0004885197849944234 0.0004885197849944234
vn 1 0.0004885197849944234 0.0004885197849944234
vn 1 0.0004885197849944234 0.0004885197849944234
vn 1 0.0004885197849944234 0.0004885197849944234
vn 1 0.0004885197849944234 0.0004885197849944234
vn 1 0.0004885197849944234 0.0004885197849944234
vn 1 0.0004885197849944234 0.0004885197849944234
vn 1 0.0004885197849944234 0.0004885197849944234
vn 1 0.0004885197849944234 0.0004885197849944234
vn 1 0.0004885197849944234 0.0004885197849944234
vn 1 0.0004885197849944234 0.0004885197849944234
vn 1 0.0004885197849944234 0.0004885197849944234
vn 1 0.0004885197849944234 0.0004885197849944234
vn 1 0.0004885197849944234 0.0004885197849944234
vn 1 0.0004885197849944234 0.0004885197849944234
vn 1 0.0004885197849944234 -0.0004885197849944234
vn 1 0.0004885197849944234 -0.0004885197849944234
vn 1 0.0004885197849944234 -0.0004885197849944234
vn 1 0.0004885197849944234 -0.0004885197849944234
vn 1 0.0004885197849944234 -0.0004885197849944234
vn 1 0.0004885197849944234 -0.0004885197849944234
vn 1 0.0004885197849944234 0.0004885197849944234
vn 1 0.0004885197849944234 0.0004885197849944234
vn 1 0.0004885197849944234 0.0004885197849944234
vn 1 0.0004885197849944234 0.0004885197849944234
vn 0.0004885197849944234 1 -0.0004885197849944234
vn -0.17635564506053925 0.9804592132568359 0.08255984634160995
vn 0.0004885197849944234 1 -0.0004885197849944234
vn -0.17635564506053925 0.9804592132568359 0.08255984634160995
vn 1 0.0004885197849944234 0.0004885197849944234
vn 1 0.0004885197849944234 0.0004885197849944234
vn 1 0.0004885197849944234 0.0004885197849944234
vn 1 0.0004885197849944234 0.0004885197849944234
vn 1 0.0004885197849944234 0.0004885197849944234
vn 1 0.0004885197849944234 0.0004885197849944234
vn 1 0.0004885197849944234 0.0004885197849944234
vn 1 0.0004885197849944234 0.0004885197849944234
vn 1 0.0004885197849944234 0.0004885197849944234
vn 1 0.0004885197849944234 0.0004885197849944234
vn 1 0.0004885197849944234 0.0004885197849944234
vn 1 0.0004885197849944234 0.0004885197849944234
vn 1 0.0004885197849944234 0.0004885197849944234
vn 1 0.0004885197849944234 0.0004885197849944234
vn 1 0.0004885197849944234 0.0004885197849944234
vn 1 0.0004885197849944234 0.0004885197849944234
vn 1 0.0004885197849944234 0.0004885197849944234
vn 1 0.0004885197849944234 0.0004885197849944234
vn 1 0.0004885197849944234 0.0004885197849944234
vn 1 0.0004885197849944234 0.0004885197849944234
vn 1 0.0004885197849944234 0.0004885197849944234
vn 1 0.0004885197849944234 0.0004885197849944234
vn 1 0.0004885197849944234 0.0004885197849944234
vn 1 0.0004885197849944234 0.0004885197849944234
vn 1 0.0004885197849944234 0.0004885197849944234
vn 1 0.0004885197849944234 0.0004885197849944234
vn 1 0.0004885197849944234 0.0004885197849944234
vn 1 0.0004885197849944234 0.0004885197849944234
vn 1 0.0004885197849944234 0.0004885197849944234
vn 1 0.0004885197849944234 0.0004885197849944234
vn 1 0.0004885197849944234 0.0004885197849944234
vn 1 0.0004885197849944234 0.0004885197849944234
vn 1 0.0004885197849944234 0.0004885197849944234
vn 1 0.0004885197849944234 0.0004885197849944234
vn 1 0.0004885197849944234 0.0004885197849944234
vn 1 0.0004885197849944234 0.0004885197849944234
vn 1 0.0004885197849944234 0.0004885197849944234
vn 1 0.0004885197849944234 0.0004885197849944234
vn 1 0.0004885197849944234 0.0004885197849944234
vn 1 0.0004885197849944234 0.0004885197849944234
vn 1 0.0004885197849944234 0.0004885197849944234
vn 1 0.0004885197849944234 0.0004885197849944234
vn 1 0.0004885197849944234 0.0004885197849944234
vn 1 0.0004885197849944234 0.0004885197849944234
vn 1 0.0004885197849944234 0.0004885197849944234
vn 1 0.0004885197849944234 0.0004885197849944234
vn 1 0.0004885197849944234 0.0004885197849944234
vn 1 0.0004885197849944234 0.0004885197849944234
vn 1 0.0004885197849944234 0.0004885197849944234
vn 1 0.0004885197849944234 0.0004885197849944234
vn 1 0.0004885197849944234 0.0004885197849944234
vn 1 0.0004885197849944234 0.0004885197849944234
vn 1 0.0004885197849944234 0.0004885197849944234
vn 1 0.0004885197849944234 0.0004885197849944234
vn 1 0.0004885197849944234 0.0004885197849944234
vn 1 0.0004885197849944234 0.0004885197849944234
vn 1 0.0004885197849944234 0.0004885197849944234
vn 1 0.0004885197849944234 0.0004885197849944234
vn 1 0.0004885197849944234 0.0004885197849944234
vn 1 0.0004885197849944234 0.0004885197849944234
vn 1 0.0004885197849944234 0.0004885197849944234
vn 1 0.0004885197849944234 0.0004885197849944234
vn 1 0.0004885197849944234 0.0004885197849944234
vn 1 0.0004885197849944234 0.0004885197849944234
vn 1 0.0004885197849944234 0.0004885197849944234
vn 1 0.0004885197849944234 0.0004885197849944234
vn 1 0.0004885197849944234 0.0004885197849944234
vn 1 0.0004885197849944234 0.0004885197849944234
vn 1 0.0004885197849944234 0.0004885197849944234
vn 1 0.0004885197849944234 0.0004885197849944234
vn 1 0.0004885197849944234 0.0004885197849944234
vn 1 0.0004885197849944234 0.0004885197849944234
vn 1 0.0004885197849944234 0.0004885197849944234
vn 1 0.0004885197849944234 0.0004885197849944234
vn 1 0.0004885197849944234 0.0004885197849944234
vn 1 0.0004885197849944234 0.0004885197849944234
vn 1 0.0004885197849944234 0.0004885197849944234
vn 1 0.0004885197849944234 0.0004885197849944234
vn 1 0.0004885197849944234 0.0004885197849944234
vn 1 0.0004885197849944234 0.0004885197849944234
vn 1 0.0004885197849944234 0.0004885197849944234
vn 1 0.0004885197849944234 0.0004885197849944234
vn 1 0.0004885197849944234 0.0004885197849944234
vn 1 0.0004885197849944234 0.0004885197849944234
vn 1 0.0004885197849944234 0.0004885197849944234
vn 1 0.0004885197849944234 0.0004885197849944234
vn 1 0.0004885197849944234 0.0004885197849944234
vn 1 0.0004885197849944234 0.0004885197849944234
vn 1 0.0004885197849944234 0.0004885197849944234
vn 1 0.0004885197849944234 0.0004885197849944234
vn 1 0.0004885197849944234 0.0004885197849944234
vn 1 0.0004885197849944234 0.0004885197849944234
vn 1 0.0004885197849944234 0.0004885197849944234
vn 1 0.0004885197849944234 0.0004885197849944234
vn 1 0.0004885197849944234 0.0004885197849944234
vn 1 0.0004885197849944234 0.0004885197849944234
vn 1 0.0004885197849944234 0.0004885197849944234
vn 1 0.0004885197849944234 0.0004885197849944234
vn 1 0.0004885197849944234 0.0004885197849944234
vn 1 0.0004885197849944234 0.0004885197849944234
vn 1 0.0004885197849944234 0.0004885197849944234
vn 1 0.0004885197849944234 0.0004885197849944234
vn 1 0.0004885197849944234 0.0004885197849944234
vn 1 0.0004885197849944234 0.0004885197849944234
vn 1 0.0004885197849944234 0.0004885197849944234
vn 1 0.0004885197849944234 0.0004885197849944234
vn 1 0.0004885197849944234 0.0004885197849944234
vn 1 0.0004885197849944234 0.0004885197849944234
vn 1 0.0004885197849944234 0.0004885197849944234
vn 1 0.0004885197849944234 0.0004885197849944234
vn 1 0.0004885197849944234 0.0004885197849944234
vn 1 0.0004885197849944234 -0.0004885197849944234
vn 1 0.0004885197849944234 -0.0004885197849944234
vn 1 0.0004885197849944234 -0.0004885197849944234
vn 1 0.0004885197849944234 -0.0004885197849944234
vn 1 0.0004885197849944234 0.0004885197849944234
vn 1 0.0004885197849944234 0.0004885197849944234
vn 1 0.0004885197849944234 0.0004885197849944234
vn 1 0.0004885197849944234 0.0004885197849944234
vn 1 0.0004885197849944234 0.0004885197849944234
vn 1 0.0004885197849944234 0.0004885197849944234
vn 1 0.0004885197849944234 0.0004885197849944234
vn 1 0.0004885197849944234 0.0004885197849944234
vn 1 0.0004885197849944234 0.0004885197849944234
vn 1 0.0004885197849944234 0.0004885197849944234
vn 1 0.0004885197849944234 0.0004885197849944234
vn 1 0.0004885197849944234 0.0004885197849944234
vn 1 0.0004885197849944234 0.0004885197849944234
vn 1 0.0004885197849944234 0.0004885197849944234
vn 1 0.0004885197849944234 0.0004885197849944234
vn 1 0.0004885197849944234 0.0004885197849944234
vn 1 0.0004885197849944234 0.0004885197849944234
vn 1 0.0004885197849944234 0.0004885197849944234
vn 1 0.0004885197849944234 0.0004885197849944234
vn 1 0.0004885197849944234 0.0004885197849944234
vn 1 0.0004885197849944234 0.0004885197849944234
vn 1 0.0004885197849944234 0.0004885197849944234
vn 1 0.0004885197849944234 0.0004885197849944234
vn 1 0.0004885197849944234 0.0004885197849944234
vn 1 0.0004885197849944234 0.0004885197849944234
vn 1 0.0004885197849944234 0.0004885197849944234
vn 1 0.0004885197849944234 0.0004885197849944234
vn 1 0.0004885197849944234 0.0004885197849944234
vn 1 0.0004885197849944234 -0.0004885197849944234
vn 1 0.0004885197849944234 -0.0004885197849944234
vn 1 0.0004885197849944234 -0.0004885197849944234
vn 1 0.0004885197849944234 -0.0004885197849944234
vn 1 0.0004885197849944234 0.0004885197849944234
vn 1 0.0004885197849944234 0.0004885197849944234
vn 1 0.0004885197849944234 0.0004885197849944234
vn 1 0.0004885197849944234 0.0004885197849944234
vn 1 0.0004885197849944234 0.0004885197849944234
vn 1 0.0004885197849944234 0.0004885197849944234
vn 1 0.0004885197849944234 0.0004885197849944234
vn 1 0.0004885197849944234 0.0004885197849944234
vn 1 0.0004885197849944234 -0.0004885197849944234
vn 1 0.0004885197849944234 -0.0004885197849944234
vn 1 0.0004885197849944234 -0.0004885197849944234
vn 1 0.0004885197849944234 -0.0004885197849944234
vn 1 0.0004885197849944234 0.0004885197849944234
vn 1 0.0004885197849944234 0.0004885197849944234
vn 1 0.0004885197849944234 0.0004885197849944234
vn 1 0.0004885197849944234 0.0004885197849944234
vn 1 0.0004885197849944234 0.0004885197849944234
vn 1 0.0004885197849944234 0.0004885197849944234
vn 1 0.0004885197849944234 0.0004885197849944234
vn 1 0.0004885197849944234 0.0004885197849944234
vn 1 0.0004885197849944234 0.0004885197849944234
vn 1 0.0004885197849944234 0.0004885197849944234
vn 1 0.0004885197849944234 0.0004885197849944234
vn 1 0.0004885197849944234 0.0004885197849944234
vn 1 0.0004885197849944234 0.0004885197849944234
vn 1 0.0004885197849944234 0.0004885197849944234
vn 1 0.0004885197849944234 0.0004885197849944234
vn 1 0.0004885197849944234 0.0004885197849944234
vn 1 0.0004885197849944234 0.0004885197849944234
vn 1 0.0004885197849944234 0.0004885197849944234
vn 1 0.0004885197849944234 0.0004885197849944234
vn 1 0.0004885197849944234 0.0004885197849944234
vn 1 0.0004885197849944234 0.0004885197849944234
vn 1 0.0004885197849944234 0.0004885197849944234
vn 1 0.0004885197849944234 0.0004885197849944234
vn 1 0.0004885197849944234 0.0004885197849944234
vn 1 0.0004885197849944234 0.0004885197849944234
vn 1 0.0004885197849944234 0.0004885197849944234
vn 1 0.0004885197849944234 0.0004885197849944234
vn 1 0.0004885197849944234 0.0004885197849944234
vn 1 0.0004885197849944234 -0.0004885197849944234
vn 1 0.0004885197849944234 -0.0004885197849944234
vn 1 0.0004885197849944234 -0.0004885197849944234
vn 1 0.0004885197849944234 -0.0004885197849944234
vn -1 0.0004885197849944234 0.0004885197849944234
vn -1 0.0004885197849944234 0.0004885197849944234
vn -1 0.0004885197849944234 0.0004885197849944234
vn -1 0.0004885197849944234 0.0004885197849944234
vn -1 0.0004885197849944234 0.0004885197849944234
vn -1 0.0004885197849944234 0.0004885197849944234
vn -1 0.0004885197849944234 0.0004885197849944234
vn -1 0.0004885197849944234 0.0004885197849944234
vn -1 0.0004885197849944234 0.0004885197849944234
vn -1 0.0004885197849944234 0.0004885197849944234
vn -1 0.0004885197849944234 0.0004885197849944234
vn -1 0.0004885197849944234 0.0004885197849944234
vn -1 0.0004885197849944234 0.0004885197849944234
vn -1 0.0004885197849944234 0.0004885197849944234
vn -1 0.0004885197849944234 0.0004885197849944234
vn -1 0.0004885197849944234 0.0004885197849944234
vn -1 0.0004885197849944234 0.0004885197849944234
vn -1 0.0004885197849944234 0.0004885197849944234
vn -1 0.0004885197849944234 0.0004885197849944234
vn -1 0.0004885197849944234 0.0004885197849944234
vn -1 0.0004885197849944234 0.0004885197849944234
vn -1 0.0004885197849944234 0.0004885197849944234
vn -1 0.0004885197849944234 0.0004885197849944234
vn -1 0.0004885197849944234 0.0004885197849944234
vn -1 0.0004885197849944234 0.0004885197849944234
vn -1 0.0004885197849944234 0.0004885197849944234
vn -1 0.0004885197849944234 0.0004885197849944234
vn -1 0.0004885197849944234 0.0004885197849944234
vn -1 0.0004885197849944234 -0.0004885197849944234
vn -1 0.0004885197849944234 -0.0004885197849944234
vn -1 0.0004885197849944234 -0.0004885197849944234
vn -1 0.0004885197849944234 -0.0004885197849944234
vn -1 0.0004885197849944234 0.0004885197849944234
vn -1 0.0004885197849944234 0.0004885197849944234
vn -1 0.0004885197849944234 0.0004885197849944234
vn -1 0.0004885197849944234 0.0004885197849944234
vn -1 0.0004885197849944234 0.0004885197849944234
vn -1 0.0004885197849944234 0.0004885197849944234
vn -1 0.0004885197849944234 0.0004885197849944234
vn -1 0.0004885197849944234 0.0004885197849944234
vn 0.0004885197849944234 -1 -0.0004885197849944234
vn 0.0004885197849944234 -1 -0.0004885197849944234
vn 0.355153888463974 -0.9345383644104004 -0.0004885197849944234
vn 0.5593551397323608 -0.8290180563926697 -0.0004885197849944234
vn 0.0004885197849944234 -1 -0.0004885197849944234
vn 0.9218368530273438 -0.3864191472530365 -0.0004885197849944234
vn 0.5593551397323608 -0.8290180563926697 -0.0004885197849944234
vn 0.9189057350158691 -0.3942354619503021 -0.0004885197849944234
vn 0.9433317184448242 -0.3326819837093353 -0.0004885197849944234
vn 0.9189057350158691 -0.3942354619503021 -0.0004885197849944234
vn 0.952125072479248 -0.30434781312942505 -0.0004885197849944234
vn 1 -0.01612115278840065 0.0004885197849944234
vn 0.952125072479248 -0.30434781312942505 -0.0004885197849944234
vn 1 -0.0004885197849944234 0.0004885197849944234
vn 0.9237909317016602 0.3825109899044037 0.0004885197849944234
vn 1 0.0004885197849944234 0.0004885197849944234
vn 0.9237909317016602 0.3825109899044037 0.0004885197849944234
vn 0.7068881392478943 0.7068881392478943 0.0004885197849944234
vn 0.9237909317016602 0.3825109899044037 0.0004885197849944234
vn 0.7068881392478943 0.7068881392478943 0.0004885197849944234
vn 0.3825109899044037 0.9237909317016602 0.0004885197849944234
vn 0.7068881392478943 0.7068881392478943 0.0004885197849944234
vn 0.3825109899044037 0.9237909317016602 0.0004885197849944234
vn 0.0004885197849944234 1 0.0004885197849944234
vn 0.3825109899044037 0.9237909317016602 0.0004885197849944234
vn 0.0004885197849944234 1 0.0004885197849944234
vn 0.0004885197849944234 1 0.0004885197849944234
vn -1 0.0004885197849944234 0.0004885197849944234
vn -1 0.0004885197849944234 0.0004885197849944234
vn -1 0.0004885197849944234 0.0004885197849944234
vn -1 0.0004885197849944234 0.0004885197849944234
vn -1 0.0004885197849944234 0.0004885197849944234
vn -1 0.0004885197849944234 0.0004885197849944234
vn -1 0.0004885197849944234 0.0004885197849944234
vn -1 0.0004885197849944234 0.0004885197849944234
vn -1 0.0004885197849944234 0.0004885197849944234
vn -1 0.0004885197849944234 0.0004885197849944234
vn -1 0.0004885197849944234 0.0004885197849944234
vn -1 0.0004885197849944234 0.0004885197849944234
vn -1 0.0004885197849944234 0.0004885197849944234
vn -1 0.0004885197849944234 0.0004885197849944234
vn -1 0.0004885197849944234 0.0004885197849944234
vn -1 0.0004885197849944234 0.0004885197849944234
vn -1 0.0004885197849944234 0.0004885197849944234
vn -1 0.0004885197849944234 0.0004885197849944234
vn -1 0.0004885197849944234 0.0004885197849944234
vn -1 0.0004885197849944234 0.0004885197849944234
vn -1 0.0004885197849944234 0.0004885197849944234
vn -1 0.0004885197849944234 0.0004885197849944234
vn -1 0.0004885197849944234 0.0004885197849944234
vn -1 0.0004885197849944234 0.0004885197849944234
vn -1 0.0004885197849944234 0.0004885197849944234
vn -1 0.0004885197849944234 0.0004885197849944234
vn -1 0.0004885197849944234 0.0004885197849944234
vn -1 0.0004885197849944234 0.0004885197849944234
vn -1 0.0004885197849944234 0.0004885197849944234
vn -1 0.0004885197849944234 0.0004885197849944234
vn -1 0.0004885197849944234 0.0004885197849944234
vn -1 0.0004885197849944234 0.0004885197849944234
vn -1 0.0004885197849944234 0.0004885197849944234
vn -1 0.0004885197849944234 0.0004885197849944234
vn -1 0.0004885197849944234 0.0004885197849944234
vn -1 0.0004885197849944234 0.0004885197849944234
vn -1 0.0004885197849944234 0.0004885197849944234
vn -1 0.0004885197849944234 0.0004885197849944234
vn -1 0.0004885197849944234 0.0004885197849944234
vn -1 0.0004885197849944234 0.0004885197849944234
vn -1 0.0004885197849944234 0.0004885197849944234
vn -1 0.0004885197849944234 0.0004885197849944234
vn -1 0.0004885197849944234 0.0004885197849944234
vn -1 0.0004885197849944234 0.0004885197849944234
vn -1 0.0004885197849944234 0.0004885197849944234
vn -1 0.0004885197849944234 0.0004885197849944234
vn -1 0.0004885197849944234 0.0004885197849944234
vn -1 0.0004885197849944234 0.0004885197849944234
vn -1 0.0004885197849944234 0.0004885197849944234
vn -1 0.0004885197849944234 0.0004885197849944234
vn -1 0.0004885197849944234 0.0004885197849944234
vn -1 0.0004885197849944234 0.0004885197849944234
vn -1 0.0004885197849944234 0.0004885197849944234
vn -1 0.0004885197849944234 0.0004885197849944234
vn -1 0.0004885197849944234 0.0004885197849944234
vn -1 0.0004885197849944234 0.0004885197849944234
vn -1 0.0004885197849944234 0.0004885197849944234
vn -1 0.0004885197849944234 0.0004885197849944234
vn -1 0.0004885197849944234 0.0004885197849944234
vn -1 0.0004885197849944234 0.0004885197849944234
vn -1 0.0004885197849944234 0.0004885197849944234
vn -1 0.0004885197849944234 0.0004885197849944234
vn -1 0.0004885197849944234 0.0004885197849944234
vn -1 0.0004885197849944234 0.0004885197849944234
vn -1 0.0004885197849944234 0.0004885197849944234
vn -1 0.0004885197849944234 0.0004885197849944234
vn -1 0.0004885197849944234 0.0004885197849944234
vn -1 0.0004885197849944234 0.0004885197849944234
vn -1 0.0004885197849944234 0.0004885197849944234
vn -1 0.0004885197849944234 0.0004885197849944234
vn -1 0.0004885197849944234 0.0004885197849944234
vn -1 0.0004885197849944234 0.0004885197849944234
vn -1 0.0004885197849944234 0.0004885197849944234
vn -1 0.0004885197849944234 0.0004885197849944234
vn -1 0.0004885197849944234 0.0004885197849944234
vn -1 0.0004885197849944234 0.0004885197849944234
vn -1 0.0004885197849944234 0.0004885197849944234
vn -1 0.0004885197849944234 0.0004885197849944234
vn -1 0.0004885197849944234 0.0004885197849944234
vn -1 0.0004885197849944234 0.0004885197849944234
vn -1 0.0004885197849944234 0.0004885197849944234
vn -1 0.0004885197849944234 0.0004885197849944234
vn -1 0.0004885197849944234 0.0004885197849944234
vn -1 0.0004885197849944234 0.0004885197849944234
vn -1 0.0004885197849944234 0.0004885197849944234
vn -1 0.0004885197849944234 0.0004885197849944234
vn -1 0.0004885197849944234 0.0004885197849944234
vn -1 0.0004885197849944234 0.0004885197849944234
vn -1 0.0004885197849944234 0.0004885197849944234
vn -1 0.0004885197849944234 0.0004885197849944234
vn -1 0.0004885197849944234 0.0004885197849944234
vn -1 0.0004885197849944234 0.0004885197849944234
vn -1 0.0004885197849944234 0.0004885197849944234
vn -1 0.0004885197849944234 0.0004885197849944234
vn -1 0.0004885197849944234 0.0004885197849944234
vn -1 0.0004885197849944234 0.0004885197849944234
vn -1 0.0004885197849944234 0.0004885197849944234
vn -1 0.0004885197849944234 0.0004885197849944234
vn -1 0.0004885197849944234 0.0004885197849944234
vn -1 0.0004885197849944234 0.0004885197849944234
vn -1 0.0004885197849944234 0.0004885197849944234
vn -1 0.0004885197849944234 0.0004885197849944234
vn -1 0.0004885197849944234 0.0004885197849944234
vn -1 0.0004885197849944234 0.0004885197849944234
vn -1 0.0004885197849944234 0.0004885197849944234
vn -1 0.0004885197849944234 -0.0004885197849944234
vn -1 0.0004885197849944234 -0.0004885197849944234
vn -1 0.0004885197849944234 -0.0004885197849944234
vn -1 0.0004885197849944234 -0.0004885197849944234
vn -1 0.0004885197849944234 0.0004885197849944234
vn -1 0.0004885197849944234 0.0004885197849944234
vn -1 0.0004885197849944234 0.0004885197849944234
vn -1 0.0004885197849944234 0.0004885197849944234
vn -1 0.0004885197849944234 0.0004885197849944234
vn -1 0.0004885197849944234 0.0004885197849944234
vn -1 0.0004885197849944234 0.0004885197849944234
vn -1 0.0004885197849944234 0.0004885197849944234
vn -1 0.0004885197849944234 -0.0004885197849944234
vn -1 0.0004885197849944234 -0.0004885197849944234
vn -1 0.0004885197849944234 -0.0004885197849944234
vn -1 0.0004885197849944234 -0.0004885197849944234
vn -1 0.0004885197849944234 0.0004885197849944234
vn -1 0.0004885197849944234 0.0004885197849944234
vn -1 0.0004885197849944234 0.0004885197849944234
vn -1 0.0004885197849944234 0.0004885197849944234
vn -1 0.0004885197849944234 0.0004885197849944234
vn -1 0.0004885197849944234 0.0004885197849944234
vn -1 0.0004885197849944234 0.0004885197849944234
vn -1 0.0004885197849944234 0.0004885197849944234
vn -1 0.0004885197849944234 0.0004885197849944234
vn -1 0.0004885197849944234 0.0004885197849944234
vn -1 0.0004885197849944234 0.0004885197849944234
vn -1 0.0004885197849944234 0.0004885197849944234
vn -1 0.0004885197849944234 0.0004885197849944234
vn -1 0.0004885197849944234 0.0004885197849944234
vn -1 0.0004885197849944234 0.0004885197849944234
vn -1 0.0004885197849944234 0.0004885197849944234
vn -1 0.0004885197849944234 0.0004885197849944234
vn -1 0.0004885197849944234 0.0004885197849944234
vn -1 0.0004885197849944234 0.0004885197849944234
vn -1 0.0004885197849944234 0.0004885197849944234
vn -1 0.0004885197849944234 0.0004885197849944234
vn -1 0.0004885197849944234 0.0004885197849944234
vn -1 0.0004885197849944234 0.0004885197849944234
vn -1 0.0004885197849944234 0.0004885197849944234
vn -1 0.0004885197849944234 0.0004885197849944234
vn -1 0.0004885197849944234 0.0004885197849944234
vn -1 0.0004885197849944234 0.0004885197849944234
vn -1 0.0004885197849944234 0.0004885197849944234
vn -1 0.0004885197849944234 0.0004885197849944234
vn -1 0.0004885197849944234 0.0004885197849944234
vn -1 0.0004885197849944234 0.0004885197849944234
vn -1 0.0004885197849944234 0.0004885197849944234
vn -1 0.0004885197849944234 -0.0004885197849944234
vn -1 0.0004885197849944234 -0.0004885197849944234
vn -1 0.0004885197849944234 -0.0004885197849944234
vn -1 0.0004885197849944234 -0.0004885197849944234
vn -1 0.0004885197849944234 0.0004885197849944234
vn -1 0.0004885197849944234 0.0004885197849944234
vn -1 0.0004885197849944234 0.0004885197849944234
vn -1 0.0004885197849944234 0.0004885197849944234
vn -1 0.0004885197849944234 -0.0004885197849944234
vn -1 0.0004885197849944234 -0.0004885197849944234
vn -1 0.0004885197849944234 -0.0004885197849944234
vn -1 0.0004885197849944234 -0.0004885197849944234
vn -1 0.0004885197849944234 0.0004885197849944234
vn -1 0.0004885197849944234 0.0004885197849944234
vn -1 0.0004885197849944234 0.0004885197849944234
vn -1 0.0004885197849944234 0.0004885197849944234
vn -1 0.0004885197849944234 -0.0004885197849944234
vn -1 0.0004885197849944234 -0.0004885197849944234
vn -1 0.0004885197849944234 -0.0004885197849944234
vn -1 0.0004885197849944234 -0.0004885197849944234
vn 1 0.0004885197849944234 0.0004885197849944234
vn 1 0.0004885197849944234 0.0004885197849944234
vn 1 0.0004885197849944234 0.0004885197849944234
vn 1 0.0004885197849944234 0.0004885197849944234
vn -0.355153888463974 -0.9345383644104004 -0.0004885197849944234
vn 0.0004885197849944234 -1 -0.0004885197849944234
vn 0.0004885197849944234 -1 -0.0004885197849944234
vn -0.5593551397323608 -0.8290180563926697 -0.0004885197849944234
vn 0.0004885197849944234 -1 -0.0004885197849944234
vn -0.9218368530273438 -0.3864191472530365 -0.0004885197849944234
vn -0.5593551397323608 -0.8290180563926697 -0.0004885197849944234
vn -0.9189057350158691 -0.3942354619503021 -0.0004885197849944234
vn -0.9433317184448242 -0.3326819837093353 -0.0004885197849944234
vn -0.9189057350158691 -0.3942354619503021 -0.0004885197849944234
vn -0.952125072479248 -0.30434781312942505 -0.0004885197849944234
vn -1 -0.01612115278840065 0.0004885197849944234
vn -0.952125072479248 -0.30434781312942505 -0.0004885197849944234
vn -1 -0.0004885197849944234 0.0004885197849944234
vn -0.9237909317016602 0.3825109899044037 0.0004885197849944234
vn -1 0.0004885197849944234 0.0004885197849944234
vn -0.9237909317016602 0.3825109899044037 0.0004885197849944234
vn -0.7068881392478943 0.7068881392478943 0.0004885197849944234
vn -0.9237909317016602 0.3825109899044037 0.0004885197849944234
vn -0.7068881392478943 0.7068881392478943 0.0004885197849944234
vn -0.3825109899044037 0.9237909317016602 0.0004885197849944234
vn -0.7068881392478943 0.7068881392478943 0.0004885197849944234
vn -0.3825109899044037 0.9237909317016602 0.0004885197849944234
vn 0.0004885197849944234 1 0.0004885197849944234
vn -0.3825109899044037 0.9237909317016602 0.0004885197849944234
vn 0.0004885197849944234 1 0.0004885197849944234
vn 0.0004885197849944234 1 0.0004885197849944234
vn 1 0.0004885197849944234 0.0004885197849944234
vn 1 0.0004885197849944234 0.0004885197849944234
vn 1 0.0004885197849944234 0.0004885197849944234
vn 1 0.0004885197849944234 0.0004885197849944234
vn 1 0.0004885197849944234 0.0004885197849944234
vn 1 0.0004885197849944234 0.0004885197849944234
vn 1 0.0004885197849944234 0.0004885197849944234
vn 1 0.0004885197849944234 0.0004885197849944234
vn 1 0.0004885197849944234 0.0004885197849944234
vn 1 0.0004885197849944234 0.0004885197849944234
vn 1 0.0004885197849944234 0.0004885197849944234
vn 1 0.0004885197849944234 0.0004885197849944234
vn -1 0.0004885197849944234 0.0004885197849944234
vn -1 0.0004885197849944234 0.0004885197849944234
vn -1 0.0004885197849944234 0.0004885197849944234
vn -1 0.0004885197849944234 0.0004885197849944234
vn 1 0.0004885197849944234 0.0004885197849944234
vn 1 0.0004885197849944234 0.0004885197849944234
vn 1 0.0004885197849944234 0.0004885197849944234
vn 1 0.0004885197849944234 0.0004885197849944234
vn 1 0.0004885197849944234 0.0004885197849944234
vn 1 0.0004885197849944234 0.0004885197849944234
vn 1 0.0004885197849944234 0.0004885197849944234
vn 1 0.0004885197849944234 0.0004885197849944234
vn 1 0.0004885197849944234 0.0004885197849944234
vn 1 0.0004885197849944234 0.0004885197849944234
vn -1 0.0004885197849944234 0.0004885197849944234
vn -1 0.0004885197849944234 0.0004885197849944234
vn -1 0.0004885197849944234 0.0004885197849944234
vn -1 0.0004885197849944234 0.0004885197849944234
vn -1 0.0004885197849944234 0.0004885197849944234
vn -1 0.0004885197849944234 0.0004885197849944234
vn -1 0.0004885197849944234 0.0004885197849944234
vn -1 0.0004885197849944234 0.0004885197849944234
vn -1 0.0004885197849944234 0.0004885197849944234
vn -1 0.0004885197849944234 0.0004885197849944234
vn -1 0.0004885197849944234 0.0004885197849944234
vn -1 0.0004885197849944234 0.0004885197849944234
vn 1 0.0004885197849944234 0.0004885197849944234
vn 1 0.0004885197849944234 0.0004885197849944234
vn 1 0.0004885197849944234 0.0004885197849944234
vn 1 0.0004885197849944234 0.0004885197849944234
vn 1 0.0004885197849944234 0.0004885197849944234
vn 1 0.0004885197849944234 0.0004885197849944234
vn 1 0.0004885197849944234 0.0004885197849944234
vn 1 0.0004885197849944234 0.0004885197849944234
vn 0.9990229606628418 0.04543234035372734 0.0004885197849944234
vn 0.9990229606628418 0.04543234035372734 0.0004885197849944234
vn 0.9990229606628418 0.04543234035372734 0.0004885197849944234
vn 0.9990229606628418 0.04543234035372734 0.0004885197849944234
vn 1 0.008304836228489876 0.005373717751353979
vn 1 0.008304836228489876 0.005373717751353979
vn 1 0.008304836228489876 0.005373717751353979
vn 1 0.008304836228489876 0.005373717751353979
vn -1 0.0004885197849944234 0.0004885197849944234
vn -1 0.0004885197849944234 0.0004885197849944234
vn -1 0.0004885197849944234 0.0004885197849944234
vn -1 0.0004885197849944234 0.0004885197849944234
vn -1 0.0004885197849944234 0.0004885197849944234
vn -1 0.0004885197849944234 0.0004885197849944234
vn -1 0.0004885197849944234 0.0004885197849944234
vn -1 0.0004885197849944234 0.0004885197849944234
vn -1 0.0004885197849944234 0.0004885197849944234
vn -1 0.0004885197849944234 0.0004885197849944234
vn 0.0004885197849944234 0.22032243013381958 0.9755740165710449
vn 0.0004885197849944234 0.22032243013381958 0.9755740165710449
vn 0.0004885197849944234 0.22032243013381958 0.9755740165710449
vn 0.0004885197849944234 0.22032243013381958 0.9755740165710449
vn -1 0.0004885197849944234 0.0004885197849944234
vn -1 0.0004885197849944234 0.0004885197849944234
vn -1 0.0004885197849944234 0.0004885197849944234
vn -1 0.0004885197849944234 0.0004885197849944234
vn -1 0.0004885197849944234 0.0004885197849944234
vn -1 0.0004885197849944234 0.0004885197849944234
vn -1 0.0004885197849944234 0.0004885197849944234
vn -1 0.0004885197849944234 0.0004885197849944234
vn 1 0.0004885197849944234 0.0004885197849944234
vn 1 0.0004885197849944234 0.0004885197849944234
vn 1 0.0004885197849944234 0.0004885197849944234
vn 1 0.0004885197849944234 0.0004885197849944234
vn 1 0.0004885197849944234 -0.0004885197849944234
vn 1 0.0004885197849944234 -0.0004885197849944234
vn 1 0.0004885197849944234 -0.0004885197849944234
vn 1 0.0004885197849944234 -0.0004885197849944234
vn 1 0.0004885197849944234 0.0004885197849944234
vn 1 0.0004885197849944234 0.0004885197849944234
vn 1 0.0004885197849944234 0.0004885197849944234
vn 1 0.0004885197849944234 0.0004885197849944234
vn 1 -0.0004885197849944234 0.0004885197849944234
vn 1 -0.0004885197849944234 0.0004885197849944234
vn 1 -0.0004885197849944234 0.0004885197849944234
vn 1 -0.0004885197849944234 0.0004885197849944234
vn 1 0.0004885197849944234 -0.0004885197849944234
vn 1 0.0004885197849944234 -0.0004885197849944234
vn 1 0.0004885197849944234 -0.0004885197849944234
vn 1 0.0004885197849944234 -0.0004885197849944234
vn 1 0.0004885197849944234 0.0004885197849944234
vn 1 0.0004885197849944234 0.0004885197849944234
vn 1 0.0004885197849944234 0.0004885197849944234
vn 1 0.0004885197849944234 0.0004885197849944234
vn 1 0.0004885197849944234 0.0004885197849944234
vn 1 0.0004885197849944234 0.0004885197849944234
vn 1 0.0004885197849944234 0.0004885197849944234
vn 1 0.0004885197849944234 0.0004885197849944234
vn 1 0.0004885197849944234 0.0004885197849944234
vn 1 0.0004885197849944234 0.0004885197849944234
vn 1 0.0004885197849944234 0.0004885197849944234
vn 1 0.0004885197849944234 0.0004885197849944234
vn 1 0.0004885197849944234 -0.0004885197849944234
vn 1 0.0004885197849944234 -0.0004885197849944234
vn 1 0.0004885197849944234 -0.0004885197849944234
vn 1 0.0004885197849944234 -0.0004885197849944234
vn 1 -0.0004885197849944234 0.0004885197849944234
vn 1 -0.0004885197849944234 0.0004885197849944234
vn 1 -0.0004885197849944234 0.0004885197849944234
vn 1 -0.0004885197849944234 0.0004885197849944234
vn 1 0.0004885197849944234 0.0004885197849944234
vn 1 0.0004885197849944234 0.0004885197849944234
vn 1 0.0004885197849944234 0.0004885197849944234
vn 1 0.0004885197849944234 0.0004885197849944234
vn 1 0.0004885197849944234 0.0004885197849944234
vn 1 0.0004885197849944234 0.0004885197849944234
vn 1 0.0004885197849944234 0.0004885197849944234
vn 1 0.0004885197849944234 0.0004885197849944234
vn 1 0.0004885197849944234 0.0004885197849944234
vn 1 0.0004885197849944234 0.0004885197849944234
vn 1 0.0004885197849944234 0.0004885197849944234
vn 1 0.0004885197849944234 0.0004885197849944234
vn 1 0.0004885197849944234 0.0004885197849944234
vn 1 0.0004885197849944234 0.0004885197849944234
vn 1 0.0004885197849944234 0.0004885197849944234
vn 1 0.0004885197849944234 0.0004885197849944234
vn -0.9990229606628418 0.04543234035372734 0.0004885197849944234
vn -0.9990229606628418 0.04543234035372734 0.0004885197849944234
vn -0.9990229606628418 0.04543234035372734 0.0004885197849944234
vn -0.9990229606628418 0.04543234035372734 0.0004885197849944234
vn 0.3825109899044037 -0.9237909317016602 -0.0004885197849944234
vn 0.3825109899044037 -0.9237909317016602 -0.0004885197849944234
vn 0.0004885197849944234 -1 -0.0004885197849944234
vn 0.0004885197849944234 -1 -0.0004885197849944234
vn 0.7068881392478943 -0.7068881392478943 -0.0004885197849944234
vn 0.3825109899044037 -0.9237909317016602 0.0004885197849944234
vn 0.0004885197849944234 -1 0.0004885197849944234
vn 0.7068881392478943 -0.7068881392478943 -0.0004885197849944234
vn 0.7068881392478943 -0.7068881392478943 -0.0004885197849944234
vn 0.9237909317016602 -0.3825109899044037 -0.0004885197849944234
vn 0.9237909317016602 -0.3825109899044037 -0.0004885197849944234
vn 0.9237909317016602 -0.3825109899044037 -0.0004885197849944234
vn 0.9990229606628418 0.03957010433077812 -0.0004885197849944234
vn 0.9990229606628418 0.03957010433077812 -0.0004885197849944234
vn 0.9990229606628418 0.03957010433077812 -0.0004885197849944234
vn 0.8876404762268066 0.4606741666793823 0.0004885197849944234
vn 0.8876404762268066 0.4606741666793823 0.0004885197849944234
vn 0.7752808928489685 0.6316561102867126 0.0004885197849944234
vn 0.8876404762268066 0.4606741666793823 0.0004885197849944234
vn 0.7752808928489685 0.6316561102867126 0.0004885197849944234
vn 0.7752808928489685 0.6316561102867126 -0.0004885197849944234
vn 0.3825109899044037 -0.9237909317016602 -0.0004885197849944234
vn 0.3825109899044037 -0.9237909317016602 -0.0004885197849944234
vn 0.0004885197849944234 -1 -0.0004885197849944234
vn 0.0004885197849944234 -1 -0.0004885197849944234
vn 0.3825109899044037 -0.9237909317016602 0.0004885197849944234
vn 0.0004885197849944234 -1 0.0004885197849944234
vn 0.7068881392478943 -0.7068881392478943 0.0004885197849944234
vn 0.7068881392478943 -0.7068881392478943 -0.0004885197849944234
vn 0.7068881392478943 -0.7068881392478943 -0.0004885197849944234
vn 0.9237909317016602 -0.3825109899044037 -0.0004885197849944234
vn 0.9237909317016602 -0.3825109899044037 -0.0004885197849944234
vn 0.9237909317016602 -0.3825109899044037 -0.0004885197849944234
vn 1 0.0004885197849944234 0.0004885197849944234
vn 1 0.0004885197849944234 -0.0004885197849944234
vn 1 0.0004885197849944234 -0.0004885197849944234
vn 0.9237909317016602 0.3825109899044037 0.0004885197849944234
vn 0.9237909317016602 0.3825109899044037 0.0004885197849944234
vn 0.9237909317016602 0.3825109899044037 0.0004885197849944234
vn 0.7020029425621033 0.7127503752708435 0.0004885197849944234
vn 0.7020029425621033 0.7127503752708435 0.0004885197849944234
vn 0.5427454710006714 0.8397654891014099 0.0004885197849944234
vn 0.7020029425621033 0.7127503752708435 0.0004885197849944234
vn 0.5427454710006714 0.8397654891014099 0.0004885197849944234
vn 0.5427454710006714 0.8397654891014099 0.0004885197849944234
vn 0.0004885197849944234 -0.9658036231994629 0.2584269642829895
vn 0.0004885197849944234 -0.9658036231994629 0.2584269642829895
vn 0.0004885197849944234 -0.9658036231994629 0.2584269642829895
vn 0.0004885197849944234 -0.9658036231994629 0.2584269642829895
vn -1 0.008304836228489876 0.005373717751353979
vn -1 0.008304836228489876 0.005373717751353979
vn -1 0.008304836228489876 0.005373717751353979
vn -1 0.008304836228489876 0.005373717751353979
vn 1 0.0004885197849944234 0.0004885197849944234
vn 1 0.0004885197849944234 0.0004885197849944234
vn 1 0.0004885197849944234 0.0004885197849944234
vn 1 0.0004885197849944234 0.0004885197849944234
vn 1 0.0004885197849944234 0.0004885197849944234
vn 1 0.0004885197849944234 0.0004885197849944234
vn 1 0.0004885197849944234 0.0004885197849944234
vn 1 0.0004885197849944234 0.0004885197849944234
vn -0.0004885197849944234 0.9658036231994629 -0.2584269642829895
vn -0.0004885197849944234 0.9658036231994629 -0.2584269642829895
vn -0.0004885197849944234 0.9658036231994629 -0.2584269642829895
vn -0.0004885197849944234 0.9658036231994629 -0.2584269642829895
vn -1 0.0004885197849944234 0.0004885197849944234
vn -1 0.0004885197849944234 0.0004885197849944234
vn -1 0.0004885197849944234 0.0004885197849944234
vn -1 0.0004885197849944234 0.0004885197849944234
vn -1 0.0004885197849944234 0.0004885197849944234
vn -1 0.0004885197849944234 0.0004885197849944234
vn -1 0.0004885197849944234 0.0004885197849944234
vn -1 0.0004885197849944234 0.0004885197849944234
vn -1 0.0004885197849944234 0.0004885197849944234
vn -1 0.0004885197849944234 0.0004885197849944234
vn -1 0.0004885197849944234 0.0004885197849944234
vn -1 0.0004885197849944234 0.0004885197849944234
vn -1 0.0004885197849944234 0.0004885197849944234
vn -1 0.0004885197849944234 0.0004885197849944234
vn -1 0.0004885197849944234 0.0004885197849944234
vn -1 0.0004885197849944234 0.0004885197849944234
vn -1 0.0004885197849944234 0.0004885197849944234
vn -1 0.0004885197849944234 0.0004885197849944234
vn -1 0.0004885197849944234 0.0004885197849944234
vn -1 0.0004885197849944234 0.0004885197849944234
vn -1 0.0004885197849944234 -0.0004885197849944234
vn -1 0.0004885197849944234 -0.0004885197849944234
vn -1 0.0004885197849944234 -0.0004885197849944234
vn -1 0.0004885197849944234 -0.0004885197849944234
vn -1 0.0004885197849944234 0.0004885197849944234
vn -1 0.0004885197849944234 0.0004885197849944234
vn -1 0.0004885197849944234 0.0004885197849944234
vn -1 0.0004885197849944234 0.0004885197849944234
vn -1 0.0004885197849944234 0.0004885197849944234
vn -1 0.0004885197849944234 0.0004885197849944234
vn -1 0.0004885197849944234 0.0004885197849944234
vn -1 0.0004885197849944234 0.0004885197849944234
vn -1 0.0004885197849944234 0.0004885197849944234
vn -1 0.0004885197849944234 0.0004885197849944234
vn -1 -0.0004885197849944234 0.0004885197849944234
vn -1 -0.0004885197849944234 0.0004885197849944234
vn -1 -0.0004885197849944234 0.0004885197849944234
vn -1 -0.0004885197849944234 0.0004885197849944234
vn -1 0.0004885197849944234 -0.0004885197849944234
vn -1 0.0004885197849944234 -0.0004885197849944234
vn -1 0.0004885197849944234 -0.0004885197849944234
vn -1 0.0004885197849944234 -0.0004885197849944234
vn -1 0.0004885197849944234 0.0004885197849944234
vn -1 0.0004885197849944234 0.0004885197849944234
vn -1 0.0004885197849944234 0.0004885197849944234
vn -1 0.0004885197849944234 0.0004885197849944234
vn -1 0.0004885197849944234 -0.0004885197849944234
vn -1 0.0004885197849944234 -0.0004885197849944234
vn -1 0.0004885197849944234 -0.0004885197849944234
vn -1 0.0004885197849944234 -0.0004885197849944234
vn -0.3825109899044037 -0.9237909317016602 -0.0004885197849944234
vn 0.0004885197849944234 -1 -0.0004885197849944234
vn -0.3825109899044037 -0.9237909317016602 -0.0004885197849944234
vn 0.0004885197849944234 -1 -0.0004885197849944234
vn -0.3825109899044037 -0.9237909317016602 0.0004885197849944234
vn 0.0004885197849944234 -1 0.0004885197849944234
vn -0.7068881392478943 -0.7068881392478943 0.0004885197849944234
vn -0.7068881392478943 -0.7068881392478943 -0.0004885197849944234
vn -0.7068881392478943 -0.7068881392478943 -0.0004885197849944234
vn -0.9237909317016602 -0.3825109899044037 -0.0004885197849944234
vn -0.9237909317016602 -0.3825109899044037 -0.0004885197849944234
vn -0.9237909317016602 -0.3825109899044037 -0.0004885197849944234
vn -1 0.0004885197849944234 0.0004885197849944234
vn -1 0.0004885197849944234 -0.0004885197849944234
vn -1 0.0004885197849944234 -0.0004885197849944234
vn -0.9237909317016602 0.3825109899044037 0.0004885197849944234
vn -0.9237909317016602 0.3825109899044037 0.0004885197849944234
vn -0.9237909317016602 0.3825109899044037 0.0004885197849944234
vn -0.7020029425621033 0.7127503752708435 0.0004885197849944234
vn -0.7020029425621033 0.7127503752708435 0.0004885197849944234
vn -0.5427454710006714 0.8397654891014099 0.0004885197849944234
vn -0.7020029425621033 0.7127503752708435 0.0004885197849944234
vn -0.5427454710006714 0.8397654891014099 0.0004885197849944234
vn -0.5427454710006714 0.8397654891014099 0.0004885197849944234
vn -1 -0.0004885197849944234 0.0004885197849944234
vn -1 -0.0004885197849944234 0.0004885197849944234
vn -1 -0.0004885197849944234 0.0004885197849944234
vn -1 -0.0004885197849944234 0.0004885197849944234
vn 1 0.0004885197849944234 0.0004885197849944234
vn 1 0.0004885197849944234 0.0004885197849944234
vn 1 0.0004885197849944234 0.0004885197849944234
vn 1 0.0004885197849944234 0.0004885197849944234
vn 1 0.0004885197849944234 0.0004885197849944234
vn 1 0.0004885197849944234 0.0004885197849944234
vn 1 0.0004885197849944234 0.0004885197849944234
vn 1 0.0004885197849944234 0.0004885197849944234
vn -0.3825109899044037 -0.9237909317016602 -0.0004885197849944234
vn 0.0004885197849944234 -1 -0.0004885197849944234
vn 0.0004885197849944234 -1 -0.0004885197849944234
vn -0.3825109899044037 -0.9237909317016602 -0.0004885197849944234
vn -0.7068881392478943 -0.7068881392478943 -0.0004885197849944234
vn -0.7068881392478943 -0.7068881392478943 -0.0004885197849944234
vn -0.9237909317016602 -0.3825109899044037 -0.0004885197849944234
vn -0.9237909317016602 -0.3825109899044037 -0.0004885197849944234
vn -1 0.0004885197849944234 0.0004885197849944234
vn -1 0.0004885197849944234 0.0004885197849944234
vn -0.9237909317016602 0.3825109899044037 0.0004885197849944234
vn -0.9237909317016602 0.3825109899044037 0.0004885197849944234
vn -0.7068881392478943 0.7068881392478943 0.0004885197849944234
vn -0.7068881392478943 0.7068881392478943 0.0004885197849944234
vn -0.3825109899044037 0.9237909317016602 0.0004885197849944234
vn -0.3825109899044037 0.9237909317016602 0.0004885197849944234
vn 0.0004885197849944234 1 0.0004885197849944234
vn 0.0004885197849944234 1 0.0004885197849944234
vn 0.3825109899044037 0.9237909317016602 0.0004885197849944234
vn 0.3825109899044037 0.9237909317016602 0.0004885197849944234
vn 0.7068881392478943 0.7068881392478943 0.0004885197849944234
vn 0.7068881392478943 0.7068881392478943 0.0004885197849944234
vn 0.9237909317016602 0.3825109899044037 0.0004885197849944234
vn 0.9237909317016602 0.3825109899044037 0.0004885197849944234
vn 1 0.0004885197849944234 0.0004885197849944234
vn 1 0.0004885197849944234 0.0004885197849944234
vn 0.9237909317016602 -0.3825109899044037 -0.0004885197849944234
vn 0.9237909317016602 -0.3825109899044037 -0.0004885197849944234
vn 0.7068881392478943 -0.7068881392478943 -0.0004885197849944234
vn 0.7068881392478943 -0.7068881392478943 -0.0004885197849944234
vn 0.3825109899044037 -0.9237909317016602 -0.0004885197849944234
vn 0.3825109899044037 -0.9237909317016602 -0.0004885197849944234
vn 0.0004885197849944234 -1 -0.0004885197849944234
vn 0.0004885197849944234 -1 -0.0004885197849944234
vn -0.3825109899044037 -0.9237909317016602 -0.0004885197849944234
vn 0.0004885197849944234 -1 -0.0004885197849944234
vn 0.0004885197849944234 -1 -0.0004885197849944234
vn -0.3825109899044037 -0.9237909317016602 -0.0004885197849944234
vn -0.7068881392478943 -0.7068881392478943 -0.0004885197849944234
vn -0.7068881392478943 -0.7068881392478943 -0.0004885197849944234
vn -0.9237909317016602 -0.3825109899044037 -0.0004885197849944234
vn -0.9237909317016602 -0.3825109899044037 -0.0004885197849944234
vn -1 0.0004885197849944234 0.0004885197849944234
vn -1 0.0004885197849944234 0.0004885197849944234
vn -0.9237909317016602 0.3825109899044037 0.0004885197849944234
vn -0.9237909317016602 0.3825109899044037 0.0004885197849944234
vn -0.7068881392478943 0.7068881392478943 0.0004885197849944234
vn -0.7068881392478943 0.7068881392478943 0.0004885197849944234
vn -0.3825109899044037 0.9237909317016602 0.0004885197849944234
vn -0.3825109899044037 0.9237909317016602 0.0004885197849944234
vn 0.0004885197849944234 1 0.0004885197849944234
vn 0.0004885197849944234 1 0.0004885197849944234
vn 0.3825109899044037 0.9237909317016602 0.0004885197849944234
vn 0.3825109899044037 0.9237909317016602 0.0004885197849944234
vn 0.7068881392478943 0.7068881392478943 0.0004885197849944234
vn 0.7068881392478943 0.7068881392478943 0.0004885197849944234
vn 0.9237909317016602 0.3825109899044037 0.0004885197849944234
vn 0.9237909317016602 0.3825109899044037 0.0004885197849944234
vn 1 0.0004885197849944234 0.0004885197849944234
vn 1 0.0004885197849944234 0.0004885197849944234
vn 0.9237909317016602 -0.3825109899044037 -0.0004885197849944234
vn 0.9237909317016602 -0.3825109899044037 -0.0004885197849944234
vn 0.7068881392478943 -0.7068881392478943 -0.0004885197849944234
vn 0.7068881392478943 -0.7068881392478943 -0.0004885197849944234
vn 0.3825109899044037 -0.9237909317016602 -0.0004885197849944234
vn 0.3825109899044037 -0.9237909317016602 -0.0004885197849944234
vn 0.0004885197849944234 -1 -0.0004885197849944234
vn 0.0004885197849944234 -1 -0.0004885197849944234
vn -0.3825109899044037 -0.9237909317016602 -0.0004885197849944234
vn -0.3825109899044037 -0.9237909317016602 -0.0004885197849944234
vn 0.0004885197849944234 -1 -0.0004885197849944234
vn 0.0004885197849944234 -1 -0.0004885197849944234
vn -0.7068881392478943 -0.7068881392478943 -0.0004885197849944234
vn -0.3825109899044037 -0.9237909317016602 0.0004885197849944234
vn 0.0004885197849944234 -1 0.0004885197849944234
vn -0.7068881392478943 -0.7068881392478943 -0.0004885197849944234
vn -0.7068881392478943 -0.7068881392478943 -0.0004885197849944234
vn -0.9237909317016602 -0.3825109899044037 -0.0004885197849944234
vn -0.9237909317016602 -0.3825109899044037 -0.0004885197849944234
vn -0.9237909317016602 -0.3825109899044037 -0.0004885197849944234
vn -0.9990229606628418 0.03957010433077812 -0.0004885197849944234
vn -0.9990229606628418 0.03957010433077812 -0.0004885197849944234
vn -0.9990229606628418 0.03957010433077812 -0.0004885197849944234
vn -0.8876404762268066 0.4606741666793823 0.0004885197849944234
vn -0.8876404762268066 0.4606741666793823 0.0004885197849944234
vn -0.7752808928489685 0.6316561102867126 0.0004885197849944234
vn -0.8876404762268066 0.4606741666793823 0.0004885197849944234
vn -0.7752808928489685 0.6316561102867126 0.0004885197849944234
vn -0.7752808928489685 0.6316561102867126 -0.0004885197849944234
vn -1 0.0004885197849944234 0.0004885197849944234
vn -1 0.0004885197849944234 0.0004885197849944234
vn -1 0.0004885197849944234 0.0004885197849944234
vn -1 0.0004885197849944234 0.0004885197849944234
vn -1 0.0004885197849944234 0.0004885197849944234
vn -1 0.0004885197849944234 0.0004885197849944234
vn -1 0.0004885197849944234 0.0004885197849944234
vn -1 0.0004885197849944234 0.0004885197849944234
vn -1 0.0004885197849944234 0.0004885197849944234
vn -1 0.0004885197849944234 0.0004885197849944234
vn -1 0.0004885197849944234 0.0004885197849944234
vn -1 0.0004885197849944234 0.0004885197849944234
vn -1 0.0004885197849944234 0.0004885197849944234
vn -1 0.0004885197849944234 0.0004885197849944234
vn -1 0.0004885197849944234 0.0004885197849944234
vn -1 0.0004885197849944234 0.0004885197849944234
vn 1 0.0004885197849944234 0.0004885197849944234
vn 1 0.0004885197849944234 0.0004885197849944234
vn 1 0.0004885197849944234 0.0004885197849944234
vn 1 0.0004885197849944234 0.0004885197849944234
vn 1 0.0004885197849944234 0.0004885197849944234
vn 1 0.0004885197849944234 0.0004885197849944234
vn 1 0.0004885197849944234 0.0004885197849944234
vn 1 0.0004885197849944234 0.0004885197849944234
vn 1 0.0004885197849944234 0.0004885197849944234
vn 1 0.0004885197849944234 0.0004885197849944234
vn 1 0.0004885197849944234 0.0004885197849944234
vn 1 0.0004885197849944234 0.0004885197849944234
vn 1 0.0004885197849944234 0.0004885197849944234
vn 1 0.0004885197849944234 0.0004885197849944234
vn -1 0.0004885197849944234 0.0004885197849944234
vn -1 0.0004885197849944234 0.0004885197849944234
vn -1 0.0004885197849944234 0.0004885197849944234
vn -1 0.0004885197849944234 0.0004885197849944234
vn -1 0.0004885197849944234 0.0004885197849944234
vn -1 0.0004885197849944234 0.0004885197849944234
vn -1 0.0004885197849944234 0.0004885197849944234
vn -1 0.0004885197849944234 0.0004885197849944234
vn -1 0.0004885197849944234 0.0004885197849944234
vn -1 0.0004885197849944234 0.0004885197849944234
vn 0.0004885197849944234 1 0.0004885197849944234
vn 0.0004885197849944234 1 0.0004885197849944234
vn 0.0004885197849944234 1 0.0004885197849944234
vn 0.0004885197849944234 1 0.0004885197849944234
vn 0.0004885197849944234 1 0.0004885197849944234
vn 0.0004885197849944234 1 0.0004885197849944234
vn 0.0004885197849944234 1 0.0004885197849944234
vn 0.0004885197849944234 1 0.0004885197849944234
vn 0.0004885197849944234 1 0.0004885197849944234
vn 0.0004885197849944234 1 0.0004885197849944234
vn -1 0.0004885197849944234 0.0004885197849944234
vn -1 0.0004885197849944234 0.0004885197849944234
vn -1 0.0004885197849944234 0.0004885197849944234
vn -1 0.0004885197849944234 0.0004885197849944234
vn 0.0004885197849944234 -1 -0.0004885197849944234
vn 0.0004885197849944234 -1 -0.0004885197849944234
vn 0.0004885197849944234 -1 -0.0004885197849944234
vn 0.0004885197849944234 -1 -0.0004885197849944234
vn 0.0004885197849944234 -1 -0.0004885197849944234
vn 0.0004885197849944234 -1 -0.0004885197849944234
vn 0.0004885197849944234 -1 -0.0004885197849944234
vn 0.0004885197849944234 -1 -0.0004885197849944234
vn 1 0.0004885197849944234 0.0004885197849944234
vn 1 0.0004885197849944234 0.0004885197849944234
vn 1 0.0004885197849944234 0.0004885197849944234
vn 1 0.0004885197849944234 0.0004885197849944234
vn 1 0.0004885197849944234 0.0004885197849944234
vn 1 0.0004885197849944234 0.0004885197849944234
vn 1 0.0004885197849944234 0.0004885197849944234
vn 1 0.0004885197849944234 0.0004885197849944234
vn -1 0.0004885197849944234 0.0004885197849944234
vn -1 0.0004885197849944234 0.0004885197849944234
vn -1 0.0004885197849944234 0.0004885197849944234
vn -1 0.0004885197849944234 0.0004885197849944234
vn -1 0.0004885197849944234 0.0004885197849944234
vn -1 0.0004885197849944234 0.0004885197849944234
vn -1 0.0004885197849944234 0.0004885197849944234
vn -1 0.0004885197849944234 0.0004885197849944234
vn -1 0.0004885197849944234 0.0004885197849944234
vn -1 0.0004885197849944234 0.0004885197849944234
vn 1 0.0004885197849944234 -0.0004885197849944234
vn 1 0.0004885197849944234 -0.0004885197849944234
vn 1 0.0004885197849944234 -0.0004885197849944234
vn 1 0.0004885197849944234 -0.0004885197849944234
vn 1 0.0004885197849944234 0.0004885197849944234
vn 1 0.0004885197849944234 0.0004885197849944234
vn 1 0.0004885197849944234 0.0004885197849944234
vn 1 0.0004885197849944234 0.0004885197849944234
vn 1 0.0004885197849944234 0.0004885197849944234
vn 1 0.0004885197849944234 0.0004885197849944234
vn 1 0.0004885197849944234 0.0004885197849944234
vn 1 0.0004885197849944234 0.0004885197849944234
vn 1 0.0004885197849944234 -0.0004885197849944234
vn 1 0.0004885197849944234 -0.0004885197849944234
vn 1 0.0004885197849944234 -0.0004885197849944234
vn 1 0.0004885197849944234 -0.0004885197849944234
vn 1 0.0004885197849944234 0.0004885197849944234
vn 1 0.0004885197849944234 0.0004885197849944234
vn 1 0.0004885197849944234 0.0004885197849944234
vn 1 0.0004885197849944234 0.0004885197849944234
vn 1 0.0004885197849944234 0.0004885197849944234
vn 1 0.0004885197849944234 0.0004885197849944234
vn 1 0.0004885197849944234 0.0004885197849944234
vn 1 0.0004885197849944234 0.0004885197849944234
vn 1 0.0004885197849944234 0.0004885197849944234
vn -1 0.0004885197849944234 -0.0004885197849944234
vn -1 0.0004885197849944234 -0.0004885197849944234
vn -1 0.0004885197849944234 -0.0004885197849944234
vn -1 0.0004885197849944234 -0.0004885197849944234
vn -1 0.0004885197849944234 0.0004885197849944234
vn -1 0.0004885197849944234 0.0004885197849944234
vn -1 0.0004885197849944234 0.0004885197849944234
vn -1 0.0004885197849944234 0.0004885197849944234
vn -1 0.0004885197849944234 0.0004885197849944234
vn -1 0.0004885197849944234 0.0004885197849944234
vn -1 0.0004885197849944234 0.0004885197849944234
vn -1 0.0004885197849944234 0.0004885197849944234
vn -1 0.0004885197849944234 0.0004885197849944234
vn -1 0.0004885197849944234 0.0004885197849944234
vn -1 0.0004885197849944234 0.0004885197849944234
vn -1 0.0004885197849944234 0.0004885197849944234
vn -1 0.0004885197849944234 0.0004885197849944234
vn -1 0.0004885197849944234 0.0004885197849944234
vn -1 0.0004885197849944234 0.0004885197849944234
vn -1 0.0004885197849944234 0.0004885197849944234
vn -1 0.0004885197849944234 0.0004885197849944234
vn -1 0.0004885197849944234 0.0004885197849944234
vn -1 0.0004885197849944234 0.0004885197849944234
vn -1 0.0004885197849944234 0.0004885197849944234
vn -1 0.0004885197849944234 0.0004885197849944234
vn 0.0004885197849944234 -1 -0.0004885197849944234
vn 0.0004885197849944234 -1 -0.0004885197849944234
vn 0.0004885197849944234 -1 -0.0004885197849944234
vn 0.0004885197849944234 -1 -0.0004885197849944234
vn 0.0004885197849944234 -1 -0.0004885197849944234
vn 0.0004885197849944234 -1 -0.0004885197849944234
vn 0.0004885197849944234 -1 -0.0004885197849944234
vn 0.0004885197849944234 -1 -0.0004885197849944234
vn 0.0004885197849944234 -1 0.0004885197849944234
vn 0.0004885197849944234 -1 0.0004885197849944234
vn 0.0004885197849944234 -1 0.0004885197849944234
vn 0.0004885197849944234 -1 0.0004885197849944234
vn 0.0004885197849944234 -1 0.0004885197849944234
vn 0.0004885197849944234 -1 0.0004885197849944234
vn 0.0004885197849944234 -1 0.0004885197849944234
vn 0.0004885197849944234 -1 0.0004885197849944234
vn -0.0004885197849944234 -1 -0.0004885197849944234
vn -0.0004885197849944234 -1 -0.0004885197849944234
vn -0.0004885197849944234 -1 -0.0004885197849944234
vn -0.0004885197849944234 -1 -0.0004885197849944234
vn 0.0004885197849944234 -1 -0.0004885197849944234
vn 0.0004885197849944234 -1 -0.0004885197849944234
vn 0.0004885197849944234 -1 -0.0004885197849944234
vn 0.0004885197849944234 -1 -0.0004885197849944234
vn -0.0004885197849944234 -1 0.0004885197849944234
vn -0.0004885197849944234 -1 0.0004885197849944234
vn -0.0004885197849944234 -1 0.0004885197849944234
vn -0.0004885197849944234 -1 0.0004885197849944234
vn -0.0004885197849944234 -1 0.0004885197849944234
vn -0.0004885197849944234 -1 0.0004885197849944234
vn -0.0004885197849944234 -1 0.0004885197849944234
vn -0.0004885197849944234 -1 0.0004885197849944234
vn 0.0004885197849944234 -0.7840742468833923 0.6209086179733276
vn 0.0004885197849944234 -0.7840742468833923 0.6209086179733276
vn 0.0004885197849944234 -0.7840742468833923 0.6209086179733276
vn 0.0004885197849944234 -0.7840742468833923 0.6209086179733276
vn 0.0004885197849944234 -0.7840742468833923 0.6209086179733276
vn 0.0004885197849944234 -0.7840742468833923 0.6209086179733276
vn 0.0004885197849944234 -0.7840742468833923 0.6209086179733276
vn 0.0004885197849944234 -0.7840742468833923 0.6209086179733276
vn 0.0004885197849944234 1 0.0004885197849944234
vn 0.0004885197849944234 1 0.0004885197849944234
vn 0.0004885197849944234 1 0.0004885197849944234
vn 0.0004885197849944234 1 0.0004885197849944234
vn 0.0004885197849944234 -1 -0.0004885197849944234
vn 0.0004885197849944234 -1 -0.0004885197849944234
vn 0.0004885197849944234 -1 -0.0004885197849944234
vn 0.0004885197849944234 -1 -0.0004885197849944234
vn 0.0004885197849944234 -1 -0.0004885197849944234
vn 0.0004885197849944234 -1 -0.0004885197849944234
vn 0.0004885197849944234 -1 -0.0004885197849944234
vn 0.0004885197849944234 -1 -0.0004885197849944234
vn 0.0004885197849944234 -1 -0.0004885197849944234
vn 0.0004885197849944234 -1 -0.0004885197849944234
vn 0.0004885197849944234 -1 -0.0004885197849944234
vn 0.0004885197849944234 -1 -0.0004885197849944234
vn -0.0004885197849944234 -1 -0.0004885197849944234
vn -0.0004885197849944234 -1 -0.0004885197849944234
vn -0.0004885197849944234 -1 -0.0004885197849944234
vn -0.0004885197849944234 -1 -0.0004885197849944234
vn 0.0004885197849944234 -1 -0.0004885197849944234
vn 0.0004885197849944234 -1 -0.0004885197849944234
vn 0.0004885197849944234 -1 -0.0004885197849944234
vn 0.0004885197849944234 -1 -0.0004885197849944234
vn 0.0004885197849944234 -1 -0.0004885197849944234
vn 0.0004885197849944234 -1 -0.0004885197849944234
vn 0.0004885197849944234 -1 -0.0004885197849944234
vn 0.0004885197849944234 -1 -0.0004885197849944234
vn 0.0004885197849944234 -1 -0.0004885197849944234
vn 0.0004885197849944234 -1 -0.0004885197849944234
vn 0.0004885197849944234 -1 -0.0004885197849944234
vn 0.0004885197849944234 -1 -0.0004885197849944234
vn 0.0004885197849944234 -1 -0.0004885197849944234
vn 0.0004885197849944234 -1 -0.0004885197849944234
vn 0.0004885197849944234 -1 -0.0004885197849944234
vn 0.0004885197849944234 -1 -0.0004885197849944234
vn -0.0004885197849944234 1 0.0004885197849944234
vn -0.0004885197849944234 1 0.0004885197849944234
vn -0.0004885197849944234 1 0.0004885197849944234
vn -0.0004885197849944234 1 0.0004885197849944234
vn 0.0004885197849944234 0.744015634059906 0.6678065657615662
vn 0.0004885197849944234 0.744015634059906 0.6678065657615662
vn 0.0004885197849944234 0.744015634059906 0.6678065657615662
vn 0.0004885197849944234 0.744015634059906 0.6678065657615662
vn 0.0004885197849944234 0.744015634059906 0.6678065657615662
vn 0.0004885197849944234 0.744015634059906 0.6678065657615662
vn 0.0004885197849944234 0.744015634059906 0.6678065657615662
vn 0.0004885197849944234 0.744015634059906 0.6678065657615662
vn 0.0004885197849944234 0.744015634059906 0.6678065657615662
vn 0.0004885197849944234 0.744015634059906 0.6678065657615662
vn 0.0004885197849944234 0.744015634059906 0.6678065657615662
vn 0.0004885197849944234 0.744015634059906 0.6678065657615662
vn 0.0004885197849944234 0.0004885197849944234 -1
vn 0.0004885197849944234 0.0004885197849944234 -1
vn 0.0004885197849944234 0.0004885197849944234 -1
vn 0.0004885197849944234 0.0004885197849944234 -1
vn 0.0004885197849944234 0.0004885197849944234 -1
vn 0.0004885197849944234 0.0004885197849944234 -1
vn 0.0004885197849944234 0.0004885197849944234 -1
vn 0.0004885197849944234 0.0004885197849944234 -1
vn 0.0004885197849944234 0.0004885197849944234 -1
vn 0.0004885197849944234 0.0004885197849944234 -1
vn 0.0004885197849944234 0.0004885197849944234 -1
vn 0.0004885197849944234 0.0004885197849944234 -1
vn 0.0004885197849944234 1 0.0004885197849944234
vn 0.0004885197849944234 1 0.0004885197849944234
vn 0.0004885197849944234 1 0.0004885197849944234
vn 0.0004885197849944234 1 0.0004885197849944234
vn -0.6404494643211365 0.7068881392478943 0.29848557710647583
vn -0.17635564506053925 0.9804592132568359 0.08255984634160995
vn -0.17635564506053925 0.9804592132568359 0.08255984634160995
vn -0.6404494643211365 0.7068881392478943 0.29848557710647583
vn -0.9062042236328125 0.0004885197849944234 0.42256960272789
vn -0.9062042236328125 0.0004885197849944234 0.42256960272789
vn -0.6404494643211365 -0.7068881392478943 0.29848557710647583
vn -0.6404494643211365 -0.7068881392478943 0.29848557710647583
vn -0.17635564506053925 -0.9804592132568359 0.08255984634160995
vn -0.17635564506053925 -0.9804592132568359 0.08255984634160995
vn -0.0004885197849944234 -1 0.0004885197849944234
vn -0.0004885197849944234 -1 0.0004885197849944234
vn 0.0004885197849944234 0.8133854269981384 -0.5818270444869995
vn 0.0004885197849944234 0.8133854269981384 -0.5818270444869995
vn 0.0004885197849944234 0.8133854269981384 -0.5818270444869995
vn 0.0004885197849944234 0.8133854269981384 -0.5818270444869995
vn 0.0004885197849944234 0.8133854269981384 -0.5818270444869995
vn 0.0004885197849944234 0.8133854269981384 -0.5818270444869995
vn 0.0004885197849944234 0.8133854269981384 -0.5818270444869995
vn 0.0004885197849944234 0.8133854269981384 -0.5818270444869995
vn 0.0004885197849944234 -1 -0.0004885197849944234
vn -0.3825109899044037 -0.9237909317016602 -0.0004885197849944234
vn 0.0004885197849944234 -1 -0.0004885197849944234
vn -0.3825109899044037 -0.9237909317016602 -0.0004885197849944234
vn -0.7068881392478943 -0.7068881392478943 -0.0004885197849944234
vn -0.7068881392478943 -0.7068881392478943 -0.0004885197849944234
vn -0.9237909317016602 -0.3825109899044037 -0.0004885197849944234
vn -0.9237909317016602 -0.3825109899044037 -0.0004885197849944234
vn -1 0.0004885197849944234 0.0004885197849944234
vn -1 0.0004885197849944234 0.0004885197849944234
vn -0.9237909317016602 0.3825109899044037 0.0004885197849944234
vn -0.9237909317016602 0.3825109899044037 0.0004885197849944234
vn -0.7068881392478943 0.7068881392478943 0.0004885197849944234
vn -0.7068881392478943 0.7068881392478943 0.0004885197849944234
vn -0.3825109899044037 0.9237909317016602 0.0004885197849944234
vn -0.3825109899044037 0.9237909317016602 0.0004885197849944234
vn 0.0004885197849944234 1 0.0004885197849944234
vn 0.0004885197849944234 1 0.0004885197849944234
vn 0.3825109899044037 0.9237909317016602 0.0004885197849944234
vn 0.3825109899044037 0.9237909317016602 0.0004885197849944234
vn 0.7068881392478943 0.7068881392478943 0.0004885197849944234
vn 0.7068881392478943 0.7068881392478943 0.0004885197849944234
vn 0.9237909317016602 0.3825109899044037 0.0004885197849944234
vn 0.9237909317016602 0.3825109899044037 0.0004885197849944234
vn 1 0.0004885197849944234 0.0004885197849944234
vn 1 0.0004885197849944234 0.0004885197849944234
vn 0.9237909317016602 -0.3825109899044037 -0.0004885197849944234
vn 0.9237909317016602 -0.3825109899044037 -0.0004885197849944234
vn 0.7068881392478943 -0.7068881392478943 -0.0004885197849944234
vn 0.7068881392478943 -0.7068881392478943 -0.0004885197849944234
vn 0.3825109899044037 -0.9237909317016602 -0.0004885197849944234
vn 0.3825109899044037 -0.9237909317016602 -0.0004885197849944234
vn 0.0004885197849944234 -1 -0.0004885197849944234
vn 0.0004885197849944234 -1 -0.0004885197849944234
vn 0.0004885197849944234 -0.5183194875717163 0.854421079158783
vn 0.0004885197849944234 -0.5183194875717163 0.854421079158783
vn 0.0004885197849944234 -0.5183194875717163 0.854421079158783
vn 0.0004885197849944234 -0.5183194875717163 0.854421079158783
vn 0.0004885197849944234 0.0004885197849944234 -1
vn 0.0004885197849944234 0.0004885197849944234 -1
vn 0.0004885197849944234 0.0004885197849944234 -1
vn 0.0004885197849944234 0.0004885197849944234 -1
vn 0.0004885197849944234 0.0004885197849944234 -1
vn 0.0004885197849944234 0.0004885197849944234 -1
vn 0.0004885197849944234 0.0004885197849944234 -1
vn 0.0004885197849944234 0.0004885197849944234 -1
vn 0.0004885197849944234 0.0004885197849944234 -1
vn 0.0004885197849944234 0.0004885197849944234 -1
vn 0.0004885197849944234 0.0004885197849944234 -1
vn 0.0004885197849944234 0.0004885197849944234 -1
vn 0.0004885197849944234 0.0004885197849944234 -1
vn 0.0004885197849944234 0.0004885197849944234 -1
vn 0.0004885197849944234 0.0004885197849944234 -1
vn 0.0004885197849944234 0.0004885197849944234 -1
vn 0.0004885197849944234 -1 -0.0004885197849944234
vn 0.0004885197849944234 -1 -0.0004885197849944234
vn 0.0004885197849944234 -1 -0.0004885197849944234
vn 0.0004885197849944234 -1 -0.0004885197849944234
vn -0.0004885197849944234 -1 -0.0004885197849944234
vn -0.0004885197849944234 -1 -0.0004885197849944234
vn -0.0004885197849944234 -1 -0.0004885197849944234
vn -0.0004885197849944234 -1 -0.0004885197849944234
vn -0.0004885197849944234 -1 -0.0004885197849944234
vn -0.0004885197849944234 -1 -0.0004885197849944234
vn -0.0004885197849944234 -1 -0.0004885197849944234
vn -0.0004885197849944234 -1 -0.0004885197849944234
vn 0.0004885197849944234 -1 -0.0004885197849944234
vn 0.0004885197849944234 -1 -0.0004885197849944234
vn 0.0004885197849944234 -1 -0.0004885197849944234
vn 0.0004885197849944234 -1 -0.0004885197849944234
vn 0.0004885197849944234 -1 -0.0004885197849944234
vn 0.0004885197849944234 -1 -0.0004885197849944234
vn 0.0004885197849944234 -1 -0.0004885197849944234
vn 0.0004885197849944234 -1 -0.0004885197849944234
vn 0.0004885197849944234 -1 -0.0004885197849944234
vn 0.0004885197849944234 -1 -0.0004885197849944234
vn 0.0004885197849944234 -1 -0.0004885197849944234
vn 0.0004885197849944234 -1 -0.0004885197849944234
vn 0.0004885197849944234 -1 -0.0004885197849944234
vn 0.0004885197849944234 -1 -0.0004885197849944234
vn 0.0004885197849944234 -1 -0.0004885197849944234
vn 0.0004885197849944234 -1 -0.0004885197849944234
vn 0.0004885197849944234 -1 -0.0004885197849944234
vn 0.0004885197849944234 -1 -0.0004885197849944234
vn 0.0004885197849944234 -1 -0.0004885197849944234
vn 0.0004885197849944234 -1 -0.0004885197849944234
vn 0.0004885197849944234 1 0.0004885197849944234
vn 0.0004885197849944234 1 0.0004885197849944234
vn 0.0004885197849944234 1 0.0004885197849944234
vn 0.0004885197849944234 1 0.0004885197849944234
vn 0.0004885197849944234 0.0004885197849944234 -1
vn 0.0004885197849944234 0.0004885197849944234 -1
vn 0.0004885197849944234 0.0004885197849944234 -1
vn 0.0004885197849944234 0.0004885197849944234 -1
vn 0.0004885197849944234 0.0004885197849944234 -1
vn 0.0004885197849944234 0.0004885197849944234 -1
vn 0.0004885197849944234 0.0004885197849944234 -1
vn 0.0004885197849944234 0.0004885197849944234 -1
vn 0.0004885197849944234 0.0004885197849944234 -1
vn 0.0004885197849944234 0.0004885197849944234 -1
vn 0.0004885197849944234 0.0004885197849944234 -1
vn 0.0004885197849944234 0.0004885197849944234 -1
vn 0.0004885197849944234 0.0004885197849944234 -1
vn 0.0004885197849944234 0.0004885197849944234 -1
vn 0.0004885197849944234 0.0004885197849944234 -1
vn 0.0004885197849944234 0.0004885197849944234 -1
vn 0.0004885197849944234 -0.7068881392478943 0.7068881392478943
vn 0.0004885197849944234 -0.7068881392478943 0.7068881392478943
vn 0.0004885197849944234 -0.7068881392478943 0.7068881392478943
vn 0.0004885197849944234 -0.7068881392478943 0.7068881392478943
vn 0.0004885197849944234 0.9658036231994629 0.2584269642829895
vn 0.0004885197849944234 0.9658036231994629 0.2584269642829895
vn 0.0004885197849944234 0.9658036231994629 0.2584269642829895
vn 0.0004885197849944234 0.9658036231994629 0.2584269642829895
vn -0.6404494643211365 0.7068881392478943 0.29848557710647583
vn 0.0004885197849944234 1 -0.0004885197849944234
vn 0.0004885197849944234 1 -0.0004885197849944234
vn -0.6404494643211365 0.7068881392478943 0.29848557710647583
vn -0.9062042236328125 0.0004885197849944234 0.42256960272789
vn -0.9062042236328125 0.0004885197849944234 0.42256960272789
vn -0.6404494643211365 -0.7068881392478943 0.29848557710647583
vn -0.6404494643211365 -0.7068881392478943 0.29848557710647583
vn 0.0004885197849944234 -1 0.0004885197849944234
vn 0.0004885197849944234 -1 0.0004885197849944234
vn 0.6404494643211365 -0.7068881392478943 -0.29848557710647583
vn 0.6404494643211365 -0.7068881392478943 -0.29848557710647583
vn 0.9062042236328125 0.0004885197849944234 -0.42256960272789
vn 0.9062042236328125 0.0004885197849944234 -0.42256960272789
vn 0.6404494643211365 0.7068881392478943 -0.29848557710647583
vn 0.6404494643211365 0.7068881392478943 -0.29848557710647583
vn 0.0004885197849944234 1 -0.0004885197849944234
vn 0.0004885197849944234 1 -0.0004885197849944234
vn 0.0004885197849944234 -1 -0.0014655593549832702
vn 0.0004885197849944234 -1 -0.0014655593549832702
vn 0.0004885197849944234 -1 -0.0014655593549832702
vn 0.0004885197849944234 -1 -0.0014655593549832702
vn 0.0004885197849944234 -1 -0.0014655593549832702
vn 0.0004885197849944234 -1 -0.0014655593549832702
vn 0.0004885197849944234 -0.7186126112937927 -0.6951636672019958
vn 0.0004885197849944234 -0.7186126112937927 -0.6951636672019958
vn 0.0004885197849944234 -0.7186126112937927 -0.6951636672019958
vn 0.0004885197849944234 -0.7186126112937927 -0.6951636672019958
vn 0.0004885197849944234 -0.7186126112937927 -0.6951636672019958
vn 0.0004885197849944234 -0.7186126112937927 -0.6951636672019958
vn 0.0004885197849944234 -0.7186126112937927 -0.6951636672019958
vn 0.0004885197849944234 -0.7186126112937927 -0.6951636672019958
vn 0.0004885197849944234 -0.7186126112937927 -0.6951636672019958
vn 0.0004885197849944234 -0.7186126112937927 -0.6951636672019958
vn 0.0004885197849944234 -0.7186126112937927 -0.6951636672019958
vn 0.0004885197849944234 -0.7186126112937927 -0.6951636672019958
vn 0.0004885197849944234 -0.43233999609947205 0.9013190269470215
vn 0.0004885197849944234 -0.43233999609947205 0.9013190269470215
vn 0.0004885197849944234 -0.43233999609947205 0.9013190269470215
vn 0.0004885197849944234 -0.43233999609947205 0.9013190269470215
vn 0.0004885197849944234 -0.43233999609947205 0.9013190269470215
vn 0.0004885197849944234 -0.43233999609947205 0.9013190269470215
vn 0.0004885197849944234 -0.43233999609947205 0.9013190269470215
vn 0.0004885197849944234 -0.43233999609947205 0.9013190269470215
vn 0.0004885197849944234 -1 -0.0004885197849944234
vn 0.0004885197849944234 -1 -0.0004885197849944234
vn 0.0004885197849944234 -1 -0.0004885197849944234
vn 0.0004885197849944234 -1 -0.0004885197849944234
vn 0.0004885197849944234 -1 -0.0004885197849944234
vn 0.0004885197849944234 -1 -0.0004885197849944234
vn 0.0004885197849944234 -1 -0.0004885197849944234
vn 0.0004885197849944234 -1 -0.0004885197849944234
vn -0.0004885197849944234 -1 -0.0004885197849944234
vn -0.0004885197849944234 -1 -0.0004885197849944234
vn -0.0004885197849944234 -1 -0.0004885197849944234
vn -0.0004885197849944234 -1 -0.0004885197849944234
vn 0.0004885197849944234 -1 -0.0004885197849944234
vn 0.0004885197849944234 -1 -0.0004885197849944234
vn 0.0004885197849944234 -1 -0.0004885197849944234
vn 0.0004885197849944234 -1 -0.0004885197849944234
vn 0.0004885197849944234 -1 -0.0004885197849944234
vn 0.0004885197849944234 -1 -0.0004885197849944234
vn 0.0004885197849944234 -1 -0.0004885197849944234
vn 0.0004885197849944234 -1 -0.0004885197849944234
vn 0.0004885197849944234 0.0004885197849944234 -1
vn 0.0004885197849944234 0.0004885197849944234 -1
vn 0.0004885197849944234 0.0004885197849944234 -1
vn 0.0004885197849944234 0.0004885197849944234 -1
vn 0.0004885197849944234 0.0004885197849944234 -1
vn 0.0004885197849944234 0.0004885197849944234 -1
vn 0.0004885197849944234 0.0004885197849944234 -1
vn 0.0004885197849944234 0.0004885197849944234 -1
vn 0.0004885197849944234 0.0004885197849944234 -1
vn 0.0004885197849944234 0.0004885197849944234 -1
vn 0.0004885197849944234 0.0004885197849944234 -1
vn 0.0004885197849944234 0.0004885197849944234 -1
vn 0.0004885197849944234 0.0004885197849944234 -1
vn 0.0004885197849944234 0.0004885197849944234 -1
vn 0.0004885197849944234 0.0004885197849944234 -1
vn 0.0004885197849944234 0.0004885197849944234 -1
vn 0.0004885197849944234 0.0004885197849944234 -1
vn 0.0004885197849944234 0.0004885197849944234 -1
vn 0.0004885197849944234 0.0004885197849944234 -1
vn 0.0004885197849944234 0.0004885197849944234 -1
vn 0.0004885197849944234 0.0004885197849944234 -1
vn 0.0004885197849944234 0.0004885197849944234 -1
vn 0.0004885197849944234 0.0004885197849944234 -1
vn 0.0004885197849944234 0.0004885197849944234 -1
vn 0.0004885197849944234 -0.3629702031612396 0.9316072463989258
vn 0.0004885197849944234 -0.3629702031612396 0.9316072463989258
vn 0.0004885197849944234 -0.3629702031612396 0.9316072463989258
vn 0.0004885197849944234 -0.3629702031612396 0.9316072463989258
vn 0.0004885197849944234 1 0.0004885197849944234
vn 0.0004885197849944234 1 0.0004885197849944234
vn 0.0004885197849944234 1 0.0004885197849944234
vn 0.0004885197849944234 1 0.0004885197849944234
vn 0.0004885197849944234 1 0.0004885197849944234
vn 0.0004885197849944234 1 0.0004885197849944234
vn 0.0004885197849944234 1 0.0004885197849944234
vn 0.0004885197849944234 1 0.0004885197849944234
vn 0.0004885197849944234 -0.9149975776672363 0.40302881598472595
vn 0.0004885197849944234 -0.9149975776672363 0.40302881598472595
vn 0.0004885197849944234 -0.9149975776672363 0.40302881598472595
vn 0.0004885197849944234 -0.9149975776672363 0.40302881598472595
vn 0.0004885197849944234 -0.9052271842956543 0.4245236814022064
vn 0.0004885197849944234 -0.9052271842956543 0.4245236814022064
vn 0.0004885197849944234 -0.9052271842956543 0.4245236814022064
vn 0.0004885197849944234 -0.9052271842956543 0.4245236814022064
vn 0.42256960272789 0.0004885197849944234 0.9062042236328125
vn 0.42256960272789 0.0004885197849944234 0.9062042236328125
vn 0.42256960272789 0.0004885197849944234 0.9062042236328125
vn 0.42256960272789 0.0004885197849944234 0.9062042236328125
vn 0.42256960272789 0.0004885197849944234 0.9062042236328125
vn 0.42256960272789 0.0004885197849944234 0.9062042236328125
vn 0.42256960272789 0.0004885197849944234 0.9062042236328125
vn 0.42256960272789 0.0004885197849944234 0.9062042236328125
vn 0.0004885197849944234 -0.0004885197849944234 1
vn 0.0004885197849944234 -0.0004885197849944234 1
vn 0.0004885197849944234 -0.0004885197849944234 1
vn 0.0004885197849944234 -0.0004885197849944234 1
vn -0.0004885197849944234 -0.0004885197849944234 1
vn -0.0004885197849944234 -0.0004885197849944234 1
vn -0.0004885197849944234 -0.0004885197849944234 1
vn -0.0004885197849944234 -0.0004885197849944234 1
vn 0.0004885197849944234 -0.0004885197849944234 1
vn 0.0004885197849944234 -0.0004885197849944234 1
vn 0.0004885197849944234 -0.0004885197849944234 1
vn 0.0004885197849944234 -0.0004885197849944234 1
vn 0.0004885197849944234 -0.0004885197849944234 1
vn 0.0004885197849944234 -0.0004885197849944234 1
vn 0.0004885197849944234 -0.0004885197849944234 1
vn 0.0004885197849944234 -0.0004885197849944234 1
vn 0.42256960272789 0.0004885197849944234 0.9062042236328125
vn 0.42256960272789 0.0004885197849944234 0.9062042236328125
vn 0.42256960272789 0.0004885197849944234 0.9062042236328125
vn 0.42256960272789 0.0004885197849944234 0.9062042236328125
vn 0.42256960272789 0.0004885197849944234 0.9062042236328125
vn 0.42256960272789 0.0004885197849944234 0.9062042236328125
vn 0.42256960272789 0.0004885197849944234 0.9062042236328125
vn 0.42256960272789 0.0004885197849944234 0.9062042236328125
vn 0.0004885197849944234 -0.2584269642829895 0.9658036231994629
vn 0.0004885197849944234 -0.2584269642829895 0.9658036231994629
vn 0.0004885197849944234 -0.2584269642829895 0.9658036231994629
vn 0.0004885197849944234 -0.2584269642829895 0.9658036231994629
vn 0.0004885197849944234 0.7068881392478943 0.7068881392478943
vn 0.0004885197849944234 0.7068881392478943 0.7068881392478943
vn 0.0004885197849944234 0.7068881392478943 0.7068881392478943
vn 0.0004885197849944234 0.7068881392478943 0.7068881392478943
vn 0.0004885197849944234 -0.0004885197849944234 1
vn 0.0004885197849944234 -0.0004885197849944234 1
vn 0.0004885197849944234 -0.0004885197849944234 1
vn 0.0004885197849944234 -0.0004885197849944234 1
vn -0.3825109899044037 -0.9237909317016602 -0.0004885197849944234
vn 0.0004885197849944234 -1 -0.0004885197849944234
vn 0.0004885197849944234 -1 -0.0004885197849944234
vn -0.3825109899044037 -0.9237909317016602 -0.0004885197849944234
vn -0.7068881392478943 -0.7068881392478943 -0.0004885197849944234
vn -0.7068881392478943 -0.7068881392478943 -0.0004885197849944234
vn -0.9237909317016602 -0.3825109899044037 -0.0004885197849944234
vn -0.9237909317016602 -0.3825109899044037 -0.0004885197849944234
vn -1 0.0004885197849944234 0.0004885197849944234
vn -1 0.0004885197849944234 0.0004885197849944234
vn -0.9237909317016602 0.3825109899044037 0.0004885197849944234
vn -0.9237909317016602 0.3825109899044037 0.0004885197849944234
vn -0.7068881392478943 0.7068881392478943 0.0004885197849944234
vn -0.7068881392478943 0.7068881392478943 0.0004885197849944234
vn -0.3825109899044037 0.9237909317016602 0.0004885197849944234
vn -0.3825109899044037 0.9237909317016602 0.0004885197849944234
vn 0.0004885197849944234 1 0.0004885197849944234
vn 0.0004885197849944234 1 0.0004885197849944234
vn 0.3825109899044037 0.9237909317016602 0.0004885197849944234
vn 0.3825109899044037 0.9237909317016602 0.0004885197849944234
vn 0.7068881392478943 0.7068881392478943 0.0004885197849944234
vn 0.7068881392478943 0.7068881392478943 0.0004885197849944234
vn 0.9237909317016602 0.3825109899044037 0.0004885197849944234
vn 0.9237909317016602 0.3825109899044037 0.0004885197849944234
vn 1 0.0004885197849944234 0.0004885197849944234
vn 1 0.0004885197849944234 0.0004885197849944234
vn 0.9237909317016602 -0.3825109899044037 -0.0004885197849944234
vn 0.9237909317016602 -0.3825109899044037 -0.0004885197849944234
vn 0.7068881392478943 -0.7068881392478943 -0.0004885197849944234
vn 0.7068881392478943 -0.7068881392478943 -0.0004885197849944234
vn 0.3825109899044037 -0.9237909317016602 -0.0004885197849944234
vn 0.3825109899044037 -0.9237909317016602 -0.0004885197849944234
vn 0.0004885197849944234 -1 -0.0004885197849944234
vn 0.0004885197849944234 -1 -0.0004885197849944234
vn 0.0004885197849944234 -0.0004885197849944234 1
vn 0.0004885197849944234 -0.0004885197849944234 1
vn 0.0004885197849944234 -0.0004885197849944234 1
vn 0.0004885197849944234 -0.0004885197849944234 1
vn 0.0004885197849944234 -0.0004885197849944234 1
vn 0.0004885197849944234 -0.0004885197849944234 1
vn 0.0004885197849944234 -0.0004885197849944234 1
vn 0.0004885197849944234 -0.0004885197849944234 1
vn 0.0014655593549832702 0.7762579321861267 0.6306790709495544
vn 0.0014655593549832702 0.7762579321861267 0.6306790709495544
vn 0.0014655593549832702 0.7762579321861267 0.6306790709495544
vn 0.0014655593549832702 0.7762579321861267 0.6306790709495544
vn -0.0014655593549832702 0.7762579321861267 0.6306790709495544
vn -0.0014655593549832702 0.7762579321861267 0.6306790709495544
vn -0.0014655593549832702 0.7762579321861267 0.6306790709495544
vn -0.0014655593549832702 0.7762579321861267 0.6306790709495544
vn 0.0004885197849944234 -0.8172935843467712 0.5759648084640503
vn 0.0004885197849944234 -0.8172935843467712 0.5759648084640503
vn 0.0004885197849944234 -0.8172935843467712 0.5759648084640503
vn 0.0004885197849944234 -0.8172935843467712 0.5759648084640503
vn -0.0004885197849944234 -0.8172935843467712 0.5759648084640503
vn -0.0004885197849944234 -0.8172935843467712 0.5759648084640503
vn -0.0004885197849944234 -0.8172935843467712 0.5759648084640503
vn -0.0004885197849944234 -0.8172935843467712 0.5759648084640503
vn -0.0004885197849944234 -0.8172935843467712 0.5759648084640503
vn -0.0004885197849944234 -0.8172935843467712 0.5759648084640503
vn -0.0004885197849944234 -0.8172935843467712 0.5759648084640503
vn -0.0004885197849944234 -0.8172935843467712 0.5759648084640503
vn 0.0004885197849944234 -0.8172935843467712 0.5759648084640503
vn 0.0004885197849944234 -0.8172935843467712 0.5759648084640503
vn 0.0004885197849944234 -0.8172935843467712 0.5759648084640503
vn 0.0004885197849944234 -0.8172935843467712 0.5759648084640503
vn 0.0004885197849944234 -0.0004885197849944234 1
vn 0.0004885197849944234 -0.0004885197849944234 1
vn 0.0004885197849944234 -0.0004885197849944234 1
vn 0.0004885197849944234 -0.0004885197849944234 1
vn 0.0004885197849944234 0.9101123809814453 0.4137762486934662
vn 0.0004885197849944234 0.9101123809814453 0.4137762486934662
vn 0.0004885197849944234 0.9101123809814453 0.4137762486934662
vn 0.0004885197849944234 0.9101123809814453 0.4137762486934662
vn 0.0004885197849944234 0.9101123809814453 0.4137762486934662
vn 0.0004885197849944234 0.9101123809814453 0.4137762486934662
vn 0.0004885197849944234 0.9101123809814453 0.4137762486934662
vn 0.0004885197849944234 0.9101123809814453 0.4137762486934662
vn 0.0004885197849944234 0.6922325491905212 0.7215437293052673
vn 0.0004885197849944234 0.6922325491905212 0.7215437293052673
vn 0.0004885197849944234 0.6922325491905212 0.7215437293052673
vn 0.0004885197849944234 0.6922325491905212 0.7215437293052673
vn 0.0004885197849944234 0.2584269642829895 0.9658036231994629
vn 0.0004885197849944234 0.2584269642829895 0.9658036231994629
vn 0.0004885197849944234 0.2584269642829895 0.9658036231994629
vn 0.0004885197849944234 0.2584269642829895 0.9658036231994629
vn 0.0004885197849944234 -0.0004885197849944234 1
vn 0.0004885197849944234 -0.0004885197849944234 1
vn 0.0004885197849944234 -0.0004885197849944234 1
vn 0.0004885197849944234 -0.0004885197849944234 1
vn 0.0004885197849944234 0.2906692624092102 0.9570102691650391
vn 0.0004885197849944234 0.2906692624092102 0.9570102691650391
vn 0.0004885197849944234 0.2906692624092102 0.9570102691650391
vn 0.0004885197849944234 0.2906692624092102 0.9570102691650391
vn 0.0004885197849944234 0.2906692624092102 0.9570102691650391
vn 0.0004885197849944234 0.2906692624092102 0.9570102691650391
vn 0.0004885197849944234 0.2906692624092102 0.9570102691650391
vn 0.0004885197849944234 0.2906692624092102 0.9570102691650391
vn 0.0004885197849944234 0.6511968970298767 0.758671224117279
vn 0.0004885197849944234 0.6511968970298767 0.758671224117279
vn 0.0004885197849944234 0.6511968970298767 0.758671224117279
vn 0.0004885197849944234 0.6511968970298767 0.758671224117279
vn 0.0004885197849944234 0.6511968970298767 0.758671224117279
vn 0.0004885197849944234 0.6511968970298767 0.758671224117279
vn 0.0004885197849944234 0.6511968970298767 0.758671224117279
vn 0.0004885197849944234 0.6511968970298767 0.758671224117279
vn -0.0004885197849944234 0.7616023421287537 -0.6482657790184021
vn -0.0004885197849944234 0.7616023421287537 -0.6482657790184021
vn -0.0004885197849944234 0.7616023421287537 -0.6482657790184021
vn -0.0004885197849944234 0.7616023421287537 -0.6482657790184021
vn -0.0004885197849944234 0.7616023421287537 -0.6482657790184021
vn -0.0004885197849944234 0.7616023421287537 -0.6482657790184021
vn 0.0004885197849944234 0.7616023421287537 -0.6482657790184021
vn 0.0004885197849944234 0.7616023421287537 -0.6482657790184021
vn 0.0004885197849944234 0.7616023421287537 -0.6482657790184021
vn 0.0004885197849944234 0.7616023421287537 -0.6482657790184021
vn 0.0004885197849944234 0.7616023421287537 -0.6482657790184021
vn 0.0004885197849944234 0.7616023421287537 -0.6482657790184021
vn -0.3825109899044037 -0.9237909317016602 -0.0004885197849944234
vn 0.0004885197849944234 -1 -0.0004885197849944234
vn 0.0004885197849944234 -1 -0.0004885197849944234
vn -0.3825109899044037 -0.9237909317016602 -0.0004885197849944234
vn -0.7068881392478943 -0.7068881392478943 -0.0004885197849944234
vn -0.7068881392478943 -0.7068881392478943 -0.0004885197849944234
vn -0.9237909317016602 -0.3825109899044037 -0.0004885197849944234
vn -0.9237909317016602 -0.3825109899044037 -0.0004885197849944234
vn -1 0.0004885197849944234 0.0004885197849944234
vn -1 0.0004885197849944234 0.0004885197849944234
vn -0.9237909317016602 0.3825109899044037 0.0004885197849944234
vn -0.9237909317016602 0.3825109899044037 0.0004885197849944234
vn -0.7068881392478943 0.7068881392478943 0.0004885197849944234
vn -0.7068881392478943 0.7068881392478943 0.0004885197849944234
vn -0.3825109899044037 0.9237909317016602 0.0004885197849944234
vn -0.3825109899044037 0.9237909317016602 0.0004885197849944234
vn 0.0004885197849944234 1 0.0004885197849944234
vn 0.0004885197849944234 1 0.0004885197849944234
vn 0.3825109899044037 0.9237909317016602 0.0004885197849944234
vn 0.3825109899044037 0.9237909317016602 0.0004885197849944234
vn 0.7068881392478943 0.7068881392478943 0.0004885197849944234
vn 0.7068881392478943 0.7068881392478943 0.0004885197849944234
vn 0.9237909317016602 0.3825109899044037 0.0004885197849944234
vn 0.9237909317016602 0.3825109899044037 0.0004885197849944234
vn 1 0.0004885197849944234 0.0004885197849944234
vn 1 0.0004885197849944234 0.0004885197849944234
vn 0.9237909317016602 -0.3825109899044037 -0.0004885197849944234
vn 0.9237909317016602 -0.3825109899044037 -0.0004885197849944234
vn 0.7068881392478943 -0.7068881392478943 -0.0004885197849944234
vn 0.7068881392478943 -0.7068881392478943 -0.0004885197849944234
vn 0.3825109899044037 -0.9237909317016602 -0.0004885197849944234
vn 0.3825109899044037 -0.9237909317016602 -0.0004885197849944234
vn 0.0004885197849944234 -1 -0.0004885197849944234
vn 0.0004885197849944234 -1 -0.0004885197849944234
vn 0.0004885197849944234 -0.7811431288719177 0.6248167753219604
vn 0.0004885197849944234 -0.7811431288719177 0.6248167753219604
vn 0.0004885197849944234 -0.7811431288719177 0.6248167753219604
vn 0.0004885197849944234 -0.7811431288719177 0.6248167753219604
vn 0.0004885197849944234 0.30337077379226685 0.9531021118164062
vn 0.0004885197849944234 0.30337077379226685 0.9531021118164062
vn 0.0004885197849944234 0.30337077379226685 0.9531021118164062
vn 0.0004885197849944234 0.30337077379226685 0.9531021118164062
vn 0.0004885197849944234 0.30337077379226685 0.9531021118164062
vn 0.0004885197849944234 0.30337077379226685 0.9531021118164062
vn 0.0004885197849944234 0.30337077379226685 0.9531021118164062
vn 0.0004885197849944234 0.30337077379226685 0.9531021118164062
vn 0.42256960272789 0.0004885197849944234 0.9062042236328125
vn 0.42256960272789 0.0004885197849944234 0.9062042236328125
vn 0.42256960272789 0.0004885197849944234 0.9062042236328125
vn 0.42256960272789 0.0004885197849944234 0.9062042236328125
vn 0.42256960272789 0.0004885197849944234 0.9062042236328125
vn 0.42256960272789 0.0004885197849944234 0.9062042236328125
vn 0.42256960272789 0.0004885197849944234 0.9062042236328125
vn 0.42256960272789 0.0004885197849944234 0.9062042236328125
vn 0.0004885197849944234 0.11382511258125305 0.9931607246398926
vn 0.0004885197849944234 0.11382511258125305 0.9931607246398926
vn 0.0004885197849944234 0.11382511258125305 0.9931607246398926
vn 0.0004885197849944234 0.11382511258125305 0.9931607246398926
vn -0.06790424883365631 -0.0004885197849944234 0.9980459213256836
vn 0.06790424883365631 -0.0004885197849944234 0.9980459213256836
vn 0.06790424883365631 -0.0004885197849944234 0.9980459213256836
vn 0.40595993399620056 -0.0004885197849944234 0.9140205383300781
vn -0.06790424883365631 -0.0004885197849944234 0.9980459213256836
vn 0.40595993399620056 -0.0004885197849944234 0.9140205383300781
vn -0.40595993399620056 -0.0004885197849944234 0.9140205383300781
vn 0.8651685118675232 -0.0004885197849944234 0.5017098188400269
vn -0.40595993399620056 -0.0004885197849944234 0.9140205383300781
vn 0.8651685118675232 -0.0004885197849944234 0.5017098188400269
vn 0.9843673706054688 0.0004885197849944234 0.17440156638622284
vn 0.9843673706054688 0.0004885197849944234 0.17440156638622284
vn -0.8651685118675232 -0.0004885197849944234 0.5017098188400269
vn -0.8651685118675232 -0.0004885197849944234 0.5017098188400269
vn -0.9843673706054688 0.0004885197849944234 0.17440156638622284
vn -0.9843673706054688 0.0004885197849944234 0.17440156638622284
vn 0.0004885197849944234 -0.7547630667686462 0.6560820937156677
vn 0.0004885197849944234 -0.7547630667686462 0.6560820937156677
vn 0.0004885197849944234 -0.7547630667686462 0.6560820937156677
vn 0.0004885197849944234 -0.7547630667686462 0.6560820937156677
vn 0.0004885197849944234 -0.0004885197849944234 1
vn 0.0004885197849944234 -0.0004885197849944234 1
vn 0.0004885197849944234 -0.0004885197849944234 1
vn 0.0004885197849944234 -0.0004885197849944234 1
vn 0.0004885197849944234 -0.0004885197849944234 1
vn 0.0004885197849944234 -0.0004885197849944234 1
vn 0.0004885197849944234 -0.0004885197849944234 1
vn 0.0004885197849944234 -0.0004885197849944234 1
vn 0.0004885197849944234 -0.0004885197849944234 1
vn 0.0004885197849944234 -0.0004885197849944234 1
vn 0.0004885197849944234 -0.0004885197849944234 1
vn 0.0004885197849944234 -0.0004885197849944234 1
vn 0.0004885197849944234 -0.6678065657615662 0.744015634059906
vn 0.0004885197849944234 -0.6678065657615662 0.744015634059906
vn 0.0004885197849944234 -0.6678065657615662 0.744015634059906
vn 0.0004885197849944234 -0.6678065657615662 0.744015634059906
vn 0.0004885197849944234 0.6414265036582947 -0.7674645781517029
vn 0.0004885197849944234 0.6414265036582947 -0.7674645781517029
vn 0.0004885197849944234 0.6414265036582947 -0.7674645781517029
vn 0.0004885197849944234 0.6414265036582947 -0.7674645781517029
vn 0.0004885197849944234 0.6414265036582947 -0.7674645781517029
vn 0.0004885197849944234 0.6414265036582947 -0.7674645781517029
vn 0.0004885197849944234 0.6414265036582947 -0.7674645781517029
vn 0.0004885197849944234 0.6414265036582947 -0.7674645781517029
vn 0.0004885197849944234 0.6414265036582947 -0.7674645781517029
vn 0.0004885197849944234 0.6414265036582947 -0.7674645781517029
vn 0.0004885197849944234 0.6414265036582947 -0.7674645781517029
vn 0.0004885197849944234 0.6414265036582947 -0.7674645781517029
vn 0.0004885197849944234 0.6414265036582947 -0.7674645781517029
vn 0.0004885197849944234 0.6414265036582947 -0.7674645781517029
vn 0.0004885197849944234 0.7811431288719177 0.6248167753219604
vn 0.0004885197849944234 0.7811431288719177 0.6248167753219604
vn 0.0004885197849944234 0.7811431288719177 0.6248167753219604
vn 0.0004885197849944234 0.7811431288719177 0.6248167753219604
vn -0.0004885197849944234 -0.0004885197849944234 1
vn -0.0004885197849944234 -0.0004885197849944234 1
vn -0.0004885197849944234 -0.0004885197849944234 1
vn -0.0004885197849944234 -0.0004885197849944234 1
vn -0.0004885197849944234 -0.0004885197849944234 1
vn -0.0004885197849944234 -0.0004885197849944234 1
vn -0.0004885197849944234 -0.0004885197849944234 1
vn -0.0004885197849944234 -0.0004885197849944234 1
vn -0.0004885197849944234 -0.0004885197849944234 1
vn -0.0004885197849944234 -0.0004885197849944234 1
vn -0.0004885197849944234 -0.0004885197849944234 1
vn -0.0004885197849944234 -0.0004885197849944234 1
vn -0.0004885197849944234 -0.0004885197849944234 1
vn -0.0004885197849944234 -0.0004885197849944234 1
vn -0.0004885197849944234 -0.0004885197849944234 1
vn -0.0004885197849944234 -0.0004885197849944234 1
vn 0.0004885197849944234 -0.0004885197849944234 1
vn 0.0004885197849944234 -0.0004885197849944234 1
vn 0.0004885197849944234 -0.0004885197849944234 1
vn 0.0004885197849944234 -0.0004885197849944234 1
vn 0.0004885197849944234 0.2261846661567688 -0.9745969772338867
vn 0.0004885197849944234 0.2261846661567688 -0.9745969772338867
vn 0.0004885197849944234 0.2261846661567688 -0.9745969772338867
vn 0.0004885197849944234 0.2261846661567688 -0.9745969772338867
vn 0.0004885197849944234 0.2261846661567688 -0.9745969772338867
vn 0.0004885197849944234 0.2261846661567688 -0.9745969772338867
vn 0.0004885197849944234 0.2261846661567688 -0.9745969772338867
vn 0.0004885197849944234 0.2261846661567688 -0.9745969772338867
vn 0.0004885197849944234 0.2261846661567688 -0.9745969772338867
vn 0.0004885197849944234 0.2261846661567688 -0.9745969772338867
vn -0.0004885197849944234 0.2261846661567688 -0.9745969772338867
vn -0.0004885197849944234 0.2261846661567688 -0.9745969772338867
vn -0.0004885197849944234 0.2261846661567688 -0.9745969772338867
vn -0.0004885197849944234 0.2261846661567688 -0.9745969772338867
vn 0.0004885197849944234 0.0004885197849944234 -1
vn 0.0004885197849944234 0.0004885197849944234 -1
vn 0.0004885197849944234 0.0004885197849944234 -1
vn 0.0004885197849944234 0.0004885197849944234 -1
vn 0.0004885197849944234 0.0004885197849944234 -1
vn 0.0004885197849944234 0.0004885197849944234 -1
vn 0.0004885197849944234 0.0004885197849944234 -1
vn 0.0004885197849944234 0.0004885197849944234 -1
vn 0.0004885197849944234 0.0004885197849944234 -1
vn 0.0004885197849944234 0.0004885197849944234 -1
vn 0.0004885197849944234 0.0004885197849944234 -1
vn 0.0004885197849944234 0.0004885197849944234 -1
vn 0.0004885197849944234 0.0004885197849944234 -1
vn 0.0004885197849944234 0.0004885197849944234 -1
vn 0.0004885197849944234 0.0004885197849944234 -1
vn 0.0004885197849944234 0.0004885197849944234 -1
vn 0.0004885197849944234 0.0004885197849944234 -1
vn 0.0004885197849944234 0.0004885197849944234 -1
vn 0.0004885197849944234 0.0004885197849944234 -1
vn 0.0004885197849944234 0.0004885197849944234 -1
vn 0.0004885197849944234 0.0004885197849944234 -1
vn 0.0004885197849944234 0.0004885197849944234 -1
vn 0.0004885197849944234 0.0004885197849944234 -1
vn 0.0004885197849944234 0.0004885197849944234 -1
vn 0.0004885197849944234 0.0004885197849944234 -1
vn 0.0004885197849944234 0.0004885197849944234 -1
vn 0.0004885197849944234 0.0004885197849944234 -1
vn 0.0004885197849944234 0.0004885197849944234 -1
vn -0.0004885197849944234 0.0004885197849944234 -1
vn -0.0004885197849944234 0.0004885197849944234 -1
vn -0.0004885197849944234 0.0004885197849944234 -1
vn -0.0004885197849944234 0.0004885197849944234 -1
vn 0.0004885197849944234 0.0004885197849944234 -1
vn 0.0004885197849944234 0.0004885197849944234 -1
vn 0.0004885197849944234 0.0004885197849944234 -1
vn 0.0004885197849944234 0.0004885197849944234 -1
vn -0.0004885197849944234 0.0004885197849944234 -1
vn -0.0004885197849944234 0.0004885197849944234 -1
vn -0.0004885197849944234 0.0004885197849944234 -1
vn -0.0004885197849944234 0.0004885197849944234 -1
vn -0.0004885197849944234 -0.0004885197849944234 -1
vn -0.0004885197849944234 -0.0004885197849944234 -1
vn -0.0004885197849944234 -0.0004885197849944234 -1
vn -0.0004885197849944234 -0.0004885197849944234 -1
vn 0.0004885197849944234 0.0004885197849944234 -1
vn 0.0004885197849944234 0.0004885197849944234 -1
vn 0.0004885197849944234 0.0004885197849944234 -1
vn 0.0004885197849944234 0.0004885197849944234 -1
vn 0.0004885197849944234 0.0004885197849944234 -1
vn 0.0004885197849944234 0.0004885197849944234 -1
vn 0.0004885197849944234 0.0004885197849944234 -1
vn 0.0004885197849944234 0.0004885197849944234 -1
vn 0.0004885197849944234 0.0004885197849944234 -1
vn 0.0004885197849944234 0.0004885197849944234 -1
vn 0.0004885197849944234 -0.0004885197849944234 -1
vn 0.0004885197849944234 -0.0004885197849944234 -1
vn 0.0004885197849944234 -0.0004885197849944234 -1
vn 0.0004885197849944234 -0.0004885197849944234 -1
vn 0.0004885197849944234 0.0004885197849944234 -1
vn 0.0004885197849944234 0.0004885197849944234 -1
vn 0.0004885197849944234 0.0004885197849944234 -1
vn 0.0004885197849944234 0.0004885197849944234 -1
vn 0.0004885197849944234 -0.0004885197849944234 -1
vn 0.0004885197849944234 -0.0004885197849944234 -1
vn 0.0004885197849944234 -0.0004885197849944234 -1
vn 0.0004885197849944234 -0.0004885197849944234 -1
vn 0.0004885197849944234 0.0004885197849944234 -1
vn 0.0004885197849944234 0.0004885197849944234 -1
vn 0.0004885197849944234 0.0004885197849944234 -1
vn 0.0004885197849944234 0.0004885197849944234 -1
vn 0.0004885197849944234 0.0004885197849944234 -1
vn 0.0004885197849944234 0.0004885197849944234 -1
vn 0.0004885197849944234 0.0004885197849944234 -1
vn 0.0004885197849944234 0.0004885197849944234 -1
vn 0.0004885197849944234 0.0004885197849944234 -1
vn 0.0004885197849944234 0.0004885197849944234 -1
vn 0.0004885197849944234 0.0004885197849944234 -1
vn 0.0004885197849944234 0.0004885197849944234 -1
vn -0.0004885197849944234 0.0004885197849944234 -1
vn -0.0004885197849944234 0.0004885197849944234 -1
vn -0.0004885197849944234 0.0004885197849944234 -1
vn -0.0004885197849944234 0.0004885197849944234 -1
vn 0.0004885197849944234 0.0004885197849944234 -1
vn 0.0004885197849944234 0.0004885197849944234 -1
vn 0.0004885197849944234 0.0004885197849944234 -1
vn 0.0004885197849944234 0.0004885197849944234 -1
vn -0.0004885197849944234 0.0004885197849944234 -1
vn -0.0004885197849944234 0.0004885197849944234 -1
vn -0.0004885197849944234 0.0004885197849944234 -1
vn -0.0004885197849944234 0.0004885197849944234 -1
vn -0.0004885197849944234 0.0004885197849944234 -1
vn -0.0004885197849944234 0.0004885197849944234 -1
vn -0.0004885197849944234 0.0004885197849944234 -1
vn -0.0004885197849944234 0.0004885197849944234 -1
vn 0.0004885197849944234 0.0004885197849944234 -1
vn 0.0004885197849944234 0.0004885197849944234 -1
vn 0.0004885197849944234 0.0004885197849944234 -1
vn 0.0004885197849944234 0.0004885197849944234 -1
vn 0.0004885197849944234 -0.0004885197849944234 -1
vn 0.0004885197849944234 -0.0004885197849944234 -1
vn 0.0004885197849944234 -0.0004885197849944234 -1
vn 0.0004885197849944234 -0.0004885197849944234 -1
vn -0.0004885197849944234 0.0004885197849944234 -1
vn -0.0004885197849944234 0.0004885197849944234 -1
vn -0.0004885197849944234 0.0004885197849944234 -1
vn -0.0004885197849944234 0.0004885197849944234 -1
vn -0.0004885197849944234 0.0004885197849944234 -1
vn -0.0004885197849944234 0.0004885197849944234 -1
vn -0.0004885197849944234 0.0004885197849944234 -1
vn -0.0004885197849944234 0.0004885197849944234 -1
vn -0.0004885197849944234 -0.0004885197849944234 -1
vn -0.0004885197849944234 -0.0004885197849944234 -1
vn -0.0004885197849944234 -0.0004885197849944234 -1
vn -0.0004885197849944234 -0.0004885197849944234 -1
vn -0.0004885197849944234 0.0004885197849944234 -1
vn -0.0004885197849944234 0.0004885197849944234 -1
vn -0.0004885197849944234 0.0004885197849944234 -1
vn -0.0004885197849944234 0.0004885197849944234 -1
vn -0.0004885197849944234 -0.0004885197849944234 -1
vn -0.0004885197849944234 -0.0004885197849944234 -1
vn -0.0004885197849944234 -0.0004885197849944234 -1
vn -0.0004885197849944234 -0.0004885197849944234 -1
vn -0.0004885197849944234 0.0004885197849944234 -1
vn -0.0004885197849944234 0.0004885197849944234 -1
vn -0.0004885197849944234 0.0004885197849944234 -1
vn -0.0004885197849944234 0.0004885197849944234 -1
vn -0.0004885197849944234 0.0004885197849944234 -1
vn -0.0004885197849944234 0.0004885197849944234 -1
vn -0.0004885197849944234 0.0004885197849944234 -1
vn -0.0004885197849944234 0.0004885197849944234 -1
vn -0.0004885197849944234 0.0004885197849944234 -1
vn -0.0004885197849944234 0.0004885197849944234 -1
vn -0.0004885197849944234 0.0004885197849944234 -1
vn -0.0004885197849944234 0.0004885197849944234 -1
vn 0.0004885197849944234 -0.0004885197849944234 1
vn 0.0004885197849944234 -0.0004885197849944234 1
vn 0.0004885197849944234 -0.0004885197849944234 1
vn 0.0004885197849944234 -0.0004885197849944234 1
vn 0.0004885197849944234 -0.5613092184066772 0.8270639777183533
vn 0.0004885197849944234 -0.5613092184066772 0.8270639777183533
vn 0.0004885197849944234 -0.5613092184066772 0.8270639777183533
vn 0.0004885197849944234 -0.5613092184066772 0.8270639777183533
vn 0.0004885197849944234 0.0004885197849944234 -1
vn 0.0004885197849944234 0.0004885197849944234 -1
vn 0.0004885197849944234 0.0004885197849944234 -1
vn 0.0004885197849944234 0.0004885197849944234 -1
vn 0.0004885197849944234 0.0004885197849944234 -1
vn 0.0004885197849944234 0.0004885197849944234 -1
vn 0.0004885197849944234 -0.0004885197849944234 -1
vn 0.0004885197849944234 -0.0004885197849944234 -1
vn 0.0004885197849944234 -0.0004885197849944234 -1
vn 0.0004885197849944234 -0.0004885197849944234 -1
vn 0.0004885197849944234 0.0004885197849944234 -1
vn 0.0004885197849944234 0.0004885197849944234 -1
vn 0.0004885197849944234 0.0004885197849944234 -1
vn 0.0004885197849944234 0.0004885197849944234 -1
vn 0.0004885197849944234 0.0004885197849944234 -1
vn 0.0004885197849944234 0.0004885197849944234 -1
vn 0.0004885197849944234 0.0004885197849944234 -1
vn 0.0004885197849944234 0.0004885197849944234 -1
vn 0.0004885197849944234 0.0004885197849944234 -1
vn 0.0004885197849944234 0.0004885197849944234 -1
vn 0.0004885197849944234 0.0004885197849944234 -1
vn 0.0004885197849944234 0.0004885197849944234 -1
vn 0.0004885197849944234 0.0004885197849944234 -1
vn 0.0004885197849944234 0.0004885197849944234 -1
vn 0.0004885197849944234 0.0004885197849944234 -1
vn 0.0004885197849944234 0.0004885197849944234 -1
vn 0.0004885197849944234 0.0004885197849944234 -1
vn 0.0004885197849944234 0.0004885197849944234 -1
vn 0.0004885197849944234 0.0004885197849944234 -1
vn 0.0004885197849944234 0.0004885197849944234 -1
vn 0.0004885197849944234 0.0004885197849944234 -1
vn 0.0004885197849944234 0.0004885197849944234 -1
vn 0.0004885197849944234 0.0004885197849944234 -1
vn 0.0004885197849944234 0.0004885197849944234 -1
vn 0.0004885197849944234 0.0004885197849944234 -1
vn -0.0004885197849944234 0.0004885197849944234 -1
vn -0.0004885197849944234 0.0004885197849944234 -1
vn -0.0004885197849944234 0.0004885197849944234 -1
vn -0.0004885197849944234 0.0004885197849944234 -1
vn 0.0004885197849944234 0.0004885197849944234 -1
vn 0.0004885197849944234 0.0004885197849944234 -1
vn 0.0004885197849944234 0.0004885197849944234 -1
vn 0.0004885197849944234 0.0004885197849944234 -1
vn -0.0004885197849944234 -0.0004885197849944234 -1
vn -0.0004885197849944234 -0.0004885197849944234 -1
vn -0.0004885197849944234 -0.0004885197849944234 -1
vn -0.0004885197849944234 -0.0004885197849944234 -1
vn 0.0004885197849944234 0.0004885197849944234 -1
vn 0.0004885197849944234 0.0004885197849944234 -1
vn 0.0004885197849944234 0.0004885197849944234 -1
vn 0.0004885197849944234 0.0004885197849944234 -1
vn 0.0004885197849944234 0.0004885197849944234 -1
vn 0.0004885197849944234 0.0004885197849944234 -1
vn 0.0004885197849944234 0.0004885197849944234 -1
vn 0.0004885197849944234 0.0004885197849944234 -1
vn 0.0004885197849944234 0.0004885197849944234 -1
vn 0.0004885197849944234 0.0004885197849944234 -1
vn 0.0004885197849944234 0.0004885197849944234 -1
vn 0.0004885197849944234 0.0004885197849944234 -1
vn 0.0004885197849944234 0.0004885197849944234 -1
vn 0.0004885197849944234 0.0004885197849944234 -1
vn 0.0004885197849944234 0.0004885197849944234 -1
vn 0.0004885197849944234 0.0004885197849944234 -1
vn 0.0004885197849944234 0.0004885197849944234 -1
vn 0.0004885197849944234 0.0004885197849944234 -1
vn 0.0004885197849944234 0.0004885197849944234 -1
vn 0.0004885197849944234 0.0004885197849944234 -1
vn 0.0004885197849944234 0.23790913820266724 0.9716658592224121
vn 0.0004885197849944234 0.23790913820266724 0.9716658592224121
vn 0.0004885197849944234 0.23790913820266724 0.9716658592224121
vn 0.0004885197849944234 0.23790913820266724 0.9716658592224121
vn 0.0004885197849944234 0.0004885197849944234 -1
vn 0.0004885197849944234 0.0004885197849944234 -1
vn 0.0004885197849944234 0.0004885197849944234 -1
vn 0.0004885197849944234 0.0004885197849944234 -1
vn 0.0004885197849944234 0.0004885197849944234 -1
vn 0.0004885197849944234 0.0004885197849944234 -1
vn 0.0004885197849944234 0.0004885197849944234 -1
vn 0.0004885197849944234 0.0004885197849944234 -1
vn 0.0004885197849944234 0.0004885197849944234 -1
vn 0.0004885197849944234 0.0004885197849944234 -1
vn 0.0004885197849944234 0.0004885197849944234 -1
vn 0.0004885197849944234 0.0004885197849944234 -1
vn 0.0004885197849944234 0.0004885197849944234 -1
vn 0.0004885197849944234 0.0004885197849944234 -1
vn 0.0004885197849944234 0.0004885197849944234 -1
vn 0.0004885197849944234 0.0004885197849944234 -1
vn 0.0004885197849944234 0.10307767242193222 0.995114803314209
vn 0.0004885197849944234 0.10307767242193222 0.995114803314209
vn 0.0004885197849944234 0.10307767242193222 0.995114803314209
vn 0.0004885197849944234 0.10307767242193222 0.995114803314209
vn 0.0004885197849944234 0.10307767242193222 0.995114803314209
vn 0.0004885197849944234 0.10307767242193222 0.995114803314209
vn 0.0004885197849944234 0.10307767242193222 0.995114803314209
vn 0.0004885197849944234 0.10307767242193222 0.995114803314209
vn 0.0004885197849944234 0.10307767242193222 0.995114803314209
vn 0.0004885197849944234 0.10307767242193222 0.995114803314209
vn 0.0004885197849944234 0.10307767242193222 0.995114803314209
vn 0.0004885197849944234 0.10307767242193222 0.995114803314209
vn 0.0004885197849944234 0.10307767242193222 0.995114803314209
vn 0.0004885197849944234 0.10307767242193222 0.995114803314209
vn 0.0004885197849944234 0.10307767242193222 0.995114803314209
vn 0.0004885197849944234 0.10307767242193222 0.995114803314209
vn 0.0004885197849944234 0.10307767242193222 0.995114803314209
vn 0.0004885197849944234 0.10307767242193222 0.995114803314209
vn 0.0004885197849944234 0.10307767242193222 0.995114803314209
vn 0.0004885197849944234 0.10307767242193222 0.995114803314209
vn 0.0004885197849944234 0.10307767242193222 0.995114803314209
vn 0.0004885197849944234 0.10307767242193222 0.995114803314209
vn 0.0004885197849944234 0.10307767242193222 0.995114803314209
vn 0.0004885197849944234 0.10307767242193222 0.995114803314209
vn -0.0004885197849944234 0.10307767242193222 0.995114803314209
vn -0.0004885197849944234 0.10307767242193222 0.995114803314209
vn -0.0004885197849944234 0.10307767242193222 0.995114803314209
vn -0.0004885197849944234 0.10307767242193222 0.995114803314209
vn 0.0004885197849944234 0.10307767242193222 0.995114803314209
vn 0.0004885197849944234 0.10307767242193222 0.995114803314209
vn 0.0004885197849944234 0.10307767242193222 0.995114803314209
vn 0.0004885197849944234 0.10307767242193222 0.995114803314209
vn 0.0004885197849944234 0.10307767242193222 0.995114803314209
vn 0.0004885197849944234 0.10307767242193222 0.995114803314209
vn 0.0004885197849944234 0.10307767242193222 0.995114803314209
vn 0.0004885197849944234 0.10307767242193222 0.995114803314209
vn 0.0004885197849944234 0.10307767242193222 0.995114803314209
vn 0.0004885197849944234 0.10307767242193222 0.995114803314209

vt 0.5729043483734131 0.1774047613143921
vt 0.5729043483734131 0.11041903495788574
vt 0.6872560977935791 0.06305301189422607
vt 0.5662422180175781 0.14391189813613892
vt 0.6202703714370728 0.06305301189422607
vt 0.5918765068054199 0.08202517032623291
vt 0.6537632346153259 0.05639082193374634
vt 0.6202703714370728 0.22477078437805176
vt 0.5918765068054199 0.20579862594604492
vt 0.6872560977935791 0.22477078437805176
vt 0.6537632346153259 0.2314329743385315
vt 0.7346221208572388 0.11041903495788574
vt 0.7156499624252319 0.08202517032623291
vt 0.7346221208572388 0.1774047613143921
vt 0.7156499624252319 0.20579862594604492
vt 0.7412843108177185 0.14391189813613892
vt 0.5577756762504578 0.7858911752700806
vt 0.4727516174316406 0.7858911752700806
vt 0.5790317058563232 0.7858911752700806
vt 0.5152636766433716 0.7858911752700806
vt 0.5365196466445923 0.7858911752700806
vt 0.4940076768398285 0.7858911752700806
vt 0.6427997350692749 0.7858911752700806
vt 0.5896596908569336 0.7858911752700806
vt 0.600287675857544 0.7858911752700806
vt 0.6215436458587646 0.7858911752700806
vt 0.4727516174316406 0.7858911752700806
vt 0.5790317058563232 0.7858911752700806
vt 0.6427997350692749 0.7858911752700806
vt 0.5896596908569336 0.7858911752700806
vt 0.600287675857544 0.7858911752700806
vt 0.6215436458587646 0.7858911752700806
vt 0.5577756762504578 0.7858911752700806
vt 0.5152636766433716 0.7858911752700806
vt 0.5365196466445923 0.7858911752700806
vt 0.4940076768398285 0.7858911752700806
vt 0.7310964465141296 0.284024715423584
vt 0.5080194473266602 0.284024715423584
vt 0.5733572244644165 0.34936243295669556
vt 0.5341901183128357 0.3231918215751648
vt 0.6657587885856628 0.34936243295669556
vt 0.6195579767227173 0.35855233669281006
vt 0.7049258947372437 0.3231918215751648
vt 0.5080194473266602 0.19162321090698242
vt 0.49882954359054565 0.2378239631652832
vt 0.7310964465141296 0.19162321090698242
vt 0.7402863502502441 0.2378239631652832
vt 0.5733572244644165 0.12628549337387085
vt 0.5341901183128357 0.15245604515075684
vt 0.6657587885856628 0.12628549337387085
vt 0.7049258947372437 0.15245604515075684
vt 0.6195579767227173 0.11709558963775635
vt 0.5566785931587219 0.6151002645492554
vt 0.4309198260307312 0.48934149742126465
vt 0.5566785931587219 0.48934149742126465
vt 0.4309198260307312 0.6151002645492554
vt 0.5566785931587219 0.6151002645492554
vt 0.4309198260307312 0.48934149742126465
vt 0.5566785931587219 0.48934149742126465
vt 0.4309198260307312 0.6151002645492554
vt 0.5729043483734131 0.11041903495788574
vt 0.7346221208572388 0.11041903495788574
vt 0.7156499624252319 0.20579862594604492
vt 0.7346221208572388 0.1774047613143921
vt 0.7412843108177185 0.14391189813613892
vt 0.6872560977935791 0.06305301189422607
vt 0.7156499624252319 0.08202517032623291
vt 0.6202703714370728 0.06305301189422607
vt 0.6537632346153259 0.05639082193374634
vt 0.5918765068054199 0.08202517032623291
vt 0.5918765068054199 0.20579862594604492
vt 0.5729043483734131 0.1774047613143921
vt 0.5662422180175781 0.14391189813613892
vt 0.6202703714370728 0.22477078437805176
vt 0.6872560977935791 0.22477078437805176
vt 0.6537632346153259 0.2314329743385315
vt 0.5566785931587219 0.6151002645492554
vt 0.4309198558330536 0.48934149742126465
vt 0.5566785931587219 0.48934149742126465
vt 0.4438844919204712 0.6151002645492554
vt 0.7905149459838867 0.23507964611053467
vt 0.6993471384048462 0.20469039678573608
vt 0.7905149459838867 0.20469039678573608
vt 0.6993471384048462 0.23507964611053467
vt 0.7905149459838867 0.23507964611053467
vt 0.7905149459838867 0.23507964611053467
vt 0.7905149459838867 0.20469039678573608
vt 0.7905149459838867 0.20469039678573608
vt 0.7905149459838867 0.23507964611053467
vt 0.7905149459838867 0.20469039678573608
vt 0.7905149459838867 0.20469039678573608
vt 0.7905149459838867 0.23507964611053467
vt 0.7905149459838867 0.20469039678573608
vt 0.6993471384048462 0.18949580192565918
vt 0.7905149459838867 0.18949580192565918
vt 0.6993471384048462 0.20469039678573608
vt 0.6993471384048462 0.20469039678573608
vt 0.6993471384048462 0.18949580192565918
vt 0.6993471384048462 0.20469039678573608
vt 0.6993471384048462 0.20469039678573608
vt 0.7905149459838867 0.20469039678573608
vt 0.7905149459838867 0.18949580192565918
vt 0.7905149459838867 0.18949580192565918
vt 0.7905149459838867 0.20469039678573608
vt 0.7905149459838867 0.20469039678573608
vt 0.7905149459838867 0.20469039678573608
vt 0.7905149459838867 0.20469039678573608
vt 0.7905149459838867 0.18949580192565918
vt 0.7905149459838867 0.18949580192565918
vt 0.7905149459838867 0.20469039678573608
vt 0.7905149459838867 0.20469039678573608
vt 0.7905149459838867 0.20469039678573608
vt 0.6993471384048462 0.23507964611053467
vt 0.6993471384048462 0.20469039678573608
vt 0.6993471384048462 0.20469039678573608
vt 0.6993471384048462 0.23507964611053467
vt 0.6537632346153259 0.23507964611053467
vt 0.727837085723877 0.28066354990005493
vt 0.7221390604972839 0.28066354990005493
vt 0.6689578294754028 0.23507964611053467
vt 0.7905149459838867 0.3262474536895752
vt 0.8455953598022461 0.3718312978744507
vt 0.8588907718658447 0.3718312978744507
vt 0.7867162227630615 0.3262474536895752
vt 0.8588907718658447 0.3718312978744507
vt 0.9044746160507202 0.41741520166397095
vt 0.9272665977478027 0.41741520166397095
vt 0.8455953598022461 0.3718312978744507
vt 0.8455953598022461 0.3718312978744507
vt 0.8816826343536377 0.41741520166397095
vt 0.9044746160507202 0.41741520166397095
vt 0.8588907718658447 0.41741520166397095
vt 0.7867162227630615 0.3262474536895752
vt 0.8360987901687622 0.41741520166397095
vt 0.8588907718658447 0.41741520166397095
vt 0.8455953598022461 0.3718312978744507
vt 0.7221390604972839 0.28066354990005493
vt 0.7867162227630615 0.3262474536895752
vt 0.7905149459838867 0.3262474536895752
vt 0.7867162227630615 0.3262474536895752
vt 0.7221390604972839 0.28066354990005493
vt 0.727837085723877 0.28066354990005493
vt 0.809847354888916 0.41741520166397095
vt 0.7867162227630615 0.3262474536895752
vt 0.727837085723877 0.28066354990005493
vt 0.8360987901687622 0.41741520166397095
vt 0.5625954866409302 0.052744150161743164
vt 0.5625954866409302 0.052744150161743164
vt 0.5625954866409302 0.052744150161743164
vt 0.5625954866409302 0.052744150161743164
vt 0.7905149459838867 0.20469039678573608
vt 0.6993471384048462 0.20469039678573608
vt 0.7905149459838867 0.23507964611053467
vt 0.6993471384048462 0.23507964611053467
vt 0.7905149459838867 0.20469039678573608
vt 0.7905149459838867 0.23507964611053467
vt 0.7905149459838867 0.23507964611053467
vt 0.7905149459838867 0.20469039678573608
vt 0.7905149459838867 0.20469039678573608
vt 0.7905149459838867 0.23507964611053467
vt 0.7905149459838867 0.20469039678573608
vt 0.7905149459838867 0.23507964611053467
vt 0.7905149459838867 0.20469039678573608
vt 0.7905149459838867 0.18949580192565918
vt 0.6993471384048462 0.18949580192565918
vt 0.6993471384048462 0.20469039678573608
vt 0.6993471384048462 0.23507964611053467
vt 0.6993471384048462 0.20469039678573608
vt 0.6993471384048462 0.23507964611053467
vt 0.6993471384048462 0.20469039678573608
vt 0.6537632346153259 0.23507964611053467
vt 0.727837085723877 0.28066354990005493
vt 0.6689578294754028 0.23507964611053467
vt 0.7221390604972839 0.28066354990005493
vt 0.7905149459838867 0.3262474536895752
vt 0.8455953598022461 0.3718312978744507
vt 0.7867162227630615 0.3262474536895752
vt 0.8588907718658447 0.3718312978744507
vt 0.8588907718658447 0.3718312978744507
vt 0.9044746160507202 0.41741520166397095
vt 0.8455953598022461 0.3718312978744507
vt 0.9272665977478027 0.41741520166397095
vt 0.8455953598022461 0.3718312978744507
vt 0.8816826343536377 0.41741520166397095
vt 0.8588907718658447 0.41741520166397095
vt 0.9044746160507202 0.41741520166397095
vt 0.7867162227630615 0.3262474536895752
vt 0.8588907718658447 0.41741520166397095
vt 0.8360987901687622 0.41741520166397095
vt 0.8455953598022461 0.3718312978744507
vt 0.7221390604972839 0.28066354990005493
vt 0.7867162227630615 0.3262474536895752
vt 0.727837085723877 0.28066354990005493
vt 0.7867162227630615 0.3262474536895752
vt 0.7221390604972839 0.28066354990005493
vt 0.7905149459838867 0.3262474536895752
vt 0.7867162227630615 0.3262474536895752
vt 0.809847354888916 0.41741520166397095
vt 0.727837085723877 0.28066354990005493
vt 0.8360987901687622 0.41741520166397095
vt 0.5625954866409302 0.052744150161743164
vt 0.5625954866409302 0.052744150161743164
vt 0.5625954866409302 0.052744150161743164
vt 0.5625954866409302 0.052744150161743164
vt 0.6993471384048462 0.290719211101532
vt 0.6689578294754028 0.2907191514968872
vt 0.6689578294754028 0.2907191514968872
vt 0.6993471384048462 0.290719211101532
vt 0.6537632346153259 0.2907191514968872
vt 0.6689578294754028 0.2907191514968872
vt 0.5625954866409302 0.052744150161743164
vt 0.6537632346153259 0.2907191514968872
vt 0.5625954866409302 0.052744150161743164
vt 0.5625954866409302 0.052744150161743164
vt 0.5625954866409302 0.052744150161743164
vt 0.6689578294754028 0.2907191514968872
vt 0.7789579629898071 0.41741520166397095
vt 0.6689578294754028 0.2907191514968872
vt 0.6993471384048462 0.290719211101532
vt 0.6689578294754028 0.2907191514968872
vt 0.7789579629898071 0.41741520166397095
vt 0.5625954866409302 0.052744150161743164
vt 0.6689578294754028 0.2907191514968872
vt 0.6689578294754028 0.2907191514968872
vt 0.6537632346153259 0.2907191514968872
vt 0.6537632346153259 0.2907191514968872
vt 0.8133068084716797 0.41741520166397095
vt 0.8133068084716797 0.41741520166397095
vt 0.8360987901687622 0.41741520166397095
vt 0.8360987901687622 0.41741520166397095
vt 0.9044746160507202 0.41741520166397095
vt 0.9272665977478027 0.41741520166397095
vt 0.9044746160507202 0.41741520166397095
vt 0.9272665977478027 0.41741520166397095
vt 0.8816826343536377 0.41741520166397095
vt 0.8588907718658447 0.41741520166397095
vt 0.8816826343536377 0.41741520166397095
vt 0.8588907718658447 0.41741520166397095
vt 0.7905149459838867 0.41741520166397095
vt 0.8133068084716797 0.41741520166397095
vt 0.7905149459838867 0.41741520166397095
vt 0.8133068084716797 0.41741520166397095
vt 0.8588907718658447 0.41741520166397095
vt 0.8588907718658447 0.41741520166397095
vt 0.8360987901687622 0.41741520166397095
vt 0.8360987901687622 0.41741520166397095
vt 0.7905149459838867 0.41741520166397095
vt 0.7789579629898071 0.41741520166397095
vt 0.7821115255355835 0.41741520166397095
vt 0.7905149459838867 0.41741520166397095
vt 0.9044746160507202 0.41741520166397095
vt 0.8816826343536377 0.41741520166397095
vt 0.9044746160507202 0.41741520166397095
vt 0.8816826343536377 0.41741520166397095
vt 0.6993471384048462 0.290719211101532
vt 0.6689578294754028 0.2907191514968872
vt 0.6993471384048462 0.290719211101532
vt 0.6689578294754028 0.2907191514968872
vt 0.6689578294754028 0.2907191514968872
vt 0.7789579629898071 0.41741520166397095
vt 0.6993471384048462 0.290719211101532
vt 0.7789579629898071 0.41741520166397095
vt 0.6689578294754028 0.2907191514968872
vt 0.5625954866409302 0.052744150161743164
vt 0.6689578294754028 0.2907191514968872
vt 0.6537632346153259 0.2907191514968872
vt 0.6689578294754028 0.2907191514968872
vt 0.6537632346153259 0.2907191514968872
vt 0.8360987901687622 0.41741520166397095
vt 0.8133068084716797 0.41741520166397095
vt 0.8133068084716797 0.41741520166397095
vt 0.8360987901687622 0.41741520166397095
vt 0.9044746160507202 0.41741520166397095
vt 0.9272665977478027 0.41741520166397095
vt 0.9272665977478027 0.41741520166397095
vt 0.9044746160507202 0.41741520166397095
vt 0.8816826343536377 0.41741520166397095
vt 0.8588907718658447 0.41741520166397095
vt 0.8816826343536377 0.41741520166397095
vt 0.8588907718658447 0.41741520166397095
vt 0.7905149459838867 0.41741520166397095
vt 0.8133068084716797 0.41741520166397095
vt 0.8133068084716797 0.41741520166397095
vt 0.7905149459838867 0.41741520166397095
vt 0.8588907718658447 0.41741520166397095
vt 0.8360987901687622 0.41741520166397095
vt 0.8360987901687622 0.41741520166397095
vt 0.8588907718658447 0.41741520166397095
vt 0.7905149459838867 0.41741520166397095
vt 0.7789579629898071 0.41741520166397095
vt 0.7905149459838867 0.41741520166397095
vt 0.7821115255355835 0.41741520166397095
vt 0.9044746160507202 0.41741520166397095
vt 0.9044746160507202 0.41741520166397095
vt 0.8816826343536377 0.41741520166397095
vt 0.8816826343536377 0.41741520166397095
vt 0.7905149459838867 0.20469039678573608
vt 0.7905149459838867 0.25192487239837646
vt 0.7905149459838867 0.23507964611053467
vt 0.7905149459838867 0.20469039678573608
vt 0.7905149459838867 0.20469039678573608
vt 0.7905149459838867 0.25192487239837646
vt 0.7905149459838867 0.20469039678573608
vt 0.7905149459838867 0.23507964611053467
vt 0.8360987901687622 0.29585814476013184
vt 0.7905149459838867 0.29585814476013184
vt 0.7905149459838867 0.29585814476013184
vt 0.8360987901687622 0.29585814476013184
vt 0.7905149459838867 0.29585814476013184
vt 0.7905149459838867 0.29585814476013184
vt 0.5639458894729614 0.6252201199531555
vt 0.5639458894729614 0.6368663907051086
vt 0.5610736608505249 0.6368663907051086
vt 0.5610736608505249 0.6252201199531555
vt 0.29089266061782837 0.2862420678138733
vt 0.3662939667701721 0.28624212741851807
vt 0.3397006392478943 0.3128354549407959
vt 0.3174859285354614 0.3128354549407959
vt 0.3662940263748169 0.26402735710144043
vt 0.33970075845718384 0.2374340295791626
vt 0.29089266061782837 0.26402735710144043
vt 0.3174859285354614 0.2374340295791626
vt 0.5579785704612732 0.6684710383415222
vt 0.5579785704612732 0.6568247675895691
vt 0.5608506798744202 0.6568247675895691
vt 0.5608506798744202 0.6684710383415222
vt 0.4283052384853363 0.6368663907051086
vt 0.4283052384853363 0.6252198815345764
vt 0.43117743730545044 0.6252198815345764
vt 0.43117743730545044 0.6368663907051086
vt 0.5638102889060974 0.6568247675895691
vt 0.5609381794929504 0.6684710383415222
vt 0.5609381794929504 0.6568247675895691
vt 0.5638102889060974 0.6684710383415222
vt 0.622187614440918 0.9042410850524902
vt 0.6850216388702393 0.9042410850524902
vt 0.6850216388702393 0.9042410850524902
vt 0.622187614440918 0.9042410850524902
vt 0.8360987901687622 0.2986239790916443
vt 0.7905149459838867 0.2986239790916443
vt 0.7905149459838867 0.29585814476013184
vt 0.8360987901687622 0.29585814476013184
vt 0.8360987901687622 0.2986239790916443
vt 0.7905149459838867 0.29585814476013184
vt 0.7905149459838867 0.2986239790916443
vt 0.8360987901687622 0.29585814476013184
vt 0.3363412916660309 0.2505583167076111
vt 0.41452980041503906 0.2505583167076111
vt 0.46981751918792725 0.11708217859268188
vt 0.37543556094169617 0.2583346366882324
vt 0.46981751918792725 0.19527071714401245
vt 0.44767239689826965 0.22841322422027588
vt 0.4775938093662262 0.15617644786834717
vt 0.41452980041503906 0.06179451942443848
vt 0.44767239689826965 0.08393967151641846
vt 0.3363412916660309 0.06179451942443848
vt 0.37543556094169617 0.05401808023452759
vt 0.281053751707077 0.11708217859268188
vt 0.30319875478744507 0.08393967151641846
vt 0.281053751707077 0.19527071714401245
vt 0.30319875478744507 0.22841322422027588
vt 0.2732773423194885 0.15617644786834717
vt 0.622187614440918 0.9042410850524902
vt 0.622187614440918 0.9670751094818115
vt 0.5672078132629395 0.9670751094818115
vt 0.5672078132629395 0.9042410850524902
vt 0.5672078132629395 0.9042410850524902
vt 0.5672078132629395 0.9670751094818115
vt 0.5593535900115967 0.9670751094818115
vt 0.5593535900115967 0.9042410850524902
vt 0.624561607837677 0.9035893082618713
vt 0.624561607837677 0.9666274785995483
vt 0.5615234971046448 0.9666274785995483
vt 0.5615234971046448 0.9035893082618713
vt 0.6824374198913574 0.48934149742126465
vt 0.6824374198913574 0.48934149742126465
vt 0.5566785931587219 0.48934149742126465
vt 0.5566785931587219 0.48934149742126465
vt 0.5598000884056091 0.06672275066375732
vt 0.5737866163253784 0.08006316423416138
vt 0.5581210851669312 0.07732582092285156
vt 0.5791788697242737 0.07264053821563721
vt 0.5618954300880432 0.05507051944732666
vt 0.5862438678741455 0.062194108963012695
vt 0.5581210851669312 0.07732582092285156
vt 0.5737866163253784 0.08006316423416138
vt 0.5598000884056091 0.06672275066375732
vt 0.5791788697242737 0.07264053821563721
vt 0.5618954300880432 0.05507051944732666
vt 0.5862438678741455 0.062194108963012695
vt 0.8113728761672974 0.21887195110321045
vt 0.7940677404403687 0.25465893745422363
vt 0.8067202568054199 0.17606401443481445
vt 0.8067485094070435 0.23624670505523682
vt 0.8115178346633911 0.19971752166748047
vt 0.763412356376648 0.2750910520553589
vt 0.763412356376648 0.09566259384155273
vt 0.803912878036499 0.1429910659790039
vt 0.8025742769241333 0.11974495649337769
vt 0.7940677404403687 0.25465893745422363
vt 0.8067202568054199 0.17606401443481445
vt 0.763412356376648 0.2750910520553589
vt 0.763412356376648 0.09566259384155273
vt 0.803912878036499 0.1429910659790039
vt 0.8025742769241333 0.11974495649337769
vt 0.8113728761672974 0.21887195110321045
vt 0.8115178346633911 0.19971752166748047
vt 0.8067485094070435 0.23624670505523682
vt 0.7905148267745972 0.44626837968826294
vt 0.8360987901687622 0.2986239790916443
vt 0.8360987901687622 0.4459187984466553
vt 0.7905149459838867 0.2986239790916443
vt 0.8360987901687622 0.2986239790916443
vt 0.7905148267745972 0.44626837968826294
vt 0.8360987901687622 0.4459187984466553
vt 0.7905149459838867 0.2986239790916443
vt 0.8723002672195435 0.6575589179992676
vt 0.7956684231758118 0.6035866737365723
vt 0.8723002672195435 0.6035866737365723
vt 0.7956684231758118 0.5975304841995239
vt 0.7956684231758118 0.6575589179992676
vt 0.8723002672195435 0.6688886880874634
vt 0.7956684231758118 0.6688886880874634
vt 0.8723002672195435 0.5975304841995239
vt 0.7956684231758118 0.574833333492279
vt 0.8723002672195435 0.574833333492279
vt 0.7956684231758118 0.5548242330551147
vt 0.8723002672195435 0.5548242926597595
vt 0.494185209274292 0.05507051944732666
vt 0.5618954300880432 0.05507051944732666
vt 0.49636709690093994 0.06674957275390625
vt 0.5598000884056091 0.06672275066375732
vt 0.4996320903301239 0.07686328887939453
vt 0.5581210851669312 0.07732582092285156
vt 0.49636709690093994 0.06674957275390625
vt 0.5618954300880432 0.05507051944732666
vt 0.494185209274292 0.05507051944732666
vt 0.5598000884056091 0.06672275066375732
vt 0.4996320903301239 0.07686328887939453
vt 0.5581210851669312 0.07732582092285156
vt 0.5566785931587219 0.48934149742126465
vt 0.6824374198913574 0.48934149742126465
vt 0.6824374198913574 0.48934149742126465
vt 0.5566785931587219 0.48934149742126465
vt 0.48925867676734924 0.06895434856414795
vt 0.46424660086631775 0.075408935546875
vt 0.45966869592666626 0.06472921371459961
vt 0.4863327145576477 0.05684351921081543
vt 0.46424660086631775 0.075408935546875
vt 0.48925867676734924 0.06895434856414795
vt 0.45966869592666626 0.06472921371459961
vt 0.4863327145576477 0.05684351921081543
vt 0.46673643589019775 0.08578920364379883
vt 0.48925867676734924 0.06895434856414795
vt 0.46424660086631775 0.075408935546875
vt 0.49330148100852966 0.08227384090423584
vt 0.46424660086631775 0.075408935546875
vt 0.48925867676734924 0.06895434856414795
vt 0.46673643589019775 0.08578920364379883
vt 0.49330148100852966 0.08227384090423584
vt 0.44821614027023315 0.0839090347290039
vt 0.442734956741333 0.07300794124603271
vt 0.45877185463905334 0.0788230299949646
vt 0.4533855617046356 0.06765270233154297
vt 0.44821614027023315 0.0839090347290039
vt 0.45877185463905334 0.0788230299949646
vt 0.442734956741333 0.07300794124603271
vt 0.4533855617046356 0.06765270233154297
vt 0.09193147718906403 0.06336331367492676
vt 0.19905106723308563 0.17048287391662598
vt 0.09193147718906403 0.17048287391662598
vt 0.14549128711223602 0.19266808032989502
vt 0.06974633038043976 0.11692309379577637
vt 0.19905106723308563 0.06336331367492676
vt 0.2212362438440323 0.11692309379577637
vt 0.14549128711223602 0.041178107261657715
vt 0.4114655554294586 0.06880342960357666
vt 0.3977115750312805 0.09966456890106201
vt 0.3881905674934387 0.09002256393432617
vt 0.4207635223865509 0.0790022611618042
vt 0.4114655554294586 0.06880342960357666
vt 0.3881905674934387 0.09002256393432617
vt 0.3977115750312805 0.09966456890106201
vt 0.4207635223865509 0.0790022611618042
vt 0.42288678884506226 0.7974039316177368
vt 0.4792773723602295 0.8537944555282593
vt 0.42288678884506226 0.8537944555282593
vt 0.4510820508003235 0.8654733896255493
vt 0.411207914352417 0.825599193572998
vt 0.4792773723602295 0.7974039316177368
vt 0.49095618724823 0.825599193572998
vt 0.4510820508003235 0.7857249975204468
vt 0.6009584069252014 0.10304760932922363
vt 0.6042748689651489 0.13096702098846436
vt 0.5890738368034363 0.11036515235900879
vt 0.6181964874267578 0.12670773267745972
vt 0.612421989440918 0.09515053033828735
vt 0.6286168098449707 0.11772865056991577
vt 0.6009584069252014 0.10304760932922363
vt 0.5890738368034363 0.11036515235900879
vt 0.6042748689651489 0.13096702098846436
vt 0.6181964874267578 0.12670773267745972
vt 0.612421989440918 0.09515053033828735
vt 0.6286168098449707 0.11772865056991577
vt 0.622187614440918 0.9042410850524902
vt 0.6850216388702393 0.9042410850524902
vt 0.6850216388702393 0.9042410850524902
vt 0.622187614440918 0.9042410850524902
vt 0.6850216388702393 0.8414071202278137
vt 0.622187614440918 0.9042410850524902
vt 0.622187614440918 0.8414071202278137
vt 0.6850216388702393 0.9042410850524902
vt 0.06974633038043976 0.11692309379577637
vt 0.14549128711223602 0.19266808032989502
vt 0.09193147718906403 0.17048287391662598
vt 0.14549128711223602 0.041178107261657715
vt 0.09193147718906403 0.06336331367492676
vt 0.19905106723308563 0.06336331367492676
vt 0.2212362438440323 0.11692309379577637
vt 0.19905106723308563 0.17048287391662598
vt 0.6286168098449707 0.11772865056991577
vt 0.6453866958618164 0.1347888708114624
vt 0.6181964874267578 0.12670773267745972
vt 0.6364918351173401 0.14609849452972412
vt 0.6286168098449707 0.11772865056991577
vt 0.6181964874267578 0.12670773267745972
vt 0.6453866958618164 0.1347888708114624
vt 0.6364918351173401 0.14609849452972412
vt 0.38828596472740173 0.1314292550086975
vt 0.38908714056015015 0.11839401721954346
vt 0.39143407344818115 0.13212239742279053
vt 0.3966209292411804 0.12234699726104736
vt 0.38908714056015015 0.11839401721954346
vt 0.4041626751422882 0.11493617296218872
vt 0.3966209292411804 0.12234699726104736
vt 0.3931805491447449 0.10630285739898682
vt 0.38908714056015015 0.11839401721954346
vt 0.37448567152023315 0.10449433326721191
vt 0.3931805491447449 0.10630285739898682
vt 0.3822314441204071 0.0962073802947998
vt 0.39143407344818115 0.13212239742279053
vt 0.38908714056015015 0.11839401721954346
vt 0.38828596472740173 0.1314292550086975
vt 0.3966209292411804 0.12234699726104736
vt 0.38908714056015015 0.11839401721954346
vt 0.3966209292411804 0.12234699726104736
vt 0.4041626751422882 0.11493617296218872
vt 0.3931805491447449 0.10630285739898682
vt 0.38908714056015015 0.11839401721954346
vt 0.3931805491447449 0.10630285739898682
vt 0.37448567152023315 0.10449433326721191
vt 0.3822314441204071 0.0962073802947998
vt 0.38828596472740173 0.1314292550086975
vt 0.389470636844635 0.14229774475097656
vt 0.38574838638305664 0.14149951934814453
vt 0.39143407344818115 0.13212239742279053
vt 0.38828596472740173 0.1314292550086975
vt 0.38574838638305664 0.14149951934814453
vt 0.389470636844635 0.14229774475097656
vt 0.39143407344818115 0.13212239742279053
vt 0.4207635223865509 0.0790022611618042
vt 0.3977115750312805 0.09966456890106201
vt 0.4041626751422882 0.11493617296218872
vt 0.4285965859889984 0.09379231929779053
vt 0.4510210454463959 0.09757936000823975
vt 0.45877185463905334 0.0788230299949646
vt 0.44821614027023315 0.0839090347290039
vt 0.46268248558044434 0.09300827980041504
vt 0.6453866958618164 0.1347888708114624
vt 0.6554722189903259 0.1425110101699829
vt 0.6364918351173401 0.14609849452972412
vt 0.6470032930374146 0.15272390842437744
vt 0.6652562022209167 0.15130913257598877
vt 0.6557602286338806 0.15940022468566895
vt 0.669806957244873 0.15797626972198486
vt 0.6600729823112488 0.16275405883789062
vt 0.6453866958618164 0.1347888708114624
vt 0.6364918351173401 0.14609849452972412
vt 0.6554722189903259 0.1425110101699829
vt 0.6470032930374146 0.15272390842437744
vt 0.6652562022209167 0.15130913257598877
vt 0.6557602286338806 0.15940022468566895
vt 0.669806957244873 0.15797626972198486
vt 0.6600729823112488 0.16275405883789062
vt 0.4207635223865509 0.0790022611618042
vt 0.4041626751422882 0.11493617296218872
vt 0.3977115750312805 0.09966456890106201
vt 0.4285965859889984 0.09379231929779053
vt 0.4510210454463959 0.09757936000823975
vt 0.44821614027023315 0.0839090347290039
vt 0.45877185463905334 0.0788230299949646
vt 0.46268248558044434 0.09300827980041504
vt 0.2137693464756012 0.37851476669311523
vt 0.12607446312904358 0.2908198833465576
vt 0.2137693464756012 0.2908198833465576
vt 0.12607446312904358 0.37851476669311523
vt 0.07344138622283936 0.9517225623130798
vt 0.0806918740272522 0.9082198143005371
vt 0.0806918740272522 0.9517225623130798
vt 0.07344138622283936 0.9082198143005371
vt 0.1778317391872406 0.9401919841766357
vt 0.1531645953655243 0.964859127998352
vt 0.1531645953655243 0.9401919841766357
vt 0.1778317391872406 0.964859127998352
vt 0.669806957244873 0.15797626972198486
vt 0.669113278388977 0.20484662055969238
vt 0.6600729823112488 0.16275405883789062
vt 0.6568149924278259 0.20480000972747803
vt 0.6600729823112488 0.16275405883789062
vt 0.669113278388977 0.20484662055969238
vt 0.669806957244873 0.15797626972198486
vt 0.6568149924278259 0.20480000972747803
vt 0.0806918740272522 0.9517225623130798
vt 0.08794231712818146 0.9082198143005371
vt 0.08794231712818146 0.9517225623130798
vt 0.0806918740272522 0.9082198143005371
vt 0.0661909282207489 0.9517225623130798
vt 0.07344138622283936 0.9082198143005371
vt 0.07344138622283936 0.9517225623130798
vt 0.0661909282207489 0.9082198143005371
vt 0.6478763818740845 0.1986384391784668
vt 0.6568149924278259 0.20480000972747803
vt 0.6421985626220703 0.20765399932861328
vt 0.6477044820785522 0.20983576774597168
vt 0.6341686844825745 0.19250541925430298
vt 0.6478763818740845 0.1986384391784668
vt 0.629657506942749 0.20228755474090576
vt 0.6421985626220703 0.20765399932861328
vt 0.6210852265357971 0.18670916557312012
vt 0.6341686844825745 0.19250541925430298
vt 0.6158031225204468 0.1958814263343811
vt 0.629657506942749 0.20228755474090576
vt 0.5993421077728271 0.18740200996398926
vt 0.6115264296531677 0.18021559715270996
vt 0.6158031225204468 0.1958814263343811
vt 0.6210852265357971 0.18670916557312012
vt 0.6478763818740845 0.1986384391784668
vt 0.6421985626220703 0.20765399932861328
vt 0.6568149924278259 0.20480000972747803
vt 0.6477044820785522 0.20983576774597168
vt 0.6341686844825745 0.19250541925430298
vt 0.629657506942749 0.20228755474090576
vt 0.6478763818740845 0.1986384391784668
vt 0.6421985626220703 0.20765399932861328
vt 0.6210852265357971 0.18670916557312012
vt 0.6158031225204468 0.1958814263343811
vt 0.6341686844825745 0.19250541925430298
vt 0.629657506942749 0.20228755474090576
vt 0.5993421077728271 0.18740200996398926
vt 0.6158031225204468 0.1958814263343811
vt 0.6115264296531677 0.18021559715270996
vt 0.6210852265357971 0.18670916557312012
vt 0.8723002672195435 0.37978482246398926
vt 0.7956684231758118 0.3623613119125366
vt 0.8723002672195435 0.3623613119125366
vt 0.7956684231758118 0.37978482246398926
vt 0.8723002672195435 0.3997938632965088
vt 0.7956684231758118 0.3997938632965088
vt 0.6824374198913574 0.3635827302932739
vt 0.6824374198913574 0.3635827302932739
vt 0.5566785931587219 0.3635827302932739
vt 0.5566785931587219 0.3635827302932739
vt 0.6850216388702393 0.9042410850524902
vt 0.622187614440918 0.9042410850524902
vt 0.6850216388702393 0.9042410850524902
vt 0.622187614440918 0.9042410850524902
vt 0.6473650336265564 0.21882879734039307
vt 0.6573492288589478 0.21848809719085693
vt 0.6568973660469055 0.22990953922271729
vt 0.6465736031532288 0.22910869121551514
vt 0.6333509087562561 0.28300583362579346
vt 0.6433356404304504 0.2862122058868408
vt 0.6399650573730469 0.29681718349456787
vt 0.6301764249801636 0.2934788465499878
vt 0.6568973660469055 0.22990953922271729
vt 0.6433356404304504 0.2862122058868408
vt 0.6465736031532288 0.22910869121551514
vt 0.6333509087562561 0.28300583362579346
vt 0.6477044820785522 0.20983576774597168
vt 0.6568149924278259 0.20480000972747803
vt 0.6573492288589478 0.21848809719085693
vt 0.6473650336265564 0.21882879734039307
vt 0.6568149924278259 0.20480000972747803
vt 0.669113278388977 0.20484662055969238
vt 0.6689039468765259 0.2188798189163208
vt 0.6573492288589478 0.21848809719085693
vt 0.6678227186203003 0.2310473918914795
vt 0.6535807847976685 0.28928935527801514
vt 0.6568973660469055 0.22990953922271729
vt 0.6433356404304504 0.2862122058868408
vt 0.6433356404304504 0.2862122058868408
vt 0.6535807847976685 0.28928935527801514
vt 0.650242805480957 0.3003385066986084
vt 0.6399650573730469 0.29681718349456787
vt 0.6573492288589478 0.21848809719085693
vt 0.6689039468765259 0.2188798189163208
vt 0.6678227186203003 0.2310473918914795
vt 0.6568973660469055 0.22990953922271729
vt 0.6473650336265564 0.21882879734039307
vt 0.6568973660469055 0.22990953922271729
vt 0.6573492288589478 0.21848809719085693
vt 0.6465736031532288 0.22910869121551514
vt 0.6333509087562561 0.28300583362579346
vt 0.6399650573730469 0.29681718349456787
vt 0.6433356404304504 0.2862122058868408
vt 0.6301764249801636 0.2934788465499878
vt 0.6465736031532288 0.22910869121551514
vt 0.650242805480957 0.3003385066986084
vt 0.6535807847976685 0.28928935527801514
vt 0.6568973660469055 0.22990953922271729
vt 0.6678227186203003 0.2310473918914795
vt 0.6573492288589478 0.21848809719085693
vt 0.6689039468765259 0.2188798189163208
vt 0.6568149924278259 0.20480000972747803
vt 0.669113278388977 0.20484662055969238
vt 0.6477044820785522 0.20983576774597168
vt 0.6473650336265564 0.21882879734039307
vt 0.6568973660469055 0.22990953922271729
vt 0.6535807847976685 0.28928935527801514
vt 0.6678227186203003 0.2310473918914795
vt 0.6433356404304504 0.2862122058868408
vt 0.6824374198913574 0.3635827302932739
vt 0.6824374198913574 0.48934149742126465
vt 0.5566785931587219 0.3635827302932739
vt 0.5566785931587219 0.48934149742126465
vt 0.6399650573730469 0.29681718349456787
vt 0.5949548482894897 0.3926633596420288
vt 0.6301764249801636 0.2934788465499878
vt 0.591410219669342 0.3874704837799072
vt 0.650242805480957 0.3003385066986084
vt 0.60418701171875 0.4082362651824951
vt 0.6399650573730469 0.29681718349456787
vt 0.5949548482894897 0.3926633596420288
vt 0.6301764249801636 0.2934788465499878
vt 0.5949548482894897 0.3926633596420288
vt 0.6399650573730469 0.29681718349456787
vt 0.591410219669342 0.3874704837799072
vt 0.6399650573730469 0.29681718349456787
vt 0.60418701171875 0.4082362651824951
vt 0.650242805480957 0.3003385066986084
vt 0.5949548482894897 0.3926633596420288
vt 0.8209041357040405 0.26546889543533325
vt 0.7905149459838867 0.26546889543533325
vt 0.8209041357040405 0.26546889543533325
vt 0.7905149459838867 0.26546889543533325
vt 0.8209041357040405 0.25192487239837646
vt 0.7905149459838867 0.26546889543533325
vt 0.7905149459838867 0.25192487239837646
vt 0.8209041357040405 0.26546889543533325
vt 0.8209041357040405 0.26546889543533325
vt 0.8209041357040405 0.26546889543533325
vt 0.7905149459838867 0.26546889543533325
vt 0.7905149459838867 0.26546889543533325
vt 0.8209041357040405 0.25192487239837646
vt 0.7905149459838867 0.26546889543533325
vt 0.8209041357040405 0.26546889543533325
vt 0.7905149459838867 0.25192487239837646
vt 0.5791788697242737 0.07264053821563721
vt 0.5862438678741455 0.062194108963012695
vt 0.6007067561149597 0.07799220085144043
vt 0.5903937816619873 0.08611524105072021
vt 0.5737866163253784 0.08006316423416138
vt 0.580568253993988 0.09281730651855469
vt 0.580568253993988 0.09281730651855469
vt 0.5903937816619873 0.08611524105072021
vt 0.6009584069252014 0.10304760932922363
vt 0.5890738368034363 0.11036515235900879
vt 0.612421989440918 0.09515053033828735
vt 0.6007067561149597 0.07799220085144043
vt 0.5791788697242737 0.07264053821563721
vt 0.6007067561149597 0.07799220085144043
vt 0.5862438678741455 0.062194108963012695
vt 0.5903937816619873 0.08611524105072021
vt 0.5737866163253784 0.08006316423416138
vt 0.580568253993988 0.09281730651855469
vt 0.580568253993988 0.09281730651855469
vt 0.6009584069252014 0.10304760932922363
vt 0.5903937816619873 0.08611524105072021
vt 0.5890738368034363 0.11036515235900879
vt 0.612421989440918 0.09515053033828735
vt 0.6007067561149597 0.07799220085144043
vt 0.38574838638305664 0.14149951934814453
vt 0.3859187066555023 0.1717369556427002
vt 0.38034671545028687 0.1708616018295288
vt 0.389470636844635 0.14229774475097656
vt 0.37141358852386475 0.3311687707901001
vt 0.37690469622612 0.19137680530548096
vt 0.3777836561203003 0.3305095434188843
vt 0.38273292779922485 0.1921522617340088
vt 0.37690469622612 0.19137680530548096
vt 0.37887030839920044 0.17923051118850708
vt 0.38273292779922485 0.1921522617340088
vt 0.38473808765411377 0.18015384674072266
vt 0.38034671545028687 0.1708616018295288
vt 0.38473808765411377 0.18015384674072266
vt 0.37887030839920044 0.17923051118850708
vt 0.3859187066555023 0.1717369556427002
vt 0.38574838638305664 0.14149951934814453
vt 0.38034671545028687 0.1708616018295288
vt 0.3859187066555023 0.1717369556427002
vt 0.389470636844635 0.14229774475097656
vt 0.37690469622612 0.19137680530548096
vt 0.37141358852386475 0.3311687707901001
vt 0.3777836561203003 0.3305095434188843
vt 0.38273292779922485 0.1921522617340088
vt 0.37887030839920044 0.17923051118850708
vt 0.37690469622612 0.19137680530548096
vt 0.38273292779922485 0.1921522617340088
vt 0.38473808765411377 0.18015384674072266
vt 0.37887030839920044 0.17923051118850708
vt 0.38473808765411377 0.18015384674072266
vt 0.38034671545028687 0.1708616018295288
vt 0.3859187066555023 0.1717369556427002
vt 0.5923832058906555 0.26053881645202637
vt 0.5820895433425903 0.2783548831939697
vt 0.5762927532196045 0.26961469650268555
vt 0.5948276519775391 0.2653210163116455
vt 0.37538737058639526 0.3530184030532837
vt 0.37141358852386475 0.3311687707901001
vt 0.3785358667373657 0.3518714904785156
vt 0.3777836561203003 0.3305095434188843
vt 0.5923832058906555 0.26053881645202637
vt 0.5762927532196045 0.26961469650268555
vt 0.5820895433425903 0.2783548831939697
vt 0.5948276519775391 0.2653210163116455
vt 0.3785358667373657 0.3518714904785156
vt 0.37141358852386475 0.3311687707901001
vt 0.37538737058639526 0.3530184030532837
vt 0.3777836561203003 0.3305095434188843
vt 0.3709089159965515 0.44239288568496704
vt 0.3709089159965515 0.38131558895111084
vt 0.4751743972301483 0.3381274342536926
vt 0.36483436822891235 0.41185426712036133
vt 0.4140971004962921 0.3381274342536926
vt 0.3882076144218445 0.3554261326789856
vt 0.4446357488632202 0.33205288648605347
vt 0.4140971004962921 0.48558104038238525
vt 0.3882076144218445 0.4682823419570923
vt 0.4751743972301483 0.48558104038238525
vt 0.4446357488632202 0.4916555881500244
vt 0.5183625817298889 0.38131558895111084
vt 0.5010638236999512 0.3554261326789856
vt 0.5183625817298889 0.44239288568496704
vt 0.5010638236999512 0.4682823419570923
vt 0.5244370698928833 0.41185426712036133
vt 0.7905148267745972 0.21482014656066895
vt 0.5625954866409302 0.052744150161743164
vt 0.5625954866409302 0.052744150161743164
vt 0.7905148267745972 0.21482014656066895
vt 0.7905149459838867 0.2787732481956482
vt 0.5625954866409302 0.052744150161743164
vt 0.5625954866409302 0.052744150161743164
vt 0.7905149459838867 0.2787732481956482
vt 0.7905148267745972 0.21482014656066895
vt 0.5625954866409302 0.052744150161743164
vt 0.7905149459838867 0.20469039678573608
vt 0.7905149459838867 0.18949580192565918
vt 0.7905149459838867 0.18949580192565918
vt 0.5625954866409302 0.052744150161743164
vt 0.5625954866409302 0.052744150161743164
vt 0.7905149459838867 0.20469039678573608
vt 0.5625954866409302 0.052744150161743164
vt 0.7905149459838867 0.18949580192565918
vt 0.5625954866409302 0.052744150161743164
vt 0.3014642298221588 0.203125
vt 0.3014642298221588 0.2908198833465576
vt 0.2137693464756012 0.203125
vt 0.2137693464756012 0.2908198833465576
vt 0.3621286153793335 0.36502885818481445
vt 0.3534456491470337 0.3346289396286011
vt 0.3746465742588043 0.35555803775787354
vt 0.36736947298049927 0.3316763639450073
vt 0.3746465742588043 0.35555803775787354
vt 0.3534456491470337 0.3346289396286011
vt 0.3621286153793335 0.36502885818481445
vt 0.36736947298049927 0.3316763639450073
vt 0.08794231712818146 0.9517225623130798
vt 0.0951927900314331 0.9082198143005371
vt 0.0951927900314331 0.9517225623130798
vt 0.08794231712818146 0.9082198143005371
vt 0.37448567152023315 0.10449433326721191
vt 0.3749488592147827 0.1263849139213562
vt 0.36309492588043213 0.11539137363433838
vt 0.38908714056015015 0.11839401721954346
vt 0.3661317229270935 0.14013874530792236
vt 0.35132694244384766 0.13313913345336914
vt 0.3599588871002197 0.17651844024658203
vt 0.3445330262184143 0.17526715993881226
vt 0.3594179153442383 0.18481385707855225
vt 0.3442712128162384 0.18423140048980713
vt 0.35912245512008667 0.1964963674545288
vt 0.3445490300655365 0.1965198516845703
vt 0.3534456491470337 0.3346289396286011
vt 0.3445490300655365 0.1965198516845703
vt 0.36736947298049927 0.3316763639450073
vt 0.35912245512008667 0.1964963674545288
vt 0.36309492588043213 0.11539137363433838
vt 0.3749488592147827 0.1263849139213562
vt 0.37448567152023315 0.10449433326721191
vt 0.38908714056015015 0.11839401721954346
vt 0.3661317229270935 0.14013874530792236
vt 0.35132694244384766 0.13313913345336914
vt 0.3599588871002197 0.17651844024658203
vt 0.3445330262184143 0.17526715993881226
vt 0.3594179153442383 0.18481385707855225
vt 0.3442712128162384 0.18423140048980713
vt 0.35912245512008667 0.1964963674545288
vt 0.3445490300655365 0.1965198516845703
vt 0.3445490300655365 0.1965198516845703
vt 0.3534456491470337 0.3346289396286011
vt 0.36736947298049927 0.3316763639450073
vt 0.35912245512008667 0.1964963674545288
vt 0.05894048511981964 0.9517225623130798
vt 0.0661909282207489 0.9082198143005371
vt 0.0661909282207489 0.9517225623130798
vt 0.05894048511981964 0.9082198143005371
vt 0.5948276519775391 0.2653210163116455
vt 0.5908752083778381 0.283847451210022
vt 0.5820895433425903 0.2783548831939697
vt 0.5986717939376831 0.2683180570602417
vt 0.5948276519775391 0.2653210163116455
vt 0.5820895433425903 0.2783548831939697
vt 0.5908752083778381 0.283847451210022
vt 0.5986717939376831 0.2683180570602417
vt 0.55492103099823 0.95020592212677
vt 0.5756888389587402 0.8671348094940186
vt 0.5756888389587402 0.95020592212677
vt 0.55492103099823 0.8671348094940186
vt 0.5341532230377197 0.95020592212677
vt 0.5341532230377197 0.8671348094940186
vt 0.5133854150772095 0.95020592212677
vt 0.5133854150772095 0.8671348094940186
vt 0.4926176071166992 0.95020592212677
vt 0.4926176071166992 0.8671348094940186
vt 0.47184979915618896 0.95020592212677
vt 0.47184979915618896 0.8671348094940186
vt 0.4510820508003235 0.95020592212677
vt 0.4510820508003235 0.8671348094940186
vt 0.43031424283981323 0.95020592212677
vt 0.43031424283981323 0.8671348094940186
vt 0.40954649448394775 0.95020592212677
vt 0.40954649448394775 0.8671348094940186
vt 0.3822314441204071 0.0962073802947998
vt 0.3977115750312805 0.09966456890106201
vt 0.3931805491447449 0.10630285739898682
vt 0.4041626751422882 0.11493617296218872
vt 0.3881905674934387 0.09002256393432617
vt 0.3822314441204071 0.0962073802947998
vt 0.3977115750312805 0.09966456890106201
vt 0.3881905674934387 0.09002256393432617
vt 0.3931805491447449 0.10630285739898682
vt 0.4041626751422882 0.11493617296218872
vt 0.6732333898544312 0.6612334847450256
vt 0.6940150260925293 0.4949806332588196
vt 0.6940150260925293 0.6612334847450256
vt 0.6732333898544312 0.4949806332588196
vt 0.652451753616333 0.6612334847450256
vt 0.652451753616333 0.4949806332588196
vt 0.6316702365875244 0.4949806332588196
vt 0.6316702365875244 0.6612334847450256
vt 0.6108886003494263 0.4949806332588196
vt 0.6108886003494263 0.6612334847450256
vt 0.5901069641113281 0.6612334847450256
vt 0.5901069641113281 0.4949806332588196
vt 0.56932532787323 0.6612334847450256
vt 0.56932532787323 0.4949806332588196
vt 0.5485438108444214 0.4949806332588196
vt 0.5485438108444214 0.6612334847450256
vt 0.5277621150016785 0.4949806332588196
vt 0.5277621150016785 0.6612334847450256
vt 0.5069805383682251 0.6612334847450256
vt 0.5069805383682251 0.4949806332588196
vt 0.48619896173477173 0.6612334847450256
vt 0.48619896173477173 0.4949806332588196
vt 0.46541735529899597 0.4949806332588196
vt 0.46541735529899597 0.6612334847450256
vt 0.4446357488632202 0.4949806332588196
vt 0.4446357488632202 0.6612334847450256
vt 0.42385414242744446 0.6612334847450256
vt 0.42385414242744446 0.4949806332588196
vt 0.4030725359916687 0.6612334847450256
vt 0.4030725359916687 0.4949806332588196
vt 0.38229092955589294 0.4949806332588196
vt 0.38229092955589294 0.6612334847450256
vt 0.3615093231201172 0.4949806332588196
vt 0.3615093231201172 0.6612334847450256
vt 0.6875998377799988 0.9035893082618713
vt 0.6875998377799988 0.9035893082618713
vt 0.624561607837677 0.9035893082618713
vt 0.624561607837677 0.9035893082618713
vt 0.3687800168991089 0.4693809747695923
vt 0.3687800168991089 0.418285071849823
vt 0.4560062289237976 0.38215476274490356
vt 0.36369818449020386 0.44383299350738525
vt 0.40491026639938354 0.38215476274490356
vt 0.38325172662734985 0.3966265320777893
vt 0.4304582476615906 0.37707293033599854
vt 0.40491026639938354 0.5055112838745117
vt 0.38325172662734985 0.491039514541626
vt 0.4560062289237976 0.5055112838745117
vt 0.4304582476615906 0.5105931162834167
vt 0.49213650822639465 0.418285071849823
vt 0.4776647686958313 0.3966265320777893
vt 0.49213650822639465 0.4693809747695923
vt 0.4776647686958313 0.491039514541626
vt 0.4972183108329773 0.44383299350738525
vt 0.6010767817497253 0.2291974425315857
vt 0.5762927532196045 0.26961469650268555
vt 0.5894460678100586 0.21387207508087158
vt 0.5923832058906555 0.26053881645202637
vt 0.6042748689651489 0.13096702098846436
vt 0.6115264296531677 0.18021559715270996
vt 0.5993421077728271 0.18740200996398926
vt 0.6181964874267578 0.12670773267745972
vt 0.5894460678100586 0.21387207508087158
vt 0.5762927532196045 0.26961469650268555
vt 0.6010767817497253 0.2291974425315857
vt 0.5923832058906555 0.26053881645202637
vt 0.6042748689651489 0.13096702098846436
vt 0.6115264296531677 0.18021559715270996
vt 0.6181964874267578 0.12670773267745972
vt 0.5993421077728271 0.18740200996398926
vt 0.4309198260307312 0.48934149742126465
vt 0.3051610589027405 0.48934149742126465
vt 0.3051610589027405 0.3635827302932739
vt 0.4309198260307312 0.3635827302932739
vt 0.3051610589027405 0.3635827302932739
vt 0.4309198260307312 0.3635827302932739
vt 0.4938249886035919 0.4098381996154785
vt 0.502038836479187 0.42131996154785156
vt 0.4935687482357025 0.42149198055267334
vt 0.5013864040374756 0.40951037406921387
vt 0.4938249886035919 0.4098381996154785
vt 0.49395331740379333 0.40051937103271484
vt 0.4996819496154785 0.39976370334625244
vt 0.5013864040374756 0.40951037406921387
vt 0.4938249886035919 0.4098381996154785
vt 0.502038836479187 0.42131996154785156
vt 0.5013864040374756 0.40951037406921387
vt 0.4935687482357025 0.42149198055267334
vt 0.4938249886035919 0.4098381996154785
vt 0.4996819496154785 0.39976370334625244
vt 0.49395331740379333 0.40051937103271484
vt 0.5013864040374756 0.40951037406921387
vt 0.4372830390930176 0.3816312551498413
vt 0.4854201376438141 0.39766979217529297
vt 0.43309637904167175 0.3926955461502075
vt 0.48295146226882935 0.40852177143096924
vt 0.4288674592971802 0.4041401147842407
vt 0.4810660481452942 0.42049992084503174
vt 0.48295146226882935 0.40852177143096924
vt 0.4935687482357025 0.42149198055267334
vt 0.4810660481452942 0.42049992084503174
vt 0.4938249886035919 0.4098381996154785
vt 0.4854201376438141 0.39766979217529297
vt 0.49395331740379333 0.40051937103271484
vt 0.41354596614837646 0.3712484836578369
vt 0.4372830390930176 0.3816312551498413
vt 0.4081188440322876 0.38211870193481445
vt 0.43309637904167175 0.3926955461502075
vt 0.40249601006507874 0.39351749420166016
vt 0.4288674592971802 0.4041401147842407
vt 0.3713681101799011 0.3758276700973511
vt 0.37970128655433655 0.36640286445617676
vt 0.3864205479621887 0.35728776454925537
vt 0.36342835426330566 0.3667353391647339
vt 0.3723341226577759 0.3596309423446655
vt 0.3808489441871643 0.3534432649612427
vt 0.3621286153793335 0.36502885818481445
vt 0.3746465742588043 0.35555803775787354
vt 0.37538737058639526 0.3530184030532837
vt 0.3795839548110962 0.3525732755661011
vt 0.3785358667373657 0.3518714904785156
vt 0.3746465742588043 0.35555803775787354
vt 0.3795839548110962 0.3525732755661011
vt 0.3808489441871643 0.3534432649612427
vt 0.3723341226577759 0.3596309423446655
vt 0.43309637904167175 0.3926955461502075
vt 0.4854201376438141 0.39766979217529297
vt 0.4372830390930176 0.3816312551498413
vt 0.48295146226882935 0.40852177143096924
vt 0.4288674592971802 0.4041401147842407
vt 0.4810660481452942 0.42049992084503174
vt 0.48295146226882935 0.40852177143096924
vt 0.4810660481452942 0.42049992084503174
vt 0.4935687482357025 0.42149198055267334
vt 0.4938249886035919 0.4098381996154785
vt 0.4854201376438141 0.39766979217529297
vt 0.49395331740379333 0.40051937103271484
vt 0.4081188440322876 0.38211870193481445
vt 0.4372830390930176 0.3816312551498413
vt 0.41354596614837646 0.3712484836578369
vt 0.43309637904167175 0.3926955461502075
vt 0.40249601006507874 0.39351749420166016
vt 0.4288674592971802 0.4041401147842407
vt 0.3713681101799011 0.3758276700973511
vt 0.37970128655433655 0.36640286445617676
vt 0.3864205479621887 0.35728776454925537
vt 0.36342835426330566 0.3667353391647339
vt 0.3723341226577759 0.3596309423446655
vt 0.3808489441871643 0.3534432649612427
vt 0.3621286153793335 0.36502885818481445
vt 0.3746465742588043 0.35555803775787354
vt 0.3795839548110962 0.3525732755661011
vt 0.37538737058639526 0.3530184030532837
vt 0.3785358667373657 0.3518714904785156
vt 0.3746465742588043 0.35555803775787354
vt 0.3808489441871643 0.3534432649612427
vt 0.3795839548110962 0.3525732755661011
vt 0.3723341226577759 0.3596309423446655
vt 0.0682239979505539 0.19527071714401245
vt 0.0682239979505539 0.11708217859268188
vt 0.20170016586780548 0.06179451942443848
vt 0.06044759973883629 0.15617644786834717
vt 0.1235116571187973 0.06179451942443848
vt 0.09036910533905029 0.08393967151641846
vt 0.1626059114933014 0.05401808023452759
vt 0.1235116571187973 0.2505583167076111
vt 0.09036910533905029 0.22841322422027588
vt 0.20170016586780548 0.2505583167076111
vt 0.1626059114933014 0.2583346366882324
vt 0.2569878101348877 0.11708217859268188
vt 0.2348427176475525 0.08393967151641846
vt 0.2569878101348877 0.19527071714401245
vt 0.2348427176475525 0.22841322422027588
vt 0.2647641599178314 0.15617644786834717
vt 0.3051610589027405 0.48934149742126465
vt 0.3051610589027405 0.3635827302932739
vt 0.4309198260307312 0.48934149742126465
vt 0.4309198260307312 0.3635827302932739
vt 0.5986717939376831 0.2683180570602417
vt 0.6064348816871643 0.2871760129928589
vt 0.5908752083778381 0.283847451210022
vt 0.6056525707244873 0.2701725959777832
vt 0.5986717939376831 0.2683180570602417
vt 0.5908752083778381 0.283847451210022
vt 0.6064348816871643 0.2871760129928589
vt 0.6056525707244873 0.2701725959777832
vt 0.6875998377799988 0.9035893082618713
vt 0.6875998377799988 0.9035893082618713
vt 0.624561607837677 0.9035893082618713
vt 0.624561607837677 0.9035893082618713
vt 0.513342559337616 0.3940056562423706
vt 0.515670120716095 0.40727901458740234
vt 0.5083749294281006 0.4084111452102661
vt 0.5054606199264526 0.3961050510406494
vt 0.5169628858566284 0.4197601079940796
vt 0.5083749294281006 0.4084111452102661
vt 0.515670120716095 0.40727901458740234
vt 0.5096662044525146 0.42052972316741943
vt 0.5054606199264526 0.3961050510406494
vt 0.5083749294281006 0.4084111452102661
vt 0.513342559337616 0.3940056562423706
vt 0.515670120716095 0.40727901458740234
vt 0.5083749294281006 0.4084111452102661
vt 0.5169628858566284 0.4197601079940796
vt 0.515670120716095 0.40727901458740234
vt 0.5096662044525146 0.42052972316741943
vt 0.44463884830474854 0.2507755756378174
vt 0.4534450173377991 0.2027212381362915
vt 0.4535035490989685 0.25184905529022217
vt 0.4443201422691345 0.2084522843360901
vt 0.43570905923843384 0.24976778030395508
vt 0.4373190402984619 0.21289920806884766
vt 0.4346988797187805 0.2584632635116577
vt 0.44341155886650085 0.259851336479187
vt 0.4119333028793335 0.33008790016174316
vt 0.4518333971500397 0.26134324073791504
vt 0.41670626401901245 0.33805525302886963
vt 0.42204874753952026 0.3508046865463257
vt 0.45877185463905334 0.0788230299949646
vt 0.4533855617046356 0.06765270233154297
vt 0.45966869592666626 0.06472921371459961
vt 0.46424660086631775 0.075408935546875
vt 0.46673643589019775 0.08578920364379883
vt 0.46268248558044434 0.09300827980041504
vt 0.4535035490989685 0.25184905529022217
vt 0.4534450173377991 0.2027212381362915
vt 0.44463884830474854 0.2507755756378174
vt 0.4443201422691345 0.2084522843360901
vt 0.43570905923843384 0.24976778030395508
vt 0.4373190402984619 0.21289920806884766
vt 0.4346988797187805 0.2584632635116577
vt 0.44341155886650085 0.259851336479187
vt 0.4119333028793335 0.33008790016174316
vt 0.4518333971500397 0.26134324073791504
vt 0.41670626401901245 0.33805525302886963
vt 0.42204874753952026 0.3508046865463257
vt 0.45877185463905334 0.0788230299949646
vt 0.45966869592666626 0.06472921371459961
vt 0.4533855617046356 0.06765270233154297
vt 0.46424660086631775 0.075408935546875
vt 0.45877185463905334 0.0788230299949646
vt 0.46268248558044434 0.09300827980041504
vt 0.46673643589019775 0.08578920364379883
vt 0.46424660086631775 0.075408935546875
vt 0.5639458894729614 0.6252201199531555
vt 0.6908826231956482 0.6252201199531555
vt 0.5639458894729614 0.6368663907051086
vt 0.6908826231956482 0.6368663907051086
vt 0.8732402324676514 0.5330485105514526
vt 0.8836300373077393 0.515625
vt 0.8723002672195435 0.5530576109886169
vt 0.8775739669799805 0.5187305808067322
vt 0.8723002672195435 0.5548242330551147
vt 0.8836300373077393 0.5922568440437317
vt 0.8732402324676514 0.574833333492279
vt 0.8775738477706909 0.5891512632369995
vt 0.9376022815704346 0.5922568440437317
vt 0.9376022815704346 0.515625
vt 0.947992205619812 0.574833333492279
vt 0.9436584711074829 0.5891512632369995
vt 0.9489321708679199 0.5548242926597595
vt 0.9489321708679199 0.5530576109886169
vt 0.947992205619812 0.5330485105514526
vt 0.9436584711074829 0.5187305808067322
vt 0.6875998377799988 0.8405511975288391
vt 0.624561607837677 0.9035893082618713
vt 0.624561607837677 0.8405511975288391
vt 0.6875998377799988 0.9035893082618713
vt 0.1531645953655243 0.9401919841766357
vt 0.12849748134613037 0.915524959564209
vt 0.1531645953655243 0.915524959564209
vt 0.12849748134613037 0.9401919841766357
vt 0.5868170261383057 0.3886582851409912
vt 0.591410219669342 0.3874704837799072
vt 0.5895627737045288 0.3950803279876709
vt 0.5949548482894897 0.3926633596420288
vt 0.5975543260574341 0.4115253686904907
vt 0.60418701171875 0.4082362651824951
vt 0.5847044587135315 0.415127158164978
vt 0.5798690319061279 0.397691011428833
vt 0.5782704949378967 0.3906782865524292
vt 0.5726626515388489 0.41675472259521484
vt 0.5699408054351807 0.39916419982910156
vt 0.5691366195678711 0.39187049865722656
vt 0.5601616501808167 0.40457868576049805
vt 0.5611975193023682 0.41753339767456055
vt 0.515670120716095 0.40727901458740234
vt 0.5169628858566284 0.4197601079940796
vt 0.513342559337616 0.3940056562423706
vt 0.5593995451927185 0.3923647403717041
vt 0.5593995451927185 0.3923647403717041
vt 0.5699408054351807 0.39916419982910156
vt 0.5601616501808167 0.40457868576049805
vt 0.5691366195678711 0.39187049865722656
vt 0.5868170261383057 0.3886582851409912
vt 0.5895627737045288 0.3950803279876709
vt 0.591410219669342 0.3874704837799072
vt 0.5949548482894897 0.3926633596420288
vt 0.5975543260574341 0.4115253686904907
vt 0.60418701171875 0.4082362651824951
vt 0.5847044587135315 0.415127158164978
vt 0.5798690319061279 0.397691011428833
vt 0.5726626515388489 0.41675472259521484
vt 0.5782704949378967 0.3906782865524292
vt 0.5699408054351807 0.39916419982910156
vt 0.5691366195678711 0.39187049865722656
vt 0.5593995451927185 0.3923647403717041
vt 0.5699408054351807 0.39916419982910156
vt 0.5691366195678711 0.39187049865722656
vt 0.5601616501808167 0.40457868576049805
vt 0.5726626515388489 0.41675472259521484
vt 0.5601616501808167 0.40457868576049805
vt 0.5611975193023682 0.41753339767456055
vt 0.5699408054351807 0.39916419982910156
vt 0.5169628858566284 0.4197601079940796
vt 0.5611975193023682 0.41753339767456055
vt 0.515670120716095 0.40727901458740234
vt 0.5601616501808167 0.40457868576049805
vt 0.513342559337616 0.3940056562423706
vt 0.5593995451927185 0.3923647403717041
vt 0.6260505318641663 0.9063044786453247
vt 0.6955029964447021 0.8368520140647888
vt 0.6955029964447021 0.9063044786453247
vt 0.6260505318641663 0.836851954460144
vt 0.5579785704612732 0.6568247675895691
vt 0.43104177713394165 0.6684710383415222
vt 0.43104177713394165 0.6568246483802795
vt 0.5579785704612732 0.6684710383415222
vt 0.3662939667701721 0.28624212741851807
vt 0.5109076499938965 0.48404252529144287
vt 0.3397006392478943 0.3128354549407959
vt 0.5375010967254639 0.45744919776916504
vt 0.4871455132961273 0.9063044786453247
vt 0.5565980076789856 0.836851954460144
vt 0.5565980076789856 0.9063044786453247
vt 0.4871455132961273 0.836851954460144
vt 0.6907470226287842 0.6568247675895691
vt 0.5638102889060974 0.6684710383415222
vt 0.5638102889060974 0.6568247675895691
vt 0.6907470226287842 0.6684710383415222
vt 0.11968554556369781 0.4574490785598755
vt 0.29089266061782837 0.2862420678138733
vt 0.3174859285354614 0.3128354549407959
vt 0.14627891778945923 0.48404234647750854
vt 0.5615234971046448 0.8405511975288391
vt 0.498485267162323 0.9035893082618713
vt 0.498485267162323 0.8405511975288391
vt 0.5615234971046448 0.9035893082618713
vt 0.8360987901687622 0.29585814476013184
vt 0.7905149459838867 0.2907191514968872
vt 0.8360987901687622 0.290719211101532
vt 0.7905149459838867 0.29585814476013184
vt 0.7905149459838867 0.27191513776779175
vt 0.8360987901687622 0.27191513776779175
vt 0.7905149459838867 0.26546889543533325
vt 0.8360987901687622 0.26546889543533325
vt 0.8360987901687622 0.290719211101532
vt 0.7905149459838867 0.2907191514968872
vt 0.8360987901687622 0.29585814476013184
vt 0.7905149459838867 0.29585814476013184
vt 0.7905149459838867 0.27191513776779175
vt 0.8360987901687622 0.27191513776779175
vt 0.7905149459838867 0.26546889543533325
vt 0.8360987901687622 0.26546889543533325
vt 0.14549128711223602 0.3536261320114136
vt 0.10604079067707062 0.19582414627075195
vt 0.14549128711223602 0.19582414627075195
vt 0.10604079067707062 0.3536261320114136
vt 0.5581141710281372 0.6368663907051086
vt 0.43117743730545044 0.6368663907051086
vt 0.5581141710281372 0.6252198815345764
vt 0.43117743730545044 0.6252198815345764
vt 0.8723002672195435 0.40156054496765137
vt 0.7956684231758118 0.3997938632965088
vt 0.8723002672195435 0.3997938632965088
vt 0.7956684231758118 0.40156054496765137
vt 0.5083749294281006 0.4084111452102661
vt 0.5013864040374756 0.40951037406921387
vt 0.5054606199264526 0.3961050510406494
vt 0.4996819496154785 0.39976370334625244
vt 0.5096662044525146 0.42052972316741943
vt 0.5013864040374756 0.40951037406921387
vt 0.5083749294281006 0.4084111452102661
vt 0.502038836479187 0.42131996154785156
vt 0.5083749294281006 0.4084111452102661
vt 0.5054606199264526 0.3961050510406494
vt 0.5013864040374756 0.40951037406921387
vt 0.4996819496154785 0.39976370334625244
vt 0.5096662044525146 0.42052972316741943
vt 0.5013864040374756 0.40951037406921387
vt 0.502038836479187 0.42131996154785156
vt 0.5083749294281006 0.4084111452102661
vt 0.49330148100852966 0.08227384090423584
vt 0.48925867676734924 0.06895434856414795
vt 0.4996320903301239 0.07686328887939453
vt 0.49636709690093994 0.06674957275390625
vt 0.4863327145576477 0.05684351921081543
vt 0.494185209274292 0.05507051944732666
vt 0.49330148100852966 0.08227384090423584
vt 0.4996320903301239 0.07686328887939453
vt 0.48925867676734924 0.06895434856414795
vt 0.49636709690093994 0.06674957275390625
vt 0.4863327145576477 0.05684351921081543
vt 0.494185209274292 0.05507051944732666
vt 0.5615234971046448 0.9035893082618713
vt 0.5615234971046448 0.9035893082618713
vt 0.498485267162323 0.9035893082618713
vt 0.498485267162323 0.9035893082618713
vt 0.8723002672195435 0.5548242926597595
vt 0.7956684231758118 0.5530576109886169
vt 0.8723002672195435 0.5530576109886169
vt 0.7956684231758118 0.5548242330551147
vt 0.18494178354740143 0.3536261320114136
vt 0.14549128711223602 0.19582414627075195
vt 0.18494178354740143 0.19582414627075195
vt 0.14549128711223602 0.3536261320114136
vt 0.3051610589027405 0.3635827302932739
vt 0.3051610589027405 0.3635827302932739
vt 0.4309198260307312 0.3635827302932739
vt 0.4309198260307312 0.3635827302932739
vt 0.5375009775161743 0.09282040596008301
vt 0.33970075845718384 0.2374340295791626
vt 0.5109076499938965 0.06622713804244995
vt 0.3662940263748169 0.26402735710144043
vt 0.6215436458587646 0.9559392929077148
vt 0.6427997350692749 0.9559392929077148
vt 0.6427997350692749 0.7858911752700806
vt 0.6215436458587646 0.7858911752700806
vt 0.600287675857544 0.9559392929077148
vt 0.600287675857544 0.7858911752700806
vt 0.5896596908569336 0.9559392929077148
vt 0.5896596908569336 0.7858911752700806
vt 0.5790317058563232 0.9559392929077148
vt 0.5790317058563232 0.7858911752700806
vt 0.5577756762504578 0.9559392929077148
vt 0.5577756762504578 0.7858911752700806
vt 0.5365196466445923 0.9559392929077148
vt 0.5365196466445923 0.7858911752700806
vt 0.5152636766433716 0.9559392929077148
vt 0.5152636766433716 0.7858911752700806
vt 0.4940076768398285 0.9559392929077148
vt 0.4940076768398285 0.7858911752700806
vt 0.4727516174316406 0.9559392929077148
vt 0.4727516174316406 0.7858911752700806
vt 0.29089266061782837 0.26402735710144043
vt 0.11968554556369781 0.09282022714614868
vt 0.14627891778945923 0.06622695922851562
vt 0.3174859285354614 0.2374340295791626
vt 0.6215436458587646 0.9559392929077148
vt 0.6427997350692749 0.7858911752700806
vt 0.6427997350692749 0.9559392929077148
vt 0.6215436458587646 0.7858911752700806
vt 0.600287675857544 0.9559392929077148
vt 0.600287675857544 0.7858911752700806
vt 0.5896596908569336 0.9559392929077148
vt 0.5896596908569336 0.7858911752700806
vt 0.5790317058563232 0.9559392929077148
vt 0.5790317058563232 0.7858911752700806
vt 0.5577756762504578 0.9559392929077148
vt 0.5577756762504578 0.7858911752700806
vt 0.5365196466445923 0.9559392929077148
vt 0.5365196466445923 0.7858911752700806
vt 0.5152636766433716 0.9559392929077148
vt 0.5152636766433716 0.7858911752700806
vt 0.4940076768398285 0.9559392929077148
vt 0.4940076768398285 0.7858911752700806
vt 0.4727516174316406 0.9559392929077148
vt 0.4727516174316406 0.7858911752700806
vt 0.7905148267745972 0.44626837968826294
vt 0.7905149459838867 0.2986239790916443
vt 0.7905149459838867 0.3262474536895752
vt 0.7905149459838867 0.504802405834198
vt 0.1778317391872406 0.8661907911300659
vt 0.1778317391872406 0.8908577561378479
vt 0.1531645953655243 0.8661907911300659
vt 0.1531645953655243 0.8908577561378479
vt 0.6056525707244873 0.2701725959777832
vt 0.6171949505805969 0.2860625982284546
vt 0.6064348816871643 0.2871760129928589
vt 0.6106215119361877 0.26962804794311523
vt 0.6056525707244873 0.2701725959777832
vt 0.6064348816871643 0.2871760129928589
vt 0.6171949505805969 0.2860625982284546
vt 0.6106215119361877 0.26962804794311523
vt 0.5579785704612732 0.6568247675895691
vt 0.43104177713394165 0.653952419757843
vt 0.5579785704612732 0.653952419757843
vt 0.43104177713394165 0.6568246483802795
vt 0.6907470226287842 0.6568247675895691
vt 0.5638102889060974 0.6568247675895691
vt 0.5638102889060974 0.653952419757843
vt 0.6907470226287842 0.653952419757843
vt 0.7905148267745972 0.44626837968826294
vt 0.7905149459838867 0.3262474536895752
vt 0.7905149459838867 0.2986239790916443
vt 0.7905149459838867 0.504802405834198
vt 0.0951927900314331 0.9073496460914612
vt 0.07431143522262573 0.8864684104919434
vt 0.07710902392864227 0.8969090580940247
vt 0.08475212007761002 0.904552161693573
vt 0.0951927900314331 0.8655869960784912
vt 0.07710902392864227 0.8760276436805725
vt 0.08475212007761002 0.868384599685669
vt 0.11607412248849869 0.8864684104919434
vt 0.1056334525346756 0.868384599685669
vt 0.11327653378248215 0.8760276436805725
vt 0.11327653378248215 0.8969090580940247
vt 0.1056334525346756 0.904552161693573
vt 0.1778317391872406 0.915524959564209
vt 0.1778317391872406 0.9401919841766357
vt 0.1531645953655243 0.915524959564209
vt 0.1531645953655243 0.9401919841766357
vt 0.49651962518692017 0.8414071202278137
vt 0.49651962518692017 0.9042410850524902
vt 0.4886654019355774 0.9042410850524902
vt 0.4886654019355774 0.8414071202278137
vt 0.43368563055992126 0.9042410850524902
vt 0.43368563055992126 0.8414071202278137
vt 0.49651962518692017 0.9042410850524902
vt 0.4886654019355774 0.9042410850524902
vt 0.49651962518692017 0.9042410850524902
vt 0.488665372133255 0.9042410850524902
vt 0.49651962518692017 0.9042410850524902
vt 0.4886654019355774 0.9042410850524902
vt 0.49651962518692017 0.9042410850524902
vt 0.4886654019355774 0.9042410850524902
vt 0.49651962518692017 0.9042410850524902
vt 0.488665372133255 0.9042410254478455
vt 0.49651962518692017 0.9042410850524902
vt 0.4886654019355774 0.9042410850524902
vt 0.488665372133255 0.9042410850524902
vt 0.49651962518692017 0.9042410850524902
vt 0.488665372133255 0.9042410850524902
vt 0.43368563055992126 0.9042410850524902
vt 0.43368563055992126 0.9042410850524902
vt 0.4886654019355774 0.9042410850524902
vt 0.4886654019355774 0.9042410850524902
vt 0.43368563055992126 0.9042410850524902
vt 0.43368563055992126 0.9042410850524902
vt 0.43368563055992126 0.9042410850524902
vt 0.4886654019355774 0.9042410850524902
vt 0.488665372133255 0.9042410254478455
vt 0.488665372133255 0.9042410850524902
vt 0.43368563055992126 0.9042410850524902
vt 0.4886654019355774 0.9042410850524902
vt 0.43368563055992126 0.9042410850524902
vt 0.10604079067707062 0.3536261320114136
vt 0.06659027934074402 0.3536261320114136
vt 0.10604079067707062 0.19582414627075195
vt 0.06659027934074402 0.19582414627075195
vt 0.32337334752082825 0.898635983467102
vt 0.2661604583263397 0.8414231538772583
vt 0.32337334752082825 0.8414231538772583
vt 0.2661604583263397 0.898635983467102
vt 0.32337334752082825 0.898635983467102
vt 0.2661604583263397 0.8414231538772583
vt 0.32337334752082825 0.8414231538772583
vt 0.2661604583263397 0.898635983467102
vt 0.6398195624351501 0.21777820587158203
vt 0.63912433385849 0.22840845584869385
vt 0.6473650336265564 0.21882879734039307
vt 0.6465736031532288 0.22910869121551514
vt 0.6477044820785522 0.20983576774597168
vt 0.6258752346038818 0.2802460193634033
vt 0.6359875202178955 0.22032177448272705
vt 0.6333509087562561 0.28300583362579346
vt 0.621651291847229 0.29097843170166016
vt 0.6301764249801636 0.2934788465499878
vt 0.6421985626220703 0.20765399932861328
vt 0.6255668997764587 0.21356451511383057
vt 0.629657506942749 0.20228755474090576
vt 0.6105853319168091 0.2079763412475586
vt 0.6158031225204468 0.1958814263343811
vt 0.6064348816871643 0.2871760129928589
vt 0.5868170261383057 0.3886582851409912
vt 0.5782704949378967 0.3906782865524292
vt 0.5943995118141174 0.2012140154838562
vt 0.5979814529418945 0.20889496803283691
vt 0.5894460678100586 0.21387207508087158
vt 0.5766873359680176 0.1825714111328125
vt 0.5993421077728271 0.18740200996398926
vt 0.574038028717041 0.19548678398132324
vt 0.5696499347686768 0.21666640043258667
vt 0.5762927532196045 0.26961469650268555
vt 0.5586380362510681 0.26759493350982666
vt 0.5752882361412048 0.28101181983947754
vt 0.5569600462913513 0.27821195125579834
vt 0.5195289850234985 0.2721891403198242
vt 0.5210992693901062 0.2616339921951294
vt 0.5289323925971985 0.2090299129486084
vt 0.473201721906662 0.2649984359741211
vt 0.4747137427330017 0.25476014614105225
vt 0.47815147042274475 0.20313644409179688
vt 0.5320667624473572 0.18794572353363037
vt 0.4797985255718231 0.18132245540618896
vt 0.4535035490989685 0.25184905529022217
vt 0.4534450173377991 0.2027212381362915
vt 0.4518333971500397 0.26134324073791504
vt 0.42204874753952026 0.3508046865463257
vt 0.44486838579177856 0.36146020889282227
vt 0.4927188456058502 0.3819071054458618
vt 0.41354596614837646 0.3712484836578369
vt 0.4372830390930176 0.3816312551498413
vt 0.3864205479621887 0.35728776454925537
vt 0.4854201376438141 0.39766979217529297
vt 0.3911063075065613 0.3410146236419678
vt 0.3808489441871643 0.3534432649612427
vt 0.38357535004615784 0.33082354068756104
vt 0.3795839548110962 0.3525732755661011
vt 0.5054606199264526 0.3961050510406494
vt 0.4996819496154785 0.39976370334625244
vt 0.513342559337616 0.3940056562423706
vt 0.38208359479904175 0.33068013191223145
vt 0.3785358667373657 0.3518714904785156
vt 0.3777836561203003 0.3305095434188843
vt 0.39978882670402527 0.19718778133392334
vt 0.40149256587028503 0.19765138626098633
vt 0.4041498303413391 0.184562087059021
vt 0.4169324040412903 0.18693959712982178
vt 0.40607476234436035 0.1752382516860962
vt 0.41812214255332947 0.17668408155441284
vt 0.4068526029586792 0.13781428337097168
vt 0.417313814163208 0.13482213020324707
vt 0.44115403294563293 0.17857211828231812
vt 0.4404815137386322 0.1903289556503296
vt 0.39143407344818115 0.13212239742279053
vt 0.389470636844635 0.14229774475097656
vt 0.3966209292411804 0.12234699726104736
vt 0.4522364139556885 0.1788962483406067
vt 0.44642403721809387 0.13116061687469482
vt 0.45730316638946533 0.13250470161437988
vt 0.4510210454463959 0.09757936000823975
vt 0.46268248558044434 0.09300827980041504
vt 0.4832073748111725 0.14759516716003418
vt 0.4903956949710846 0.09817147254943848
vt 0.46673643589019775 0.08578920364379883
vt 0.49330148100852966 0.08227384090423584
vt 0.5429621934890747 0.10888874530792236
vt 0.533932626247406 0.1755983829498291
vt 0.5443145036697388 0.09294068813323975
vt 0.4996320903301239 0.07686328887939453
vt 0.5581210851669312 0.07732582092285156
vt 0.580568253993988 0.09281730651855469
vt 0.5890738368034363 0.11036515235900879
vt 0.5737866163253784 0.08006316423416138
vt 0.591410219669342 0.3874704837799072
vt 0.621651291847229 0.29097843170166016
vt 0.5868170261383057 0.3886582851409912
vt 0.6301764249801636 0.2934788465499878
vt 0.5691366195678711 0.39187049865722656
vt 0.5752882361412048 0.28101181983947754
vt 0.5593995451927185 0.3923647403717041
vt 0.5908752083778381 0.283847451210022
vt 0.5782704949378967 0.3906782865524292
vt 0.5908752083778381 0.283847451210022
vt 0.5691366195678711 0.39187049865722656
vt 0.6064348816871643 0.2871760129928589
vt 0.5762927532196045 0.26961469650268555
vt 0.5752882361412048 0.28101181983947754
vt 0.5820895433425903 0.2783548831939697
vt 0.5908752083778381 0.283847451210022
vt 0.6064348816871643 0.2871760129928589
vt 0.621651291847229 0.29097843170166016
vt 0.6171949505805969 0.2860625982284546
vt 0.6258752346038818 0.2802460193634033
vt 0.5569600462913513 0.27821195125579834
vt 0.513342559337616 0.3940056562423706
vt 0.5593995451927185 0.3923647403717041
vt 0.5752882361412048 0.28101181983947754
vt 0.5766873359680176 0.1825714111328125
vt 0.6042748689651489 0.13096702098846436
vt 0.5890738368034363 0.11036515235900879
vt 0.5993421077728271 0.18740200996398926
vt 0.5320667624473572 0.18794572353363037
vt 0.574038028717041 0.19548678398132324
vt 0.533932626247406 0.1755983829498291
vt 0.5766873359680176 0.1825714111328125
vt 0.5195289850234985 0.2721891403198242
vt 0.4927188456058502 0.3819071054458618
vt 0.513342559337616 0.3940056562423706
vt 0.5569600462913513 0.27821195125579834
vt 0.533932626247406 0.1755983829498291
vt 0.5890738368034363 0.11036515235900879
vt 0.5429621934890747 0.10888874530792236
vt 0.5766873359680176 0.1825714111328125
vt 0.49395331740379333 0.40051937103271484
vt 0.4927188456058502 0.3819071054458618
vt 0.4854201376438141 0.39766979217529297
vt 0.4996819496154785 0.39976370334625244
vt 0.4797985255718231 0.18132245540618896
vt 0.533932626247406 0.1755983829498291
vt 0.4832073748111725 0.14759516716003418
vt 0.5320667624473572 0.18794572353363037
vt 0.45730316638946533 0.13250470161437988
vt 0.4903956949710846 0.09817147254943848
vt 0.46268248558044434 0.09300827980041504
vt 0.4832073748111725 0.14759516716003418
vt 0.4522364139556885 0.1788962483406067
vt 0.47815147042274475 0.20313644409179688
vt 0.4797985255718231 0.18132245540618896
vt 0.4534450173377991 0.2027212381362915
vt 0.44115403294563293 0.17857211828231812
vt 0.43807607889175415 0.12990069389343262
vt 0.41812214255332947 0.17668408155441284
vt 0.417313814163208 0.13482213020324707
vt 0.43807607889175415 0.12990069389343262
vt 0.4041626751422882 0.11493617296218872
vt 0.417313814163208 0.13482213020324707
vt 0.4285965859889984 0.09379231929779053
vt 0.3859187066555023 0.1717369556427002
vt 0.4068526029586792 0.13781428337097168
vt 0.389470636844635 0.14229774475097656
vt 0.40607476234436035 0.1752382516860962
vt 0.3777836561203003 0.3305095434188843
vt 0.39978882670402527 0.19718778133392334
vt 0.38273292779922485 0.1921522617340088
vt 0.38208359479904175 0.33068013191223145
vt 0.38273292779922485 0.1921522617340088
vt 0.4041498303413391 0.184562087059021
vt 0.38473808765411377 0.18015384674072266
vt 0.39978882670402527 0.19718778133392334
vt 0.5289323925971985 0.2090299129486084
vt 0.5696499347686768 0.21666640043258667
vt 0.5320667624473572 0.18794572353363037
vt 0.574038028717041 0.19548678398132324
vt 0.5943995118141174 0.2012140154838562
vt 0.6158031225204468 0.1958814263343811
vt 0.5993421077728271 0.18740200996398926
vt 0.6105853319168091 0.2079763412475586
vt 0.38473808765411377 0.18015384674072266
vt 0.40607476234436035 0.1752382516860962
vt 0.3859187066555023 0.1717369556427002
vt 0.4041498303413391 0.184562087059021
vt 0.4404815137386322 0.1903289556503296
vt 0.4522364139556885 0.1788962483406067
vt 0.44115403294563293 0.17857211828231812
vt 0.4534450173377991 0.2027212381362915
vt 0.4068526029586792 0.13781428337097168
vt 0.4041626751422882 0.11493617296218872
vt 0.3966209292411804 0.12234699726104736
vt 0.417313814163208 0.13482213020324707
vt 0.030808672308921814 0.8864684104919434
vt 0.0516899973154068 0.8655869960784912
vt 0.07257132977247238 0.8864684104919434
vt 0.04124933481216431 0.868384599685669
vt 0.03360617160797119 0.8760276436805725
vt 0.06213068217039108 0.868384599685669
vt 0.06977377831935883 0.8760276436805725
vt 0.0516899973154068 0.9073496460914612
vt 0.03360617160797119 0.8969090580940247
vt 0.04124933481216431 0.904552161693573
vt 0.06213068217039108 0.904552161693573
vt 0.06977377831935883 0.8969090580940247
vt 0.5672078132629395 0.8414071202278137
vt 0.622187614440918 0.9042410850524902
vt 0.5672078132629395 0.9042410850524902
vt 0.622187614440918 0.8414071202278137
vt 0.5593535900115967 0.8414071202278137
vt 0.5593535900115967 0.9042410850524902
vt 0.622187614440918 0.9042410850524902
vt 0.5672078132629395 0.9042410850524902
vt 0.5672078132629395 0.9042410850524902
vt 0.622187614440918 0.9042410850524902
vt 0.5672078132629395 0.9042410850524902
vt 0.622187614440918 0.9042410850524902
vt 0.622187614440918 0.9042410850524902
vt 0.5672078132629395 0.9042410850524902
vt 0.5672078132629395 0.9042410850524902
vt 0.622187614440918 0.9042410850524902
vt 0.5672078132629395 0.9042410850524902
vt 0.5672078132629395 0.9042410850524902
vt 0.5593535900115967 0.9042410850524902
vt 0.5593535900115967 0.9042410850524902
vt 0.5672078132629395 0.9042410850524902
vt 0.5593535900115967 0.9042410850524902
vt 0.5593535900115967 0.9042410850524902
vt 0.5672078132629395 0.9042410850524902
vt 0.5672078132629395 0.9042410850524902
vt 0.5593535900115967 0.9042410850524902
vt 0.5593535900115967 0.9042410850524902
vt 0.5672078132629395 0.9042410850524902
vt 0.9195119142532349 0.05002939701080322
vt 0.7888096570968628 0.06838172674179077
vt 0.891484260559082 0.10044002532958984
vt 0.8190089464187622 0.11197257041931152
vt 0.763412356376648 0.09566259384155273
vt 0.8815770149230957 0.13225317001342773
vt 0.8025742769241333 0.11974495649337769
vt 0.824837327003479 0.14030086994171143
vt 0.8592231869697571 0.17356306314468384
vt 0.803912878036499 0.1429910659790039
vt 0.8278053998947144 0.1742023229598999
vt 0.847604513168335 0.2007763385772705
vt 0.8067202568054199 0.17606401443481445
vt 0.8285638689994812 0.19915175437927246
vt 0.8426997661590576 0.22424113750457764
vt 0.8115178346633911 0.19971752166748047
vt 0.8265281915664673 0.22127854824066162
vt 0.8384677767753601 0.24687838554382324
vt 0.8113728761672974 0.21887195110321045
vt 0.8213436603546143 0.24235689640045166
vt 0.8342534303665161 0.27345073223114014
vt 0.8067485094070435 0.23624670505523682
vt 0.8114989995956421 0.26670098304748535
vt 0.8314276933670044 0.3132517337799072
vt 0.7940677404403687 0.25465893745422363
vt 0.7925256490707397 0.3019115924835205
vt 0.763412356376648 0.2750910520553589
vt 0.32337334752082825 0.9571897983551025
vt 0.2661604583263397 0.8999769687652588
vt 0.32337334752082825 0.8999769687652588
vt 0.2661604583263397 0.9571897983551025
vt 0.32337334752082825 0.9571897983551025
vt 0.2661604583263397 0.8999769687652588
vt 0.32337334752082825 0.8999769687652588
vt 0.2661604583263397 0.9571897983551025
vt 0.6473650336265564 0.21882879734039307
vt 0.63912433385849 0.22840845584869385
vt 0.6398195624351501 0.21777820587158203
vt 0.6465736031532288 0.22910869121551514
vt 0.6477044820785522 0.20983576774597168
vt 0.6258752346038818 0.2802460193634033
vt 0.6359875202178955 0.22032177448272705
vt 0.6333509087562561 0.28300583362579346
vt 0.6255668997764587 0.21356451511383057
vt 0.6421985626220703 0.20765399932861328
vt 0.629657506942749 0.20228755474090576
vt 0.6105853319168091 0.2079763412475586
vt 0.621651291847229 0.29097843170166016
vt 0.6158031225204468 0.1958814263343811
vt 0.6301764249801636 0.2934788465499878
vt 0.591410219669342 0.3874704837799072
vt 0.5868170261383057 0.3886582851409912
vt 0.6064348816871643 0.2871760129928589
vt 0.5782704949378967 0.3906782865524292
vt 0.5908752083778381 0.283847451210022
vt 0.5691366195678711 0.39187049865722656
vt 0.5943995118141174 0.2012140154838562
vt 0.5993421077728271 0.18740200996398926
vt 0.5979814529418945 0.20889496803283691
vt 0.5894460678100586 0.21387207508087158
vt 0.5762927532196045 0.26961469650268555
vt 0.5696499347686768 0.21666640043258667
vt 0.5586380362510681 0.26759493350982666
vt 0.5752882361412048 0.28101181983947754
vt 0.5569600462913513 0.27821195125579834
vt 0.5195289850234985 0.2721891403198242
vt 0.5210992693901062 0.2616339921951294
vt 0.5289323925971985 0.2090299129486084
vt 0.5320667624473572 0.18794572353363037
vt 0.574038028717041 0.19548678398132324
vt 0.533932626247406 0.1755983829498291
vt 0.5766873359680176 0.1825714111328125
vt 0.5890738368034363 0.11036515235900879
vt 0.5429621934890747 0.10888874530792236
vt 0.580568253993988 0.09281730651855469
vt 0.4747137427330017 0.25476014614105225
vt 0.47815147042274475 0.20313644409179688
vt 0.4535035490989685 0.25184905529022217
vt 0.4534450173377991 0.2027212381362915
vt 0.4518333971500397 0.26134324073791504
vt 0.473201721906662 0.2649984359741211
vt 0.42204874753952026 0.3508046865463257
vt 0.44486838579177856 0.36146020889282227
vt 0.4927188456058502 0.3819071054458618
vt 0.41354596614837646 0.3712484836578369
vt 0.3864205479621887 0.35728776454925537
vt 0.4372830390930176 0.3816312551498413
vt 0.3911063075065613 0.3410146236419678
vt 0.3808489441871643 0.3534432649612427
vt 0.4854201376438141 0.39766979217529297
vt 0.49395331740379333 0.40051937103271484
vt 0.4996819496154785 0.39976370334625244
vt 0.5054606199264526 0.3961050510406494
vt 0.513342559337616 0.3940056562423706
vt 0.38357535004615784 0.33082354068756104
vt 0.3795839548110962 0.3525732755661011
vt 0.38208359479904175 0.33068013191223145
vt 0.3785358667373657 0.3518714904785156
vt 0.3777836561203003 0.3305095434188843
vt 0.39978882670402527 0.19718778133392334
vt 0.40149256587028503 0.19765138626098633
vt 0.38273292779922485 0.1921522617340088
vt 0.4041498303413391 0.184562087059021
vt 0.38473808765411377 0.18015384674072266
vt 0.4169324040412903 0.18693959712982178
vt 0.40607476234436035 0.1752382516860962
vt 0.3859187066555023 0.1717369556427002
vt 0.41812214255332947 0.17668408155441284
vt 0.44115403294563293 0.17857211828231812
vt 0.4404815137386322 0.1903289556503296
vt 0.4068526029586792 0.13781428337097168
vt 0.417313814163208 0.13482213020324707
vt 0.389470636844635 0.14229774475097656
vt 0.39143407344818115 0.13212239742279053
vt 0.3966209292411804 0.12234699726104736
vt 0.44642403721809387 0.13116061687469482
vt 0.4522364139556885 0.1788962483406067
vt 0.45730316638946533 0.13250470161437988
vt 0.4832073748111725 0.14759516716003418
vt 0.4797985255718231 0.18132245540618896
vt 0.574038028717041 0.19548678398132324
vt 0.5894460678100586 0.21387207508087158
vt 0.5696499347686768 0.21666640043258667
vt 0.5943995118141174 0.2012140154838562
vt 0.5752882361412048 0.28101181983947754
vt 0.5691366195678711 0.39187049865722656
vt 0.5593995451927185 0.3923647403717041
vt 0.5908752083778381 0.283847451210022
vt 0.5762927532196045 0.26961469650268555
vt 0.5820895433425903 0.2783548831939697
vt 0.5752882361412048 0.28101181983947754
vt 0.5908752083778381 0.283847451210022
vt 0.621651291847229 0.29097843170166016
vt 0.6064348816871643 0.2871760129928589
vt 0.6171949505805969 0.2860625982284546
vt 0.6258752346038818 0.2802460193634033
vt 0.4832073748111725 0.14759516716003418
vt 0.4903956949710846 0.09817147254943848
vt 0.5429621934890747 0.10888874530792236
vt 0.533932626247406 0.1755983829498291
vt 0.5569600462913513 0.27821195125579834
vt 0.5593995451927185 0.3923647403717041
vt 0.513342559337616 0.3940056562423706
vt 0.5752882361412048 0.28101181983947754
vt 0.5766873359680176 0.1825714111328125
vt 0.6042748689651489 0.13096702098846436
vt 0.5993421077728271 0.18740200996398926
vt 0.5890738368034363 0.11036515235900879
vt 0.5581210851669312 0.07732582092285156
vt 0.5443145036697388 0.09294068813323975
vt 0.5737866163253784 0.08006316423416138
vt 0.4996320903301239 0.07686328887939453
vt 0.49330148100852966 0.08227384090423584
vt 0.4903956949710846 0.09817147254943848
vt 0.46673643589019775 0.08578920364379883
vt 0.46268248558044434 0.09300827980041504
vt 0.5195289850234985 0.2721891403198242
vt 0.513342559337616 0.3940056562423706
vt 0.4927188456058502 0.3819071054458618
vt 0.5569600462913513 0.27821195125579834
vt 0.4797985255718231 0.18132245540618896
vt 0.5320667624473572 0.18794572353363037
vt 0.47815147042274475 0.20313644409179688
vt 0.5289323925971985 0.2090299129486084
vt 0.4832073748111725 0.14759516716003418
vt 0.533932626247406 0.1755983829498291
vt 0.4797985255718231 0.18132245540618896
vt 0.5320667624473572 0.18794572353363037
vt 0.45730316638946533 0.13250470161437988
vt 0.46268248558044434 0.09300827980041504
vt 0.4903956949710846 0.09817147254943848
vt 0.4832073748111725 0.14759516716003418
vt 0.4522364139556885 0.1788962483406067
vt 0.47815147042274475 0.20313644409179688
vt 0.4534450173377991 0.2027212381362915
vt 0.4797985255718231 0.18132245540618896
vt 0.41812214255332947 0.17668408155441284
vt 0.417313814163208 0.13482213020324707
vt 0.43807607889175415 0.12990069389343262
vt 0.44115403294563293 0.17857211828231812
vt 0.4041626751422882 0.11493617296218872
vt 0.43807607889175415 0.12990069389343262
vt 0.417313814163208 0.13482213020324707
vt 0.4285965859889984 0.09379231929779053
vt 0.4510210454463959 0.09757936000823975
vt 0.45730316638946533 0.13250470161437988
vt 0.44642403721809387 0.13116061687469482
vt 0.46268248558044434 0.09300827980041504
vt 0.5766873359680176 0.1825714111328125
vt 0.5943995118141174 0.2012140154838562
vt 0.574038028717041 0.19548678398132324
vt 0.5993421077728271 0.18740200996398926
vt 0.4404815137386322 0.1903289556503296
vt 0.44115403294563293 0.17857211828231812
vt 0.4522364139556885 0.1788962483406067
vt 0.4534450173377991 0.2027212381362915
vt 0.4068526029586792 0.13781428337097168
vt 0.4041626751422882 0.11493617296218872
vt 0.417313814163208 0.13482213020324707
vt 0.3966209292411804 0.12234699726104736
vt 0.2137693464756012 0.11543017625808716
vt 0.12607446312904358 0.027735352516174316
vt 0.2137693464756012 0.027735352516174316
vt 0.12607446312904358 0.11543017625808716
vt 0.891484260559082 0.10044002532958984
vt 0.7888096570968628 0.06838172674179077
vt 0.9195119142532349 0.05002939701080322
vt 0.8190089464187622 0.11197257041931152
vt 0.763412356376648 0.09566259384155273
vt 0.8815770149230957 0.13225317001342773
vt 0.8025742769241333 0.11974495649337769
vt 0.824837327003479 0.14030086994171143
vt 0.8592231869697571 0.17356306314468384
vt 0.803912878036499 0.1429910659790039
vt 0.8278053998947144 0.1742023229598999
vt 0.847604513168335 0.2007763385772705
vt 0.8067202568054199 0.17606401443481445
vt 0.8285638689994812 0.19915175437927246
vt 0.8426997661590576 0.22424113750457764
vt 0.8115178346633911 0.19971752166748047
vt 0.8265281915664673 0.22127854824066162
vt 0.8384677767753601 0.24687838554382324
vt 0.8113728761672974 0.21887195110321045
vt 0.8213436603546143 0.24235689640045166
vt 0.8342534303665161 0.27345073223114014
vt 0.8067485094070435 0.23624670505523682
vt 0.8114989995956421 0.26670098304748535
vt 0.8314276933670044 0.3132517337799072
vt 0.7940677404403687 0.25465893745422363
vt 0.7925256490707397 0.3019115924835205
vt 0.763412356376648 0.2750910520553589
vt 0.498485267162323 0.8405511975288391
vt 0.4354470372200012 0.9035893082618713
vt 0.4354470372200012 0.8405511975288391
vt 0.498485267162323 0.9035893082618713
vt 0.498485267162323 0.9035893082618713
vt 0.4354470372200012 0.9035893082618713
vt 0.498485267162323 0.9035893082618713
vt 0.4354470372200012 0.9035893082618713
vt 0.498485267162323 0.9035893082618713
vt 0.498485267162323 0.9035893082618713
vt 0.4354470372200012 0.9035893082618713
vt 0.4354470372200012 0.9035893082618713
vt 0.2137693464756012 0.2908198833465576
vt 0.12607446312904358 0.203125
vt 0.2137693464756012 0.203125
vt 0.12607446312904358 0.2908198833465576
vt 0.5566785931587219 0.2378239631652832
vt 0.4309198260307312 0.11206519603729248
vt 0.5566785931587219 0.11206519603729248
vt 0.5566785931587219 0.11206519603729248
vt 0.4309198260307312 0.2378239631652832
vt 0.5566785931587219 0.2378239631652832
vt 0.4309198260307312 0.2378239631652832
vt 0.4309198260307312 0.11206519603729248
vt 0.5566785931587219 0.11206519603729248
vt 0.4309198260307312 0.11206519603729248
vt 0.624561607837677 0.8405511975288391
vt 0.5615234971046448 0.9035893082618713
vt 0.5615234971046448 0.8405511975288391
vt 0.624561607837677 0.9035893082618713
vt 0.624561607837677 0.9035893082618713
vt 0.5615234971046448 0.9035893082618713
vt 0.5615234971046448 0.9035893082618713
vt 0.624561607837677 0.9035893082618713
vt 0.624561607837677 0.9035893082618713
vt 0.5615234971046448 0.9035893082618713
vt 0.5615234971046448 0.9035893082618713
vt 0.624561607837677 0.9035893082618713
vt 0.5581141710281372 0.6397385001182556
vt 0.43117743730545044 0.6397387385368347
vt 0.43117743730545044 0.6368663907051086
vt 0.5581141710281372 0.6368663907051086
vt 0.6908826231956482 0.6252201199531555
vt 0.5639458894729614 0.6252201199531555
vt 0.5639458894729614 0.6223477721214294
vt 0.6908826231956482 0.6223477721214294
vt 0.7905149459838867 0.26546889543533325
vt 0.7905149459838867 0.23507964611053467
vt 0.7905149459838867 0.26546889543533325
vt 0.7905149459838867 0.23507964611053467
vt 0.7905149459838867 0.26546889543533325
vt 0.7905149459838867 0.26546889543533325
vt 0.7905149459838867 0.26546889543533325
vt 0.7892622947692871 0.26546889543533325
vt 0.4309198260307312 0.3635827302932739
vt 0.5566785931587219 0.3635827302932739
vt 0.5566785931587219 0.3635827302932739
vt 0.4309198260307312 0.3635827302932739
vt 0.4309198260307312 0.48934149742126465
vt 0.5566785931587219 0.48934149742126465
vt 0.5566785931587219 0.48934149742126465
vt 0.4309198558330536 0.48934149742126465
vt 0.5566785931587219 0.48934149742126465
vt 0.4309198558330536 0.48934149742126465
vt 0.5615234971046448 0.9035893082618713
vt 0.5615234971046448 0.9035893082618713
vt 0.498485267162323 0.9035893082618713
vt 0.498485267162323 0.9035893082618713
vt 0.43117743730545044 0.6223477721214294
vt 0.5581141710281372 0.6223477721214294
vt 0.5581141710281372 0.6252198815345764
vt 0.43117743730545044 0.6252198815345764
vt 0.5639458894729614 0.6368663907051086
vt 0.6908826231956482 0.6368663907051086
vt 0.6908826231956482 0.6397387385368347
vt 0.5639458894729614 0.6397387385368347
vt 0.7905149459838867 0.29585814476013184
vt 0.6993471384048462 0.29585814476013184
vt 0.7905149459838867 0.3262474536895752
vt 0.6993471384048462 0.3262474536895752
vt 0.7905149459838867 0.3262474536895752
vt 0.7905149459838867 0.29585814476013184
vt 0.7905149459838867 0.3262474536895752
vt 0.7905149459838867 0.29585814476013184
vt 0.6993471384048462 0.27191513776779175
vt 0.6993471384048462 0.26546889543533325
vt 0.6993471384048462 0.27191513776779175
vt 0.6993471384048462 0.26546889543533325
vt 0.6993471384048462 0.3262474536895752
vt 0.6993471384048462 0.29585814476013184
vt 0.6993471384048462 0.3262474536895752
vt 0.6993471384048462 0.29585814476013184
vt 0.7905149459838867 0.26546889543533325
vt 0.7905149459838867 0.23507964611053467
vt 0.6993471384048462 0.23507964611053467
vt 0.6993471384048462 0.26546889543533325
vt 0.7905149459838867 0.2907191514968872
vt 0.6993471384048462 0.29585814476013184
vt 0.7905149459838867 0.29585814476013184
vt 0.6993471384048462 0.290719211101532
vt 0.6993471384048462 0.27191513776779175
vt 0.7905149459838867 0.27191513776779175
vt 0.6993471384048462 0.26546889543533325
vt 0.7905149459838867 0.26546889543533325
vt 0.7905149459838867 0.3262474536895752
vt 0.7905149459838867 0.2986239790916443
vt 0.7905149459838867 0.29585814476013184
vt 0.7905149459838867 0.3262474536895752
vt 0.6993471384048462 0.26546889543533325
vt 0.6993471384048462 0.23507964611053467
vt 0.6993471384048462 0.26546889543533325
vt 0.6993471384048462 0.23507964611053467
vt 0.6993471384048462 0.29585814476013184
vt 0.6993471384048462 0.290719211101532
vt 0.6993471384048462 0.29585814476013184
vt 0.6993471384048462 0.290719211101532
vt 0.6478763818740845 0.1986384391784668
vt 0.6600729823112488 0.16275405883789062
vt 0.6557602286338806 0.15940022468566895
vt 0.6568149924278259 0.20480000972747803
vt 0.6341686844825745 0.19250541925430298
vt 0.6557602286338806 0.15940022468566895
vt 0.6470032930374146 0.15272390842437744
vt 0.6478763818740845 0.1986384391784668
vt 0.6210852265357971 0.18670916557312012
vt 0.6470032930374146 0.15272390842437744
vt 0.6364918351173401 0.14609849452972412
vt 0.6341686844825745 0.19250541925430298
vt 0.6115264296531677 0.18021559715270996
vt 0.6364918351173401 0.14609849452972412
vt 0.6181964874267578 0.12670773267745972
vt 0.6210852265357971 0.18670916557312012
vt 0.7905149459838867 0.26546889543533325
vt 0.7905149459838867 0.23507964611053467
vt 0.7905149459838867 0.23507964611053467
vt 0.7905149459838867 0.26546889543533325
vt 0.9044746160507202 0.3062823414802551
vt 0.9044746160507202 0.41741520166397095
vt 0.9272665977478027 0.3062824010848999
vt 0.9272665977478027 0.41741520166397095
vt 0.8816826343536377 0.41741520166397095
vt 0.9044746160507202 0.23507964611053467
vt 0.9272665977478027 0.23507964611053467
vt 0.8816826343536377 0.23507964611053467
vt 0.8816826343536377 0.3062824010848999
vt 0.8588907718658447 0.41741520166397095
vt 0.8588907718658447 0.3062823414802551
vt 0.8588907718658447 0.23507964611053467
vt 0.8360987901687622 0.41741520166397095
vt 0.8360987901687622 0.3062824010848999
vt 0.8360987901687622 0.23507964611053467
vt 0.809847354888916 0.3062824010848999
vt 0.809847354888916 0.23507964611053467
vt 0.7905149459838867 0.23507964611053467
vt 0.809847354888916 0.41741520166397095
vt 0.7905149459838867 0.3062823414802551
vt 0.7905149459838867 0.41741520166397095
vt 0.9044746160507202 0.3094608187675476
vt 0.9044746160507202 0.41741520166397095
vt 0.9272664785385132 0.30946075916290283
vt 0.9272665977478027 0.41741520166397095
vt 0.9044746160507202 0.23507964611053467
vt 0.9272665977478027 0.23507964611053467
vt 0.8816826343536377 0.23507964611053467
vt 0.8816826343536377 0.3094608187675476
vt 0.8816826343536377 0.41741520166397095
vt 0.8588907718658447 0.23507964611053467
vt 0.8588907718658447 0.41741520166397095
vt 0.8588907718658447 0.30946075916290283
vt 0.8360987901687622 0.41741520166397095
vt 0.8360987901687622 0.30946075916290283
vt 0.8360987901687622 0.23507964611053467
vt 0.8133068084716797 0.41741520166397095
vt 0.8133068084716797 0.30946075916290283
vt 0.8133068084716797 0.23507964611053467
vt 0.7905149459838867 0.41741520166397095
vt 0.7905149459838867 0.3094608187675476
vt 0.7821115255355835 0.41741520166397095
vt 0.7905149459838867 0.23507964611053467
vt 0.7821115255355835 0.3094608187675476
vt 0.7821115255355835 0.23507964611053467
vt 0.0951927900314331 0.9517225623130798
vt 0.10244324058294296 0.9082198143005371
vt 0.10244324058294296 0.9517225623130798
vt 0.0951927900314331 0.9082198143005371
vt 0.7905149459838867 0.26546889543533325
vt 0.7905149459838867 0.26546889543533325
vt 0.7905149459838867 0.26546889543533325
vt 0.7892622947692871 0.26546889543533325
vt 0.5566785931587219 0.11206519603729248
vt 0.4309198260307312 0.2378239631652832
vt 0.4309198260307312 0.11206519603729248
vt 0.5566785931587219 0.2378239631652832
vt 0.5566785931587219 0.2378239631652832
vt 0.4309198260307312 0.2378239631652832
vt 0.4309198260307312 0.2378239631652832
vt 0.5566785931587219 0.2378239631652832
vt 0.0516899973154068 0.9517225623130798
vt 0.05894048511981964 0.9082198143005371
vt 0.05894048511981964 0.9517225623130798
vt 0.0516899973154068 0.9082198143005371
vt 0.6600729823112488 0.16275405883789062
vt 0.6478763818740845 0.1986384391784668
vt 0.6557602286338806 0.15940022468566895
vt 0.6568149924278259 0.20480000972747803
vt 0.6557602286338806 0.15940022468566895
vt 0.6341686844825745 0.19250541925430298
vt 0.6470032930374146 0.15272390842437744
vt 0.6478763818740845 0.1986384391784668
vt 0.6470032930374146 0.15272390842437744
vt 0.6210852265357971 0.18670916557312012
vt 0.6364918351173401 0.14609849452972412
vt 0.6341686844825745 0.19250541925430298
vt 0.6364918351173401 0.14609849452972412
vt 0.6115264296531677 0.18021559715270996
vt 0.6181964874267578 0.12670773267745972
vt 0.6210852265357971 0.18670916557312012
vt 0.7905149459838867 0.3262474536895752
vt 0.6993471384048462 0.29585814476013184
vt 0.7905149459838867 0.29585814476013184
vt 0.6993471384048462 0.3262474536895752
vt 0.7905149459838867 0.3262474536895752
vt 0.7905149459838867 0.29585814476013184
vt 0.7905149459838867 0.29585814476013184
vt 0.7905149459838867 0.3262474536895752
vt 0.6993471384048462 0.27191513776779175
vt 0.6993471384048462 0.27191513776779175
vt 0.6993471384048462 0.26546889543533325
vt 0.6993471384048462 0.26546889543533325
vt 0.7905149459838867 0.27191513776779175
vt 0.7905149459838867 0.26546889543533325
vt 0.7905149459838867 0.2907191514968872
vt 0.6993471384048462 0.290719211101532
vt 0.6993471384048462 0.29585814476013184
vt 0.7905149459838867 0.29585814476013184
vt 0.6993471384048462 0.3262474536895752
vt 0.6993471384048462 0.3262474536895752
vt 0.6993471384048462 0.29585814476013184
vt 0.6993471384048462 0.29585814476013184
vt 0.7905149459838867 0.26546889543533325
vt 0.6993471384048462 0.23507964611053467
vt 0.7905149459838867 0.23507964611053467
vt 0.6993471384048462 0.26546889543533325
vt 0.7905149459838867 0.3262474536895752
vt 0.7905149459838867 0.2986239790916443
vt 0.7905149459838867 0.3262474536895752
vt 0.7905149459838867 0.29585814476013184
vt 0.6993471384048462 0.26546889543533325
vt 0.6993471384048462 0.26546889543533325
vt 0.6993471384048462 0.23507964611053467
vt 0.6993471384048462 0.23507964611053467
vt 0.9044746160507202 0.3094608187675476
vt 0.9272664785385132 0.30946075916290283
vt 0.9044746160507202 0.41741520166397095
vt 0.9272665977478027 0.41741520166397095
vt 0.9044746160507202 0.23507964611053467
vt 0.9272665977478027 0.23507964611053467
vt 0.8816826343536377 0.23507964611053467
vt 0.8816826343536377 0.3094608187675476
vt 0.8816826343536377 0.41741520166397095
vt 0.8588907718658447 0.23507964611053467
vt 0.8588907718658447 0.41741520166397095
vt 0.8588907718658447 0.30946075916290283
vt 0.8360987901687622 0.41741520166397095
vt 0.8360987901687622 0.30946075916290283
vt 0.8360987901687622 0.23507964611053467
vt 0.8133068084716797 0.41741520166397095
vt 0.8133068084716797 0.30946075916290283
vt 0.8133068084716797 0.23507964611053467
vt 0.7905149459838867 0.41741520166397095
vt 0.7905149459838867 0.3094608187675476
vt 0.7821115255355835 0.41741520166397095
vt 0.7905149459838867 0.23507964611053467
vt 0.7821115255355835 0.3094608187675476
vt 0.7821115255355835 0.23507964611053467
vt 0.6993471384048462 0.29585814476013184
vt 0.6993471384048462 0.29585814476013184
vt 0.6993471384048462 0.290719211101532
vt 0.6993471384048462 0.290719211101532
vt 0.7905149459838867 0.23507964611053467
vt 0.7905149459838867 0.26546889543533325
vt 0.7905149459838867 0.26546889543533325
vt 0.7905149459838867 0.23507964611053467
vt 0.7905149459838867 0.25192487239837646
vt 0.7905149459838867 0.26546889543533325
vt 0.7905149459838867 0.26546889543533325
vt 0.7905149459838867 0.26546889543533325
vt 0.6216980814933777 0.6524583101272583
vt 0.6390835046768188 0.5133748054504395
vt 0.6390835046768188 0.6524583101272583
vt 0.6216980814933777 0.5133748054504395
vt 0.6043126583099365 0.6524583101272583
vt 0.6043126583099365 0.5133748054504395
vt 0.5869271755218506 0.6524583101272583
vt 0.5869271755218506 0.5133748054504395
vt 0.5695417523384094 0.6524583101272583
vt 0.5695417523384094 0.5133748054504395
vt 0.5521563291549683 0.6524583101272583
vt 0.5521563291549683 0.5133748054504395
vt 0.5347708463668823 0.6524583101272583
vt 0.5347708463668823 0.5133748054504395
vt 0.5173854231834412 0.6524583101272583
vt 0.5173854231834412 0.5133748054504395
vt 0.5 0.6524583101272583
vt 0.5 0.5133748054504395
vt 0.48261457681655884 0.6524583101272583
vt 0.48261457681655884 0.5133748054504395
vt 0.4652291238307953 0.6524583101272583
vt 0.4652291238307953 0.5133748054504395
vt 0.44784367084503174 0.6524583101272583
vt 0.44784367084503174 0.5133748054504395
vt 0.4304582476615906 0.6524583101272583
vt 0.4304582476615906 0.5133748054504395
vt 0.4130728244781494 0.6524583101272583
vt 0.4130728244781494 0.5133748054504395
vt 0.39568737149238586 0.6524583101272583
vt 0.39568737149238586 0.5133748054504395
vt 0.3783019185066223 0.6524583101272583
vt 0.3783019185066223 0.5133748054504395
vt 0.36091649532318115 0.6524583101272583
vt 0.36091649532318115 0.5133748054504395
vt 0.9044746160507202 0.41741520166397095
vt 0.9272665977478027 0.23507964611053467
vt 0.9272665977478027 0.41741520166397095
vt 0.9044746160507202 0.23507964611053467
vt 0.8816826343536377 0.41741520166397095
vt 0.8816826343536377 0.23507964611053467
vt 0.8588907718658447 0.41741520166397095
vt 0.8588907718658447 0.23507964611053467
vt 0.8360987901687622 0.41741520166397095
vt 0.8360987901687622 0.23507964611053467
vt 0.8133068084716797 0.41741520166397095
vt 0.8133068084716797 0.23507964611053467
vt 0.7905149459838867 0.41741520166397095
vt 0.7905149459838867 0.23507964611053467
vt 0.7677229642868042 0.41741520166397095
vt 0.7677229642868042 0.23507964611053467
vt 0.7449309825897217 0.41741520166397095
vt 0.7449309825897217 0.23507964611053467
vt 0.7221390604972839 0.41741520166397095
vt 0.7221390604972839 0.23507964611053467
vt 0.6993471384048462 0.41741520166397095
vt 0.6993471384048462 0.23507964611053467
vt 0.6765551567077637 0.41741520166397095
vt 0.6765551567077637 0.23507964611053467
vt 0.6537632346153259 0.41741520166397095
vt 0.6537632346153259 0.23507964611053467
vt 0.6309713125228882 0.41741520166397095
vt 0.6309713125228882 0.23507964611053467
vt 0.6081793308258057 0.41741520166397095
vt 0.6081793308258057 0.23507964611053467
vt 0.5853874087333679 0.41741520166397095
vt 0.5853874087333679 0.23507964611053467
vt 0.5625954866409302 0.41741520166397095
vt 0.5625954866409302 0.23507964611053467
vt 0.9044746160507202 0.41741520166397095
vt 0.9044746160507202 0.3062823414802551
vt 0.9272665977478027 0.3062824010848999
vt 0.9272665977478027 0.41741520166397095
vt 0.8816826343536377 0.41741520166397095
vt 0.9044746160507202 0.23507964611053467
vt 0.9272665977478027 0.23507964611053467
vt 0.8816826343536377 0.23507964611053467
vt 0.8816826343536377 0.3062824010848999
vt 0.8588907718658447 0.41741520166397095
vt 0.8588907718658447 0.3062823414802551
vt 0.8588907718658447 0.23507964611053467
vt 0.8360987901687622 0.41741520166397095
vt 0.8360987901687622 0.3062824010848999
vt 0.8360987901687622 0.23507964611053467
vt 0.809847354888916 0.3062824010848999
vt 0.809847354888916 0.23507964611053467
vt 0.7905149459838867 0.23507964611053467
vt 0.809847354888916 0.41741520166397095
vt 0.7905149459838867 0.3062823414802551
vt 0.7905149459838867 0.41741520166397095
vt 0.4309198260307312 0.3635827302932739
vt 0.4309198260307312 0.3635827302932739
vt 0.5566785931587219 0.3635827302932739
vt 0.5566785931587219 0.3635827302932739
vt 0.5566785931587219 0.48934149742126465
vt 0.4309198260307312 0.3635827302932739
vt 0.5566785931587219 0.3635827302932739
vt 0.4309198260307312 0.48934149742126465
vt 0.7905149459838867 0.23507964611053467
vt 0.7905149459838867 0.26546889543533325
vt 0.7905149459838867 0.26546889543533325
vt 0.7905149459838867 0.23507964611053467
vt 0.7905149459838867 0.25192487239837646
vt 0.7905149459838867 0.26546889543533325
vt 0.7905149459838867 0.26546889543533325
vt 0.7905149459838867 0.26546889543533325
vt 0.5566785931587219 0.2378239631652832
vt 0.4309198260307312 0.11206519603729248
vt 0.5566785931587219 0.11206519603729248
vt 0.4309198260307312 0.2378239631652832
vt 0.5566785931587219 0.11206519603729248
vt 0.4309198260307312 0.11206519603729248
vt 0.5566785931587219 0.2378239631652832
vt 0.4309198260307312 0.2378239631652832
vt 0.4309198260307312 0.2378239631652832
vt 0.5566785931587219 0.2378239631652832
vt 0.5566785931587219 0.2378239631652832
vt 0.4309198260307312 0.2378239631652832
vt 0.5566785931587219 0.2378239631652832
vt 0.4309198260307312 0.2378239631652832
vt 0.5566785931587219 0.3635827302932739
vt 0.5566785931587219 0.3635827302932739
vt 0.4309198260307312 0.3635827302932739
vt 0.4309198260307312 0.3635827302932739
vt 0.5566785931587219 0.48934149742126465
vt 0.4309198260307312 0.3635827302932739
vt 0.5566785931587219 0.3635827302932739
vt 0.4309198260307312 0.48934149742126465
vt 0.5566785931587219 0.48934149742126465
vt 0.4309198260307312 0.48934149742126465
vt 0.6824374198913574 0.48934149742126465
vt 0.6824374198913574 0.48934149742126465
vt 0.5566785931587219 0.48934149742126465
vt 0.5566785931587219 0.48934149742126465
vt 0.5566785931587219 0.3635827302932739
vt 0.6824374198913574 0.3635827302932739
vt 0.5566785931587219 0.3635827302932739
vt 0.6824374198913574 0.3635827302932739
vt 0.5566785931587219 0.3635827302932739
vt 0.6824374198913574 0.3635827302932739
vt 0.5566785931587219 0.3635827302932739
vt 0.5566785931587219 0.3635827302932739
vt 0.4309198260307312 0.3635827302932739
vt 0.4309198260307312 0.3635827302932739
vt 0.5638102889060974 0.6684710383415222
vt 0.6907470226287842 0.6684710383415222
vt 0.6907470226287842 0.6713433861732483
vt 0.5638102889060974 0.6713433861732483
vt 0.43104177713394165 0.6684710383415222
vt 0.5579785704612732 0.6713433861732483
vt 0.43104177713394165 0.6713433861732483
vt 0.5579785704612732 0.6684710383415222
vt 0.8209041357040405 0.25192487239837646
vt 0.5625954866409302 0.052744150161743164
vt 0.8209041357040405 0.26546889543533325
vt 0.7905149459838867 0.20469039678573608
vt 0.5625954866409302 0.052744150161743164
vt 0.8209041357040405 0.26546889543533325
vt 0.8209041357040405 0.26546889543533325
vt 0.7905148267745972 0.21482014656066895
vt 0.5625954866409302 0.052744150161743164
vt 0.8209041357040405 0.25192487239837646
vt 0.8209041357040405 0.26546889543533325
vt 0.7905149459838867 0.20469039678573608
vt 0.8209041357040405 0.26546889543533325
vt 0.5625954866409302 0.052744150161743164
vt 0.8209041357040405 0.26546889543533325
vt 0.5625954866409302 0.052744150161743164
vt 0.8209041357040405 0.26546889543533325
vt 0.7905148267745972 0.21482014656066895
vt 0.37690469622612 0.19137680530548096
vt 0.3594179153442383 0.18481385707855225
vt 0.37887030839920044 0.17923051118850708
vt 0.35912245512008667 0.1964963674545288
vt 0.38034671545028687 0.1708616018295288
vt 0.3661317229270935 0.14013874530792236
vt 0.38574838638305664 0.14149951934814453
vt 0.3599588871002197 0.17651844024658203
vt 0.37887030839920044 0.17923051118850708
vt 0.3599588871002197 0.17651844024658203
vt 0.38034671545028687 0.1708616018295288
vt 0.3594179153442383 0.18481385707855225
vt 0.3746465742588043 0.35555803775787354
vt 0.36736947298049927 0.3316763639450073
vt 0.37538737058639526 0.3530184030532837
vt 0.37141358852386475 0.3311687707901001
vt 0.37141358852386475 0.3311687707901001
vt 0.35912245512008667 0.1964963674545288
vt 0.37690469622612 0.19137680530548096
vt 0.36736947298049927 0.3316763639450073
vt 0.38828596472740173 0.1314292550086975
vt 0.3749488592147827 0.1263849139213562
vt 0.38908714056015015 0.11839401721954346
vt 0.38574838638305664 0.14149951934814453
vt 0.3661317229270935 0.14013874530792236
vt 0.3594179153442383 0.18481385707855225
vt 0.37690469622612 0.19137680530548096
vt 0.37887030839920044 0.17923051118850708
vt 0.35912245512008667 0.1964963674545288
vt 0.3661317229270935 0.14013874530792236
vt 0.38034671545028687 0.1708616018295288
vt 0.38574838638305664 0.14149951934814453
vt 0.3599588871002197 0.17651844024658203
vt 0.3599588871002197 0.17651844024658203
vt 0.37887030839920044 0.17923051118850708
vt 0.38034671545028687 0.1708616018295288
vt 0.3594179153442383 0.18481385707855225
vt 0.37538737058639526 0.3530184030532837
vt 0.37141358852386475 0.3311687707901001
vt 0.36736947298049927 0.3316763639450073
vt 0.3746465742588043 0.35555803775787354
vt 0.35912245512008667 0.1964963674545288
vt 0.37141358852386475 0.3311687707901001
vt 0.37690469622612 0.19137680530548096
vt 0.36736947298049927 0.3316763639450073
vt 0.38828596472740173 0.1314292550086975
vt 0.3749488592147827 0.1263849139213562
vt 0.38574838638305664 0.14149951934814453
vt 0.3661317229270935 0.14013874530792236
vt 0.38908714056015015 0.11839401721954346
vt 0.6689578294754028 0.26546889543533325
vt 0.6689578294754028 0.23507964611053467
vt 0.6993471384048462 0.26546889543533325
vt 0.6993471384048462 0.23507964611053467
vt 0.6689578294754028 0.26546889543533325
vt 0.6537632346153259 0.26546889543533325
vt 0.6537632346153259 0.23507964611053467
vt 0.6689578294754028 0.23507964611053467
vt 0.6689578294754028 0.27191513776779175
vt 0.6537632346153259 0.27191513776779175
vt 0.6537632346153259 0.26546889543533325
vt 0.6689578294754028 0.26546889543533325
vt 0.6689578294754028 0.27191513776779175
vt 0.6689578294754028 0.26546889543533325
vt 0.6993471384048462 0.27191513776779175
vt 0.6993471384048462 0.26546889543533325
vt 0.6993471384048462 0.26546889543533325
vt 0.6689578294754028 0.23507964611053467
vt 0.6689578294754028 0.26546889543533325
vt 0.6993471384048462 0.23507964611053467
vt 0.6689578294754028 0.26546889543533325
vt 0.6537632346153259 0.23507964611053467
vt 0.6537632346153259 0.26546889543533325
vt 0.6689578294754028 0.23507964611053467
vt 0.6689578294754028 0.27191513776779175
vt 0.6537632346153259 0.26546889543533325
vt 0.6537632346153259 0.27191513776779175
vt 0.6689578294754028 0.26546889543533325
vt 0.6993471384048462 0.27191513776779175
vt 0.6689578294754028 0.26546889543533325
vt 0.6689578294754028 0.27191513776779175
vt 0.6993471384048462 0.26546889543533325
vt 0.605039119720459 0.226817786693573
vt 0.5894460678100586 0.21387207508087158
vt 0.5979814529418945 0.20889496803283691
vt 0.6010767817497253 0.2291974425315857
vt 0.605039119720459 0.226817786693573
vt 0.5979814529418945 0.20889496803283691
vt 0.5894460678100586 0.21387207508087158
vt 0.6010767817497253 0.2291974425315857
vt 0.5615234971046448 0.7775129675865173
vt 0.624561607837677 0.7775129675865173
vt 0.5615234971046448 0.8405511975288391
vt 0.624561607837677 0.8405511975288391
vt 0.6537632346153259 0.2907191514968872
vt 0.6537632346153259 0.27191513776779175
vt 0.6689578294754028 0.2907191514968872
vt 0.6689578294754028 0.27191513776779175
vt 0.6689578294754028 0.2907191514968872
vt 0.6993471384048462 0.27191513776779175
vt 0.6993471384048462 0.290719211101532
vt 0.6689578294754028 0.27191513776779175
vt 0.6689578294754028 0.2907191514968872
vt 0.6537632346153259 0.27191513776779175
vt 0.6537632346153259 0.2907191514968872
vt 0.6689578294754028 0.27191513776779175
vt 0.6689578294754028 0.2907191514968872
vt 0.6993471384048462 0.27191513776779175
vt 0.6689578294754028 0.27191513776779175
vt 0.6993471384048462 0.290719211101532
vt 0.7303663492202759 0.515625
vt 0.7303663492202759 0.5922568440437317
vt 0.7190365791320801 0.5548242330551147
vt 0.719976544380188 0.574833333492279
vt 0.7243101596832275 0.5891512632369995
vt 0.7190365791320801 0.5530576109886169
vt 0.719976544380188 0.5330485105514526
vt 0.7243101596832275 0.5187305808067322
vt 0.7843385934829712 0.5922568440437317
vt 0.7843385934829712 0.515625
vt 0.7947284579277039 0.574833333492279
vt 0.7903947830200195 0.5891512632369995
vt 0.7956684231758118 0.5548242926597595
vt 0.7956684231758118 0.5530576109886169
vt 0.7947284579277039 0.5330485105514526
vt 0.7903947830200195 0.5187305808067322
vt 0.20249882340431213 0.9401919841766357
vt 0.1778317391872406 0.9401919841766357
vt 0.1778317391872406 0.915524959564209
vt 0.20249882340431213 0.915524959564209
vt 0.4534450173377991 0.2027212381362915
vt 0.4443201422691345 0.2084522843360901
vt 0.4404815137386322 0.1903289556503296
vt 0.43530282378196716 0.19970834255218506
vt 0.4373190402984619 0.21289920806884766
vt 0.43153372406959534 0.206362783908844
vt 0.4534450173377991 0.2027212381362915
vt 0.4404815137386322 0.1903289556503296
vt 0.4443201422691345 0.2084522843360901
vt 0.43530282378196716 0.19970834255218506
vt 0.4373190402984619 0.21289920806884766
vt 0.43153372406959534 0.206362783908844
vt 0.40148186683654785 0.3293265104293823
vt 0.4119333028793335 0.33008790016174316
vt 0.3970947861671448 0.3344045877456665
vt 0.41670626401901245 0.33805525302886963
vt 0.3911063075065613 0.3410146236419678
vt 0.42204874753952026 0.3508046865463257
vt 0.3970947861671448 0.3344045877456665
vt 0.4119333028793335 0.33008790016174316
vt 0.40148186683654785 0.3293265104293823
vt 0.41670626401901245 0.33805525302886963
vt 0.3911063075065613 0.3410146236419678
vt 0.42204874753952026 0.3508046865463257
vt 0.6824374198913574 0.3635827302932739
vt 0.6824374198913574 0.48934149742126465
vt 0.5566785931587219 0.3635827302932739
vt 0.5566785931587219 0.48934149742126465
vt 0.34274378418922424 0.3536261320114136
vt 0.38219428062438965 0.19582414627075195
vt 0.38219428062438965 0.3536261320114136
vt 0.34274378418922424 0.19582414627075195
vt 0.30329328775405884 0.19582414627075195
vt 0.30329328775405884 0.3536261320114136
vt 0.26384279131889343 0.19582414627075195
vt 0.26384279131889343 0.3536261320114136
vt 0.22439227998256683 0.19582414627075195
vt 0.22439227998256683 0.3536261320114136
vt 0.18494178354740143 0.19582414627075195
vt 0.18494178354740143 0.3536261320114136
vt 0.6106215119361877 0.26962804794311523
vt 0.6258752346038818 0.2802460193634033
vt 0.6171949505805969 0.2860625982284546
vt 0.61443030834198 0.2662757635116577
vt 0.6106215119361877 0.26962804794311523
vt 0.6171949505805969 0.2860625982284546
vt 0.6258752346038818 0.2802460193634033
vt 0.61443030834198 0.2662757635116577
vt 0.48185038566589355 0.4754209518432617
vt 0.4552467465400696 0.26259124279022217
vt 0.48185038566589355 0.26259124279022217
vt 0.4552467465400696 0.4754209518432617
vt 0.42864298820495605 0.4754209518432617
vt 0.42864298820495605 0.26259124279022217
vt 0.4020392894744873 0.26259124279022217
vt 0.4020392894744873 0.4754209518432617
vt 0.37543556094169617 0.26259124279022217
vt 0.37543556094169617 0.4754209518432617
vt 0.34883180260658264 0.26259124279022217
vt 0.34883180260658264 0.4754209518432617
vt 0.32222822308540344 0.26259124279022217
vt 0.32222822308540344 0.4754209518432617
vt 0.2956244647502899 0.4754209518432617
vt 0.2956244647502899 0.26259124279022217
vt 0.2690207362174988 0.4754209518432617
vt 0.2690207362174988 0.26259124279022217
vt 0.24241705238819122 0.4754209518432617
vt 0.24241705238819122 0.26259124279022217
vt 0.21581335365772247 0.4754209518432617
vt 0.21581335365772247 0.26259124279022217
vt 0.18920962512493134 0.4754209518432617
vt 0.18920962512493134 0.26259124279022217
vt 0.1626059114933014 0.4754209518432617
vt 0.1626059114933014 0.26259124279022217
vt 0.13600221276283264 0.4754209518432617
vt 0.13600221276283264 0.26259124279022217
vt 0.1093984842300415 0.4754209518432617
vt 0.1093984842300415 0.26259124279022217
vt 0.08279475569725037 0.4754209518432617
vt 0.08279475569725037 0.26259124279022217
vt 0.056191083043813705 0.26259124279022217
vt 0.056191083043813705 0.4754209518432617
vt 0.5593535900115967 0.9042410850524902
vt 0.5593535900115967 0.9042410850524902
vt 0.49651962518692017 0.9042410850524902
vt 0.49651962518692017 0.9042410850524902
vt 0.5439937710762024 0.5055112838745117
vt 0.5950897336006165 0.5055112838745117
vt 0.6312199831008911 0.418285071849823
vt 0.5695417523384094 0.5105931162834167
vt 0.6312199831008911 0.4693809747695923
vt 0.6167482733726501 0.491039514541626
vt 0.6363018155097961 0.44383299350738525
vt 0.5950897336006165 0.38215476274490356
vt 0.6167482733726501 0.3966265320777893
vt 0.5439937710762024 0.38215476274490356
vt 0.5695417523384094 0.37707293033599854
vt 0.507863461971283 0.418285071849823
vt 0.5223352313041687 0.3966265320777893
vt 0.507863461971283 0.4693809747695923
vt 0.5223352313041687 0.491039514541626
vt 0.5027816891670227 0.44383299350738525
vt 0.6698838472366333 0.09438073635101318
vt 0.6698838472366333 0.05507051944732666
vt 0.6801987290382385 0.09438073635101318
vt 0.6801987290382385 0.05507051944732666
vt 0.6801987290382385 0.1288846731185913
vt 0.6801987290382385 0.09438073635101318
vt 0.6905136108398438 0.12268626689910889
vt 0.6905136108398438 0.09438073635101318
vt 0.6801987290382385 0.09438073635101318
vt 0.6801987290382385 0.05507051944732666
vt 0.6905136108398438 0.09438073635101318
vt 0.6905136108398438 0.05507051944732666
vt 0.6698838472366333 0.1288846731185913
vt 0.6698838472366333 0.09438073635101318
vt 0.6801987290382385 0.1288846731185913
vt 0.6801987290382385 0.09438073635101318
vt 0.6801987290382385 0.09438073635101318
vt 0.6698838472366333 0.05507051944732666
vt 0.6698838472366333 0.09438073635101318
vt 0.6801987290382385 0.05507051944732666
vt 0.6905136108398438 0.12268626689910889
vt 0.6801987290382385 0.09438073635101318
vt 0.6801987290382385 0.1288846731185913
vt 0.6905136108398438 0.09438073635101318
vt 0.6905136108398438 0.09438073635101318
vt 0.6801987290382385 0.05507051944732666
vt 0.6801987290382385 0.09438073635101318
vt 0.6905136108398438 0.05507051944732666
vt 0.6801987290382385 0.1288846731185913
vt 0.6698838472366333 0.09438073635101318
vt 0.6698838472366333 0.1288846731185913
vt 0.6801987290382385 0.09438073635101318
vt 0.5672078132629395 0.7785730361938477
vt 0.622187614440918 0.7785730361938477
vt 0.5672078132629395 0.8414071202278137
vt 0.622187614440918 0.8414071202278137
vt 0.6906899213790894 0.41185426712036133
vt 0.5310872197151184 0.41185426712036133
vt 0.6673166751861572 0.4682823419570923
vt 0.684615433216095 0.44239288568496704
vt 0.6673166751861572 0.3554261326789856
vt 0.684615433216095 0.38131558895111084
vt 0.641427218914032 0.3381274342536926
vt 0.5803499221801758 0.3381274342536926
vt 0.6108886003494263 0.33205288648605347
vt 0.5544604659080505 0.3554261326789856
vt 0.5371617078781128 0.38131558895111084
vt 0.5544604659080505 0.4682823419570923
vt 0.5371617078781128 0.44239288568496704
vt 0.6108886003494263 0.4916555881500244
vt 0.5803499221801758 0.48558104038238525
vt 0.641427218914032 0.48558104038238525
vt 0.10244324058294296 0.9517225623130798
vt 0.10969372093677521 0.9082198143005371
vt 0.10969372093677521 0.9517225623130798
vt 0.10244324058294296 0.9082198143005371
vt 0.04443954676389694 0.9517225623130798
vt 0.0516899973154068 0.9082198143005371
vt 0.0516899973154068 0.9517225623130798
vt 0.04443954676389694 0.9082198143005371
vt 0.34274378418922424 0.3536261320114136
vt 0.38219428062438965 0.19582414627075195
vt 0.38219428062438965 0.3536261320114136
vt 0.34274378418922424 0.19582414627075195
vt 0.30329328775405884 0.3536261320114136
vt 0.30329328775405884 0.19582414627075195
vt 0.26384279131889343 0.3536261320114136
vt 0.26384279131889343 0.19582414627075195
vt 0.22439227998256683 0.3536261320114136
vt 0.22439227998256683 0.19582414627075195
vt 0.18494178354740143 0.3536261320114136
vt 0.18494178354740143 0.19582414627075195
vt 0.14549128711223602 0.3536261320114136
vt 0.14549128711223602 0.19582414627075195
vt 0.10604079067707062 0.3536261320114136
vt 0.10604079067707062 0.19582414627075195
vt 0.06659027934074402 0.3536261320114136
vt 0.06659027934074402 0.19582414627075195
vt 0.8360987901687622 0.26546889543533325
vt 0.7905149459838867 0.26546889543533325
vt 0.7892622947692871 0.26546889543533325
vt 0.8360987901687622 0.26546889543533325
vt 0.7905149459838867 0.26546889543533325
vt 0.7892622947692871 0.26546889543533325
vt 0.39161252975463867 0.3268086910247803
vt 0.39831483364105225 0.32460343837738037
vt 0.40148186683654785 0.3293265104293823
vt 0.3970947861671448 0.3344045877456665
vt 0.38357535004615784 0.33082354068756104
vt 0.3911063075065613 0.3410146236419678
vt 0.39161252975463867 0.3268086910247803
vt 0.40148186683654785 0.3293265104293823
vt 0.39831483364105225 0.32460343837738037
vt 0.3970947861671448 0.3344045877456665
vt 0.38357535004615784 0.33082354068756104
vt 0.3911063075065613 0.3410146236419678
vt 0.6105853319168091 0.2079763412475586
vt 0.6106797456741333 0.22591257095336914
vt 0.5979814529418945 0.20889496803283691
vt 0.605039119720459 0.226817786693573
vt 0.5979814529418945 0.20889496803283691
vt 0.605039119720459 0.226817786693573
vt 0.6106797456741333 0.22591257095336914
vt 0.6105853319168091 0.2079763412475586
vt 0.4087766706943512 0.20494520664215088
vt 0.39161252975463867 0.3268086910247803
vt 0.40149256587028503 0.19765138626098633
vt 0.38357535004615784 0.33082354068756104
vt 0.4155254662036896 0.21048545837402344
vt 0.39831483364105225 0.32460343837738037
vt 0.4087766706943512 0.20494520664215088
vt 0.39161252975463867 0.3268086910247803
vt 0.40149256587028503 0.19765138626098633
vt 0.39161252975463867 0.3268086910247803
vt 0.4087766706943512 0.20494520664215088
vt 0.38357535004615784 0.33082354068756104
vt 0.4087766706943512 0.20494520664215088
vt 0.39831483364105225 0.32460343837738037
vt 0.4155254662036896 0.21048545837402344
vt 0.39161252975463867 0.3268086910247803
vt 0.12607446312904358 0.2908198833465576
vt 0.03837960958480835 0.2908198833465576
vt 0.03837960958480835 0.203125
vt 0.12607446312904358 0.203125
vt 0.11968554556369781 0.5328505039215088
vt 0.11968554556369781 0.4574490785598755
vt 0.14627891778945923 0.48404234647750854
vt 0.14627891778945923 0.506257176399231
vt 0.09747081995010376 0.4574490785598755
vt 0.07087753713130951 0.48404234647750854
vt 0.09747081995010376 0.5328505039215088
vt 0.07087753713130951 0.506257176399231
vt 0.43104177713394165 0.6568246483802795
vt 0.4281695783138275 0.6684710383415222
vt 0.4281695783138275 0.6568246483802795
vt 0.43104177713394165 0.6684710383415222
vt 0.5609863996505737 0.6252198815345764
vt 0.5609863996505737 0.6368663907051086
vt 0.5581141710281372 0.6368663907051086
vt 0.5581141710281372 0.6252198815345764
vt 0.6908826231956482 0.6368663907051086
vt 0.6908826231956482 0.6252201199531555
vt 0.6937548518180847 0.6252201199531555
vt 0.6937548518180847 0.6368663907051086
vt 0.6907470226287842 0.6684710383415222
vt 0.6907470226287842 0.6568247675895691
vt 0.6936192512512207 0.6568247675895691
vt 0.6936192512512207 0.6684710383415222
vt 0.49651962518692017 0.9042410850524902
vt 0.5593535900115967 0.9042410850524902
vt 0.5593535900115967 0.9042410850524902
vt 0.49651962518692017 0.9042410850524902
vt 0.61443030834198 0.2662757635116577
vt 0.63912433385849 0.22840845584869385
vt 0.6258752346038818 0.2802460193634033
vt 0.6237087249755859 0.2352203130722046
vt 0.6258752346038818 0.2802460193634033
vt 0.63912433385849 0.22840845584869385
vt 0.61443030834198 0.2662757635116577
vt 0.6237087249755859 0.2352203130722046
vt 0.3051610589027405 0.48934149742126465
vt 0.3051610589027405 0.48934149742126465
vt 0.4309198260307312 0.48934149742126465
vt 0.4309198260307312 0.48934149742126465
vt 0.3051610589027405 0.3635827302932739
vt 0.3051610589027405 0.3635827302932739
vt 0.4309198260307312 0.3635827302932739
vt 0.4309198260307312 0.3635827302932739
vt 0.3790382444858551 0.11692309379577637
vt 0.30329328775405884 0.041178107261657715
vt 0.30329328775405884 0.19266808032989502
vt 0.35685303807258606 0.06336331367492676
vt 0.35685303807258606 0.17048287391662598
vt 0.22754831612110138 0.11692309379577637
vt 0.24973349273204803 0.17048287391662598
vt 0.24973349273204803 0.06336331367492676
vt 0.4169324040412903 0.18693959712982178
vt 0.43530282378196716 0.19970834255218506
vt 0.42010462284088135 0.19753217697143555
vt 0.4404815137386322 0.1903289556503296
vt 0.42010462284088135 0.19753217697143555
vt 0.43530282378196716 0.19970834255218506
vt 0.4216245114803314 0.20466208457946777
vt 0.43153372406959534 0.206362783908844
vt 0.4169324040412903 0.18693959712982178
vt 0.43530282378196716 0.19970834255218506
vt 0.4404815137386322 0.1903289556503296
vt 0.42010462284088135 0.19753217697143555
vt 0.43530282378196716 0.19970834255218506
vt 0.42010462284088135 0.19753217697143555
vt 0.4216245114803314 0.20466208457946777
vt 0.43153372406959534 0.206362783908844
vt 0.562348484992981 0.7974039316177368
vt 0.562348484992981 0.8537944555282593
vt 0.574027419090271 0.825599193572998
vt 0.5059579610824585 0.7974039316177368
vt 0.5341532230377197 0.7857249975204468
vt 0.5059579610824585 0.8537944555282593
vt 0.5341532230377197 0.8654733896255493
vt 0.49427902698516846 0.825599193572998
vt 0.10969372093677521 0.9517225623130798
vt 0.11694417148828506 0.9082198143005371
vt 0.11694417148828506 0.9517225623130798
vt 0.10969372093677521 0.9082198143005371
vt 0.03718908876180649 0.9517225623130798
vt 0.04443954676389694 0.9082198143005371
vt 0.04443954676389694 0.9517225623130798
vt 0.03718908876180649 0.9082198143005371
vt 0.1531645953655243 0.915524959564209
vt 0.1531645953655243 0.8908577561378479
vt 0.1778317391872406 0.915524959564209
vt 0.1778317391872406 0.8908577561378479
vt 0.7138770222663879 0.6151002645492554
vt 0.745316743850708 0.3635827302932739
vt 0.745316743850708 0.6151002645492554
vt 0.7138770222663879 0.3635827302932739
vt 0.6824374198913574 0.6151002645492554
vt 0.6824374198913574 0.3635827302932739
vt 0.6509976983070374 0.6151002645492554
vt 0.6509976983070374 0.3635827302932739
vt 0.6195579767227173 0.6151002645492554
vt 0.6195579767227173 0.3635827302932739
vt 0.588118314743042 0.6151002645492554
vt 0.588118314743042 0.3635827302932739
vt 0.5566785931587219 0.6151002645492554
vt 0.5566785931587219 0.3635827302932739
vt 0.5252389311790466 0.6151002645492554
vt 0.5252389311790466 0.3635827302932739
vt 0.49379920959472656 0.3635827302932739
vt 0.49379920959472656 0.6151002645492554
vt 0.4623595178127289 0.3635827302932739
vt 0.4623595178127289 0.6151002645492554
vt 0.4309198260307312 0.6151002645492554
vt 0.4309198260307312 0.3635827302932739
vt 0.39948010444641113 0.3635827302932739
vt 0.39948010444641113 0.6151002645492554
vt 0.36804044246673584 0.3635827302932739
vt 0.36804044246673584 0.6151002645492554
vt 0.33660072088241577 0.3635827302932739
vt 0.33660072088241577 0.6151002645492554
vt 0.3051610589027405 0.3635827302932739
vt 0.3051610589027405 0.6151002645492554
vt 0.2737213671207428 0.6151002645492554
vt 0.2737213671207428 0.3635827302932739
vt 0.24228167533874512 0.6151002645492554
vt 0.24228167533874512 0.3635827302932739
vt 0.6106797456741333 0.22591257095336914
vt 0.6105853319168091 0.2079763412475586
vt 0.6179205179214478 0.22790896892547607
vt 0.6255668997764587 0.21356451511383057
vt 0.6106797456741333 0.22591257095336914
vt 0.6179205179214478 0.22790896892547607
vt 0.6105853319168091 0.2079763412475586
vt 0.6255668997764587 0.21356451511383057
vt 0.9599844217300415 0.1281498670578003
vt 0.891484260559082 0.10044002532958984
vt 0.9195119142532349 0.05002939701080322
vt 0.8815770149230957 0.13225317001342773
vt 0.891484260559082 0.10044002532958984
vt 0.9599844217300415 0.1281498670578003
vt 0.9195119142532349 0.05002939701080322
vt 0.8815770149230957 0.13225317001342773
vt 0.4169324040412903 0.18693959712982178
vt 0.42010462284088135 0.19753217697143555
vt 0.4087766706943512 0.20494520664215088
vt 0.40149256587028503 0.19765138626098633
vt 0.4216245114803314 0.20466208457946777
vt 0.4087766706943512 0.20494520664215088
vt 0.42010462284088135 0.19753217697143555
vt 0.4155254662036896 0.21048545837402344
vt 0.4169324040412903 0.18693959712982178
vt 0.4087766706943512 0.20494520664215088
vt 0.42010462284088135 0.19753217697143555
vt 0.40149256587028503 0.19765138626098633
vt 0.4216245114803314 0.20466208457946777
vt 0.4087766706943512 0.20494520664215088
vt 0.4155254662036896 0.21048545837402344
vt 0.42010462284088135 0.19753217697143555
vt 0.5593535900115967 0.8414071202278137
vt 0.49651962518692017 0.9042410850524902
vt 0.49651962518692017 0.8414071202278137
vt 0.5593535900115967 0.9042410850524902
vt 0.6237087249755859 0.2352203130722046
vt 0.6359875202178955 0.22032177448272705
vt 0.63912433385849 0.22840845584869385
vt 0.6227996945381165 0.23122644424438477
vt 0.6237087249755859 0.2352203130722046
vt 0.63912433385849 0.22840845584869385
vt 0.6359875202178955 0.22032177448272705
vt 0.6227996945381165 0.23122644424438477
vt 0.5672078132629395 0.7785730361938477
vt 0.5672078132629395 0.8414071202278137
vt 0.5593535900115967 0.8414071202278137
vt 0.5593535900115967 0.7785730361938477
vt 0.029938526451587677 0.9517225623130798
vt 0.03718908876180649 0.9082198143005371
vt 0.03718908876180649 0.9517225623130798
vt 0.029938526451587677 0.9082198143005371
vt 0.2137693464756012 0.203125
vt 0.12607446312904358 0.11543017625808716
vt 0.2137693464756012 0.11543017625808716
vt 0.12607446312904358 0.203125
vt 0.6359875202178955 0.22032177448272705
vt 0.6227996945381165 0.23122644424438477
vt 0.6255668997764587 0.21356451511383057
vt 0.6179205179214478 0.22790896892547607
vt 0.6255668997764587 0.21356451511383057
vt 0.6179205179214478 0.22790896892547607
vt 0.6227996945381165 0.23122644424438477
vt 0.6359875202178955 0.22032177448272705
vt 0.9492100477218628 0.20387554168701172
vt 0.8815770149230957 0.13225317001342773
vt 0.9599844217300415 0.1281498670578003
vt 0.8592231869697571 0.17356306314468384
vt 0.8815770149230957 0.13225317001342773
vt 0.9492100477218628 0.20387554168701172
vt 0.9599844217300415 0.1281498670578003
vt 0.8592231869697571 0.17356306314468384
vt 0.7905148267745972 0.21482014656066895
vt 0.7905148267745972 0.21482014656066895
vt 0.7905149459838867 0.26546889543533325
vt 0.7905149459838867 0.26546889543533325
vt 0.7905148267745972 0.21482014656066895
vt 0.7905149459838867 0.26546889543533325
vt 0.7905149459838867 0.26546889543533325
vt 0.7905148267745972 0.21482014656066895
vt 0.7905148267745972 0.21482014656066895
vt 0.7905148267745972 0.21482014656066895
vt 0.7905149459838867 0.26546889543533325
vt 0.7905149459838867 0.26546889543533325
vt 0.9044746160507202 0.41741520166397095
vt 0.9272665977478027 0.23507964611053467
vt 0.9272665977478027 0.41741520166397095
vt 0.9044746160507202 0.23507964611053467
vt 0.8816826343536377 0.41741520166397095
vt 0.8816826343536377 0.23507964611053467
vt 0.8588907718658447 0.41741520166397095
vt 0.8588907718658447 0.23507964611053467
vt 0.8360987901687622 0.41741520166397095
vt 0.8360987901687622 0.23507964611053467
vt 0.8133068084716797 0.41741520166397095
vt 0.8133068084716797 0.23507964611053467
vt 0.7905149459838867 0.41741520166397095
vt 0.7905149459838867 0.23507964611053467
vt 0.7677229642868042 0.41741520166397095
vt 0.7677229642868042 0.23507964611053467
vt 0.7449309825897217 0.23507964611053467
vt 0.7449309825897217 0.41741520166397095
vt 0.7221390604972839 0.23507964611053467
vt 0.7221390604972839 0.41741520166397095
vt 0.6993471384048462 0.41741520166397095
vt 0.6993471384048462 0.23507964611053467
vt 0.6765551567077637 0.23507964611053467
vt 0.6765551567077637 0.41741520166397095
vt 0.6537632346153259 0.23507964611053467
vt 0.6537632346153259 0.41741520166397095
vt 0.6309713125228882 0.23507964611053467
vt 0.6309713125228882 0.41741520166397095
vt 0.6081793308258057 0.23507964611053467
vt 0.6081793308258057 0.41741520166397095
vt 0.5853874087333679 0.41741520166397095
vt 0.5853874087333679 0.23507964611053467
vt 0.5625954866409302 0.41741520166397095
vt 0.5625954866409302 0.23507964611053467
vt 0.4309198558330536 0.48934149742126465
vt 0.30516111850738525 0.4893416166305542
vt 0.3051610589027405 0.48934149742126465
vt 0.4309198558330536 0.48934149742126465
vt 0.8592231869697571 0.17356306314468384
vt 0.9492100477218628 0.20387554168701172
vt 0.9295749068260193 0.2475447654724121
vt 0.847604513168335 0.2007763385772705
vt 0.847604513168335 0.2007763385772705
vt 0.9295749068260193 0.2475447654724121
vt 0.8592231869697571 0.17356306314468384
vt 0.9492100477218628 0.20387554168701172
vt 0.35685303807258606 0.06336331367492676
vt 0.35685303807258606 0.17048287391662598
vt 0.3790382444858551 0.11692309379577637
vt 0.24973349273204803 0.06336331367492676
vt 0.30329328775405884 0.041178107261657715
vt 0.24973349273204803 0.17048287391662598
vt 0.30329328775405884 0.19266808032989502
vt 0.22754831612110138 0.11692309379577637
vt 0.49651962518692017 0.9042410850524902
vt 0.5593535900115967 0.9042410850524902
vt 0.5593535900115967 0.9042410850524902
vt 0.49651962518692017 0.9042410850524902
vt 0.8723002672195435 0.5042951703071594
vt 0.7956684231758118 0.4503229856491089
vt 0.8723002672195435 0.4503229856491089
vt 0.7956684231758118 0.44426679611206055
vt 0.7956684231758118 0.5042951703071594
vt 0.8723002672195435 0.44426679611206055
vt 0.8723002672195435 0.5103513598442078
vt 0.7956684231758118 0.4215696454048157
vt 0.7956684231758118 0.5103513598442078
vt 0.8723002672195435 0.4215696454048157
vt 0.7956684231758118 0.40156054496765137
vt 0.8723002672195435 0.40156054496765137
vt 0.8723002672195435 0.5330485105514526
vt 0.7956684231758118 0.5330485105514526
vt 0.8723002672195435 0.5530576109886169
vt 0.7956684231758118 0.5530576109886169
vt 0.4309198558330536 0.48934149742126465
vt 0.3051610589027405 0.48934149742126465
vt 0.3051610589027405 0.48934149742126465
vt 0.4309198260307312 0.48934149742126465
vt 0.9295749068260193 0.2475447654724121
vt 0.8342534303665161 0.27345073223114014
vt 0.8384677767753601 0.24687838554382324
vt 0.8314276933670044 0.3132517337799072
vt 0.8426997661590576 0.22424113750457764
vt 0.847604513168335 0.2007763385772705
vt 0.9295749068260193 0.2475447654724121
vt 0.8384677767753601 0.24687838554382324
vt 0.8342534303665161 0.27345073223114014
vt 0.8314276933670044 0.3132517337799072
vt 0.8426997661590576 0.22424113750457764
vt 0.847604513168335 0.2007763385772705
vt 0.4309198260307312 0.3635827302932739
vt 0.4309198260307312 0.3635827302932739
vt 0.3051610589027405 0.3635827302932739
vt 0.3051610589027405 0.3635827302932739
vt 0.7905149459838867 0.23507964611053467
vt 0.7905149459838867 0.504802405834198
vt 0.7905149459838867 0.3541163206100464
vt 0.7905149459838867 0.3262474536895752
vt 0.7905149459838867 0.1894957423210144
vt 0.7905149459838867 0.3541163206100464
vt 0.7905149459838867 0.2787732481956482
vt 0.7905149459838867 0.23507964611053467
vt 0.7905149459838867 0.3541163206100464
vt 0.7905149459838867 0.23507964611053467
vt 0.7905149459838867 0.504802405834198
vt 0.7905149459838867 0.23507964611053467
vt 0.7905149459838867 0.3541163206100464
vt 0.7905149459838867 0.3262474536895752
vt 0.5566785931587219 0.3635827302932739
vt 0.6824374198913574 0.3635827302932739
vt 0.6824374198913574 0.3635827302932739
vt 0.5566785931587219 0.3635827302932739
vt 0.36804044246673584 0.11709558963775635
vt 0.4795789122581482 0.284024715423584
vt 0.2565019726753235 0.284024715423584
vt 0.4795789122581482 0.19162321090698242
vt 0.4887688457965851 0.2378239631652832
vt 0.45340830087661743 0.15245604515075684
vt 0.414241224527359 0.12628549337387085
vt 0.2826725244522095 0.15245604515075684
vt 0.32183969020843506 0.12628549337387085
vt 0.2565019726753235 0.19162321090698242
vt 0.2473120391368866 0.2378239631652832
vt 0.36804044246673584 0.35855233669281006
vt 0.45340830087661743 0.3231918215751648
vt 0.414241224527359 0.34936243295669556
vt 0.2826725244522095 0.3231918215751648
vt 0.32183969020843506 0.34936243295669556
vt 0.5566785931587219 0.3635827302932739
vt 0.4309198260307312 0.2378239631652832
vt 0.5566785931587219 0.2378239631652832
vt 0.4309198260307312 0.3635827302932739
vt 0.7905149459838867 0.3566367030143738
vt 0.7905149459838867 0.3566367030143738
vt 0.7905149459838867 0.3262474536895752
vt 0.7905149459838867 0.3262474536895752
vt 0.7905149459838867 0.3566367030143738
vt 0.7905149459838867 0.3718312978744507
vt 0.7905149459838867 0.3718312978744507
vt 0.7905149459838867 0.3566367030143738
vt 0.7905149459838867 0.3566367030143738
vt 0.7905149459838867 0.3566367030143738
vt 0.7905149459838867 0.3262474536895752
vt 0.7905149459838867 0.3566367030143738
vt 0.7905149459838867 0.3566367030143738
vt 0.7905149459838867 0.3262474536895752
vt 0.8979854583740234 0.20579862594604492
vt 0.7742120027542114 0.20579862594604492
vt 0.8026058673858643 0.22477078437805176
vt 0.8695915937423706 0.22477078437805176
vt 0.8360987901687622 0.2314329743385315
vt 0.7742120027542114 0.08202517032623291
vt 0.7552398443222046 0.1774047613143921
vt 0.7552398443222046 0.11041903495788574
vt 0.7485777139663696 0.14391189813613892
vt 0.8979854583740234 0.08202517032623291
vt 0.8695915937423706 0.06305301189422607
vt 0.8026058673858643 0.06305301189422607
vt 0.8360987901687622 0.05639082193374634
vt 0.9169577360153198 0.11041903495788574
vt 0.9169577360153198 0.1774047613143921
vt 0.9236198663711548 0.14391189813613892
vt 0.7905149459838867 0.3566367030143738
vt 0.7905149459838867 0.3566367030143738
vt 0.7905149459838867 0.3262474536895752
vt 0.7905149459838867 0.3262474536895752
vt 0.6993471384048462 0.3566367030143738
vt 0.6993471384048462 0.3262474536895752
vt 0.7905149459838867 0.3566367030143738
vt 0.7905149459838867 0.3718312978744507
vt 0.7905149459838867 0.3718312978744507
vt 0.7905149459838867 0.3566367030143738
vt 0.7905149459838867 0.3566367030143738
vt 0.7905149459838867 0.3566367030143738
vt 0.6993471384048462 0.3718312978744507
vt 0.6993471384048462 0.3566367030143738
vt 0.6993471384048462 0.3566367030143738
vt 0.6993471384048462 0.3718312978744507
vt 0.6993471384048462 0.3566367030143738
vt 0.6993471384048462 0.3566367030143738
vt 0.6993471384048462 0.3262474536895752
vt 0.6993471384048462 0.3262474536895752
vt 0.7905149459838867 0.3718312978744507
vt 0.6993471384048462 0.3566367030143738
vt 0.7905149459838867 0.3566367030143738
vt 0.6993471384048462 0.3718312978744507
vt 0.6993471384048462 0.3718312978744507
vt 0.5625954866409302 0.052744150161743164
vt 0.6993471384048462 0.3566367030143738
vt 0.5625954866409302 0.052744150161743164
vt 0.7821115255355835 0.23507964611053467
vt 0.6993471384048462 0.3566367030143738
vt 0.7821115255355835 0.23507964611053467
vt 0.7821115255355835 0.23507964611053467
vt 0.6993471384048462 0.3566367030143738
vt 0.5625954866409302 0.052744150161743164
vt 0.8360987901687622 0.23507964611053467
vt 0.8588907718658447 0.23507964611053467
vt 0.8588907718658447 0.23507964611053467
vt 0.8360987901687622 0.23507964611053467
vt 0.7821115255355835 0.23507964611053467
vt 0.7821115255355835 0.23507964611053467
vt 0.7905149459838867 0.23507964611053467
vt 0.7905149459838867 0.23507964611053467
vt 0.9044746160507202 0.23507964611053467
vt 0.8816826343536377 0.23507964611053467
vt 0.8816826343536377 0.23507964611053467
vt 0.9044746160507202 0.23507964611053467
vt 0.8360987901687622 0.23507964611053467
vt 0.8133068084716797 0.23507964611053467
vt 0.8133068084716797 0.23507964611053467
vt 0.8360987901687622 0.23507964611053467
vt 0.9272665977478027 0.23507964611053467
vt 0.9044746160507202 0.23507964611053467
vt 0.9044746160507202 0.23507964611053467
vt 0.9272665977478027 0.23507964611053467
vt 0.8588907718658447 0.23507964611053467
vt 0.8816826343536377 0.23507964611053467
vt 0.8816826343536377 0.23507964611053467
vt 0.8588907718658447 0.23507964611053467
vt 0.7905149459838867 0.23507964611053467
vt 0.8133068084716797 0.23507964611053467
vt 0.8133068084716797 0.23507964611053467
vt 0.7905149459838867 0.23507964611053467
vt 0.7905149459838867 0.3262474536895752
vt 0.7905149459838867 0.3566367030143738
vt 0.7905149459838867 0.3566367030143738
vt 0.7905149459838867 0.3262474536895752
vt 0.6993471384048462 0.3718312978744507
vt 0.6993471384048462 0.3566367030143738
vt 0.6993471384048462 0.3718312978744507
vt 0.6993471384048462 0.3566367030143738
vt 0.6993471384048462 0.3566367030143738
vt 0.6993471384048462 0.3566367030143738
vt 0.6993471384048462 0.3262474536895752
vt 0.6993471384048462 0.3262474536895752
vt 0.7905149459838867 0.3262474536895752
vt 0.6993471384048462 0.3566367030143738
vt 0.7905149459838867 0.3566367030143738
vt 0.6993471384048462 0.3262474536895752
vt 0.7905149459838867 0.3718312978744507
vt 0.7905149459838867 0.3566367030143738
vt 0.6993471384048462 0.3566367030143738
vt 0.6993471384048462 0.3718312978744507
vt 0.6993471384048462 0.3718312978744507
vt 0.5625954866409302 0.052744150161743164
vt 0.5625954866409302 0.052744150161743164
vt 0.6993471384048462 0.3566367030143738
vt 0.7821115255355835 0.23507964611053467
vt 0.7821115255355835 0.23507964611053467
vt 0.6993471384048462 0.3566367030143738
vt 0.5625954866409302 0.052744150161743164
vt 0.8360987901687622 0.23507964611053467
vt 0.8588907718658447 0.23507964611053467
vt 0.8360987901687622 0.23507964611053467
vt 0.8588907718658447 0.23507964611053467
vt 0.7821115255355835 0.23507964611053467
vt 0.7905149459838867 0.23507964611053467
vt 0.7905149459838867 0.23507964611053467
vt 0.7821115255355835 0.23507964611053467
vt 0.9044746160507202 0.23507964611053467
vt 0.8816826343536377 0.23507964611053467
vt 0.9044746160507202 0.23507964611053467
vt 0.8816826343536377 0.23507964611053467
vt 0.8133068084716797 0.23507964611053467
vt 0.8360987901687622 0.23507964611053467
vt 0.8133068084716797 0.23507964611053467
vt 0.8360987901687622 0.23507964611053467
vt 0.9272665977478027 0.23507964611053467
vt 0.9044746160507202 0.23507964611053467
vt 0.9272665977478027 0.23507964611053467
vt 0.9044746160507202 0.23507964611053467
vt 0.8588907718658447 0.23507964611053467
vt 0.8816826343536377 0.23507964611053467
vt 0.8588907718658447 0.23507964611053467
vt 0.8816826343536377 0.23507964611053467
vt 0.7905149459838867 0.23507964611053467
vt 0.8133068084716797 0.23507964611053467
vt 0.7905149459838867 0.23507964611053467
vt 0.8133068084716797 0.23507964611053467
vt 0.5566785931587219 0.3635827302932739
vt 0.4309198260307312 0.2378239631652832
vt 0.5566785931587219 0.2378239631652832
vt 0.4309198260307312 0.3635827302932739
vt 0.4309198260307312 0.3635827302932739
vt 0.4309198260307312 0.48934149742126465
vt 0.3051610589027405 0.3635827302932739
vt 0.3051610589027405 0.48934149742126465
vt 0.6537632346153259 0.27191513776779175
vt 0.6689578294754028 0.27191513776779175
vt 0.6689578294754028 0.27191513776779175
vt 0.6537632346153259 0.27191513776779175
vt 0.6689578294754028 0.27191513776779175
vt 0.6689578294754028 0.27191513776779175
vt 0.6689578294754028 0.27191513776779175
vt 0.6993471384048462 0.27191513776779175
vt 0.6993471384048462 0.27191513776779175
vt 0.6689578294754028 0.27191513776779175
vt 0.809847354888916 0.23507964611053467
vt 0.8360987901687622 0.23507964611053467
vt 0.8360987901687622 0.23507964611053467
vt 0.809847354888916 0.23507964611053467
vt 0.809847354888916 0.23507964611053467
vt 0.8360987901687622 0.23507964611053467
vt 0.8360987901687622 0.23507964611053467
vt 0.8588907718658447 0.23507964611053467
vt 0.8360987901687622 0.23507964611053467
vt 0.8588907718658447 0.23507964611053467
vt 0.8360987901687622 0.23507964611053467
vt 0.8816826343536377 0.23507964611053467
vt 0.9044746160507202 0.23507964611053467
vt 0.8588907718658447 0.23507964611053467
vt 0.9272665977478027 0.23507964611053467
vt 0.9044746160507202 0.23507964611053467
vt 0.8588907718658447 0.23507964611053467
vt 0.8816826343536377 0.23507964611053467
vt 0.8360987901687622 0.23507964611053467
vt 0.8588907718658447 0.23507964611053467
vt 0.8360987901687622 0.23507964611053467
vt 0.8360987901687622 0.23507964611053467
vt 0.809847354888916 0.23507964611053467
vt 0.809847354888916 0.23507964611053467
vt 0.8360987901687622 0.23507964611053467
vt 0.5625954866409302 0.052744150161743164
vt 0.5625954866409302 0.052744150161743164
vt 0.5625954866409302 0.052744150161743164
vt 0.5625954866409302 0.052744150161743164
vt 0.5625954866409302 0.052744150161743164
vt 0.5625954866409302 0.052744150161743164
vt 0.5625954866409302 0.052744150161743164
vt 0.5625954866409302 0.052744150161743164
vt 0.6689578294754028 0.27191513776779175
vt 0.6993471384048462 0.27191513776779175
vt 0.6689578294754028 0.27191513776779175
vt 0.6993471384048462 0.27191513776779175
vt 0.809847354888916 0.23507964611053467
vt 0.8360987901687622 0.23507964611053467
vt 0.809847354888916 0.23507964611053467
vt 0.8360987901687622 0.23507964611053467
vt 0.5625954866409302 0.052744150161743164
vt 0.5625954866409302 0.052744150161743164
vt 0.5625954866409302 0.052744150161743164
vt 0.5625954866409302 0.052744150161743164
vt 0.5625954866409302 0.052744150161743164
vt 0.5625954866409302 0.052744150161743164
vt 0.5625954866409302 0.052744150161743164
vt 0.5625954866409302 0.052744150161743164
vt 0.8360987901687622 0.26546889543533325
vt 0.8360987901687622 0.26546889543533325
vt 0.7905149459838867 0.26546889543533325
vt 0.7905149459838867 0.26546889543533325
vt 0.7905149459838867 0.26546889543533325
vt 0.8360987901687622 0.26546889543533325
vt 0.8360987901687622 0.26546889543533325
vt 0.7905149459838867 0.26546889543533325
vt 0.5566785931587219 0.3635827302932739
vt 0.4309198260307312 0.2378239631652832
vt 0.5566785931587219 0.2378239631652832
vt 0.4309198260307312 0.3635827302932739
vt 0.8026058673858643 0.22477078437805176
vt 0.8695915937423706 0.22477078437805176
vt 0.9169577360153198 0.11041903495788574
vt 0.8360987901687622 0.2314329743385315
vt 0.9169577360153198 0.1774047613143921
vt 0.8979854583740234 0.20579862594604492
vt 0.9236198663711548 0.14391189813613892
vt 0.8695915937423706 0.06305301189422607
vt 0.8979854583740234 0.08202517032623291
vt 0.8026058673858643 0.06305301189422607
vt 0.8360987901687622 0.05639082193374634
vt 0.7552398443222046 0.11041903495788574
vt 0.7742120027542114 0.08202517032623291
vt 0.7552398443222046 0.1774047613143921
vt 0.7742120027542114 0.20579862594604492
vt 0.7485777139663696 0.14391189813613892
vt 0.5896596908569336 0.9559392929077148
vt 0.5790317058563232 0.9559392929077148
vt 0.5790317058563232 0.9559392929077148
vt 0.5896596908569336 0.9559392929077148
vt 0.5896596908569336 0.9559392929077148
vt 0.5790317058563232 0.9559392929077148
vt 0.5790317058563232 0.9559392929077148
vt 0.5577756762504578 0.9559392929077148
vt 0.5790317058563232 0.9559392929077148
vt 0.5577756762504578 0.9559392929077148
vt 0.5577756762504578 0.9559392929077148
vt 0.5790317058563232 0.9559392929077148
vt 0.600287675857544 0.9559392929077148
vt 0.5896596908569336 0.9559392929077148
vt 0.5896596908569336 0.9559392929077148
vt 0.600287675857544 0.9559392929077148
vt 0.600287675857544 0.9559392929077148
vt 0.5896596908569336 0.9559392929077148
vt 0.5577756762504578 0.9559392929077148
vt 0.4940076768398285 0.9559392929077148
vt 0.5152636766433716 0.9559392929077148
vt 0.4727516174316406 0.9559392929077148
vt 0.5365196466445923 0.9559392929077148
vt 0.5577756762504578 0.9559392929077148
vt 0.600287675857544 0.9559392929077148
vt 0.6215436458587646 0.9559392929077148
vt 0.6427997350692749 0.9559392929077148
vt 0.600287675857544 0.9559392929077148
vt 0.5577756762504578 0.9559392929077148
vt 0.5152636766433716 0.9559392929077148
vt 0.4940076768398285 0.9559392929077148
vt 0.4727516174316406 0.9559392929077148
vt 0.5365196466445923 0.9559392929077148
vt 0.5577756762504578 0.9559392929077148
vt 0.6215436458587646 0.9559392929077148
vt 0.600287675857544 0.9559392929077148
vt 0.6427997350692749 0.9559392929077148
vt 0.600287675857544 0.9559392929077148

f 1/1/1 2/2/2 3/3/3
f 2/2/2 1/1/1 4/4/4
f 5/5/5 2/2/2 6/6/6
f 2/2/2 5/5/5 3/3/3
f 3/3/3 5/5/5 7/7/7
f 1/1/1 3/3/3 8/8/8
f 1/1/1 8/8/8 9/9/9
f 8/8/8 3/3/3 10/10/10
f 8/8/8 10/10/10 11/11/11
f 12/12/12 10/10/10 3/3/3
f 12/12/12 3/3/3 13/13/13
f 14/14/14 10/10/10 12/12/12
f 10/10/10 14/14/14 15/15/15
f 14/14/14 12/12/12 16/16/16
f 17/17/17 18/18/18 19/19/19
f 20/20/20 18/18/18 17/17/17
f 20/20/20 17/17/17 21/21/21
f 18/18/18 20/20/20 22/22/22
f 19/19/19 18/18/18 23/23/23
f 19/19/19 23/23/23 24/24/24
f 24/24/24 23/23/23 25/25/25
f 25/25/25 23/23/23 26/26/26
f 27/27/27 28/28/28 29/29/29
f 29/29/29 28/28/28 30/30/30
f 29/29/29 30/30/30 31/31/31
f 29/29/29 31/31/31 32/32/32
f 28/28/28 27/27/27 33/33/33
f 27/27/27 34/34/34 33/33/33
f 33/33/33 34/34/34 35/35/35
f 34/34/34 27/27/27 36/36/36
f 37/37/37 38/38/38 39/39/39
f 39/39/39 38/38/38 40/40/40
f 41/41/41 37/37/37 39/39/39
f 41/41/41 39/39/39 42/42/42
f 37/37/37 41/41/41 43/43/43
f 38/38/38 37/37/37 44/44/44
f 38/38/38 44/44/44 45/45/45
f 46/46/46 44/44/44 37/37/37
f 46/46/46 37/37/37 47/47/47
f 48/48/48 44/44/44 46/46/46
f 44/44/44 48/48/48 49/49/49
f 48/48/48 46/46/46 50/50/50
f 50/50/50 46/46/46 51/51/51
f 48/48/48 50/50/50 52/52/52
f 53/53/53 54/54/54 55/55/55
f 54/54/54 53/53/53 56/56/56
f 57/57/57 58/58/58 59/59/59
f 58/58/58 57/57/57 60/60/60
f 61/61/61 62/62/62 63/63/63
f 62/62/62 64/64/64 63/63/63
f 64/64/64 62/62/62 65/65/65
f 62/62/62 66/66/66 67/67/67
f 62/62/62 61/61/61 66/66/66
f 66/66/66 68/68/68 69/69/69
f 61/61/61 68/68/68 66/66/66
f 68/68/68 61/61/61 70/70/70
f 61/61/61 63/63/63 71/71/71
f 72/72/72 61/61/61 71/71/71
f 61/61/61 72/72/72 73/73/73
f 71/71/71 63/63/63 74/74/74
f 75/75/75 74/74/74 63/63/63
f 74/74/74 75/75/75 76/76/76
f 77/77/77 78/78/78 79/79/79
f 78/78/78 77/77/77 80/80/80
f 81/81/81 82/82/82 83/83/83
f 82/82/82 81/81/81 84/84/84
f 85/85/85 86/86/86 87/87/87
f 87/87/87 86/86/86 88/88/88
f 89/89/89 90/90/90 91/91/91
f 90/90/90 89/89/89 92/92/92
f 93/93/93 94/94/94 95/95/95
f 94/94/94 93/93/93 96/96/96
f 96/96/96 97/97/97 94/94/94
f 94/94/94 97/97/97 98/98/98
f 94/94/94 98/98/98 99/99/99
f 100/100/100 94/94/94 99/99/99
f 101/101/101 102/102/102 103/103/103
f 102/102/102 101/101/101 104/104/104
f 102/102/102 105/105/105 103/103/103
f 105/105/105 102/102/102 106/106/106
f 107/107/107 108/108/108 109/109/109
f 108/108/108 107/107/107 110/110/110
f 108/108/108 111/111/111 109/109/109
f 111/111/111 108/108/108 112/112/112
f 113/113/113 114/114/114 115/115/115
f 114/114/114 113/113/113 116/116/116
f 117/117/117 118/118/118 119/119/119
f 118/118/118 117/117/117 120/120/120
f 121/121/121 122/122/122 123/123/123
f 122/122/122 121/121/121 124/124/124
f 125/125/125 126/126/126 127/127/127
f 126/126/126 125/125/125 128/128/128
f 129/129/129 130/130/130 131/131/131
f 130/130/130 129/129/129 132/132/132
f 133/133/133 134/134/134 135/135/135
f 133/133/133 135/135/135 136/136/136
f 137/137/137 138/138/138 139/139/139
f 140/140/140 141/141/141 142/142/142
f 143/143/143 144/144/144 145/145/145
f 144/144/144 143/143/143 146/146/146
f 147/147/147 148/148/148 149/149/149
f 149/149/149 150/150/150 147/147/147
f 151/151/151 152/152/152 153/153/153
f 153/153/153 152/152/152 154/154/154
f 155/155/155 156/156/156 157/157/157
f 156/156/156 155/155/155 158/158/158
f 159/159/159 160/160/160 161/161/161
f 160/160/160 159/159/159 162/162/162
f 163/163/163 164/164/164 165/165/165
f 163/163/163 165/165/165 166/166/166
f 167/167/167 168/168/168 169/169/169
f 168/168/168 167/167/167 170/170/170
f 171/171/171 172/172/172 173/173/173
f 172/172/172 171/171/171 174/174/174
f 175/175/175 176/176/176 177/177/177
f 176/176/176 175/175/175 178/178/178
f 179/179/179 180/180/180 181/181/181
f 180/180/180 179/179/179 182/182/182
f 183/183/183 184/184/184 185/185/185
f 184/184/184 183/183/183 186/186/186
f 187/187/187 188/188/188 189/189/189
f 188/188/188 187/187/187 190/190/190
f 191/191/191 192/192/192 193/193/193
f 194/194/194 195/195/195 196/196/196
f 197/197/197 198/198/198 199/199/199
f 198/198/198 197/197/197 200/200/200
f 201/201/201 202/202/202 203/203/203
f 203/203/203 202/202/202 204/204/204
f 205/205/205 206/206/206 207/207/207
f 206/206/206 205/205/205 208/208/208
f 209/209/209 210/210/210 211/211/211
f 212/212/212 213/213/213 214/214/214
f 215/215/215 212/212/212 214/214/214
f 212/212/212 215/215/215 216/216/216
f 217/217/217 218/218/218 219/219/219
f 220/220/220 221/221/221 222/222/222
f 223/223/223 224/224/224 225/225/225
f 225/225/225 224/224/224 226/226/226
f 227/227/227 228/228/228 229/229/229
f 228/228/228 230/230/230 229/229/229
f 231/231/231 232/232/232 233/233/233
f 232/232/232 231/231/231 234/234/234
f 235/235/235 236/236/236 237/237/237
f 236/236/236 235/235/235 238/238/238
f 239/239/239 240/240/240 241/241/241
f 240/240/240 239/239/239 242/242/242
f 243/243/243 244/244/244 245/245/245
f 245/245/245 244/244/244 246/246/246
f 247/247/247 248/248/248 249/249/249
f 248/248/248 247/247/247 250/250/250
f 251/251/251 252/252/252 253/253/253
f 252/252/252 251/251/251 254/254/254
f 255/255/255 256/256/256 257/257/257
f 256/256/256 255/255/255 258/258/258
f 259/259/259 260/260/260 261/261/261
f 262/262/262 263/263/263 264/264/264
f 265/265/265 266/266/266 267/267/267
f 266/266/266 268/268/268 267/267/267
f 269/269/269 270/270/270 271/271/271
f 270/270/270 269/269/269 272/272/272
f 273/273/273 274/274/274 275/275/275
f 274/274/274 273/273/273 276/276/276
f 277/277/277 278/278/278 279/279/279
f 278/278/278 280/280/280 279/279/279
f 281/281/281 282/282/282 283/283/283
f 282/282/282 281/281/281 284/284/284
f 285/285/285 286/286/286 287/287/287
f 286/286/286 285/285/285 288/288/288
f 289/289/289 290/290/290 291/291/291
f 290/290/290 289/289/289 292/292/292
f 293/293/293 294/294/294 295/295/295
f 293/293/293 295/295/295 296/296/296
f 297/297/297 298/298/298 299/299/299
f 298/298/298 297/297/297 300/300/300
f 301/301/301 302/302/302 303/303/303
f 302/302/302 301/301/301 304/304/304
f 305/305/305 306/306/306 307/307/307
f 305/305/305 307/307/307 308/308/308
f 309/309/309 305/305/305 308/308/308
f 305/305/305 309/309/309 310/310/310
f 311/311/311 312/312/312 313/313/313
f 311/311/311 313/313/313 314/314/314
f 315/315/315 316/316/316 317/317/317
f 315/315/315 317/317/317 318/318/318
f 316/316/316 315/315/315 319/319/319
f 319/319/319 315/315/315 320/320/320
f 320/320/320 315/315/315 321/321/321
f 320/320/320 321/321/321 322/322/322
f 323/323/323 324/324/324 325/325/325
f 325/325/325 326/326/326 323/323/323
f 327/327/327 328/328/328 329/329/329
f 327/327/327 329/329/329 330/330/330
f 331/331/331 332/332/332 333/333/333
f 332/332/332 331/331/331 334/334/334
f 335/335/335 336/336/336 337/337/337
f 335/335/335 337/337/337 338/338/338
f 339/339/339 340/340/340 341/341/341
f 339/339/339 341/341/341 342/342/342
f 343/343/343 344/344/344 345/345/345
f 344/344/344 343/343/343 346/346/346
f 347/347/347 348/348/348 349/349/349
f 348/348/348 347/347/347 350/350/350
f 351/351/351 348/348/348 352/352/352
f 348/348/348 351/351/351 349/349/349
f 349/349/349 351/351/351 353/353/353
f 354/354/354 349/349/349 355/355/355
f 356/356/356 349/349/349 354/354/354
f 356/356/356 354/354/354 357/357/357
f 358/358/358 349/349/349 356/356/356
f 349/349/349 358/358/358 347/347/347
f 358/358/358 356/356/356 359/359/359
f 358/358/358 360/360/360 347/347/347
f 347/347/347 360/360/360 361/361/361
f 360/360/360 358/358/358 362/362/362
f 363/363/363 364/364/364 365/365/365
f 363/363/363 365/365/365 366/366/366
f 367/367/367 368/368/368 369/369/369
f 367/367/367 369/369/369 370/370/370
f 371/371/371 372/372/372 373/373/373
f 371/371/371 373/373/373 374/374/374
f 375/375/375 376/376/376 377/377/377
f 377/377/377 376/376/376 378/378/378
f 379/379/379 380/380/380 381/381/381
f 380/380/380 379/379/379 382/382/382
f 383/383/383 382/382/382 379/379/379
f 382/382/382 383/383/383 384/384/384
f 385/385/385 386/386/386 387/387/387
f 387/387/387 386/386/386 388/388/388
f 387/387/387 388/388/388 389/389/389
f 389/389/389 388/388/388 390/390/390
f 391/391/391 392/392/392 393/393/393
f 392/392/392 391/391/391 394/394/394
f 391/391/391 393/393/393 395/395/395
f 396/396/396 393/393/393 392/392/392
f 393/393/393 396/396/396 397/397/397
f 393/393/393 397/397/397 398/398/398
f 398/398/398 397/397/397 399/399/399
f 400/400/400 401/401/401 402/402/402
f 402/402/402 401/401/401 403/403/403
f 403/403/403 401/401/401 404/404/404
f 403/403/403 404/404/404 405/405/405
f 406/406/406 401/401/401 400/400/400
f 401/401/401 406/406/406 407/407/407
f 406/406/406 400/400/400 408/408/408
f 409/409/409 410/410/410 411/411/411
f 410/410/410 409/409/409 412/412/412
f 413/413/413 414/414/414 415/415/415
f 414/414/414 413/413/413 416/416/416
f 417/417/417 418/418/418 419/419/419
f 419/419/419 418/418/418 420/420/420
f 418/418/418 417/417/417 421/421/421
f 422/422/422 421/421/421 417/417/417
f 421/421/421 422/422/422 423/423/423
f 420/420/420 424/424/424 419/419/419
f 424/424/424 420/420/420 425/425/425
f 425/425/425 426/426/426 424/424/424
f 426/426/426 425/425/425 427/427/427
f 427/427/427 428/428/428 426/426/426
f 429/429/429 430/430/430 431/431/431
f 431/431/431 430/430/430 432/432/432
f 431/431/431 432/432/432 433/433/433
f 433/433/433 432/432/432 434/434/434
f 435/435/435 436/436/436 437/437/437
f 436/436/436 435/435/435 438/438/438
f 439/439/439 438/438/438 435/435/435
f 438/438/438 439/439/439 440/440/440
f 441/441/441 442/442/442 443/443/443
f 441/441/441 443/443/443 444/444/444
f 445/445/445 446/446/446 447/447/447
f 447/447/447 448/448/448 445/445/445
f 449/449/449 450/450/450 451/451/451
f 451/451/451 450/450/450 452/452/452
f 453/453/453 454/454/454 455/455/455
f 454/454/454 453/453/453 456/456/456
f 457/457/457 458/458/458 459/459/459
f 459/459/459 458/458/458 460/460/460
f 461/461/461 462/462/462 463/463/463
f 462/462/462 464/464/464 463/463/463
f 465/465/465 466/466/466 467/467/467
f 467/467/467 466/466/466 468/468/468
f 469/469/469 470/470/470 471/471/471
f 471/471/471 470/470/470 472/472/472
f 469/469/469 471/471/471 473/473/473
f 469/469/469 474/474/474 470/470/470
f 470/470/470 474/474/474 475/475/475
f 474/474/474 469/469/469 476/476/476
f 477/477/477 478/478/478 479/479/479
f 478/478/478 477/477/477 480/480/480
f 481/481/481 482/482/482 483/483/483
f 483/483/483 484/484/484 481/481/481
f 485/485/485 486/486/486 487/487/487
f 487/487/487 486/486/486 488/488/488
f 485/485/485 487/487/487 489/489/489
f 485/485/485 490/490/490 486/486/486
f 486/486/486 490/490/490 491/491/491
f 490/490/490 485/485/485 492/492/492
f 493/493/493 494/494/494 495/495/495
f 494/494/494 493/493/493 496/496/496
f 497/497/497 496/496/496 493/493/493
f 496/496/496 497/497/497 498/498/498
f 499/499/499 500/500/500 501/501/501
f 499/499/499 501/501/501 502/502/502
f 503/503/503 499/499/499 502/502/502
f 503/503/503 502/502/502 504/504/504
f 505/505/505 506/506/506 507/507/507
f 505/505/505 507/507/507 508/508/508
f 509/509/509 510/510/510 511/511/511
f 510/510/510 509/509/509 512/512/512
f 513/513/513 514/514/514 515/515/515
f 514/514/514 513/513/513 516/516/516
f 516/516/516 513/513/513 517/517/517
f 518/518/518 514/514/514 516/516/516
f 519/519/519 514/514/514 518/518/518
f 514/514/514 519/519/519 520/520/520
f 521/521/521 522/522/522 523/523/523
f 523/523/523 522/522/522 524/524/524
f 525/525/525 526/526/526 527/527/527
f 526/526/526 528/528/528 527/527/527
f 529/529/529 530/530/530 531/531/531
f 531/531/531 530/530/530 532/532/532
f 533/533/533 534/534/534 535/535/535
f 534/534/534 533/533/533 536/536/536
f 537/537/537 538/538/538 539/539/539
f 538/538/538 540/540/540 539/539/539
f 541/541/541 542/542/542 543/543/543
f 542/542/542 541/541/541 544/544/544
f 545/545/545 546/546/546 547/547/547
f 547/547/547 548/548/548 545/545/545
f 549/549/549 550/550/550 551/551/551
f 551/551/551 550/550/550 552/552/552
f 553/553/553 554/554/554 555/555/555
f 554/554/554 553/553/553 556/556/556
f 557/557/557 558/558/558 559/559/559
f 559/559/559 560/560/560 557/557/557
f 561/561/561 562/562/562 563/563/563
f 563/563/563 564/564/564 561/561/561
f 565/565/565 566/566/566 567/567/567
f 566/566/566 565/565/565 568/568/568
f 569/569/569 570/570/570 571/571/571
f 571/571/571 570/570/570 572/572/572
f 570/570/570 573/573/573 572/572/572
f 572/572/572 573/573/573 574/574/574
f 574/574/574 573/573/573 575/575/575
f 574/574/574 575/575/575 576/576/576
f 577/577/577 578/578/578 579/579/579
f 578/578/578 580/580/580 579/579/579
f 579/579/579 580/580/580 581/581/581
f 580/580/580 582/582/582 581/581/581
f 581/581/581 582/582/582 583/583/583
f 584/584/584 583/583/583 582/582/582
f 585/585/585 586/586/586 587/587/587
f 586/586/586 585/585/585 588/588/588
f 589/589/589 590/590/590 591/591/591
f 589/589/589 591/591/591 592/592/592
f 593/593/593 594/594/594 595/595/595
f 594/594/594 593/593/593 596/596/596
f 597/597/597 598/598/598 599/599/599
f 598/598/598 597/597/597 600/600/600
f 601/601/601 602/602/602 603/603/603
f 602/602/602 601/601/601 604/604/604
f 605/605/605 606/606/606 607/607/607
f 607/607/607 606/606/606 608/608/608
f 609/609/609 610/610/610 611/611/611
f 610/610/610 609/609/609 612/612/612
f 613/613/613 614/614/614 615/615/615
f 614/614/614 613/613/613 616/616/616
f 617/617/617 618/618/618 619/619/619
f 618/618/618 617/617/617 620/620/620
f 621/621/621 622/622/622 623/623/623
f 623/623/623 622/622/622 624/624/624
f 625/625/625 626/626/626 627/627/627
f 627/627/627 626/626/626 628/628/628
f 629/629/629 630/630/630 631/631/631
f 631/631/631 630/630/630 632/632/632
f 633/633/633 634/634/634 635/635/635
f 634/634/634 636/636/636 635/635/635
f 637/637/637 638/638/638 639/639/639
f 638/638/638 640/640/640 639/639/639
f 641/641/641 642/642/642 643/643/643
f 642/642/642 644/644/644 643/643/643
f 645/645/645 646/646/646 647/647/647
f 646/646/646 648/648/648 647/647/647
f 649/649/649 650/650/650 651/651/651
f 651/651/651 650/650/650 652/652/652
f 653/653/653 654/654/654 655/655/655
f 654/654/654 653/653/653 656/656/656
f 657/657/657 656/656/656 653/653/653
f 656/656/656 657/657/657 658/658/658
f 659/659/659 660/660/660 661/661/661
f 661/661/661 660/660/660 662/662/662
f 663/663/663 664/664/664 665/665/665
f 664/664/664 663/663/663 666/666/666
f 667/667/667 668/668/668 669/669/669
f 667/667/667 669/669/669 670/670/670
f 671/671/671 672/672/672 673/673/673
f 671/671/671 673/673/673 674/674/674
f 675/675/675 676/676/676 677/677/677
f 677/677/677 676/676/676 678/678/678
f 679/679/679 680/680/680 681/681/681
f 679/679/679 681/681/681 682/682/682
f 683/683/683 684/684/684 685/685/685
f 683/683/683 685/685/685 686/686/686
f 687/687/687 688/688/688 689/689/689
f 689/689/689 688/688/688 690/690/690
f 691/691/691 692/692/692 693/693/693
f 691/691/691 693/693/693 694/694/694
f 695/695/695 696/696/696 697/697/697
f 695/695/695 697/697/697 698/698/698
f 699/699/699 700/700/700 701/701/701
f 700/700/700 699/699/699 702/702/702
f 703/703/703 704/704/704 705/705/705
f 704/704/704 703/703/703 706/706/706
f 705/705/705 707/707/707 703/703/703
f 708/708/708 705/705/705 704/704/704
f 705/705/705 708/708/708 709/709/709
f 707/707/707 705/705/705 710/710/710
f 711/711/711 712/712/712 710/710/710
f 712/712/712 711/711/711 713/713/713
f 713/713/713 714/714/714 712/712/712
f 714/714/714 713/713/713 715/715/715
f 716/716/716 712/712/712 714/714/714
f 712/712/712 716/716/716 717/717/717
f 718/718/718 719/719/719 720/720/720
f 719/719/719 718/718/718 721/721/721
f 722/722/722 723/723/723 724/724/724
f 724/724/724 723/723/723 725/725/725
f 726/726/726 727/727/727 728/728/728
f 728/728/728 727/727/727 729/729/729
f 730/730/730 731/731/731 732/732/732
f 731/731/731 733/733/733 732/732/732
f 734/734/734 735/735/735 736/736/736
f 735/735/735 734/734/734 737/737/737
f 738/738/738 739/739/739 740/740/740
f 739/739/739 738/738/738 741/741/741
f 742/742/742 743/743/743 744/744/744
f 743/743/743 742/742/742 745/745/745
f 746/746/746 747/747/747 748/748/748
f 747/747/747 746/746/746 749/749/749
f 750/750/750 751/751/751 752/752/752
f 752/752/752 753/753/753 750/750/750
f 754/754/754 755/755/755 756/756/756
f 755/755/755 754/754/754 757/757/757
f 758/758/758 759/759/759 760/760/760
f 758/758/758 760/760/760 761/761/761
f 762/762/762 758/758/758 761/761/761
f 762/762/762 761/761/761 763/763/763
f 764/764/764 765/765/765 766/766/766
f 764/764/764 766/766/766 767/767/767
f 765/765/765 768/768/768 766/766/766
f 765/765/765 769/769/769 768/768/768
f 770/770/770 771/771/771 772/772/772
f 771/771/771 770/770/770 773/773/773
f 774/774/774 773/773/773 770/770/770
f 773/773/773 774/774/774 775/775/775
f 776/776/776 777/777/777 778/778/778
f 777/777/777 776/776/776 779/779/779
f 780/780/780 778/778/778 777/777/777
f 778/778/778 780/780/780 781/781/781
f 782/782/782 783/783/783 784/784/784
f 783/783/783 782/782/782 785/785/785
f 786/786/786 787/787/787 788/788/788
f 788/788/788 787/787/787 789/789/789
f 790/790/790 791/791/791 792/792/792
f 792/792/792 791/791/791 793/793/793
f 794/794/794 795/795/795 796/796/796
f 795/795/795 794/794/794 797/797/797
f 798/798/798 799/799/799 800/800/800
f 800/800/800 801/801/801 798/798/798
f 802/802/802 803/803/803 804/804/804
f 804/804/804 805/805/805 802/802/802
f 806/806/806 807/807/807 808/808/808
f 808/808/808 809/809/809 806/806/806
f 810/810/810 811/811/811 812/812/812
f 811/811/811 813/813/813 812/812/812
f 814/814/814 815/815/815 816/816/816
f 815/815/815 814/814/814 817/817/817
f 818/818/818 819/819/819 820/820/820
f 820/820/820 819/819/819 821/821/821
f 822/822/822 823/823/823 824/824/824
f 822/822/822 824/824/824 825/825/825
f 826/826/826 827/827/827 828/828/828
f 827/827/827 826/826/826 829/829/829
f 830/830/830 831/831/831 832/832/832
f 831/831/831 830/830/830 833/833/833
f 834/834/834 831/831/831 835/835/835
f 831/831/831 834/834/834 832/832/832
f 832/832/832 834/834/834 836/836/836
f 830/830/830 832/832/832 837/837/837
f 830/830/830 837/837/837 838/838/838
f 837/837/837 832/832/832 839/839/839
f 837/837/837 839/839/839 840/840/840
f 841/841/841 839/839/839 832/832/832
f 841/841/841 832/832/832 842/842/842
f 843/843/843 839/839/839 841/841/841
f 839/839/839 843/843/843 844/844/844
f 843/843/843 841/841/841 845/845/845
f 846/846/846 847/847/847 848/848/848
f 848/848/848 849/849/849 850/850/850
f 851/851/851 849/849/849 848/848/848
f 852/852/852 853/853/853 854/854/854
f 855/855/855 856/856/856 857/857/857
f 858/858/858 859/859/859 860/860/860
f 861/861/861 862/862/862 863/863/863
f 863/863/863 862/862/862 864/864/864
f 865/865/865 866/866/866 867/867/867
f 867/867/867 866/866/866 868/868/868
f 869/869/869 870/870/870 871/871/871
f 871/871/871 870/870/870 872/872/872
f 873/873/873 874/874/874 875/875/875
f 874/874/874 873/873/873 876/876/876
f 877/877/877 878/878/878 879/879/879
f 878/878/878 877/877/877 880/880/880
f 881/881/881 882/882/882 883/883/883
f 882/882/882 881/881/881 884/884/884
f 885/885/885 883/883/883 882/882/882
f 886/886/886 883/883/883 885/885/885
f 887/887/887 886/886/886 885/885/885
f 888/888/888 886/886/886 887/887/887
f 889/889/889 888/888/888 887/887/887
f 889/889/889 890/890/890 888/888/888
f 891/891/891 890/890/890 889/889/889
f 892/892/892 890/890/890 891/891/891
f 893/893/893 894/894/894 895/895/895
f 895/895/895 894/894/894 896/896/896
f 897/897/897 898/898/898 899/899/899
f 898/898/898 900/900/900 899/899/899
f 901/901/901 898/898/898 897/897/897
f 902/902/902 901/901/901 897/897/897
f 903/903/903 901/901/901 902/902/902
f 902/902/902 904/904/904 903/903/903
f 903/903/903 904/904/904 905/905/905
f 906/906/906 905/905/905 904/904/904
f 907/907/907 905/905/905 906/906/906
f 908/908/908 907/907/907 906/906/906
f 909/909/909 910/910/910 911/911/911
f 911/911/911 912/912/912 909/909/909
f 913/913/913 914/914/914 915/915/915
f 914/914/914 913/913/913 916/916/916
f 917/917/917 918/918/918 919/919/919
f 918/918/918 917/917/917 920/920/920
f 921/921/921 922/922/922 923/923/923
f 921/921/921 923/923/923 924/924/924
f 925/925/925 926/926/926 927/927/927
f 926/926/926 925/925/925 928/928/928
f 929/929/929 928/928/928 925/925/925
f 928/928/928 929/929/929 930/930/930
f 931/931/931 930/930/930 929/929/929
f 930/930/930 931/931/931 932/932/932
f 933/933/933 932/932/932 931/931/931
f 932/932/932 933/933/933 934/934/934
f 935/935/935 934/934/934 933/933/933
f 934/934/934 935/935/935 936/936/936
f 937/937/937 936/936/936 935/935/935
f 936/936/936 937/937/937 938/938/938
f 939/939/939 938/938/938 937/937/937
f 938/938/938 939/939/939 940/940/940
f 941/941/941 940/940/940 939/939/939
f 940/940/940 941/941/941 942/942/942
f 943/943/943 944/944/944 945/945/945
f 944/944/944 946/946/946 945/945/945
f 944/944/944 943/943/943 947/947/947
f 948/948/948 949/949/949 950/950/950
f 949/949/949 948/948/948 951/951/951
f 949/949/949 951/951/951 952/952/952
f 953/953/953 954/954/954 955/955/955
f 954/954/954 953/953/953 956/956/956
f 957/957/957 956/956/956 953/953/953
f 956/956/956 957/957/957 958/958/958
f 957/957/957 959/959/959 958/958/958
f 959/959/959 957/957/957 960/960/960
f 960/960/960 961/961/961 959/959/959
f 961/961/961 960/960/960 962/962/962
f 963/963/963 961/961/961 962/962/962
f 961/961/961 963/963/963 964/964/964
f 965/965/965 964/964/964 963/963/963
f 964/964/964 965/965/965 966/966/966
f 965/965/965 967/967/967 966/966/966
f 967/967/967 965/965/965 968/968/968
f 968/968/968 969/969/969 967/967/967
f 969/969/969 968/968/968 970/970/970
f 971/971/971 969/969/969 970/970/970
f 969/969/969 971/971/971 972/972/972
f 973/973/973 972/972/972 971/971/971
f 972/972/972 973/973/973 974/974/974
f 973/973/973 975/975/975 974/974/974
f 975/975/975 973/973/973 976/976/976
f 976/976/976 977/977/977 975/975/975
f 977/977/977 976/976/976 978/978/978
f 979/979/979 977/977/977 978/978/978
f 977/977/977 979/979/979 980/980/980
f 981/981/981 980/980/980 979/979/979
f 980/980/980 981/981/981 982/982/982
f 981/981/981 983/983/983 982/982/982
f 983/983/983 981/981/981 984/984/984
f 984/984/984 985/985/985 983/983/983
f 985/985/985 984/984/984 986/986/986
f 987/987/987 988/988/988 989/989/989
f 989/989/989 988/988/988 990/990/990
f 991/991/991 992/992/992 993/993/993
f 992/992/992 991/991/991 994/994/994
f 995/995/995 992/992/992 996/996/996
f 992/992/992 995/995/995 993/993/993
f 993/993/993 995/995/995 997/997/997
f 991/991/991 993/993/993 998/998/998
f 991/991/991 998/998/998 999/999/999
f 998/998/998 993/993/993 1000/1000/1000
f 998/998/998 1000/1000/1000 1001/1001/1001
f 1002/1002/1002 1000/1000/1000 993/993/993
f 1002/1002/1002 993/993/993 1003/1003/1003
f 1004/1004/1004 1000/1000/1000 1002/1002/1002
f 1000/1000/1000 1004/1004/1004 1005/1005/1005
f 1004/1004/1004 1002/1002/1002 1006/1006/1006
f 1007/1007/1007 1008/1008/1008 1009/1009/1009
f 1008/1008/1008 1007/1007/1007 1010/1010/1010
f 1011/1011/1011 1012/1012/1012 1013/1013/1013
f 1012/1012/1012 1011/1011/1011 1014/1014/1014
f 1015/1015/1015 1016/1016/1016 1017/1017/1017
f 1017/1017/1017 1016/1016/1016 1018/1018/1018
f 1019/1019/1019 1020/1020/1020 1021/1021/1021
f 1020/1020/1020 1019/1019/1019 1022/1022/1022
f 1023/1023/1023 1024/1024/1024 1025/1025/1025
f 1023/1023/1023 1025/1025/1025 1026/1026/1026
f 1026/1026/1026 1025/1025/1025 1027/1027/1027
f 1026/1026/1026 1027/1027/1027 1028/1028/1028
f 1029/1029/1029 1030/1030/1030 1031/1031/1031
f 1030/1030/1030 1029/1029/1029 1032/1032/1032
f 1033/1033/1033 1034/1034/1034 1035/1035/1035
f 1033/1033/1033 1035/1035/1035 1036/1036/1036
f 1037/1037/1037 1038/1038/1038 1039/1039/1039
f 1038/1038/1038 1037/1037/1037 1040/1040/1040
f 1041/1041/1041 1042/1042/1042 1043/1043/1043
f 1042/1042/1042 1041/1041/1041 1044/1044/1044
f 1045/1045/1045 1046/1046/1046 1047/1047/1047
f 1047/1047/1047 1046/1046/1046 1048/1048/1048
f 1047/1047/1047 1048/1048/1048 1049/1049/1049
f 1049/1049/1049 1048/1048/1048 1050/1050/1050
f 1051/1051/1051 1052/1052/1052 1053/1053/1053
f 1052/1052/1052 1051/1051/1051 1054/1054/1054
f 1055/1055/1055 1054/1054/1054 1051/1051/1051
f 1054/1054/1054 1055/1055/1055 1056/1056/1056
f 1057/1057/1057 1058/1058/1058 1059/1059/1059
f 1059/1059/1059 1058/1058/1058 1060/1060/1060
f 1059/1059/1059 1060/1060/1060 1061/1061/1061
f 1061/1061/1061 1060/1060/1060 1062/1062/1062
f 1063/1063/1063 1059/1059/1059 1061/1061/1061
f 1064/1064/1064 1057/1057/1057 1059/1059/1059
f 1064/1064/1064 1059/1059/1059 1063/1063/1063
f 1065/1065/1065 1057/1057/1057 1064/1064/1064
f 1066/1066/1066 1064/1064/1064 1063/1063/1063
f 1067/1067/1067 1065/1065/1065 1064/1064/1064
f 1066/1066/1066 1067/1067/1067 1064/1064/1064
f 1067/1067/1067 1068/1068/1068 1065/1065/1065
f 1069/1069/1069 1067/1067/1067 1066/1066/1066
f 1069/1069/1069 1070/1070/1070 1067/1067/1067
f 1071/1071/1071 1072/1072/1072 1070/1070/1070
f 1071/1071/1071 1073/1073/1073 1072/1072/1072
f 1074/1074/1074 1075/1075/1075 1076/1076/1076
f 1076/1076/1076 1077/1077/1077 1074/1074/1074
f 1078/1078/1078 1079/1079/1079 1080/1080/1080
f 1079/1079/1079 1078/1078/1078 1081/1081/1081
f 1082/1082/1082 1081/1081/1081 1078/1078/1078
f 1081/1081/1081 1082/1082/1082 1083/1083/1083
f 1084/1084/1084 1085/1085/1085 1086/1086/1086
f 1084/1084/1084 1086/1086/1086 1087/1087/1087
f 1088/1088/1088 1084/1084/1084 1087/1087/1087
f 1088/1088/1088 1087/1087/1087 1089/1089/1089
f 1090/1090/1090 1091/1091/1091 1092/1092/1092
f 1091/1091/1091 1090/1090/1090 1093/1093/1093
f 1094/1094/1094 1093/1093/1093 1090/1090/1090
f 1093/1093/1093 1094/1094/1094 1095/1095/1095
f 1090/1090/1090 1096/1096/1096 1094/1094/1094
f 1092/1092/1092 1097/1097/1097 1090/1090/1090
f 1096/1096/1096 1090/1090/1090 1097/1097/1097
f 1097/1097/1097 1092/1092/1092 1098/1098/1098
f 1097/1097/1097 1099/1099/1099 1096/1096/1096
f 1098/1098/1098 1100/1100/1100 1097/1097/1097
f 1099/1099/1099 1097/1097/1097 1100/1100/1100
f 1100/1100/1100 1098/1098/1098 1101/1101/1101
f 1100/1100/1100 1102/1102/1102 1099/1099/1099
f 1103/1103/1103 1102/1102/1102 1100/1100/1100
f 1104/1104/1104 1105/1105/1105 1103/1103/1103
f 1105/1105/1105 1104/1104/1104 1106/1106/1106
f 1107/1107/1107 1108/1108/1108 1109/1109/1109
f 1110/1110/1110 1108/1108/1108 1107/1107/1107
f 1111/1111/1111 1112/1112/1112 1113/1113/1113
f 1112/1112/1112 1111/1111/1111 1114/1114/1114
f 1115/1115/1115 1112/1112/1112 1116/1116/1116
f 1112/1112/1112 1115/1115/1115 1113/1113/1113
f 1113/1113/1113 1115/1115/1115 1117/1117/1117
f 1111/1111/1111 1113/1113/1113 1118/1118/1118
f 1111/1111/1111 1118/1118/1118 1119/1119/1119
f 1118/1118/1118 1113/1113/1113 1120/1120/1120
f 1118/1118/1118 1120/1120/1120 1121/1121/1121
f 1122/1122/1122 1120/1120/1120 1113/1113/1113
f 1122/1122/1122 1113/1113/1113 1123/1123/1123
f 1122/1122/1122 1124/1124/1124 1120/1120/1120
f 1120/1120/1120 1124/1124/1124 1125/1125/1125
f 1124/1124/1124 1122/1122/1122 1126/1126/1126
f 1127/1127/1127 1128/1128/1128 1129/1129/1129
f 1129/1129/1129 1128/1128/1128 1130/1130/1130
f 1131/1131/1131 1132/1132/1132 1133/1133/1133
f 1132/1132/1132 1131/1131/1131 1134/1134/1134
f 1135/1135/1135 1136/1136/1136 1137/1137/1137
f 1135/1135/1135 1137/1137/1137 1138/1138/1138
f 1139/1139/1139 1140/1140/1140 1141/1141/1141
f 1141/1141/1141 1140/1140/1140 1142/1142/1142
f 1143/1143/1143 1144/1144/1144 1145/1145/1145
f 1143/1143/1143 1145/1145/1145 1146/1146/1146
f 1147/1147/1147 1148/1148/1148 1149/1149/1149
f 1148/1148/1148 1147/1147/1147 1150/1150/1150
f 1151/1151/1151 1152/1152/1152 1153/1153/1153
f 1154/1154/1154 1153/1153/1153 1152/1152/1152
f 1155/1155/1155 1156/1156/1156 1157/1157/1157
f 1156/1156/1156 1155/1155/1155 1158/1158/1158
f 1159/1159/1159 1160/1160/1160 1161/1161/1161
f 1160/1160/1160 1159/1159/1159 1162/1162/1162
f 1163/1163/1163 1162/1162/1162 1159/1159/1159
f 1162/1162/1162 1163/1163/1163 1164/1164/1164
f 1159/1159/1159 1165/1165/1165 1163/1163/1163
f 1161/1161/1161 1166/1166/1166 1159/1159/1159
f 1165/1165/1165 1159/1159/1159 1166/1166/1166
f 1166/1166/1166 1167/1167/1167 1165/1165/1165
f 1166/1166/1166 1161/1161/1161 1168/1168/1168
f 1167/1167/1167 1166/1166/1166 1169/1169/1169
f 1168/1168/1168 1169/1169/1169 1166/1166/1166
f 1169/1169/1169 1168/1168/1168 1170/1170/1170
f 1171/1171/1171 1172/1172/1172 1173/1173/1173
f 1171/1171/1171 1173/1173/1173 1174/1174/1174
f 1174/1174/1174 1175/1175/1175 1171/1171/1171
f 1176/1176/1176 1171/1171/1171 1175/1175/1175
f 1177/1177/1177 1178/1178/1178 1179/1179/1179
f 1179/1179/1179 1178/1178/1178 1180/1180/1180
f 1179/1179/1179 1180/1180/1180 1181/1181/1181
f 1181/1181/1181 1180/1180/1180 1182/1182/1182
f 1183/1183/1183 1179/1179/1179 1181/1181/1181
f 1184/1184/1184 1177/1177/1177 1179/1179/1179
f 1183/1183/1183 1184/1184/1184 1179/1179/1179
f 1185/1185/1185 1184/1184/1184 1183/1183/1183
f 1184/1184/1184 1186/1186/1186 1177/1177/1177
f 1187/1187/1187 1184/1184/1184 1185/1185/1185
f 1187/1187/1187 1186/1186/1186 1184/1184/1184
f 1188/1188/1188 1186/1186/1186 1187/1187/1187
f 1189/1189/1189 1190/1190/1190 1191/1191/1191
f 1190/1190/1190 1189/1189/1189 1192/1192/1192
f 1193/1193/1193 1194/1194/1194 1195/1195/1195
f 1193/1193/1193 1195/1195/1195 1196/1196/1196
f 1197/1197/1197 1198/1198/1198 1199/1199/1199
f 1199/1199/1199 1198/1198/1198 1200/1200/1200
f 1201/1201/1201 1202/1202/1202 1203/1203/1203
f 1202/1202/1202 1201/1201/1201 1204/1204/1204
f 1203/1203/1203 1202/1202/1202 1205/1205/1205
f 1202/1202/1202 1206/1206/1206 1205/1205/1205
f 1206/1206/1206 1207/1207/1207 1205/1205/1205
f 1207/1207/1207 1206/1206/1206 1208/1208/1208
f 1206/1206/1206 1202/1202/1202 1209/1209/1209
f 1210/1210/1210 1209/1209/1209 1202/1202/1202
f 1209/1209/1209 1211/1211/1211 1212/1212/1212
f 1211/1211/1211 1209/1209/1209 1213/1213/1213
f 1213/1213/1213 1209/1209/1209 1210/1210/1210
f 1213/1213/1213 1210/1210/1210 1214/1214/1214
f 1214/1214/1214 1210/1210/1210 1215/1215/1215
f 1215/1215/1215 1210/1210/1210 1216/1216/1216
f 1217/1217/1217 1218/1218/1218 1219/1219/1219
f 1218/1218/1218 1217/1217/1217 1220/1220/1220
f 1221/1221/1221 1222/1222/1222 1223/1223/1223
f 1222/1222/1222 1221/1221/1221 1224/1224/1224
f 1225/1225/1225 1226/1226/1226 1227/1227/1227
f 1227/1227/1227 1226/1226/1226 1228/1228/1228
f 1229/1229/1229 1227/1227/1227 1228/1228/1228
f 1229/1229/1229 1228/1228/1228 1230/1230/1230
f 1231/1231/1231 1227/1227/1227 1229/1229/1229
f 1232/1232/1232 1225/1225/1225 1227/1227/1227
f 1232/1232/1232 1227/1227/1227 1231/1231/1231
f 1233/1233/1233 1225/1225/1225 1232/1232/1232
f 1234/1234/1234 1232/1232/1232 1231/1231/1231
f 1235/1235/1235 1233/1233/1233 1232/1232/1232
f 1232/1232/1232 1234/1234/1234 1235/1235/1235
f 1236/1236/1236 1233/1233/1233 1235/1235/1235
f 1234/1234/1234 1237/1237/1237 1235/1235/1235
f 1237/1237/1237 1234/1234/1234 1238/1238/1238
f 1238/1238/1238 1239/1239/1239 1237/1237/1237
f 1239/1239/1239 1238/1238/1238 1240/1240/1240
f 1241/1241/1241 1237/1237/1237 1239/1239/1239
f 1237/1237/1237 1241/1241/1241 1242/1242/1242
f 1243/1243/1243 1244/1244/1244 1245/1245/1245
f 1244/1244/1244 1243/1243/1243 1246/1246/1246
f 1247/1247/1247 1248/1248/1248 1249/1249/1249
f 1248/1248/1248 1250/1250/1250 1249/1249/1249
f 1248/1248/1248 1251/1251/1251 1250/1250/1250
f 1252/1252/1252 1250/1250/1250 1251/1251/1251
f 1253/1253/1253 1251/1251/1251 1248/1248/1248
f 1254/1254/1254 1248/1248/1248 1247/1247/1247
f 1254/1254/1254 1253/1253/1253 1248/1248/1248
f 1255/1255/1255 1253/1253/1253 1254/1254/1254
f 1256/1256/1256 1254/1254/1254 1247/1247/1247
f 1257/1257/1257 1255/1255/1255 1254/1254/1254
f 1257/1257/1257 1254/1254/1254 1256/1256/1256
f 1258/1258/1258 1257/1257/1257 1256/1256/1256
f 1259/1259/1259 1260/1260/1260 1261/1261/1261
f 1260/1260/1260 1259/1259/1259 1262/1262/1262
f 1263/1263/1263 1264/1264/1264 1265/1265/1265
f 1264/1264/1264 1263/1263/1263 1266/1266/1266
f 1267/1267/1267 1268/1268/1268 1269/1269/1269
f 1269/1269/1269 1268/1268/1268 1270/1270/1270
f 1269/1269/1269 1270/1270/1270 1271/1271/1271
f 1271/1271/1271 1270/1270/1270 1272/1272/1272
f 1273/1273/1273 1274/1274/1274 1275/1275/1275
f 1274/1274/1274 1273/1273/1273 1276/1276/1276
f 1277/1277/1277 1278/1278/1278 1279/1279/1279
f 1278/1278/1278 1277/1277/1277 1280/1280/1280
f 1281/1281/1281 1282/1282/1282 1283/1283/1283
f 1282/1282/1282 1281/1281/1281 1284/1284/1284
f 1285/1285/1285 1286/1286/1286 1287/1287/1287
f 1286/1286/1286 1285/1285/1285 1288/1288/1288
f 1289/1289/1289 1290/1290/1290 1291/1291/1291
f 1290/1290/1290 1289/1289/1289 1292/1292/1292
f 1293/1293/1293 1294/1294/1294 1295/1295/1295
f 1295/1295/1295 1296/1296/1296 1293/1293/1293
f 1297/1297/1297 1298/1298/1298 1299/1299/1299
f 1298/1298/1298 1297/1297/1297 1300/1300/1300
f 1301/1301/1301 1302/1302/1302 1303/1303/1303
f 1302/1302/1302 1301/1301/1301 1304/1304/1304
f 1305/1305/1305 1303/1303/1303 1302/1302/1302
f 1303/1303/1303 1305/1305/1305 1306/1306/1306
f 1307/1307/1307 1306/1306/1306 1305/1305/1305
f 1308/1308/1308 1306/1306/1306 1307/1307/1307
f 1309/1309/1309 1310/1310/1310 1311/1311/1311
f 1310/1310/1310 1312/1312/1312 1311/1311/1311
f 1313/1313/1313 1310/1310/1310 1309/1309/1309
f 1309/1309/1309 1314/1314/1314 1313/1313/1313
f 1315/1315/1315 1313/1313/1313 1314/1314/1314
f 1316/1316/1316 1315/1315/1315 1314/1314/1314
f 1317/1317/1317 1318/1318/1318 1319/1319/1319
f 1318/1318/1318 1317/1317/1317 1320/1320/1320
f 1321/1321/1321 1322/1322/1322 1323/1323/1323
f 1323/1323/1323 1322/1322/1322 1324/1324/1324
f 1325/1325/1325 1326/1326/1326 1327/1327/1327
f 1326/1326/1326 1325/1325/1325 1328/1328/1328
f 1329/1329/1329 1330/1330/1330 1331/1331/1331
f 1331/1331/1331 1330/1330/1330 1332/1332/1332
f 1333/1333/1333 1334/1334/1334 1335/1335/1335
f 1334/1334/1334 1333/1333/1333 1336/1336/1336
f 1337/1337/1337 1338/1338/1338 1339/1339/1339
f 1338/1338/1338 1340/1340/1340 1339/1339/1339
f 1341/1341/1341 1342/1342/1342 1343/1343/1343
f 1342/1342/1342 1341/1341/1341 1344/1344/1344
f 1345/1345/1345 1346/1346/1346 1347/1347/1347
f 1346/1346/1346 1348/1348/1348 1347/1347/1347
f 1346/1346/1346 1349/1349/1349 1348/1348/1348
f 1349/1349/1349 1350/1350/1350 1348/1348/1348
f 1351/1351/1351 1352/1352/1352 1353/1353/1353
f 1353/1353/1353 1352/1352/1352 1354/1354/1354
f 1353/1353/1353 1354/1354/1354 1355/1355/1355
f 1355/1355/1355 1354/1354/1354 1356/1356/1356
f 1357/1357/1357 1358/1358/1358 1359/1359/1359
f 1359/1359/1359 1358/1358/1358 1360/1360/1360
f 1361/1361/1361 1362/1362/1362 1363/1363/1363
f 1362/1362/1362 1361/1361/1361 1364/1364/1364
f 1365/1365/1365 1366/1366/1366 1367/1367/1367
f 1366/1366/1366 1365/1365/1365 1368/1368/1368
f 1369/1369/1369 1370/1370/1370 1371/1371/1371
f 1371/1371/1371 1370/1370/1370 1372/1372/1372
f 1373/1373/1373 1374/1374/1374 1375/1375/1375
f 1374/1374/1374 1373/1373/1373 1376/1376/1376
f 1377/1377/1377 1378/1378/1378 1379/1379/1379
f 1377/1377/1377 1379/1379/1379 1380/1380/1380
f 1381/1381/1381 1377/1377/1377 1380/1380/1380
f 1381/1381/1381 1380/1380/1380 1382/1382/1382
f 1383/1383/1383 1381/1381/1381 1382/1382/1382
f 1383/1383/1383 1382/1382/1382 1384/1384/1384
f 1385/1385/1385 1383/1383/1383 1384/1384/1384
f 1385/1385/1385 1384/1384/1384 1386/1386/1386
f 1387/1387/1387 1385/1385/1385 1386/1386/1386
f 1387/1387/1387 1386/1386/1386 1388/1388/1388
f 1389/1389/1389 1387/1387/1387 1388/1388/1388
f 1389/1389/1389 1388/1388/1388 1390/1390/1390
f 1391/1391/1391 1389/1389/1389 1390/1390/1390
f 1391/1391/1391 1390/1390/1390 1392/1392/1392
f 1393/1393/1393 1391/1391/1391 1392/1392/1392
f 1393/1393/1393 1392/1392/1392 1394/1394/1394
f 1395/1395/1395 1393/1393/1393 1394/1394/1394
f 1395/1395/1395 1394/1394/1394 1396/1396/1396
f 1397/1397/1397 1398/1398/1398 1399/1399/1399
f 1399/1399/1399 1400/1400/1400 1397/1397/1397
f 1401/1401/1401 1402/1402/1402 1403/1403/1403
f 1402/1402/1402 1401/1401/1401 1404/1404/1404
f 1405/1405/1405 1404/1404/1404 1401/1401/1401
f 1404/1404/1404 1405/1405/1405 1406/1406/1406
f 1407/1407/1407 1406/1406/1406 1405/1405/1405
f 1406/1406/1406 1407/1407/1407 1408/1408/1408
f 1409/1409/1409 1408/1408/1408 1407/1407/1407
f 1408/1408/1408 1409/1409/1409 1410/1410/1410
f 1411/1411/1411 1410/1410/1410 1409/1409/1409
f 1410/1410/1410 1411/1411/1411 1412/1412/1412
f 1413/1413/1413 1412/1412/1412 1411/1411/1411
f 1412/1412/1412 1413/1413/1413 1414/1414/1414
f 1415/1415/1415 1414/1414/1414 1413/1413/1413
f 1414/1414/1414 1415/1415/1415 1416/1416/1416
f 1417/1417/1417 1416/1416/1416 1415/1415/1415
f 1416/1416/1416 1417/1417/1417 1418/1418/1418
f 1419/1419/1419 1418/1418/1418 1417/1417/1417
f 1418/1418/1418 1419/1419/1419 1420/1420/1420
f 1421/1421/1421 1422/1422/1422 1423/1423/1423
f 1423/1423/1423 1424/1424/1424 1421/1421/1421
f 1425/1425/1425 1426/1426/1426 1427/1427/1427
f 1427/1427/1427 1426/1426/1426 1428/1428/1428
f 1429/1429/1429 1430/1430/1430 1431/1431/1431
f 1430/1430/1430 1429/1429/1429 1432/1432/1432
f 1433/1433/1433 1434/1434/1434 1435/1435/1435
f 1433/1433/1433 1435/1435/1435 1436/1436/1436
f 1437/1437/1437 1438/1438/1438 1439/1439/1439
f 1438/1438/1438 1437/1437/1437 1440/1440/1440
f 1441/1441/1441 1442/1442/1442 1443/1443/1443
f 1443/1443/1443 1444/1444/1444 1441/1441/1441
f 1445/1445/1445 1446/1446/1446 1447/1447/1447
f 1448/1448/1448 1446/1446/1446 1445/1445/1445
f 1449/1449/1449 1450/1450/1450 1451/1451/1451
f 1449/1449/1449 1451/1451/1451 1452/1452/1452
f 1450/1450/1450 1449/1449/1449 1453/1453/1453
f 1450/1450/1450 1453/1453/1453 1454/1454/1454
f 1454/1454/1454 1453/1453/1453 1455/1455/1455
f 1456/1456/1456 1453/1453/1453 1449/1449/1449
f 1453/1453/1453 1456/1456/1456 1457/1457/1457
f 1457/1457/1457 1456/1456/1456 1458/1458/1458
f 1456/1456/1456 1449/1449/1449 1459/1459/1459
f 1459/1459/1459 1449/1449/1449 1460/1460/1460
f 1461/1461/1461 1462/1462/1462 1463/1463/1463
f 1463/1463/1463 1462/1462/1462 1464/1464/1464
f 1465/1465/1465 1466/1466/1466 1467/1467/1467
f 1467/1467/1467 1468/1468/1468 1465/1465/1465
f 1468/1468/1468 1467/1467/1467 1469/1469/1469
f 1468/1468/1468 1469/1469/1469 1470/1470/1470
f 1471/1471/1471 1472/1472/1472 1473/1473/1473
f 1472/1472/1472 1471/1471/1471 1474/1474/1474
f 1475/1475/1475 1476/1476/1476 1477/1477/1477
f 1478/1478/1478 1479/1479/1479 1480/1480/1480
f 1481/1481/1481 1482/1482/1482 1483/1483/1483
f 1482/1482/1482 1481/1481/1481 1484/1484/1484
f 1485/1485/1485 1486/1486/1486 1487/1487/1487
f 1486/1486/1486 1485/1485/1485 1488/1488/1488
f 1489/1489/1489 1490/1490/1490 1491/1491/1491
f 1492/1492/1492 1493/1493/1493 1494/1494/1494
f 1495/1495/1495 1496/1496/1496 1497/1497/1497
f 1496/1496/1496 1495/1495/1495 1498/1498/1498
f 1499/1499/1499 1500/1500/1500 1501/1501/1501
f 1501/1501/1501 1500/1500/1500 1502/1502/1502
f 1503/1503/1503 1504/1504/1504 1505/1505/1505
f 1504/1504/1504 1503/1503/1503 1506/1506/1506
f 1507/1507/1507 1508/1508/1508 1509/1509/1509
f 1508/1508/1508 1507/1507/1507 1510/1510/1510
f 1511/1511/1511 1512/1512/1512 1513/1513/1513
f 1512/1512/1512 1514/1514/1514 1513/1513/1513
f 1511/1511/1511 1513/1513/1513 1515/1515/1515
f 1512/1512/1512 1516/1516/1516 1514/1514/1514
f 1517/1517/1517 1512/1512/1512 1511/1511/1511
f 1518/1518/1518 1514/1514/1514 1516/1516/1516
f 1516/1516/1516 1519/1519/1519 1518/1518/1518
f 1519/1519/1519 1520/1520/1520 1518/1518/1518
f 1521/1521/1521 1511/1511/1511 1515/1515/1515
f 1522/1522/1522 1517/1517/1517 1511/1511/1511
f 1522/1522/1522 1511/1511/1511 1521/1521/1521
f 1523/1523/1523 1522/1522/1522 1521/1521/1521
f 1524/1524/1524 1522/1522/1522 1523/1523/1523
f 1525/1525/1525 1524/1524/1524 1523/1523/1523
f 1526/1526/1526 1527/1527/1527 1519/1519/1519
f 1527/1527/1527 1526/1526/1526 1528/1528/1528
f 1524/1524/1524 1529/1529/1529 1530/1530/1530
f 1529/1529/1529 1531/1531/1531 1530/1530/1530
f 1532/1532/1532 1529/1529/1529 1533/1533/1533
f 1529/1529/1529 1532/1532/1532 1534/1534/1534
f 1534/1534/1534 1531/1531/1531 1529/1529/1529
f 1531/1531/1531 1534/1534/1534 1535/1535/1535
f 1536/1536/1536 1531/1531/1531 1535/1535/1535
f 1535/1535/1535 1537/1537/1537 1536/1536/1536
f 1537/1537/1537 1538/1538/1538 1536/1536/1536
f 1537/1537/1537 1539/1539/1539 1538/1538/1538
f 1537/1537/1537 1540/1540/1540 1539/1539/1539
f 1535/1535/1535 1541/1541/1541 1537/1537/1537
f 1540/1540/1540 1537/1537/1537 1541/1541/1541
f 1541/1541/1541 1535/1535/1535 1542/1542/1542
f 1541/1541/1541 1543/1543/1543 1540/1540/1540
f 1542/1542/1542 1544/1544/1544 1541/1541/1541
f 1543/1543/1543 1541/1541/1541 1544/1544/1544
f 1544/1544/1544 1542/1542/1542 1545/1545/1545
f 1546/1546/1546 1545/1545/1545 1542/1542/1542
f 1545/1545/1545 1546/1546/1546 1547/1547/1547
f 1545/1545/1545 1548/1548/1548 1544/1544/1544
f 1548/1548/1548 1545/1545/1545 1549/1549/1549
f 1550/1550/1550 1544/1544/1544 1548/1548/1548
f 1544/1544/1544 1550/1550/1550 1543/1543/1543
f 1551/1551/1551 1543/1543/1543 1550/1550/1550
f 1552/1552/1552 1540/1540/1540 1543/1543/1543
f 1543/1543/1543 1551/1551/1551 1552/1552/1552
f 1540/1540/1540 1552/1552/1552 1553/1553/1553
f 1554/1554/1554 1552/1552/1552 1551/1551/1551
f 1552/1552/1552 1554/1554/1554 1555/1555/1555
f 1555/1555/1555 1553/1553/1553 1552/1552/1552
f 1551/1551/1551 1556/1556/1556 1554/1554/1554
f 1553/1553/1553 1555/1555/1555 1557/1557/1557
f 1556/1556/1556 1551/1551/1551 1558/1558/1558
f 1558/1558/1558 1559/1559/1559 1556/1556/1556
f 1560/1560/1560 1559/1559/1559 1558/1558/1558
f 1560/1560/1560 1561/1561/1561 1559/1559/1559
f 1562/1562/1562 1553/1553/1553 1563/1563/1563
f 1553/1553/1553 1562/1562/1562 1564/1564/1564
f 1561/1561/1561 1560/1560/1560 1565/1565/1565
f 1565/1565/1565 1566/1566/1566 1561/1561/1561
f 1566/1566/1566 1565/1565/1565 1567/1567/1567
f 1568/1568/1568 1565/1565/1565 1560/1560/1560
f 1568/1568/1568 1560/1560/1560 1569/1569/1569
f 1570/1570/1570 1568/1568/1568 1569/1569/1569
f 1570/1570/1570 1569/1569/1569 1571/1571/1571
f 1572/1572/1572 1570/1570/1570 1571/1571/1571
f 1572/1572/1572 1571/1571/1571 1573/1573/1573
f 1574/1574/1574 1572/1572/1572 1573/1573/1573
f 1574/1574/1574 1573/1573/1573 1575/1575/1575
f 1576/1576/1576 1573/1573/1573 1571/1571/1571
f 1571/1571/1571 1577/1577/1577 1576/1576/1576
f 1578/1578/1578 1579/1579/1579 1574/1574/1574
f 1578/1578/1578 1574/1574/1574 1580/1580/1580
f 1581/1581/1581 1582/1582/1582 1576/1576/1576
f 1582/1582/1582 1581/1581/1581 1583/1583/1583
f 1583/1583/1583 1584/1584/1584 1582/1582/1582
f 1584/1584/1584 1583/1583/1583 1585/1585/1585
f 1581/1581/1581 1586/1586/1586 1583/1583/1583
f 1586/1586/1586 1581/1581/1581 1547/1547/1547
f 1585/1585/1585 1587/1587/1587 1588/1588/1588
f 1587/1587/1587 1589/1589/1589 1588/1588/1588
f 1586/1586/1586 1590/1590/1590 1587/1587/1587
f 1590/1590/1590 1589/1589/1589 1587/1587/1587
f 1590/1590/1590 1586/1586/1586 1591/1591/1591
f 1589/1589/1589 1590/1590/1590 1592/1592/1592
f 1592/1592/1592 1593/1593/1593 1589/1589/1589
f 1593/1593/1593 1592/1592/1592 1594/1594/1594
f 1590/1590/1590 1595/1595/1595 1592/1592/1592
f 1592/1592/1592 1595/1595/1595 1594/1594/1594
f 1595/1595/1595 1590/1590/1590 1596/1596/1596
f 1594/1594/1594 1595/1595/1595 1597/1597/1597
f 1598/1598/1598 1599/1599/1599 1600/1600/1600
f 1599/1599/1599 1598/1598/1598 1601/1601/1601
f 1602/1602/1602 1603/1603/1603 1604/1604/1604
f 1603/1603/1603 1602/1602/1602 1605/1605/1605
f 1606/1606/1606 1607/1607/1607 1608/1608/1608
f 1607/1607/1607 1606/1606/1606 1609/1609/1609
f 1610/1610/1610 1611/1611/1611 1612/1612/1612
f 1611/1611/1611 1613/1613/1613 1612/1612/1612
f 1614/1614/1614 1615/1615/1615 1616/1616/1616
f 1615/1615/1615 1617/1617/1617 1616/1616/1616
f 1618/1618/1618 1619/1619/1619 1620/1620/1620
f 1618/1618/1618 1620/1620/1620 1621/1621/1621
f 1622/1622/1622 1623/1623/1623 1624/1624/1624
f 1623/1623/1623 1622/1622/1622 1625/1625/1625
f 1626/1626/1626 1627/1627/1627 1628/1628/1628
f 1628/1628/1628 1627/1627/1627 1629/1629/1629
f 1630/1630/1630 1631/1631/1631 1632/1632/1632
f 1630/1630/1630 1632/1632/1632 1633/1633/1633
f 1634/1634/1634 1635/1635/1635 1636/1636/1636
f 1635/1635/1635 1634/1634/1634 1637/1637/1637
f 1638/1638/1638 1639/1639/1639 1640/1640/1640
f 1641/1641/1641 1639/1639/1639 1638/1638/1638
f 1642/1642/1642 1643/1643/1643 1644/1644/1644
f 1643/1643/1643 1642/1642/1642 1645/1645/1645
f 1646/1646/1646 1647/1647/1647 1648/1648/1648
f 1647/1647/1647 1646/1646/1646 1649/1649/1649
f 1650/1650/1650 1651/1651/1651 1652/1652/1652
f 1651/1651/1651 1650/1650/1650 1653/1653/1653
f 1654/1654/1654 1655/1655/1655 1656/1656/1656
f 1657/1657/1657 1656/1656/1656 1655/1655/1655
f 1658/1658/1658 1659/1659/1659 1660/1660/1660
f 1659/1659/1659 1658/1658/1658 1661/1661/1661
f 1662/1662/1662 1663/1663/1663 1664/1664/1664
f 1663/1663/1663 1662/1662/1662 1665/1665/1665
f 1666/1666/1666 1667/1667/1667 1668/1668/1668
f 1667/1667/1667 1666/1666/1666 1669/1669/1669
f 1670/1670/1670 1671/1671/1671 1672/1672/1672
f 1671/1671/1671 1670/1670/1670 1673/1673/1673
f 1674/1674/1674 1675/1675/1675 1676/1676/1676
f 1676/1676/1676 1675/1675/1675 1677/1677/1677
f 1678/1678/1678 1679/1679/1679 1680/1680/1680
f 1679/1679/1679 1678/1678/1678 1681/1681/1681
f 1682/1682/1682 1683/1683/1683 1684/1684/1684
f 1683/1683/1683 1682/1682/1682 1685/1685/1685
f 1686/1686/1686 1687/1687/1687 1688/1688/1688
f 1687/1687/1687 1686/1686/1686 1689/1689/1689
f 1690/1690/1690 1691/1691/1691 1692/1692/1692
f 1691/1691/1691 1690/1690/1690 1693/1693/1693
f 1694/1694/1694 1695/1695/1695 1696/1696/1696
f 1695/1695/1695 1694/1694/1694 1697/1697/1697
f 1697/1697/1697 1694/1694/1694 1698/1698/1698
f 1696/1696/1696 1695/1695/1695 1699/1699/1699
f 1696/1696/1696 1699/1699/1699 1700/1700/1700
f 1694/1694/1694 1696/1696/1696 1701/1701/1701
f 1694/1694/1694 1701/1701/1701 1702/1702/1702
f 1702/1702/1702 1701/1701/1701 1703/1703/1703
f 1701/1701/1701 1696/1696/1696 1704/1704/1704
f 1704/1704/1704 1696/1696/1696 1705/1705/1705
f 1706/1706/1706 1707/1707/1707 1708/1708/1708
f 1707/1707/1707 1706/1706/1706 1709/1709/1709
f 1708/1708/1708 1710/1710/1710 1706/1706/1706
f 1710/1710/1710 1708/1708/1708 1711/1711/1711
f 1712/1712/1712 1713/1713/1713 1714/1714/1714
f 1714/1714/1714 1715/1715/1715 1712/1712/1712
f 1715/1715/1715 1714/1714/1714 1716/1716/1716
f 1716/1716/1716 1717/1717/1717 1715/1715/1715
f 1718/1718/1718 1719/1719/1719 1720/1720/1720
f 1719/1719/1719 1718/1718/1718 1721/1721/1721
f 1722/1722/1722 1723/1723/1723 1724/1724/1724
f 1724/1724/1724 1723/1723/1723 1725/1725/1725
f 1726/1726/1726 1727/1727/1727 1728/1728/1728
f 1727/1727/1727 1726/1726/1726 1729/1729/1729
f 1730/1730/1730 1731/1731/1731 1732/1732/1732
f 1731/1731/1731 1730/1730/1730 1733/1733/1733
f 1734/1734/1734 1735/1735/1735 1736/1736/1736
f 1736/1736/1736 1735/1735/1735 1737/1737/1737
f 1737/1737/1737 1735/1735/1735 1738/1738/1738
f 1736/1736/1736 1737/1737/1737 1739/1739/1739
f 1737/1737/1737 1738/1738/1738 1740/1740/1740
f 1739/1739/1739 1737/1737/1737 1741/1741/1741
f 1741/1741/1741 1737/1737/1737 1740/1740/1740
f 1742/1742/1742 1739/1739/1739 1741/1741/1741
f 1741/1741/1741 1740/1740/1740 1743/1743/1743
f 1742/1742/1742 1741/1741/1741 1744/1744/1744
f 1744/1744/1744 1741/1741/1741 1743/1743/1743
f 1745/1745/1745 1742/1742/1742 1744/1744/1744
f 1744/1744/1744 1743/1743/1743 1746/1746/1746
f 1745/1745/1745 1744/1744/1744 1747/1747/1747
f 1747/1747/1747 1744/1744/1744 1746/1746/1746
f 1748/1748/1748 1745/1745/1745 1747/1747/1747
f 1747/1747/1747 1746/1746/1746 1749/1749/1749
f 1748/1748/1748 1747/1747/1747 1750/1750/1750
f 1750/1750/1750 1747/1747/1747 1749/1749/1749
f 1751/1751/1751 1748/1748/1748 1750/1750/1750
f 1750/1750/1750 1749/1749/1749 1752/1752/1752
f 1751/1751/1751 1750/1750/1750 1753/1753/1753
f 1753/1753/1753 1750/1750/1750 1752/1752/1752
f 1754/1754/1754 1751/1751/1751 1753/1753/1753
f 1753/1753/1753 1752/1752/1752 1755/1755/1755
f 1754/1754/1754 1753/1753/1753 1756/1756/1756
f 1756/1756/1756 1753/1753/1753 1755/1755/1755
f 1757/1757/1757 1754/1754/1754 1756/1756/1756
f 1756/1756/1756 1755/1755/1755 1758/1758/1758
f 1757/1757/1757 1756/1756/1756 1759/1759/1759
f 1759/1759/1759 1756/1756/1756 1758/1758/1758
f 1759/1759/1759 1758/1758/1758 1760/1760/1760
f 1761/1761/1761 1762/1762/1762 1763/1763/1763
f 1762/1762/1762 1761/1761/1761 1764/1764/1764
f 1765/1765/1765 1766/1766/1766 1767/1767/1767
f 1766/1766/1766 1765/1765/1765 1768/1768/1768
f 1769/1769/1769 1770/1770/1770 1771/1771/1771
f 1770/1770/1770 1769/1769/1769 1772/1772/1772
f 1771/1771/1771 1773/1773/1773 1769/1769/1769
f 1772/1772/1772 1774/1774/1774 1770/1770/1770
f 1775/1775/1775 1771/1771/1771 1770/1770/1770
f 1774/1774/1774 1772/1772/1772 1776/1776/1776
f 1777/1777/1777 1771/1771/1771 1775/1775/1775
f 1773/1773/1773 1771/1771/1771 1778/1778/1778
f 1777/1777/1777 1778/1778/1778 1771/1771/1771
f 1779/1779/1779 1778/1778/1778 1777/1777/1777
f 1780/1780/1780 1779/1779/1779 1777/1777/1777
f 1774/1774/1774 1776/1776/1776 1781/1781/1781
f 1779/1779/1779 1780/1780/1780 1782/1782/1782
f 1781/1781/1781 1776/1776/1776 1783/1783/1783
f 1784/1784/1784 1781/1781/1781 1783/1783/1783
f 1781/1781/1781 1784/1784/1784 1785/1785/1785
f 1785/1785/1785 1786/1786/1786 1781/1781/1781
f 1786/1786/1786 1785/1785/1785 1787/1787/1787
f 1787/1787/1787 1788/1788/1788 1786/1786/1786
f 1788/1788/1788 1787/1787/1787 1789/1789/1789
f 1790/1790/1790 1782/1782/1782 1780/1780/1780
f 1782/1782/1782 1790/1790/1790 1791/1791/1791
f 1790/1790/1790 1780/1780/1780 1792/1792/1792
f 1793/1793/1793 1790/1790/1790 1792/1792/1792
f 1794/1794/1794 1795/1795/1795 1793/1793/1793
f 1795/1795/1795 1794/1794/1794 1796/1796/1796
f 1797/1797/1797 1796/1796/1796 1794/1794/1794
f 1796/1796/1796 1797/1797/1797 1798/1798/1798
f 1799/1799/1799 1796/1796/1796 1798/1798/1798
f 1800/1800/1800 1795/1795/1795 1796/1796/1796
f 1796/1796/1796 1799/1799/1799 1800/1800/1800
f 1795/1795/1795 1800/1800/1800 1801/1801/1801
f 1802/1802/1802 1795/1795/1795 1801/1801/1801
f 1795/1795/1795 1802/1802/1802 1803/1803/1803
f 1804/1804/1804 1803/1803/1803 1802/1802/1802
f 1803/1803/1803 1804/1804/1804 1805/1805/1805
f 1804/1804/1804 1806/1806/1806 1805/1805/1805
f 1806/1806/1806 1804/1804/1804 1807/1807/1807
f 1807/1807/1807 1808/1808/1808 1806/1806/1806
f 1809/1809/1809 1801/1801/1801 1800/1800/1800
f 1809/1809/1809 1810/1810/1810 1801/1801/1801
f 1811/1811/1811 1810/1810/1810 1809/1809/1809
f 1811/1811/1811 1812/1812/1812 1810/1810/1810
f 1811/1811/1811 1809/1809/1809 1813/1813/1813
f 1809/1809/1809 1800/1800/1800 1814/1814/1814
f 1813/1813/1813 1809/1809/1809 1814/1814/1814
f 1814/1814/1814 1800/1800/1800 1799/1799/1799
f 1815/1815/1815 1813/1813/1813 1814/1814/1814
f 1816/1816/1816 1814/1814/1814 1799/1799/1799
f 1815/1815/1815 1814/1814/1814 1816/1816/1816
f 1816/1816/1816 1799/1799/1799 1817/1817/1817
f 1818/1818/1818 1815/1815/1815 1816/1816/1816
f 1819/1819/1819 1815/1815/1815 1818/1818/1818
f 1818/1818/1818 1816/1816/1816 1820/1820/1820
f 1816/1816/1816 1817/1817/1817 1820/1820/1820
f 1819/1819/1819 1821/1821/1821 1815/1815/1815
f 1822/1822/1822 1821/1821/1821 1819/1819/1819
f 1820/1820/1820 1817/1817/1817 1823/1823/1823
f 1823/1823/1823 1817/1817/1817 1824/1824/1824
f 1824/1824/1824 1817/1817/1817 1825/1825/1825
f 1825/1825/1825 1817/1817/1817 1826/1826/1826
f 1817/1817/1817 1827/1827/1827 1826/1826/1826
f 1822/1822/1822 1828/1828/1828 1821/1821/1821
f 1829/1829/1829 1828/1828/1828 1822/1822/1822
f 1829/1829/1829 1830/1830/1830 1828/1828/1828
f 1831/1831/1831 1830/1830/1830 1829/1829/1829
f 1831/1831/1831 1832/1832/1832 1830/1830/1830
f 1833/1833/1833 1828/1828/1828 1830/1830/1830
f 1832/1832/1832 1833/1833/1833 1830/1830/1830
f 1828/1828/1828 1833/1833/1833 1834/1834/1834
f 1833/1833/1833 1832/1832/1832 1835/1835/1835
f 1836/1836/1836 1834/1834/1834 1833/1833/1833
f 1835/1835/1835 1836/1836/1836 1833/1833/1833
f 1836/1836/1836 1835/1835/1835 1837/1837/1837
f 1836/1836/1836 1838/1838/1838 1834/1834/1834
f 1837/1837/1837 1839/1839/1839 1836/1836/1836
f 1839/1839/1839 1838/1838/1838 1836/1836/1836
f 1839/1839/1839 1837/1837/1837 1840/1840/1840
f 1838/1838/1838 1839/1839/1839 1841/1841/1841
f 1841/1841/1841 1842/1842/1842 1838/1838/1838
f 1838/1838/1838 1842/1842/1842 1843/1843/1843
f 1844/1844/1844 1841/1841/1841 1839/1839/1839
f 1840/1840/1840 1844/1844/1844 1839/1839/1839
f 1841/1841/1841 1844/1844/1844 1845/1845/1845
f 1844/1844/1844 1840/1840/1840 1846/1846/1846
f 1847/1847/1847 1844/1844/1844 1846/1846/1846
f 1844/1844/1844 1847/1847/1847 1848/1848/1848
f 1849/1849/1849 1850/1850/1850 1842/1842/1842
f 1850/1850/1850 1849/1849/1849 1851/1851/1851
f 1850/1850/1850 1851/1851/1851 1852/1852/1852
f 1850/1850/1850 1852/1852/1852 1853/1853/1853
f 1854/1854/1854 1855/1855/1855 1856/1856/1856
f 1855/1855/1855 1854/1854/1854 1857/1857/1857
f 1858/1858/1858 1859/1859/1859 1860/1860/1860
f 1859/1859/1859 1858/1858/1858 1861/1861/1861
f 1862/1862/1862 1863/1863/1863 1864/1864/1864
f 1865/1865/1865 1864/1864/1864 1863/1863/1863
f 1866/1866/1866 1867/1867/1867 1868/1868/1868
f 1868/1868/1868 1869/1869/1869 1866/1866/1866
f 1870/1870/1870 1871/1871/1871 1872/1872/1872
f 1872/1872/1872 1873/1873/1873 1870/1870/1870
f 1874/1874/1874 1875/1875/1875 1876/1876/1876
f 1875/1875/1875 1874/1874/1874 1877/1877/1877
f 1878/1878/1878 1879/1879/1879 1880/1880/1880
f 1879/1879/1879 1878/1878/1878 1881/1881/1881
f 1882/1882/1882 1808/1808/1808 1883/1883/1883
f 1808/1808/1808 1882/1882/1882 1884/1884/1884
f 1883/1883/1883 1885/1885/1885 1882/1882/1882
f 1808/1808/1808 1807/1807/1807 1883/1883/1883
f 1885/1885/1885 1883/1883/1883 1886/1886/1886
f 1807/1807/1807 1886/1886/1886 1883/1883/1883
f 1886/1886/1886 1807/1807/1807 1887/1887/1887
f 1887/1887/1887 1888/1888/1888 1886/1886/1886
f 1888/1888/1888 1887/1887/1887 1889/1889/1889
f 1890/1890/1890 1891/1891/1891 1892/1892/1892
f 1891/1891/1891 1890/1890/1890 1893/1893/1893
f 1894/1894/1894 1895/1895/1895 1896/1896/1896
f 1896/1896/1896 1895/1895/1895 1897/1897/1897
f 1898/1898/1898 1899/1899/1899 1900/1900/1900
f 1900/1900/1900 1899/1899/1899 1901/1901/1901
f 1902/1902/1902 1903/1903/1903 1904/1904/1904
f 1904/1904/1904 1905/1905/1905 1902/1902/1902
f 1906/1906/1906 1907/1907/1907 1908/1908/1908
f 1907/1907/1907 1906/1906/1906 1909/1909/1909
f 1910/1910/1910 1911/1911/1911 1912/1912/1912
f 1910/1910/1910 1912/1912/1912 1913/1913/1913
f 1914/1914/1914 1915/1915/1915 1916/1916/1916
f 1915/1915/1915 1914/1914/1914 1917/1917/1917
f 1918/1918/1918 1919/1919/1919 1920/1920/1920
f 1919/1919/1919 1918/1918/1918 1921/1921/1921
f 1922/1922/1922 1923/1923/1923 1924/1924/1924
f 1923/1923/1923 1922/1922/1922 1925/1925/1925
f 1926/1926/1926 1927/1927/1927 1928/1928/1928
f 1928/1928/1928 1929/1929/1929 1926/1926/1926
f 1930/1930/1930 1931/1931/1931 1932/1932/1932
f 1931/1931/1931 1930/1930/1930 1933/1933/1933
f 1934/1934/1934 1935/1935/1935 1936/1936/1936
f 1935/1935/1935 1934/1934/1934 1937/1937/1937
f 1938/1938/1938 1939/1939/1939 1940/1940/1940
f 1939/1939/1939 1938/1938/1938 1941/1941/1941
f 1941/1941/1941 1942/1942/1942 1939/1939/1939
f 1941/1941/1941 1938/1938/1938 1943/1943/1943
f 1942/1942/1942 1941/1941/1941 1944/1944/1944
f 1941/1941/1941 1943/1943/1943 1945/1945/1945
f 1945/1945/1945 1944/1944/1944 1941/1941/1941
f 1945/1945/1945 1943/1943/1943 1946/1946/1946
f 1944/1944/1944 1945/1945/1945 1947/1947/1947
f 1945/1945/1945 1946/1946/1946 1948/1948/1948
f 1948/1948/1948 1947/1947/1947 1945/1945/1945
f 1949/1949/1949 1948/1948/1948 1946/1946/1946
f 1947/1947/1947 1948/1948/1948 1950/1950/1950
f 1948/1948/1948 1949/1949/1949 1951/1951/1951
f 1951/1951/1951 1950/1950/1950 1948/1948/1948
f 1952/1952/1952 1951/1951/1951 1949/1949/1949
f 1950/1950/1950 1951/1951/1951 1953/1953/1953
f 1951/1951/1951 1952/1952/1952 1954/1954/1954
f 1954/1954/1954 1953/1953/1953 1951/1951/1951
f 1955/1955/1955 1954/1954/1954 1952/1952/1952
f 1953/1953/1953 1954/1954/1954 1956/1956/1956
f 1954/1954/1954 1955/1955/1955 1957/1957/1957
f 1957/1957/1957 1956/1956/1956 1954/1954/1954
f 1958/1958/1958 1957/1957/1957 1955/1955/1955
f 1956/1956/1956 1957/1957/1957 1959/1959/1959
f 1957/1957/1957 1958/1958/1958 1960/1960/1960
f 1960/1960/1960 1959/1959/1959 1957/1957/1957
f 1961/1961/1961 1960/1960/1960 1958/1958/1958
f 1959/1959/1959 1960/1960/1960 1962/1962/1962
f 1960/1960/1960 1961/1961/1961 1963/1963/1963
f 1963/1963/1963 1962/1962/1962 1960/1960/1960
f 1962/1962/1962 1963/1963/1963 1964/1964/1964
f 1965/1965/1965 1966/1966/1966 1967/1967/1967
f 1966/1966/1966 1965/1965/1965 1968/1968/1968
f 1969/1969/1969 1970/1970/1970 1971/1971/1971
f 1970/1970/1970 1969/1969/1969 1972/1972/1972
f 1973/1973/1973 1974/1974/1974 1975/1975/1975
f 1975/1975/1975 1974/1974/1974 1976/1976/1976
f 1977/1977/1977 1978/1978/1978 1979/1979/1979
f 1978/1978/1978 1977/1977/1977 1980/1980/1980
f 1981/1981/1981 1982/1982/1982 1983/1983/1983
f 1982/1982/1982 1984/1984/1984 1983/1983/1983
f 1982/1982/1982 1981/1981/1981 1985/1985/1985
f 1985/1985/1985 1981/1981/1981 1986/1986/1986
f 1985/1985/1985 1986/1986/1986 1987/1987/1987
f 1984/1984/1984 1982/1982/1982 1988/1988/1988
f 1988/1988/1988 1989/1989/1989 1984/1984/1984
f 1989/1989/1989 1988/1988/1988 1990/1990/1990
f 1991/1991/1991 1992/1992/1992 1993/1993/1993
f 1992/1992/1992 1991/1991/1991 1994/1994/1994
f 1995/1995/1995 1996/1996/1996 1997/1997/1997
f 1996/1996/1996 1995/1995/1995 1998/1998/1998
f 1999/1999/1999 2000/2000/2000 2001/2001/2001
f 2000/2000/2000 1999/1999/1999 2002/2002/2002
f 2003/2003/2003 2004/2004/2004 2005/2005/2005
f 2003/2003/2003 2005/2005/2005 2006/2006/2006
f 2007/2007/2007 2008/2008/2008 2009/2009/2009
f 2007/2007/2007 2009/2009/2009 2010/2010/2010
f 2011/2011/2011 2012/2012/2012 2013/2013/2013
f 2012/2012/2012 2011/2011/2011 2014/2014/2014
f 2015/2015/2015 2016/2016/2016 2017/2017/2017
f 2015/2015/2015 2017/2017/2017 2018/2018/2018
f 2019/2019/2019 2020/2020/2020 2021/2021/2021
f 2020/2020/2020 2019/2019/2019 2022/2022/2022
f 2021/2021/2021 2023/2023/2023 2019/2019/2019
f 2023/2023/2023 2021/2021/2021 2024/2024/2024
f 2023/2023/2023 2024/2024/2024 2025/2025/2025
f 2026/2026/2026 2023/2023/2023 2025/2025/2025
f 2027/2027/2027 2026/2026/2026 2025/2025/2025
f 2027/2027/2027 2028/2028/2028 2026/2026/2026
f 2029/2029/2029 2030/2030/2030 2031/2031/2031
f 2031/2031/2031 2030/2030/2030 2032/2032/2032
f 2033/2033/2033 2034/2034/2034 2035/2035/2035
f 2033/2033/2033 2035/2035/2035 2036/2036/2036
f 2037/2037/2037 2038/2038/2038 2039/2039/2039
f 2037/2037/2037 2039/2039/2039 2040/2040/2040
f 2041/2041/2041 2042/2042/2042 2043/2043/2043
f 2043/2043/2043 2042/2042/2042 2044/2044/2044
f 2045/2045/2045 2046/2046/2046 2047/2047/2047
f 2046/2046/2046 2045/2045/2045 2048/2048/2048
f 2049/2049/2049 2050/2050/2050 2051/2051/2051
f 2050/2050/2050 2052/2052/2052 2051/2051/2051
f 2053/2053/2053 2054/2054/2054 2055/2055/2055
f 2054/2054/2054 2056/2056/2056 2055/2055/2055
f 2057/2057/2057 2058/2058/2058 2059/2059/2059
f 2057/2057/2057 2059/2059/2059 2060/2060/2060
f 2061/2061/2061 2062/2062/2062 2063/2063/2063
f 2062/2062/2062 2061/2061/2061 2064/2064/2064
f 2061/2061/2061 2065/2065/2065 2064/2064/2064
f 2061/2061/2061 2066/2066/2066 2065/2065/2065
f 2066/2066/2066 2067/2067/2067 2065/2065/2065
f 2066/2066/2066 2068/2068/2068 2067/2067/2067
f 2069/2069/2069 2070/2070/2070 2071/2071/2071
f 2070/2070/2070 2069/2069/2069 2072/2072/2072
f 2073/2073/2073 2074/2074/2074 2075/2075/2075
f 2074/2074/2074 2076/2076/2076 2075/2075/2075
f 2077/2077/2077 2078/2078/2078 2079/2079/2079
f 2078/2078/2078 2080/2080/2080 2079/2079/2079
f 2081/2081/2081 2082/2082/2082 2083/2083/2083
f 2082/2082/2082 2081/2081/2081 2084/2084/2084
f 2085/2085/2085 2086/2086/2086 2087/2087/2087
f 2086/2086/2086 2085/2085/2085 2088/2088/2088
f 2089/2089/2089 2090/2090/2090 2091/2091/2091
f 2090/2090/2090 2089/2089/2089 2092/2092/2092
f 2093/2093/2093 2094/2094/2094 2095/2095/2095
f 2094/2094/2094 2093/2093/2093 2096/2096/2096
f 2097/2097/2097 2098/2098/2098 2099/2099/2099
f 2098/2098/2098 2097/2097/2097 2100/2100/2100
f 2101/2101/2101 2102/2102/2102 2103/2103/2103
f 2103/2103/2103 2102/2102/2102 2104/2104/2104
f 2101/2101/2101 2105/2105/2105 2102/2102/2102
f 2103/2103/2103 2106/2106/2106 2101/2101/2101
f 2106/2106/2106 2103/2103/2103 2107/2107/2107
f 2108/2108/2108 2101/2101/2101 2106/2106/2106
f 2109/2109/2109 2105/2105/2105 2101/2101/2101
f 2101/2101/2101 2108/2108/2108 2109/2109/2109
f 2109/2109/2109 2110/2110/2110 2105/2105/2105
f 2108/2108/2108 2111/2111/2111 2109/2109/2109
f 2110/2110/2110 2109/2109/2109 2111/2111/2111
f 2111/2111/2111 2108/2108/2108 2112/2112/2112
f 2111/2111/2111 2113/2113/2113 2110/2110/2110
f 2112/2112/2112 2114/2114/2114 2111/2111/2111
f 2113/2113/2113 2111/2111/2111 2114/2114/2114
f 2114/2114/2114 2112/2112/2112 2115/2115/2115
f 2116/2116/2116 2113/2113/2113 2114/2114/2114
f 2115/2115/2115 2116/2116/2116 2114/2114/2114
f 2116/2116/2116 2115/2115/2115 2117/2117/2117
f 2118/2118/2118 2116/2116/2116 2117/2117/2117
f 2113/2113/2113 2116/2116/2116 2119/2119/2119
f 2116/2116/2116 2118/2118/2118 2120/2120/2120
f 2120/2120/2120 2119/2119/2119 2116/2116/2116
f 2119/2119/2119 2120/2120/2120 2121/2121/2121
f 2122/2122/2122 2123/2123/2123 2124/2124/2124
f 2124/2124/2124 2123/2123/2123 2125/2125/2125
f 2124/2124/2124 2126/2126/2126 2122/2122/2122
f 2126/2126/2126 2124/2124/2124 2127/2127/2127
f 2128/2128/2128 2122/2122/2122 2126/2126/2126
f 2129/2129/2129 2123/2123/2123 2122/2122/2122
f 2122/2122/2122 2128/2128/2128 2129/2129/2129
f 2123/2123/2123 2129/2129/2129 2130/2130/2130
f 2131/2131/2131 2129/2129/2129 2128/2128/2128
f 2129/2129/2129 2132/2132/2132 2130/2130/2130
f 2132/2132/2132 2129/2129/2129 2133/2133/2133
f 2129/2129/2129 2131/2131/2131 2133/2133/2133
f 2133/2133/2133 2134/2134/2134 2132/2132/2132
f 2131/2131/2131 2135/2135/2135 2133/2133/2133
f 2134/2134/2134 2133/2133/2133 2135/2135/2135
f 2135/2135/2135 2131/2131/2131 2136/2136/2136
f 2135/2135/2135 2137/2137/2137 2134/2134/2134
f 2136/2136/2136 2138/2138/2138 2135/2135/2135
f 2137/2137/2137 2135/2135/2135 2138/2138/2138
f 2138/2138/2138 2136/2136/2136 2139/2139/2139
f 2138/2138/2138 2140/2140/2140 2137/2137/2137
f 2139/2139/2139 2141/2141/2141 2138/2138/2138
f 2140/2140/2140 2138/2138/2138 2141/2141/2141
f 2140/2140/2140 2141/2141/2141 2142/2142/2142
f 2141/2141/2141 2139/2139/2139 2143/2143/2143
f 2142/2142/2142 2141/2141/2141 2144/2144/2144
f 2141/2141/2141 2143/2143/2143 2144/2144/2144
f 2144/2144/2144 2143/2143/2143 2145/2145/2145
f 2146/2146/2146 2147/2147/2147 2148/2148/2148
f 2147/2147/2147 2146/2146/2146 2149/2149/2149
f 2150/2150/2150 2151/2151/2151 2152/2152/2152
f 2151/2151/2151 2150/2150/2150 2153/2153/2153
f 2154/2154/2154 2155/2155/2155 2156/2156/2156
f 2155/2155/2155 2154/2154/2154 2157/2157/2157
f 2158/2158/2158 2159/2159/2159 2160/2160/2160
f 2159/2159/2159 2158/2158/2158 2161/2161/2161
f 2162/2162/2162 2163/2163/2163 2164/2164/2164
f 2163/2163/2163 2162/2162/2162 2165/2165/2165
f 2166/2166/2166 2167/2167/2167 2168/2168/2168
f 2167/2167/2167 2166/2166/2166 2169/2169/2169
f 2170/2170/2170 2171/2171/2171 2172/2172/2172
f 2171/2171/2171 2170/2170/2170 2173/2173/2173
f 2174/2174/2174 2175/2175/2175 2176/2176/2176
f 2175/2175/2175 2174/2174/2174 2177/2177/2177
f 2178/2178/2178 2179/2179/2179 2180/2180/2180
f 2179/2179/2179 2178/2178/2178 2181/2181/2181
f 2182/2182/2182 2183/2183/2183 2184/2184/2184
f 2183/2183/2183 2182/2182/2182 2185/2185/2185
f 2186/2186/2186 2187/2187/2187 2188/2188/2188
f 2187/2187/2187 2186/2186/2186 2189/2189/2189
f 2190/2190/2190 2191/2191/2191 2192/2192/2192
f 2192/2192/2192 2191/2191/2191 2193/2193/2193
f 2192/2192/2192 2194/2194/2194 2190/2190/2190
f 2194/2194/2194 2192/2192/2192 2195/2195/2195
f 2196/2196/2196 2190/2190/2190 2194/2194/2194
f 2190/2190/2190 2196/2196/2196 2197/2197/2197
f 2196/2196/2196 2198/2198/2198 2197/2197/2197
f 2198/2198/2198 2196/2196/2196 2199/2199/2199
f 2200/2200/2200 2201/2201/2201 2202/2202/2202
f 2202/2202/2202 2201/2201/2201 2203/2203/2203
f 2204/2204/2204 2205/2205/2205 2206/2206/2206
f 2205/2205/2205 2204/2204/2204 2207/2207/2207
f 2208/2208/2208 2209/2209/2209 2210/2210/2210
f 2209/2209/2209 2208/2208/2208 2211/2211/2211
f 2212/2212/2212 2213/2213/2213 2214/2214/2214
f 2214/2214/2214 2213/2213/2213 2215/2215/2215
f 2216/2216/2216 2217/2217/2217 2218/2218/2218
f 2217/2217/2217 2219/2219/2219 2218/2218/2218
f 2220/2220/2220 2217/2217/2217 2216/2216/2216
f 2217/2217/2217 2220/2220/2220 2221/2221/2221
f 2216/2216/2216 2222/2222/2222 2220/2220/2220
f 2218/2218/2218 2223/2223/2223 2216/2216/2216
f 2222/2222/2222 2216/2216/2216 2223/2223/2223
f 2223/2223/2223 2218/2218/2218 2224/2224/2224
f 2223/2223/2223 2225/2225/2225 2222/2222/2222
f 2226/2226/2226 2223/2223/2223 2224/2224/2224
f 2226/2226/2226 2227/2227/2227 2223/2223/2223
f 2225/2225/2225 2223/2223/2223 2227/2227/2227
f 2228/2228/2228 2227/2227/2227 2226/2226/2226
f 2229/2229/2229 2225/2225/2225 2227/2227/2227
f 2228/2228/2228 2229/2229/2229 2227/2227/2227
f 2229/2229/2229 2230/2230/2230 2225/2225/2225
f 2231/2231/2231 2229/2229/2229 2228/2228/2228
f 2232/2232/2232 2230/2230/2230 2229/2229/2229
f 2231/2231/2231 2232/2232/2232 2229/2229/2229
f 2232/2232/2232 2233/2233/2233 2230/2230/2230
f 2234/2234/2234 2232/2232/2232 2231/2231/2231
f 2235/2235/2235 2233/2233/2233 2232/2232/2232
f 2234/2234/2234 2235/2235/2235 2232/2232/2232
f 2236/2236/2236 2235/2235/2235 2234/2234/2234
f 2235/2235/2235 2237/2237/2237 2233/2233/2233
f 2235/2235/2235 2236/2236/2236 2238/2238/2238
f 2238/2238/2238 2237/2237/2237 2235/2235/2235
f 2237/2237/2237 2238/2238/2238 2239/2239/2239
f 2240/2240/2240 2241/2241/2241 2242/2242/2242
f 2242/2242/2242 2241/2241/2241 2243/2243/2243
f 2244/2244/2244 2245/2245/2245 2246/2246/2246
f 2245/2245/2245 2244/2244/2244 2247/2247/2247
f 2246/2246/2246 2248/2248/2248 2244/2244/2244
f 2248/2248/2248 2246/2246/2246 2249/2249/2249
f 2246/2246/2246 2250/2250/2250 2249/2249/2249
f 2250/2250/2250 2246/2246/2246 2251/2251/2251
f 2252/2252/2252 2253/2253/2253 2254/2254/2254
f 2253/2253/2253 2252/2252/2252 2255/2255/2255
f 2256/2256/2256 2255/2255/2255 2252/2252/2252
f 2255/2255/2255 2256/2256/2256 2257/2257/2257
f 2258/2258/2258 2257/2257/2257 2256/2256/2256
f 2257/2257/2257 2258/2258/2258 2259/2259/2259
f 2260/2260/2260 2259/2259/2259 2258/2258/2258
f 2259/2259/2259 2260/2260/2260 2261/2261/2261
f 2262/2262/2262 2261/2261/2261 2260/2260/2260
f 2261/2261/2261 2262/2262/2262 2263/2263/2263
f 2264/2264/2264 2263/2263/2263 2262/2262/2262
f 2263/2263/2263 2264/2264/2264 2265/2265/2265
f 2266/2266/2266 2265/2265/2265 2264/2264/2264
f 2265/2265/2265 2266/2266/2266 2267/2267/2267
f 2268/2268/2268 2267/2267/2267 2266/2266/2266
f 2267/2267/2267 2268/2268/2268 2269/2269/2269
f 2270/2270/2270 2269/2269/2269 2268/2268/2268
f 2269/2269/2269 2270/2270/2270 2271/2271/2271
f 2272/2272/2272 2271/2271/2271 2270/2270/2270
f 2271/2271/2271 2272/2272/2272 2273/2273/2273
f 2274/2274/2274 2273/2273/2273 2272/2272/2272
f 2273/2273/2273 2274/2274/2274 2275/2275/2275
f 2276/2276/2276 2275/2275/2275 2274/2274/2274
f 2275/2275/2275 2276/2276/2276 2277/2277/2277
f 2278/2278/2278 2277/2277/2277 2276/2276/2276
f 2277/2277/2277 2278/2278/2278 2279/2279/2279
f 2280/2280/2280 2279/2279/2279 2278/2278/2278
f 2279/2279/2279 2280/2280/2280 2281/2281/2281
f 2282/2282/2282 2281/2281/2281 2280/2280/2280
f 2281/2281/2281 2282/2282/2282 2283/2283/2283
f 2284/2284/2284 2283/2283/2283 2282/2282/2282
f 2283/2283/2283 2284/2284/2284 2285/2285/2285
f 2286/2286/2286 2287/2287/2287 2288/2288/2288
f 2287/2287/2287 2286/2286/2286 2289/2289/2289
f 2290/2290/2290 2289/2289/2289 2286/2286/2286
f 2289/2289/2289 2290/2290/2290 2291/2291/2291
f 2292/2292/2292 2291/2291/2291 2290/2290/2290
f 2291/2291/2291 2292/2292/2292 2293/2293/2293
f 2294/2294/2294 2293/2293/2293 2292/2292/2292
f 2293/2293/2293 2294/2294/2294 2295/2295/2295
f 2296/2296/2296 2295/2295/2295 2294/2294/2294
f 2295/2295/2295 2296/2296/2296 2297/2297/2297
f 2298/2298/2298 2297/2297/2297 2296/2296/2296
f 2297/2297/2297 2298/2298/2298 2299/2299/2299
f 2300/2300/2300 2299/2299/2299 2298/2298/2298
f 2299/2299/2299 2300/2300/2300 2301/2301/2301
f 2302/2302/2302 2301/2301/2301 2300/2300/2300
f 2301/2301/2301 2302/2302/2302 2303/2303/2303
f 2304/2304/2304 2303/2303/2303 2302/2302/2302
f 2303/2303/2303 2304/2304/2304 2305/2305/2305
f 2306/2306/2306 2305/2305/2305 2304/2304/2304
f 2305/2305/2305 2306/2306/2306 2307/2307/2307
f 2308/2308/2308 2307/2307/2307 2306/2306/2306
f 2307/2307/2307 2308/2308/2308 2309/2309/2309
f 2310/2310/2310 2309/2309/2309 2308/2308/2308
f 2309/2309/2309 2310/2310/2310 2311/2311/2311
f 2312/2312/2312 2311/2311/2311 2310/2310/2310
f 2311/2311/2311 2312/2312/2312 2313/2313/2313
f 2314/2314/2314 2313/2313/2313 2312/2312/2312
f 2313/2313/2313 2314/2314/2314 2315/2315/2315
f 2316/2316/2316 2315/2315/2315 2314/2314/2314
f 2315/2315/2315 2316/2316/2316 2317/2317/2317
f 2318/2318/2318 2317/2317/2317 2316/2316/2316
f 2317/2317/2317 2318/2318/2318 2319/2319/2319
f 2320/2320/2320 2321/2321/2321 2322/2322/2322
f 2322/2322/2322 2323/2323/2323 2320/2320/2320
f 2321/2321/2321 2320/2320/2320 2324/2324/2324
f 2325/2325/2325 2322/2322/2322 2321/2321/2321
f 2322/2322/2322 2325/2325/2325 2326/2326/2326
f 2321/2321/2321 2327/2327/2327 2325/2325/2325
f 2324/2324/2324 2328/2328/2328 2321/2321/2321
f 2327/2327/2327 2321/2321/2321 2328/2328/2328
f 2329/2329/2329 2328/2328/2328 2324/2324/2324
f 2330/2330/2330 2327/2327/2327 2328/2328/2328
f 2329/2329/2329 2330/2330/2330 2328/2328/2328
f 2330/2330/2330 2331/2331/2331 2327/2327/2327
f 2332/2332/2332 2330/2330/2330 2329/2329/2329
f 2333/2333/2333 2331/2331/2331 2330/2330/2330
f 2332/2332/2332 2333/2333/2333 2330/2330/2330
f 2333/2333/2333 2334/2334/2334 2331/2331/2331
f 2332/2332/2332 2335/2335/2335 2333/2333/2333
f 2335/2335/2335 2334/2334/2334 2333/2333/2333
f 2335/2335/2335 2336/2336/2336 2334/2334/2334
f 2335/2335/2335 2337/2337/2337 2336/2336/2336
f 2335/2335/2335 2332/2332/2332 2338/2338/2338
f 2337/2337/2337 2335/2335/2335 2339/2339/2339
f 2338/2338/2338 2339/2339/2339 2335/2335/2335
f 2339/2339/2339 2338/2338/2338 2340/2340/2340
f 2341/2341/2341 2342/2342/2342 2343/2343/2343
f 2344/2344/2344 2343/2343/2343 2342/2342/2342
f 2345/2345/2345 2346/2346/2346 2347/2347/2347
f 2348/2348/2348 2346/2346/2346 2345/2345/2345
f 2349/2349/2349 2350/2350/2350 2351/2351/2351
f 2349/2349/2349 2351/2351/2351 2352/2352/2352
f 2350/2350/2350 2349/2349/2349 2353/2353/2353
f 2354/2354/2354 2350/2350/2350 2353/2353/2353
f 2355/2355/2355 2350/2350/2350 2354/2354/2354
f 2350/2350/2350 2355/2355/2355 2356/2356/2356
f 2357/2357/2357 2358/2358/2358 2359/2359/2359
f 2358/2358/2358 2357/2357/2357 2360/2360/2360
f 2358/2358/2358 2361/2361/2361 2359/2359/2359
f 2361/2361/2361 2358/2358/2358 2362/2362/2362
f 2363/2363/2363 2364/2364/2364 2365/2365/2365
f 2364/2364/2364 2363/2363/2363 2366/2366/2366
f 2367/2367/2367 2368/2368/2368 2369/2369/2369
f 2368/2368/2368 2367/2367/2367 2370/2370/2370
f 2371/2371/2371 2372/2372/2372 2373/2373/2373
f 2372/2372/2372 2374/2374/2374 2373/2373/2373
f 2375/2375/2375 2376/2376/2376 2377/2377/2377
f 2376/2376/2376 2375/2375/2375 2378/2378/2378
f 2379/2379/2379 2378/2378/2378 2375/2375/2375
f 2378/2378/2378 2379/2379/2379 2380/2380/2380
f 2381/2381/2381 2382/2382/2382 2383/2383/2383
f 2383/2383/2383 2382/2382/2382 2384/2384/2384
f 2385/2385/2385 2381/2381/2381 2383/2383/2383
f 2386/2386/2386 2381/2381/2381 2385/2385/2385
f 2387/2387/2387 2386/2386/2386 2385/2385/2385
f 2388/2388/2388 2386/2386/2386 2387/2387/2387
f 2389/2389/2389 2388/2388/2388 2387/2387/2387
f 2390/2390/2390 2388/2388/2388 2389/2389/2389
f 2391/2391/2391 2392/2392/2392 2393/2393/2393
f 2392/2392/2392 2394/2394/2394 2393/2393/2393
f 2395/2395/2395 2396/2396/2396 2397/2397/2397
f 2397/2397/2397 2398/2398/2398 2395/2395/2395
f 2399/2399/2399 2400/2400/2400 2401/2401/2401
f 2400/2400/2400 2399/2399/2399 2402/2402/2402
f 2403/2403/2403 2404/2404/2404 2405/2405/2405
f 2404/2404/2404 2403/2403/2403 2406/2406/2406
f 2407/2407/2407 2408/2408/2408 2409/2409/2409
f 2408/2408/2408 2407/2407/2407 2410/2410/2410
f 2411/2411/2411 2412/2412/2412 2413/2413/2413
f 2412/2412/2412 2411/2411/2411 2414/2414/2414
f 2415/2415/2415 2416/2416/2416 2417/2417/2417
f 2418/2418/2418 2419/2419/2419 2420/2420/2420
f 2421/2421/2421 2422/2422/2422 2423/2423/2423
f 2422/2422/2422 2421/2421/2421 2424/2424/2424
f 2425/2425/2425 2426/2426/2426 2427/2427/2427
f 2426/2426/2426 2425/2425/2425 2428/2428/2428
f 2429/2429/2429 2430/2430/2430 2431/2431/2431
f 2430/2430/2430 2429/2429/2429 2432/2432/2432
f 2433/2433/2433 2434/2434/2434 2435/2435/2435
f 2436/2436/2436 2435/2435/2435 2434/2434/2434
f 2437/2437/2437 2438/2438/2438 2439/2439/2439
f 2438/2438/2438 2437/2437/2437 2440/2440/2440
f 2441/2441/2441 2442/2442/2442 2443/2443/2443
f 2442/2442/2442 2441/2441/2441 2444/2444/2444
f 2444/2444/2444 2445/2445/2445 2442/2442/2442
f 2446/2446/2446 2447/2447/2447 2448/2448/2448
f 2447/2447/2447 2446/2446/2446 2449/2449/2449
f 2450/2450/2450 2451/2451/2451 2452/2452/2452
f 2451/2451/2451 2450/2450/2450 2453/2453/2453
f 2454/2454/2454 2455/2455/2455 2456/2456/2456
f 2455/2455/2455 2454/2454/2454 2457/2457/2457
f 2458/2458/2458 2459/2459/2459 2460/2460/2460
f 2458/2458/2458 2460/2460/2460 2461/2461/2461
f 2462/2462/2462 2463/2463/2463 2464/2464/2464
f 2463/2463/2463 2462/2462/2462 2465/2465/2465
f 2466/2466/2466 2467/2467/2467 2468/2468/2468
f 2468/2468/2468 2467/2467/2467 2469/2469/2469
f 2467/2467/2467 2466/2466/2466 2470/2470/2470
f 2471/2471/2471 2472/2472/2472 2473/2473/2473
f 2473/2473/2473 2472/2472/2472 2474/2474/2474
f 2475/2475/2475 2476/2476/2476 2477/2477/2477
f 2475/2475/2475 2477/2477/2477 2478/2478/2478
f 2479/2479/2479 2480/2480/2480 2481/2481/2481
f 2479/2479/2479 2481/2481/2481 2482/2482/2482
f 2483/2483/2483 2484/2484/2484 2485/2485/2485
f 2485/2485/2485 2484/2484/2484 2486/2486/2486
f 2487/2487/2487 2488/2488/2488 2489/2489/2489
f 2488/2488/2488 2487/2487/2487 2490/2490/2490
f 2491/2491/2491 2492/2492/2492 2493/2493/2493
f 2492/2492/2492 2491/2491/2491 2494/2494/2494
f 2495/2495/2495 2496/2496/2496 2497/2497/2497
f 2496/2496/2496 2495/2495/2495 2498/2498/2498
f 2499/2499/2499 2500/2500/2500 2501/2501/2501
f 2500/2500/2500 2499/2499/2499 2502/2502/2502
f 2503/2503/2503 2504/2504/2504 2505/2505/2505
f 2504/2504/2504 2503/2503/2503 2506/2506/2506
f 2507/2507/2507 2508/2508/2508 2509/2509/2509
f 2507/2507/2507 2509/2509/2509 2510/2510/2510
f 2511/2511/2511 2512/2512/2512 2513/2513/2513
f 2513/2513/2513 2512/2512/2512 2514/2514/2514
f 2515/2515/2515 2516/2516/2516 2517/2517/2517
f 2517/2517/2517 2516/2516/2516 2518/2518/2518
f 2519/2519/2519 2520/2520/2520 2521/2521/2521
f 2520/2520/2520 2519/2519/2519 2522/2522/2522
f 2523/2523/2523 2524/2524/2524 2525/2525/2525
f 2524/2524/2524 2523/2523/2523 2526/2526/2526
f 2527/2527/2527 2528/2528/2528 2529/2529/2529
f 2528/2528/2528 2527/2527/2527 2530/2530/2530
f 2531/2531/2531 2532/2532/2532 2533/2533/2533
f 2532/2532/2532 2534/2534/2534 2533/2533/2533
f 2534/2534/2534 2532/2532/2532 2535/2535/2535
f 2536/2536/2536 2531/2531/2531 2533/2533/2533
f 2537/2537/2537 2531/2531/2531 2536/2536/2536
f 2531/2531/2531 2537/2537/2537 2538/2538/2538
f 2532/2532/2532 2531/2531/2531 2539/2539/2539
f 2540/2540/2540 2539/2539/2539 2531/2531/2531
f 2539/2539/2539 2541/2541/2541 2542/2542/2542
f 2541/2541/2541 2539/2539/2539 2543/2543/2543
f 2543/2543/2543 2539/2539/2539 2540/2540/2540
f 2543/2543/2543 2540/2540/2540 2544/2544/2544
f 2544/2544/2544 2540/2540/2540 2545/2545/2545
f 2545/2545/2545 2540/2540/2540 2546/2546/2546
f 2547/2547/2547 2548/2548/2548 2549/2549/2549
f 2549/2549/2549 2550/2550/2550 2547/2547/2547
f 2551/2551/2551 2552/2552/2552 2553/2553/2553
f 2552/2552/2552 2554/2554/2554 2553/2553/2553
f 2552/2552/2552 2555/2555/2555 2554/2554/2554
f 2555/2555/2555 2556/2556/2556 2554/2554/2554
f 2557/2557/2557 2558/2558/2558 2559/2559/2559
f 2559/2559/2559 2558/2558/2558 2560/2560/2560
f 2559/2559/2559 2560/2560/2560 2561/2561/2561
f 2561/2561/2561 2560/2560/2560 2562/2562/2562
f 2563/2563/2563 2564/2564/2564 2565/2565/2565
f 2565/2565/2565 2564/2564/2564 2566/2566/2566
f 2565/2565/2565 2566/2566/2566 2567/2567/2567
f 2567/2567/2567 2566/2566/2566 2568/2568/2568
f 2569/2569/2569 2570/2570/2570 2571/2571/2571
f 2570/2570/2570 2569/2569/2569 2572/2572/2572
f 2573/2573/2573 2572/2572/2572 2569/2569/2569
f 2572/2572/2572 2573/2573/2573 2574/2574/2574
f 2575/2575/2575 2576/2576/2576 2577/2577/2577
f 2577/2577/2577 2576/2576/2576 2578/2578/2578
f 2579/2579/2579 2580/2580/2580 2581/2581/2581
f 2580/2580/2580 2579/2579/2579 2582/2582/2582
f 2579/2579/2579 2583/2583/2583 2582/2582/2582
f 2583/2583/2583 2579/2579/2579 2584/2584/2584
f 2584/2584/2584 2585/2585/2585 2583/2583/2583
f 2585/2585/2585 2584/2584/2584 2586/2586/2586
f 2586/2586/2586 2587/2587/2587 2585/2585/2585
f 2587/2587/2587 2586/2586/2586 2588/2588/2588
f 2588/2588/2588 2589/2589/2589 2587/2587/2587
f 2589/2589/2589 2588/2588/2588 2590/2590/2590
f 2591/2591/2591 2592/2592/2592 2593/2593/2593
f 2592/2592/2592 2591/2591/2591 2594/2594/2594
f 2595/2595/2595 2596/2596/2596 2597/2597/2597
f 2595/2595/2595 2597/2597/2597 2598/2598/2598
f 2599/2599/2599 2600/2600/2600 2601/2601/2601
f 2600/2600/2600 2599/2599/2599 2602/2602/2602
f 2603/2603/2603 2600/2600/2600 2602/2602/2602
f 2600/2600/2600 2603/2603/2603 2604/2604/2604
f 2603/2603/2603 2605/2605/2605 2604/2604/2604
f 2605/2605/2605 2603/2603/2603 2606/2606/2606
f 2606/2606/2606 2607/2607/2607 2605/2605/2605
f 2607/2607/2607 2606/2606/2606 2608/2608/2608
f 2608/2608/2608 2609/2609/2609 2607/2607/2607
f 2609/2609/2609 2608/2608/2608 2610/2610/2610
f 2610/2610/2610 2611/2611/2611 2609/2609/2609
f 2611/2611/2611 2610/2610/2610 2612/2612/2612
f 2613/2613/2613 2611/2611/2611 2612/2612/2612
f 2611/2611/2611 2613/2613/2613 2614/2614/2614
f 2615/2615/2615 2614/2614/2614 2613/2613/2613
f 2614/2614/2614 2615/2615/2615 2616/2616/2616
f 2617/2617/2617 2616/2616/2616 2615/2615/2615
f 2616/2616/2616 2617/2617/2617 2618/2618/2618
f 2619/2619/2619 2618/2618/2618 2617/2617/2617
f 2618/2618/2618 2619/2619/2619 2620/2620/2620
f 2621/2621/2621 2620/2620/2620 2619/2619/2619
f 2620/2620/2620 2621/2621/2621 2622/2622/2622
f 2623/2623/2623 2622/2622/2622 2621/2621/2621
f 2622/2622/2622 2623/2623/2623 2624/2624/2624
f 2625/2625/2625 2624/2624/2624 2623/2623/2623
f 2624/2624/2624 2625/2625/2625 2626/2626/2626
f 2627/2627/2627 2626/2626/2626 2625/2625/2625
f 2626/2626/2626 2627/2627/2627 2628/2628/2628
f 2629/2629/2629 2628/2628/2628 2627/2627/2627
f 2628/2628/2628 2629/2629/2629 2630/2630/2630
f 2629/2629/2629 2631/2631/2631 2630/2630/2630
f 2631/2631/2631 2629/2629/2629 2632/2632/2632
f 2633/2633/2633 2634/2634/2634 2635/2635/2635
f 2635/2635/2635 2634/2634/2634 2636/2636/2636
f 2637/2637/2637 2638/2638/2638 2639/2639/2639
f 2638/2638/2638 2637/2637/2637 2640/2640/2640
f 2638/2638/2638 2641/2641/2641 2639/2639/2639
f 2641/2641/2641 2638/2638/2638 2642/2642/2642
f 2639/2639/2639 2641/2641/2641 2643/2643/2643
f 2644/2644/2644 2639/2639/2639 2645/2645/2645
f 2644/2644/2644 2637/2637/2637 2639/2639/2639
f 2646/2646/2646 2637/2637/2637 2644/2644/2644
f 2646/2646/2646 2644/2644/2644 2647/2647/2647
f 2646/2646/2646 2648/2648/2648 2637/2637/2637
f 2648/2648/2648 2646/2646/2646 2649/2649/2649
f 2648/2648/2648 2650/2650/2650 2637/2637/2637
f 2637/2637/2637 2650/2650/2650 2651/2651/2651
f 2650/2650/2650 2648/2648/2648 2652/2652/2652
f 2653/2653/2653 2654/2654/2654 2655/2655/2655
f 2655/2655/2655 2654/2654/2654 2656/2656/2656
f 2657/2657/2657 2658/2658/2658 2659/2659/2659
f 2659/2659/2659 2658/2658/2658 2660/2660/2660
f 2661/2661/2661 2662/2662/2662 2663/2663/2663
f 2663/2663/2663 2662/2662/2662 2664/2664/2664
f 2665/2665/2665 2666/2666/2666 2667/2667/2667
f 2667/2667/2667 2666/2666/2666 2668/2668/2668
f 2669/2669/2669 2670/2670/2670 2671/2671/2671
f 2670/2670/2670 2669/2669/2669 2672/2672/2672
f 2673/2673/2673 2674/2674/2674 2675/2675/2675
f 2674/2674/2674 2673/2673/2673 2676/2676/2676
f 2677/2677/2677 2678/2678/2678 2679/2679/2679
f 2678/2678/2678 2677/2677/2677 2680/2680/2680
f 2681/2681/2681 2682/2682/2682 2683/2683/2683
f 2682/2682/2682 2681/2681/2681 2684/2684/2684
f 2685/2685/2685 2686/2686/2686 2687/2687/2687
f 2687/2687/2687 2686/2686/2686 2688/2688/2688
f 2689/2689/2689 2690/2690/2690 2691/2691/2691
f 2689/2689/2689 2691/2691/2691 2692/2692/2692
f 2693/2693/2693 2689/2689/2689 2694/2694/2694
f 2695/2695/2695 2689/2689/2689 2693/2693/2693
f 2696/2696/2696 2689/2689/2689 2695/2695/2695
f 2696/2696/2696 2695/2695/2695 2697/2697/2697
f 2690/2690/2690 2689/2689/2689 2696/2696/2696
f 2690/2690/2690 2696/2696/2696 2698/2698/2698
f 2690/2690/2690 2698/2698/2698 2699/2699/2699
f 2700/2700/2700 2691/2691/2691 2690/2690/2690
f 2700/2700/2700 2690/2690/2690 2701/2701/2701
f 2691/2691/2691 2700/2700/2700 2702/2702/2702
f 2702/2702/2702 2700/2700/2700 2703/2703/2703
f 2691/2691/2691 2702/2702/2702 2704/2704/2704
f 2705/2705/2705 2706/2706/2706 2707/2707/2707
f 2706/2706/2706 2705/2705/2705 2708/2708/2708
f 2709/2709/2709 2710/2710/2710 2711/2711/2711
f 2710/2710/2710 2709/2709/2709 2712/2712/2712
f 2713/2713/2713 2714/2714/2714 2715/2715/2715
f 2714/2714/2714 2713/2713/2713 2716/2716/2716
f 2717/2717/2717 2716/2716/2716 2713/2713/2713
f 2716/2716/2716 2717/2717/2717 2718/2718/2718
f 2719/2719/2719 2718/2718/2718 2717/2717/2717
f 2718/2718/2718 2719/2719/2719 2720/2720/2720
f 2721/2721/2721 2720/2720/2720 2719/2719/2719
f 2720/2720/2720 2721/2721/2721 2722/2722/2722
f 2723/2723/2723 2722/2722/2722 2721/2721/2721
f 2722/2722/2722 2723/2723/2723 2724/2724/2724
f 2725/2725/2725 2724/2724/2724 2723/2723/2723
f 2724/2724/2724 2725/2725/2725 2726/2726/2726
f 2727/2727/2727 2726/2726/2726 2725/2725/2725
f 2726/2726/2726 2727/2727/2727 2728/2728/2728
f 2729/2729/2729 2728/2728/2728 2727/2727/2727
f 2728/2728/2728 2729/2729/2729 2730/2730/2730
f 2731/2731/2731 2732/2732/2732 2733/2733/2733
f 2732/2732/2732 2731/2731/2731 2734/2734/2734
f 2731/2731/2731 2735/2735/2735 2734/2734/2734
f 2735/2735/2735 2731/2731/2731 2736/2736/2736
f 2737/2737/2737 2738/2738/2738 2739/2739/2739
f 2737/2737/2737 2739/2739/2739 2740/2740/2740
f 2741/2741/2741 2737/2737/2737 2740/2740/2740
f 2741/2741/2741 2740/2740/2740 2742/2742/2742
f 2743/2743/2743 2744/2744/2744 2745/2745/2745
f 2744/2744/2744 2743/2743/2743 2746/2746/2746
f 2747/2747/2747 2746/2746/2746 2743/2743/2743
f 2746/2746/2746 2747/2747/2747 2748/2748/2748
f 2749/2749/2749 2750/2750/2750 2751/2751/2751
f 2752/2752/2752 2751/2751/2751 2750/2750/2750
f 2753/2753/2753 2754/2754/2754 2755/2755/2755
f 2753/2753/2753 2755/2755/2755 2756/2756/2756
f 2757/2757/2757 2758/2758/2758 2759/2759/2759
f 2759/2759/2759 2758/2758/2758 2760/2760/2760
f 2761/2761/2761 2762/2762/2762 2763/2763/2763
f 2763/2763/2763 2762/2762/2762 2764/2764/2764
f 2765/2765/2765 2766/2766/2766 2767/2767/2767
f 2766/2766/2766 2765/2765/2765 2768/2768/2768
f 2769/2769/2769 2770/2770/2770 2771/2771/2771
f 2770/2770/2770 2769/2769/2769 2772/2772/2772
f 2773/2773/2773 2774/2774/2774 2775/2775/2775
f 2773/2773/2773 2775/2775/2775 2776/2776/2776
f 2777/2777/2777 2778/2778/2778 2779/2779/2779
f 2777/2777/2777 2779/2779/2779 2780/2780/2780
f 2778/2778/2778 2777/2777/2777 2781/2781/2781
f 2781/2781/2781 2777/2777/2777 2782/2782/2782
f 2782/2782/2782 2777/2777/2777 2783/2783/2783
f 2782/2782/2782 2783/2783/2783 2784/2784/2784
f 2785/2785/2785 2786/2786/2786 2787/2787/2787
f 2786/2786/2786 2785/2785/2785 2788/2788/2788
f 2789/2789/2789 2790/2790/2790 2791/2791/2791
f 2789/2789/2789 2791/2791/2791 2792/2792/2792
f 2793/2793/2793 2794/2794/2794 2795/2795/2795
f 2793/2793/2793 2795/2795/2795 2796/2796/2796
f 2797/2797/2797 2798/2798/2798 2799/2799/2799
f 2799/2799/2799 2800/2800/2800 2797/2797/2797
f 2801/2801/2801 2802/2802/2802 2803/2803/2803
f 2801/2801/2801 2803/2803/2803 2804/2804/2804
f 2805/2805/2805 2806/2806/2806 2807/2807/2807
f 2806/2806/2806 2805/2805/2805 2808/2808/2808
f 2809/2809/2809 2810/2810/2810 2811/2811/2811
f 2811/2811/2811 2810/2810/2810 2812/2812/2812
f 2813/2813/2813 2814/2814/2814 2815/2815/2815
f 2815/2815/2815 2814/2814/2814 2816/2816/2816
f 2817/2817/2817 2818/2818/2818 2819/2819/2819
f 2819/2819/2819 2818/2818/2818 2820/2820/2820
f 2821/2821/2821 2822/2822/2822 2823/2823/2823
f 2822/2822/2822 2821/2821/2821 2824/2824/2824
f 2821/2821/2821 2823/2823/2823 2825/2825/2825
f 2822/2822/2822 2826/2826/2826 2823/2823/2823
f 2823/2823/2823 2826/2826/2826 2827/2827/2827
f 2826/2826/2826 2822/2822/2822 2828/2828/2828
f 2829/2829/2829 2830/2830/2830 2831/2831/2831
f 2830/2830/2830 2829/2829/2829 2832/2832/2832
f 2833/2833/2833 2834/2834/2834 2835/2835/2835
f 2835/2835/2835 2834/2834/2834 2836/2836/2836
f 2837/2837/2837 2838/2838/2838 2839/2839/2839
f 2838/2838/2838 2837/2837/2837 2840/2840/2840
f 2841/2841/2841 2842/2842/2842 2843/2843/2843
f 2843/2843/2843 2844/2844/2844 2841/2841/2841
f 2845/2845/2845 2846/2846/2846 2847/2847/2847
f 2846/2846/2846 2845/2845/2845 2848/2848/2848
f 2848/2848/2848 2845/2845/2845 2849/2849/2849
f 2850/2850/2850 2846/2846/2846 2848/2848/2848
f 2846/2846/2846 2850/2850/2850 2851/2851/2851
f 2850/2850/2850 2848/2848/2848 2852/2852/2852
f 2853/2853/2853 2854/2854/2854 2855/2855/2855
f 2854/2854/2854 2853/2853/2853 2856/2856/2856
f 2857/2857/2857 2858/2858/2858 2859/2859/2859
f 2858/2858/2858 2857/2857/2857 2860/2860/2860
f 2861/2861/2861 2862/2862/2862 2863/2863/2863
f 2863/2863/2863 2862/2862/2862 2864/2864/2864
f 2865/2865/2865 2866/2866/2866 2867/2867/2867
f 2866/2866/2866 2865/2865/2865 2868/2868/2868
f 2869/2869/2869 2868/2868/2868 2865/2865/2865
f 2868/2868/2868 2869/2869/2869 2870/2870/2870
f 2871/2871/2871 2870/2870/2870 2869/2869/2869
f 2870/2870/2870 2871/2871/2871 2872/2872/2872
f 2873/2873/2873 2872/2872/2872 2871/2871/2871
f 2872/2872/2872 2873/2873/2873 2874/2874/2874
f 2875/2875/2875 2874/2874/2874 2873/2873/2873
f 2874/2874/2874 2875/2875/2875 2876/2876/2876
f 2877/2877/2877 2876/2876/2876 2875/2875/2875
f 2876/2876/2876 2877/2877/2877 2878/2878/2878
f 2879/2879/2879 2878/2878/2878 2877/2877/2877
f 2878/2878/2878 2879/2879/2879 2880/2880/2880
f 2879/2879/2879 2881/2881/2881 2880/2880/2880
f 2881/2881/2881 2879/2879/2879 2882/2882/2882
f 2882/2882/2882 2883/2883/2883 2881/2881/2881
f 2883/2883/2883 2882/2882/2882 2884/2884/2884
f 2885/2885/2885 2883/2883/2883 2884/2884/2884
f 2883/2883/2883 2885/2885/2885 2886/2886/2886
f 2885/2885/2885 2887/2887/2887 2886/2886/2886
f 2887/2887/2887 2885/2885/2885 2888/2888/2888
f 2888/2888/2888 2889/2889/2889 2887/2887/2887
f 2889/2889/2889 2888/2888/2888 2890/2890/2890
f 2890/2890/2890 2891/2891/2891 2889/2889/2889
f 2891/2891/2891 2890/2890/2890 2892/2892/2892
f 2892/2892/2892 2893/2893/2893 2891/2891/2891
f 2893/2893/2893 2892/2892/2892 2894/2894/2894
f 2895/2895/2895 2893/2893/2893 2894/2894/2894
f 2893/2893/2893 2895/2895/2895 2896/2896/2896
f 2897/2897/2897 2896/2896/2896 2895/2895/2895
f 2896/2896/2896 2897/2897/2897 2898/2898/2898
f 2899/2899/2899 2900/2900/2900 2901/2901/2901
f 2900/2900/2900 2902/2902/2902 2901/2901/2901
f 2903/2903/2903 2904/2904/2904 2905/2905/2905
f 2905/2905/2905 2904/2904/2904 2906/2906/2906
f 2907/2907/2907 2908/2908/2908 2909/2909/2909
f 2908/2908/2908 2907/2907/2907 2910/2910/2910
f 2911/2911/2911 2912/2912/2912 2913/2913/2913
f 2912/2912/2912 2911/2911/2911 2914/2914/2914
f 2915/2915/2915 2916/2916/2916 2917/2917/2917
f 2915/2915/2915 2917/2917/2917 2918/2918/2918
f 2919/2919/2919 2920/2920/2920 2921/2921/2921
f 2920/2920/2920 2919/2919/2919 2922/2922/2922
f 2923/2923/2923 2924/2924/2924 2925/2925/2925
f 2924/2924/2924 2923/2923/2923 2926/2926/2926
f 2927/2927/2927 2928/2928/2928 2929/2929/2929
f 2928/2928/2928 2927/2927/2927 2930/2930/2930
f 2931/2931/2931 2932/2932/2932 2933/2933/2933
f 2932/2932/2932 2931/2931/2931 2934/2934/2934
f 2935/2935/2935 2936/2936/2936 2937/2937/2937
f 2936/2936/2936 2935/2935/2935 2938/2938/2938
f 2939/2939/2939 2940/2940/2940 2941/2941/2941
f 2939/2939/2939 2941/2941/2941 2942/2942/2942
f 2943/2943/2943 2944/2944/2944 2945/2945/2945
f 2943/2943/2943 2945/2945/2945 2946/2946/2946
f 2947/2947/2947 2948/2948/2948 2949/2949/2949
f 2948/2948/2948 2947/2947/2947 2950/2950/2950
f 2951/2951/2951 2952/2952/2952 2953/2953/2953
f 2952/2952/2952 2951/2951/2951 2954/2954/2954
f 2955/2955/2955 2956/2956/2956 2957/2957/2957
f 2958/2958/2958 2957/2957/2957 2956/2956/2956
f 2959/2959/2959 2960/2960/2960 2961/2961/2961
f 2959/2959/2959 2961/2961/2961 2962/2962/2962
f 2963/2963/2963 2964/2964/2964 2965/2965/2965
f 2964/2964/2964 2963/2963/2963 2966/2966/2966
f 2967/2967/2967 2968/2968/2968 2969/2969/2969
f 2968/2968/2968 2967/2967/2967 2970/2970/2970
f 2971/2971/2971 2972/2972/2972 2973/2973/2973
f 2974/2974/2974 2975/2975/2975 2976/2976/2976
f 2977/2977/2977 2978/2978/2978 2979/2979/2979
f 2980/2980/2980 2981/2981/2981 2982/2982/2982
f 2983/2983/2983 2984/2984/2984 2985/2985/2985
f 2984/2984/2984 2983/2983/2983 2986/2986/2986
f 2987/2987/2987 2986/2986/2986 2983/2983/2983
f 2986/2986/2986 2987/2987/2987 2988/2988/2988
f 2989/2989/2989 2988/2988/2988 2987/2987/2987
f 2988/2988/2988 2989/2989/2989 2990/2990/2990
f 2991/2991/2991 2990/2990/2990 2989/2989/2989
f 2990/2990/2990 2991/2991/2991 2992/2992/2992
f 2993/2993/2993 2992/2992/2992 2991/2991/2991
f 2992/2992/2992 2993/2993/2993 2994/2994/2994
f 2995/2995/2995 2994/2994/2994 2993/2993/2993
f 2994/2994/2994 2995/2995/2995 2996/2996/2996
f 2997/2997/2997 2996/2996/2996 2995/2995/2995
f 2996/2996/2996 2997/2997/2997 2998/2998/2998
f 2997/2997/2997 2999/2999/2999 2998/2998/2998
f 2999/2999/2999 2997/2997/2997 3000/3000/3000
f 3000/3000/3000 3001/3001/3001 2999/2999/2999
f 3001/3001/3001 3000/3000/3000 3002/3002/3002
f 3003/3003/3003 3001/3001/3001 3002/3002/3002
f 3001/3001/3001 3003/3003/3003 3004/3004/3004
f 3003/3003/3003 3005/3005/3005 3004/3004/3004
f 3005/3005/3005 3003/3003/3003 3006/3006/3006
f 3006/3006/3006 3007/3007/3007 3005/3005/3005
f 3007/3007/3007 3006/3006/3006 3008/3008/3008
f 3008/3008/3008 3009/3009/3009 3007/3007/3007
f 3009/3009/3009 3008/3008/3008 3010/3010/3010
f 3010/3010/3010 3011/3011/3011 3009/3009/3009
f 3011/3011/3011 3010/3010/3010 3012/3012/3012
f 3013/3013/3013 3011/3011/3011 3012/3012/3012
f 3011/3011/3011 3013/3013/3013 3014/3014/3014
f 3015/3015/3015 3014/3014/3014 3013/3013/3013
f 3014/3014/3014 3015/3015/3015 3016/3016/3016
f 3017/3017/3017 3018/3018/3018 3019/3019/3019
f 3017/3017/3017 3019/3019/3019 3020/3020/3020
f 3021/3021/3021 3022/3022/3022 3023/3023/3023
f 3021/3021/3021 3023/3023/3023 3024/3024/3024
f 3025/3025/3025 3026/3026/3026 3027/3027/3027
f 3028/3028/3028 3027/3027/3027 3026/3026/3026
f 3029/3029/3029 3030/3030/3030 3031/3031/3031
f 3030/3030/3030 3029/3029/3029 3032/3032/3032
f 3032/3032/3032 3029/3029/3029 3033/3033/3033
f 3034/3034/3034 3030/3030/3030 3032/3032/3032
f 3030/3030/3030 3034/3034/3034 3035/3035/3035
f 3034/3034/3034 3032/3032/3032 3036/3036/3036
f 3037/3037/3037 3038/3038/3038 3039/3039/3039
f 3037/3037/3037 3039/3039/3039 3040/3040/3040
f 3041/3041/3041 3042/3042/3042 3043/3043/3043
f 3043/3043/3043 3042/3042/3042 3044/3044/3044
f 3042/3042/3042 3041/3041/3041 3045/3045/3045
f 3044/3044/3044 3046/3046/3046 3043/3043/3043
f 3045/3045/3045 3041/3041/3041 3047/3047/3047
f 3046/3046/3046 3044/3044/3044 3048/3048/3048
f 3047/3047/3047 3049/3049/3049 3045/3045/3045
f 3048/3048/3048 3050/3050/3050 3046/3046/3046
f 3050/3050/3050 3048/3048/3048 3051/3051/3051
f 3051/3051/3051 3052/3052/3052 3050/3050/3050
f 3049/3049/3049 3047/3047/3047 3053/3053/3053
f 3053/3053/3053 3054/3054/3054 3049/3049/3049
f 3054/3054/3054 3053/3053/3053 3055/3055/3055
f 3055/3055/3055 3056/3056/3056 3054/3054/3054
f 3057/3057/3057 3058/3058/3058 3059/3059/3059
f 3057/3057/3057 3059/3059/3059 3060/3060/3060
f 3061/3061/3061 3062/3062/3062 3063/3063/3063
f 3062/3062/3062 3061/3061/3061 3064/3064/3064
f 3065/3065/3065 3061/3061/3061 3063/3063/3063
f 3061/3061/3061 3065/3065/3065 3066/3066/3066
f 3067/3067/3067 3068/3068/3068 3069/3069/3069
f 3067/3067/3067 3069/3069/3069 3070/3070/3070
f 3068/3068/3068 3067/3067/3067 3071/3071/3071
f 3071/3071/3071 3067/3067/3067 3072/3072/3072
f 3073/3073/3073 3074/3074/3074 3075/3075/3075
f 3075/3075/3075 3074/3074/3074 3076/3076/3076
f 3077/3077/3077 3078/3078/3078 3079/3079/3079
f 3078/3078/3078 3077/3077/3077 3080/3080/3080
f 3081/3081/3081 3082/3082/3082 3083/3083/3083
f 3082/3082/3082 3081/3081/3081 3084/3084/3084
f 3085/3085/3085 3081/3081/3081 3083/3083/3083
f 3081/3081/3081 3085/3085/3085 3086/3086/3086
f 3087/3087/3087 3088/3088/3088 3089/3089/3089
f 3088/3088/3088 3087/3087/3087 3090/3090/3090
f 3091/3091/3091 3092/3092/3092 3093/3093/3093
f 3091/3091/3091 3093/3093/3093 3094/3094/3094
f 3095/3095/3095 3096/3096/3096 3097/3097/3097
f 3096/3096/3096 3098/3098/3098 3099/3099/3099
f 3096/3096/3096 3095/3095/3095 3098/3098/3098
f 3098/3098/3098 3095/3095/3095 3100/3100/3100
f 3100/3100/3100 3095/3095/3095 3101/3101/3101
f 3095/3095/3095 3102/3102/3102 3103/3103/3103
f 3102/3102/3102 3095/3095/3095 3104/3104/3104
f 3095/3095/3095 3097/3097/3097 3104/3104/3104
f 3104/3104/3104 3097/3097/3097 3105/3105/3105
f 3097/3097/3097 3096/3096/3096 3106/3106/3106
f 3106/3106/3106 3096/3096/3096 3107/3107/3107
f 3106/3106/3106 3107/3107/3107 3108/3108/3108
f 3097/3097/3097 3106/3106/3106 3109/3109/3109
f 3109/3109/3109 3106/3106/3106 3110/3110/3110
f 3111/3111/3111 3112/3112/3112 3113/3113/3113
f 3112/3112/3112 3111/3111/3111 3114/3114/3114
f 3115/3115/3115 3116/3116/3116 3117/3117/3117
f 3117/3117/3117 3116/3116/3116 3118/3118/3118
f 3119/3119/3119 3120/3120/3120 3121/3121/3121
f 3119/3119/3119 3121/3121/3121 3122/3122/3122
f 3123/3123/3123 3121/3121/3121 3120/3120/3120
f 3121/3121/3121 3123/3123/3123 3124/3124/3124
f 3125/3125/3125 3126/3126/3126 3127/3127/3127
f 3126/3126/3126 3125/3125/3125 3128/3128/3128
f 3129/3129/3129 3130/3130/3130 3131/3131/3131
f 3132/3132/3132 3131/3131/3131 3133/3133/3133
f 3129/3129/3129 3131/3131/3131 3132/3132/3132
f 3130/3130/3130 3129/3129/3129 3134/3134/3134
f 3130/3130/3130 3134/3134/3134 3135/3135/3135
f 3136/3136/3136 3135/3135/3135 3134/3134/3134
f 3135/3135/3135 3136/3136/3136 3137/3137/3137
f 3129/3129/3129 3138/3138/3138 3134/3134/3134
f 3134/3134/3134 3138/3138/3138 3139/3139/3139
f 3139/3139/3139 3140/3140/3140 3134/3134/3134
f 3140/3140/3140 3139/3139/3139 3141/3141/3141
f 3138/3138/3138 3129/3129/3129 3142/3142/3142
f 3142/3142/3142 3129/3129/3129 3143/3143/3143
f 3142/3142/3142 3143/3143/3143 3144/3144/3144
f 3145/3145/3145 3146/3146/3146 3147/3147/3147
f 3147/3147/3147 3146/3146/3146 3148/3148/3148
f 3149/3149/3149 3148/3148/3148 3146/3146/3146
f 3148/3148/3148 3149/3149/3149 3150/3150/3150
f 3151/3151/3151 3152/3152/3152 3153/3153/3153
f 3151/3151/3151 3153/3153/3153 3154/3154/3154
f 3155/3155/3155 3153/3153/3153 3152/3152/3152
f 3153/3153/3153 3155/3155/3155 3156/3156/3156
f 3157/3157/3157 3158/3158/3158 3159/3159/3159
f 3158/3158/3158 3157/3157/3157 3160/3160/3160
f 3161/3161/3161 3162/3162/3162 3163/3163/3163
f 3163/3163/3163 3162/3162/3162 3164/3164/3164
f 3165/3165/3165 3166/3166/3166 3167/3167/3167
f 3166/3166/3166 3165/3165/3165 3168/3168/3168
f 3169/3169/3169 3170/3170/3170 3171/3171/3171
f 3170/3170/3170 3169/3169/3169 3172/3172/3172
f 3173/3173/3173 3174/3174/3174 3175/3175/3175
f 3176/3176/3176 3177/3177/3177 3178/3178/3178
f 3179/3179/3179 3180/3180/3180 3181/3181/3181
f 3180/3180/3180 3179/3179/3179 3182/3182/3182
f 3183/3183/3183 3184/3184/3184 3185/3185/3185
f 3186/3186/3186 3185/3185/3185 3184/3184/3184
f 3187/3187/3187 3188/3188/3188 3189/3189/3189
f 3188/3188/3188 3187/3187/3187 3190/3190/3190
f 3191/3191/3191 3192/3192/3192 3193/3193/3193
f 3192/3192/3192 3191/3191/3191 3194/3194/3194
f 3195/3195/3195 3196/3196/3196 3197/3197/3197
f 3196/3196/3196 3195/3195/3195 3198/3198/3198
f 3199/3199/3199 3200/3200/3200 3201/3201/3201
f 3200/3200/3200 3199/3199/3199 3202/3202/3202
f 3203/3203/3203 3204/3204/3204 3205/3205/3205
f 3204/3204/3204 3203/3203/3203 3206/3206/3206
f 3207/3207/3207 3208/3208/3208 3209/3209/3209
f 3208/3208/3208 3207/3207/3207 3210/3210/3210
f 3211/3211/3211 3212/3212/3212 3213/3213/3213
f 3212/3212/3212 3211/3211/3211 3214/3214/3214
f 3215/3215/3215 3216/3216/3216 3217/3217/3217
f 3217/3217/3217 3218/3218/3218 3215/3215/3215
f 3219/3219/3219 3220/3220/3220 3221/3221/3221
f 3220/3220/3220 3219/3219/3219 3222/3222/3222
f 3223/3223/3223 3224/3224/3224 3225/3225/3225
f 3223/3223/3223 3225/3225/3225 3226/3226/3226
f 3227/3227/3227 3228/3228/3228 3229/3229/3229
f 3228/3228/3228 3227/3227/3227 3230/3230/3230
f 3231/3231/3231 3232/3232/3232 3233/3233/3233
f 3232/3232/3232 3234/3234/3234 3233/3233/3233
f 3235/3235/3235 3236/3236/3236 3237/3237/3237
f 3236/3236/3236 3235/3235/3235 3238/3238/3238
f 3239/3239/3239 3240/3240/3240 3241/3241/3241
f 3240/3240/3240 3239/3239/3239 3242/3242/3242
f 3243/3243/3243 3244/3244/3244 3245/3245/3245
f 3244/3244/3244 3243/3243/3243 3246/3246/3246
f 3247/3247/3247 3248/3248/3248 3249/3249/3249
f 3248/3248/3248 3247/3247/3247 3250/3250/3250
f 3251/3251/3251 3252/3252/3252 3253/3253/3253
f 3252/3252/3252 3251/3251/3251 3254/3254/3254
f 3255/3255/3255 3256/3256/3256 3257/3257/3257
f 3256/3256/3256 3255/3255/3255 3258/3258/3258
f 3259/3259/3259 3260/3260/3260 3261/3261/3261
f 3260/3260/3260 3259/3259/3259 3262/3262/3262
f 3263/3263/3263 3264/3264/3264 3265/3265/3265
f 3264/3264/3264 3263/3263/3263 3266/3266/3266
f 3267/3267/3267 3268/3268/3268 3269/3269/3269
f 3269/3269/3269 3268/3268/3268 3270/3270/3270
f 3271/3271/3271 3272/3272/3272 3273/3273/3273
f 3272/3272/3272 3271/3271/3271 3274/3274/3274
f 3271/3271/3271 3275/3275/3275 3274/3274/3274
f 3275/3275/3275 3271/3271/3271 3276/3276/3276
f 3277/3277/3277 3278/3278/3278 3279/3279/3279
f 3278/3278/3278 3277/3277/3277 3280/3280/3280
f 3281/3281/3281 3282/3282/3282 3283/3283/3283
f 3282/3282/3282 3281/3281/3281 3284/3284/3284
f 3285/3285/3285 3282/3282/3282 3284/3284/3284
f 3282/3282/3282 3285/3285/3285 3286/3286/3286
f 3287/3287/3287 3288/3288/3288 3289/3289/3289
f 3289/3289/3289 3290/3290/3290 3291/3291/3291
f 3290/3290/3290 3289/3289/3289 3288/3288/3288
f 3290/3290/3290 3288/3288/3288 3292/3292/3292
f 3288/3288/3288 3293/3293/3293 3292/3292/3292
f 3294/3294/3294 3293/3293/3293 3288/3288/3288
f 3288/3288/3288 3287/3287/3287 3294/3294/3294
f 3293/3293/3293 3294/3294/3294 3295/3295/3295
f 3294/3294/3294 3296/3296/3296 3295/3295/3295
f 3287/3287/3287 3297/3297/3297 3294/3294/3294
f 3294/3294/3294 3297/3297/3297 3296/3296/3296
f 3297/3297/3297 3298/3298/3298 3296/3296/3296
f 3287/3287/3287 3299/3299/3299 3297/3297/3297
f 3297/3297/3297 3300/3300/3300 3298/3298/3298
f 3299/3299/3299 3300/3300/3300 3297/3297/3297
f 3299/3299/3299 3301/3301/3301 3300/3300/3300
f 3302/3302/3302 3303/3303/3303 3304/3304/3304
f 3303/3303/3303 3302/3302/3302 3305/3305/3305
f 3306/3306/3306 3307/3307/3307 3308/3308/3308
f 3307/3307/3307 3306/3306/3306 3309/3309/3309
f 3310/3310/3310 3311/3311/3311 3312/3312/3312
f 3311/3311/3311 3310/3310/3310 3313/3313/3313
f 3314/3314/3314 3315/3315/3315 3316/3316/3316
f 3315/3315/3315 3314/3314/3314 3317/3317/3317
f 3318/3318/3318 3319/3319/3319 3320/3320/3320
f 3319/3319/3319 3318/3318/3318 3321/3321/3321
f 3322/3322/3322 3323/3323/3323 3324/3324/3324
f 3323/3323/3323 3322/3322/3322 3325/3325/3325
f 3326/3326/3326 3327/3327/3327 3328/3328/3328
f 3327/3327/3327 3326/3326/3326 3329/3329/3329
f 3330/3330/3330 3331/3331/3331 3332/3332/3332
f 3331/3331/3331 3333/3333/3333 3332/3332/3332
f 3334/3334/3334 3335/3335/3335 3336/3336/3336
f 3335/3335/3335 3334/3334/3334 3337/3337/3337
f 3338/3338/3338 3339/3339/3339 3340/3340/3340
f 3339/3339/3339 3338/3338/3338 3341/3341/3341
f 3342/3342/3342 3343/3343/3343 3344/3344/3344
f 3343/3343/3343 3342/3342/3342 3345/3345/3345
f 3343/3343/3343 3346/3346/3346 3344/3344/3344
f 3346/3346/3346 3343/3343/3343 3347/3347/3347
f 3344/3344/3344 3346/3346/3346 3348/3348/3348
f 3349/3349/3349 3344/3344/3344 3350/3350/3350
f 3349/3349/3349 3342/3342/3342 3344/3344/3344
f 3351/3351/3351 3342/3342/3342 3349/3349/3349
f 3351/3351/3351 3349/3349/3349 3352/3352/3352
f 3351/3351/3351 3353/3353/3353 3342/3342/3342
f 3353/3353/3353 3351/3351/3351 3354/3354/3354
f 3353/3353/3353 3355/3355/3355 3342/3342/3342
f 3342/3342/3342 3355/3355/3355 3356/3356/3356
f 3355/3355/3355 3353/3353/3353 3357/3357/3357
f 3358/3358/3358 3359/3359/3359 3360/3360/3360
f 3359/3359/3359 3358/3358/3358 3361/3361/3361
f 3362/3362/3362 3359/3359/3359 3361/3361/3361
f 3359/3359/3359 3362/3362/3362 3363/3363/3363
f 3364/3364/3364 3365/3365/3365 3366/3366/3366
f 3365/3365/3365 3364/3364/3364 3367/3367/3367
f 3364/3364/3364 3368/3368/3368 3367/3367/3367
f 3369/3369/3369 3368/3368/3368 3364/3364/3364
f 3370/3370/3370 3371/3371/3371 3372/3372/3372
f 3371/3371/3371 3370/3370/3370 3373/3373/3373
f 3374/3374/3374 3371/3371/3371 3373/3373/3373
f 3371/3371/3371 3374/3374/3374 3375/3375/3375
f 3376/3376/3376 3377/3377/3377 3378/3378/3378
f 3377/3377/3377 3376/3376/3376 3379/3379/3379
f 3380/3380/3380 3376/3376/3376 3378/3378/3378
f 3376/3376/3376 3380/3380/3380 3381/3381/3381
f 3382/3382/3382 3383/3383/3383 3384/3384/3384
f 3383/3383/3383 3382/3382/3382 3385/3385/3385
f 3386/3386/3386 3387/3387/3387 3388/3388/3388
f 3386/3386/3386 3388/3388/3388 3389/3389/3389
f 3387/3387/3387 3386/3386/3386 3390/3390/3390
f 3390/3390/3390 3386/3386/3386 3391/3391/3391
f 3392/3392/3392 3393/3393/3393 3394/3394/3394
f 3393/3393/3393 3392/3392/3392 3395/3395/3395