o Mesh
v 0.5002205967903137 13.485440254211426 25
v 1.2603651285171509 13.330604553222656 25
v 0.7217788100242615 13.86919116973877 25
v 0.876615047454834 13.109045028686523 25
v 0.7217788100242615 13.86919116973877 25
v -0.013943744823336601 13.623209953308105 25
v 0.5002205967903137 13.485440254211426 25
v -0.013943731784820557 14.066326141357422 25
v -0.7496663331985474 13.86919116973877 25
v -0.5281081199645996 13.485440254211426 25
v -1.288252592086792 13.330604553222656 25
v -0.9045025110244751 13.109045028686523 25
v -1.4853888750076294 12.59488296508789 24.999996185302734
v -1.0422724485397339 12.59488296508789 24.999996185302734
v -1.288252592086792 11.859158515930176 24.999996185302734
v -0.9045025110244751 12.080718040466309 24.999996185302734
v 0.5002205967903137 11.704322814941406 24.999996185302734
v -0.013943731784820557 11.12343692779541 24.999996185302734
v 0.7217788100242615 11.320573806762695 24.999996185302734
v -0.013943744823336601 11.566553115844727 24.999996185302734
v 0.876615047454834 12.080718040466309 24.999996185302734
v 1.2603651285171509 11.859158515930176 24.999996185302734
v 1.0143849849700928 12.59488296508789 24.999996185302734
v 1.4575014114379883 12.59488296508789 24.999996185302734
v 0.876615047454834 13.109045028686523 25
v 1.2603651285171509 13.330604553222656 25
v -0.013943731784820557 11.12343692779541 24.999996185302734
v -0.5281081199645996 11.704322814941406 24.999996185302734
v -0.7496663331985474 11.320573806762695 24.999996185302734
v -0.013943744823336601 11.566553115844727 24.999996185302734
v -0.9045025110244751 12.080718040466309 24.999996185302734
v -0.7496663331985474 11.320573806762695 24.999996185302734
v -0.5281081199645996 11.704322814941406 24.999996185302734
v -1.288252592086792 11.859158515930176 24.999996185302734
v 1.1136558055877686 7.949420928955078 23.567710876464844
v 0.6424337029457092 6.190797328948975 23.567710876464844
v 1.1136558055877686 6.662020206451416 23.567710876464844
v 1.2861350774765015 7.305720329284668 23.567710876464844
v -0.6449689865112305 6.190797328948975 23.567710876464844
v -0.001267645158804953 6.018317222595215 23.567710876464844
v 0.6424337029457092 8.42064380645752 23.567710876464844
v -0.6449689865112305 8.42064380645752 23.567710876464844
v -0.001267645158804953 8.593123435974121 23.567710876464844
v -1.1161911487579346 7.949420928955078 23.567710876464844
v -1.1161911487579346 6.662020206451416 23.567710876464844
v -1.288670301437378 7.305720329284668 23.567710876464844
v 0.876615047454834 13.109045028686523 23.2473087310791
v 0.5002205967903137 11.704322814941406 23.2473087310791
v 0.876615047454834 12.080718040466309 23.2473087310791
v 1.0143849849700928 12.59488296508789 23.2473087310791
v 0.5002205967903137 13.485440254211426 23.2473087310791
v -0.5281081199645996 13.485440254211426 23.2473087310791
v -0.013943744823336601 13.623209953308105 23.2473087310791
v -0.9045025110244751 13.109045028686523 23.2473087310791
v -0.9045025110244751 12.080718040466309 23.2473087310791
v -1.0422724485397339 12.59488296508789 23.2473087310791
v -0.5281081199645996 11.704322814941406 23.2473087310791
v -0.013943744823336601 11.566553115844727 23.2473087310791
v -2.599487781524658 6.8134636878967285 23.176607131958008
v -1.000677227973938 5.752528190612793 23.176607131958008
v -3.6505710454548534e-8 6.8134636878967285 23.176607131958008
v -3.6505710454548534e-8 5.752528190612793 23.176607131958008
v -3.6505710454548534e-8 13.047425270080566 23.176610946655273
v -2.7170515060424805 12.52248764038086 23.176610946655273
v -3.6505710454548534e-8 11.748380661010742 23.176610946655273
v -2.7170515060424805 9.5103120803833 23.176607131958008
v -3.6505710454548534e-8 8.737959861755371 23.176607131958008
v -2.418397903442383 13.294297218322754 23.176610946655273
v -1.9686033725738525 14.014137268066406 23.176610946655273
v -3.6505710454548534e-8 14.441753387451172 23.176610946655273
v -3.6505710454548534e-8 8.737959861755371 23.176607131958008
v -2.599487781524658 8.506782531738281 23.176607131958008
v -3.6505710454548534e-8 8.352538108825684 23.176607131958008
v -2.7170515060424805 9.5103120803833 23.176607131958008
v -2.599487781524658 8.506782531738281 23.176607131958008
v -2.599487781524658 6.8134636878967285 23.176607131958008
v -3.6505710454548534e-8 8.352538108825684 23.176607131958008
v -3.6505710454548534e-8 6.8134636878967285 23.176607131958008
v 2.599487781524658 6.8134636878967285 23.176607131958008
v -3.6505710454548534e-8 6.8134636878967285 23.176607131958008
v 1.0006771087646484 5.752528190612793 23.176607131958008
v -3.6505710454548534e-8 5.752528190612793 23.176607131958008
v -3.6505710454548534e-8 13.047425270080566 23.176610946655273
v 2.7170515060424805 12.52248764038086 23.176610946655273
v 2.418397903442383 13.294297218322754 23.176610946655273
v 1.9686031341552734 14.014137268066406 23.176610946655273
v -3.6505710454548534e-8 14.441753387451172 23.176610946655273
v -3.6505710454548534e-8 11.748380661010742 23.176610946655273
v 2.7170515060424805 9.5103120803833 23.176607131958008
v -3.6505710454548534e-8 8.737959861755371 23.176607131958008
v -3.6505710454548534e-8 8.737959861755371 23.176607131958008
v 2.599487781524658 8.506782531738281 23.176607131958008
v 2.7170515060424805 9.5103120803833 23.176607131958008
v -3.6505710454548534e-8 8.352538108825684 23.176607131958008
v 2.599487781524658 8.506782531738281 23.176607131958008
v -3.6505710454548534e-8 8.352538108825684 23.176607131958008
v 2.599487781524658 6.8134636878967285 23.176607131958008
v -3.6505710454548534e-8 6.8134636878967285 23.176607131958008
v -0.2591397762298584 14.365960121154785 22.848142623901367
v 0.2591397166252136 13.550108909606934 22.848142623901367
v 0.2591397166252136 14.365960121154785 22.848142623901367
v -0.2591397762298584 13.550108909606934 22.848142623901367
v 0.2591397166252136 14.365960121154785 22.848142623901367
v 0.2591397166252136 15.411458015441895 21.535898208618164
v -0.2591397762298584 14.365960121154785 22.848142623901367
v -0.2591397762298584 15.411458015441895 21.535898208618164
v -3.6505710454548534e-8 8.737959861755371 19.287832260131836
v -3.015704393386841 8.737959861755371 19.287832260131836
v -3.6505710454548534e-8 6.781849384307861 19.287832260131836
v -3.015704393386841 6.781849384307861 19.287832260131836
v -1.0580612421035767 5.476701259613037 19.287832260131836
v -3.6505710454548534e-8 5.476701259613037 19.287832260131836
v -3.6505710454548534e-8 8.737959861755371 19.287832260131836
v -3.6505710454548534e-8 6.781849384307861 19.287832260131836
v 3.015704393386841 8.737959861755371 19.287832260131836
v 3.015704393386841 6.781849384307861 19.287832260131836
v 1.058061122894287 5.476701259613037 19.287832260131836
v -3.6505710454548534e-8 5.476701259613037 19.287832260131836
v -3.6505710454548534e-8 6.258866310119629 -24.999998092651367
v -3.6505710454548534e-8 5.385175704956055 -24.999998092651367
v -1.0580612421035767 6.258866310119629 -24.999998092651367
v -1.0580612421035767 5.385175704956055 -24.999998092651367
v -3.6505710454548534e-8 6.258866310119629 -24.999998092651367
v 1.058061122894287 6.258866310119629 -24.999998092651367
v -3.6505710454548534e-8 5.385175704956055 -24.999998092651367
v 1.058061122894287 5.385175704956055 -24.999998092651367
v -1.0580612421035767 -15.411456108093262 -24.84754753112793
v -1.0580612421035767 -15.411458015441895 -18.732240676879883
v -3.015704393386841 -15.411456108093262 -23.399972915649414
v -3.015704393386841 -15.411458015441895 -18.747377395629883
v -3.6505710454548534e-8 -15.411456108093262 -24.84754753112793
v -3.6505710454548534e-8 -15.411458015441895 -18.732240676879883
v -1.0580612421035767 -15.411456108093262 -24.84754753112793
v -1.0580612421035767 -15.411458015441895 -18.732240676879883
v -3.6505710454548534e-8 -15.411458969116211 -12.616934776306152
v -1.0580612421035767 -15.411458969116211 -12.616934776306152
v -1.0580612421035767 -15.411458015441895 -18.732240676879883
v -3.015704393386841 -15.411458015441895 -14.094778060913086
v -3.015704393386841 -15.411458015441895 -18.747377395629883
v -1.0580612421035767 -15.411458969116211 -12.616934776306152
v 1.058061122894287 -15.411458015441895 -18.732240676879883
v 1.058061122894287 -15.411456108093262 -24.84754753112793
v 3.015704393386841 -15.411456108093262 -23.399972915649414
v 3.015704393386841 -15.411458015441895 -18.747377395629883
v 3.015704393386841 -15.411458015441895 -14.094778060913086
v 1.058061122894287 -15.411458969116211 -12.616934776306152
v 1.058061122894287 -15.411456108093262 -24.84754753112793
v -3.6505710454548534e-8 -15.411458015441895 -18.732240676879883
v -3.6505710454548534e-8 -15.411456108093262 -24.84754753112793
v 1.058061122894287 -15.411458015441895 -18.732240676879883
v -3.6505710454548534e-8 -15.411458969116211 -12.616934776306152
v 1.058061122894287 -15.411458969116211 -12.616934776306152
v -1.0580612421035767 6.258866310119629 -24.999998092651367
v -3.015704393386841 5.598130702972412 -24.080602645874023
v -3.015704393386841 6.549314975738525 -24.080602645874023
v -1.0580612421035767 5.385175704956055 -24.999998092651367
v 1.058061122894287 6.258866310119629 -24.999998092651367
v 3.015704393386841 6.549314975738525 -24.080602645874023
v 3.015704393386841 5.598130702972412 -24.080602645874023
v 1.058061122894287 5.385175704956055 -24.999998092651367
v -3.6505710454548534e-8 -15.411456108093262 -24.84754753112793
v -1.0580612421035767 -11.378992080688477 -24.847545623779297
v -3.6505710454548534e-8 -11.378992080688477 -24.847545623779297
v -3.6505710454548534e-8 1.22483229637146 -20.22300148010254
v -1.0580612421035767 -15.411456108093262 -24.84754753112793
v -3.015704393386841 -11.378992080688477 -23.399972915649414
v -3.015704393386841 -15.411456108093262 -23.399972915649414
v -1.0580612421035767 1.22483229637146 -20.22300148010254
v -3.6505710454548534e-8 3.025998830795288 -20.478391647338867
v -3.015704393386841 1.22483229637146 -18.775428771972656
v -1.0580612421035767 3.025998830795288 -20.478391647338867
v -3.015704393386841 3.025998830795288 -19.03081703186035
v -3.015704393386841 4.549242973327637 -20.173999786376953
v -1.0580612421035767 4.549242973327637 -21.621572494506836
v -3.6505710454548534e-8 4.549242973327637 -21.621572494506836
v -3.015704393386841 5.375661373138428 -22.99746322631836
v -1.0580612421035767 4.965108394622803 -22.95479393005371
v -3.6505710454548534e-8 4.965108394622803 -22.95479393005371
v -1.0580612421035767 5.0160393714904785 -23.2027645111084
v -3.015704393386841 5.420508861541748 -23.215805053710938
v -3.015704393386841 5.598130702972412 -24.080602645874023
v -3.6505710454548534e-8 5.0160393714904785 -23.2027645111084
v -1.0580612421035767 5.385175704956055 -24.999998092651367
v -3.6505710454548534e-8 5.385175704956055 -24.999998092651367
v -3.6505710454548534e-8 -15.411456108093262 -24.84754753112793
v -3.6505710454548534e-8 -11.378992080688477 -24.847545623779297
v 1.058061122894287 -11.378992080688477 -24.847545623779297
v -3.6505710454548534e-8 1.22483229637146 -20.22300148010254
v 1.058061122894287 -15.411456108093262 -24.84754753112793
v 3.015704393386841 -11.378992080688477 -23.399972915649414
v 3.015704393386841 -15.411456108093262 -23.399972915649414
v 1.058061122894287 1.22483229637146 -20.22300148010254
v -3.6505710454548534e-8 3.025998830795288 -20.478391647338867
v 3.015704393386841 1.22483229637146 -18.775428771972656
v 1.058061122894287 3.025998830795288 -20.478391647338867
v 3.015704393386841 3.025998830795288 -19.03081703186035
v 3.015704393386841 4.549242973327637 -20.173999786376953
v 1.058061122894287 4.549242973327637 -21.621572494506836
v -3.6505710454548534e-8 4.549242973327637 -21.621572494506836
v 3.015704393386841 5.375661373138428 -22.99746322631836
v 1.058061122894287 4.965108394622803 -22.95479393005371
v -3.6505710454548534e-8 4.965108394622803 -22.95479393005371
v 1.058061122894287 5.0160393714904785 -23.2027645111084
v 3.015704393386841 5.420508861541748 -23.215805053710938
v 3.015704393386841 5.598130702972412 -24.080602645874023
v -3.6505710454548534e-8 5.0160393714904785 -23.2027645111084
v 1.058061122894287 5.385175704956055 -24.999998092651367
v -3.6505710454548534e-8 5.385175704956055 -24.999998092651367
v -3.015704393386841 11.866539001464844 -20.126386642456055
v -1.0580612421035767 8.737966537475586 -21.621572494506836
v -3.015704393386841 8.737966537475586 -21.621572494506836
v -1.0580612421035767 11.866540908813477 -20.126386642456055
v -2.3227031230926514 12.428573608398438 -19.49541473388672
v -1.0580612421035767 12.37320613861084 -19.611318588256836
v -1.9154112339019775 13.988982200622559 -17.953310012817383
v -1.0580612421035767 13.96871280670166 -17.989351272583008
v -3.6505710454548534e-8 14.44175910949707 -17.50845718383789
v -3.6505710454548534e-8 13.96871280670166 -17.989351272583008
v 3.015704393386841 11.866539001464844 -20.126386642456055
v 1.058061122894287 8.737966537475586 -21.621572494506836
v 1.058061122894287 11.866540908813477 -20.126386642456055
v 3.015704393386841 8.737966537475586 -21.621572494506836
v 2.3227031230926514 12.428573608398438 -19.49541473388672
v 1.058061122894287 12.37320613861084 -19.611318588256836
v 1.9154112339019775 13.988982200622559 -17.953310012817383
v 1.058061122894287 13.96871280670166 -17.989351272583008
v -3.6505710454548534e-8 14.44175910949707 -17.50845718383789
v -3.6505710454548534e-8 13.96871280670166 -17.989351272583008
v -3.6505710454548534e-8 8.737966537475586 -17.98935317993164
v -3.6505710454548534e-8 6.891027927398682 -17.989351272583008
v -1.0580612421035767 8.737966537475586 -17.98935317993164
v -1.0580612421035767 6.891027927398682 -17.989351272583008
v -3.6505710454548534e-8 6.891027927398682 -17.989351272583008
v -3.6505710454548534e-8 8.737966537475586 -17.98935317993164
v 1.058061122894287 8.737966537475586 -17.98935317993164
v 1.058061122894287 6.891027927398682 -17.989351272583008
v -3.6505710454548534e-8 11.866539001464844 -17.989351272583008
v -1.0580612421035767 8.737966537475586 -17.989351272583008
v -1.0580612421035767 11.866539001464844 -17.989351272583008
v -3.6505710454548534e-8 8.737966537475586 -17.989351272583008
v -3.6505710454548534e-8 13.96871280670166 -17.989351272583008
v -3.6505710454548534e-8 11.866539001464844 -17.989351272583008
v -1.0580612421035767 13.96871280670166 -17.989351272583008
v -1.0580612421035767 11.866539001464844 -17.989351272583008
v 1.058061122894287 11.866539001464844 -17.989351272583008
v 1.058061122894287 8.737966537475586 -17.989351272583008
v -3.6505710454548534e-8 11.866539001464844 -17.989351272583008
v -3.6505710454548534e-8 8.737966537475586 -17.989351272583008
v -3.6505710454548534e-8 11.866539001464844 -17.989351272583008
v -3.6505710454548534e-8 13.96871280670166 -17.989351272583008
v 1.058061122894287 13.96871280670166 -17.989351272583008
v 1.058061122894287 11.866539001464844 -17.989351272583008
v 0.6999136209487915 15.366981506347656 -16.121078491210938
v 1.172828197479248 14.457131385803223 -16.121078491210938
v 0.6999136209487915 14.898123741149902 -16.121078491210938
v 1.172828197479248 14.059133529663086 -16.121078491210938
v 0.6999136209487915 13.71660041809082 -16.121078491210938
v 1.172828197479248 13.71660041809082 -16.121078491210938
v 0.34488415718078613 14.898123741149902 -16.121078491210938
v 0.34488415718078613 15.366981506347656 -16.121078491210938
v 0.23330450057983398 13.71660041809082 -16.121078491210938
v -0.23330457508563995 13.71660041809082 -16.121078491210938
v -0.3448842465877533 14.898123741149902 -16.121078491210938
v -0.6999136805534363 13.71660041809082 -16.121078491210938
v -0.6999136805534363 14.898123741149902 -16.121078491210938
v -0.3448842465877533 15.366981506347656 -16.121078491210938
v -0.6999136805534363 15.366981506347656 -16.121078491210938
v -1.172828197479248 14.457131385803223 -16.121078491210938
v -1.172828197479248 14.059133529663086 -16.121078491210938
v -1.172828197479248 13.71660041809082 -16.121078491210938
v -3.6505710454548534e-8 6.814382076263428 -23.2027645111084
v -3.6505710454548534e-8 6.258866310119629 -24.999998092651367
v -1.0580612421035767 6.814382076263428 -23.2027645111084
v -1.0580612421035767 6.258866310119629 -24.999998092651367
v -3.015704393386841 6.549314975738525 -24.080602645874023
v -3.015704393386841 6.822144508361816 -23.215805053710938
v -3.015704393386841 6.891027927398682 -22.99746322631836
v -1.0580612421035767 6.891027927398682 -22.95479393005371
v -3.6505710454548534e-8 6.891027927398682 -22.95479393005371
v -3.015704393386841 8.737966537475586 -21.621572494506836
v -1.0580612421035767 8.737966537475586 -21.621572494506836
v -3.6505710454548534e-8 6.258866310119629 -24.999998092651367
v -3.6505710454548534e-8 6.814382076263428 -23.2027645111084
v 1.058061122894287 6.814382076263428 -23.2027645111084
v 1.058061122894287 6.258866310119629 -24.999998092651367
v 3.015704393386841 6.549314975738525 -24.080602645874023
v 3.015704393386841 6.822144508361816 -23.215805053710938
v 3.015704393386841 6.891027927398682 -22.99746322631836
v 1.058061122894287 6.891027927398682 -22.95479393005371
v -3.6505710454548534e-8 6.891027927398682 -22.95479393005371
v 3.015704393386841 8.737966537475586 -21.621572494506836
v 1.058061122894287 8.737966537475586 -21.621572494506836
v 1.2603651285171509 11.85916519165039 -13.332405090332031
v 0.7217788100242615 13.869195938110352 -13.332405090332031
v 1.2603651285171509 13.330611228942871 -13.332405090332031
v 1.4575014114379883 12.594886779785156 -13.332405090332031
v -0.7496663331985474 13.869195938110352 -13.332405090332031
v -0.013943731784820557 14.066332817077637 -13.332405090332031
v -0.7496663331985474 11.320578575134277 -13.332405090332031
v 0.7217788100242615 11.320578575134277 -13.332405090332031
v -0.013943731784820557 11.123443603515625 -13.332405090332031
v -1.288252592086792 11.85916519165039 -13.332405090332031
v -1.288252592086792 13.330611228942871 -13.332405090332031
v -1.4853888750076294 12.594886779785156 -13.332405090332031
v -0.2591397762298584 15.411458015441895 21.535898208618164
v 0.2591397166252136 15.411458015441895 21.535898208618164
v 0.2591397166252136 15.411458015441895 20.957061767578125
v -0.2591397762298584 15.411458015441895 20.957061767578125
v 0.6999136209487915 15.366981506347656 -14.448498725891113
v 0.6999136209487915 15.366981506347656 -16.121078491210938
v 0.34488415718078613 15.366981506347656 -14.448498725891113
v 0.34488415718078613 15.366981506347656 -16.121078491210938
v -0.3448842465877533 15.366981506347656 -14.448498725891113
v -0.3448842465877533 15.366981506347656 -16.121078491210938
v -0.6999136805534363 15.366981506347656 -14.448498725891113
v -0.6999136805534363 15.366981506347656 -16.121078491210938
v 1.341031551361084 -2.469888210296631 -9.372973442077637
v -1.341031551361084 -2.8839104175567627 -6.4980549812316895
v -1.341031551361084 -2.469888210296631 -9.372970581054688
v -1.341031551361084 -3.8417699337005615 -11.542436599731445
v 1.341031551361084 -3.8417699337005615 -11.542436599731445
v 1.341031551361084 -2.8839104175567627 -6.4980549812316895
v -1.341031551361084 -2.9983274936676025 -3.2860825061798096
v 1.341031551361084 -2.9983274936676025 -3.2860825061798096
v 1.341031551361084 -2.594026803970337 0.3110191226005554
v -1.341031551361084 -2.594026803970337 0.3110191226005554
v 1.341031551361084 -1.8568460941314697 2.5441081523895264
v -1.341031551361084 -1.8568460941314697 2.5441081523895264
v 1.341031551361084 -1.5242737531661987 3.554020643234253
v -1.341031551361084 -1.5242737531661987 3.554020643234253
v -0.9225447773933411 12.696471214294434 -21.81284523010254
v 0.9225442409515381 6.8168768882751465 -19.476024627685547
v -0.9225448369979858 6.8168768882751465 -19.476024627685547
v 0.9225443601608276 12.696471214294434 -21.81284523010254
v -0.9225447177886963 13.451093673706055 -21.50027084350586
v 0.9225444197654724 13.451093673706055 -21.50027084350586
v -0.922544538974762 13.763668060302734 -20.745649337768555
v 0.9225446581840515 13.763668060302734 -20.745649337768555
v -0.9225444197654724 13.390678405761719 -19.991025924682617
v 0.9225447177886963 13.390678405761719 -19.991025924682617
v 0.9225446581840515 13.3489408493042 -19.13472557067871
v -0.922544538974762 13.3489408493042 -19.13472557067871
v 0.9225445985794067 13.469769477844238 -18.313095092773438
v -0.922544538974762 13.469769477844238 -18.313095092773438
v -0.9225436449050903 7.319626808166504 -17.5760440826416
v 0.9225454330444336 7.319626808166504 -17.5760440826416
v 0.34488415718078613 14.898123741149902 -14.448498725891113
v -0.3448842465877533 14.898123741149902 -16.121078491210938
v -0.3448842465877533 14.898123741149902 -14.448498725891113
v 0.34488415718078613 14.898123741149902 -16.121078491210938
v -1.341031551361084 0.9618862271308899 3.71287202835083
v -1.341031551361084 -1.5242737531661987 3.554020643234253
v 1.341031551361084 0.9618862271308899 3.71287202835083
v 1.341031551361084 -1.5242737531661987 3.554020643234253
v 1.341031551361084 2.8724489212036133 4.059694290161133
v -1.341031551361084 2.8724489212036133 4.059694290161133
v 1.3410316705703735 4.766546726226807 4.813667297363281
v -1.3410316705703735 4.766546726226807 4.813667297363281
v -3.015704393386841 11.866539001464844 -20.126386642456055
v -3.015704393386841 11.748382568359375 -2.531973123550415
v -2.3227031230926514 12.338895797729492 -3.47033429145813
v -2.3227031230926514 12.428573608398438 -19.49541473388672
v -1.9154112339019775 13.988982200622559 -17.953310012817383
v -1.9686033725738525 14.014141082763672 -3.47033429145813
v -3.6505710454548534e-8 14.44175910949707 -17.50845718383789
v -3.6505710454548534e-8 14.441757202148438 -3.47033429145813
v 3.015704393386841 11.748382568359375 -2.531973123550415
v 3.015704393386841 11.866539001464844 -20.126386642456055
v 2.3227031230926514 12.338895797729492 -3.47033429145813
v 2.3227031230926514 12.428573608398438 -19.49541473388672
v 1.9154112339019775 13.988982200622559 -17.953310012817383
v 1.9686031341552734 14.014141082763672 -3.47033429145813
v -3.6505710454548534e-8 14.44175910949707 -17.50845718383789
v -3.6505710454548534e-8 14.441757202148438 -3.47033429145813
v -0.7496663331985474 11.320573806762695 24.999996185302734
v -0.013943731784820557 11.123443603515625 -13.332405090332031
v -0.013943731784820557 11.12343692779541 24.999996185302734
v -0.7496663331985474 11.320578575134277 -13.332405090332031
v -1.288252592086792 11.859158515930176 24.999996185302734
v -1.288252592086792 11.85916519165039 -13.332405090332031
v -1.4853888750076294 12.59488296508789 24.999996185302734
v -1.4853888750076294 12.594886779785156 -13.332405090332031
v -1.288252592086792 13.330604553222656 25
v -1.288252592086792 13.330611228942871 -13.332405090332031
v -0.7496663331985474 13.86919116973877 25
v -0.7496663331985474 13.869195938110352 -13.332405090332031
v -0.013943731784820557 14.066326141357422 25
v -0.013943731784820557 14.066332817077637 -13.332405090332031
v 0.7217788100242615 13.86919116973877 25
v 0.7217788100242615 13.869195938110352 -13.332405090332031
v 1.2603651285171509 13.330604553222656 25
v 1.2603651285171509 13.330611228942871 -13.332405090332031
v 1.4575014114379883 12.59488296508789 24.999996185302734
v 1.4575014114379883 12.594886779785156 -13.332405090332031
v 1.2603651285171509 11.859158515930176 24.999996185302734
v 1.2603651285171509 11.85916519165039 -13.332405090332031
v 0.7217788100242615 11.320573806762695 24.999996185302734
v 0.7217788100242615 11.320578575134277 -13.332405090332031
v -0.013943731784820557 11.12343692779541 24.999996185302734
v -0.013943731784820557 11.123443603515625 -13.332405090332031
v -3.015704393386841 11.748377799987793 18.90583610534668
v -2.418397903442383 13.339447975158691 19.568361282348633
v -2.3227031230926514 12.338891983032227 18.05068016052246
v -3.015704393386841 11.748382568359375 1.701957106590271
v -2.3227031230926514 12.33889389038086 2.5471928119659424
v -2.7170515060424805 12.522485733032227 20.110179901123047
v -2.418397903442383 13.294297218322754 23.176610946655273
v -2.7170515060424805 12.52248764038086 23.176610946655273
v -1.9686033725738525 14.014137268066406 19.9033203125
v -1.9686033725738525 14.014137268066406 23.176610946655273
v -3.6505710454548534e-8 14.441753387451172 20.110179901123047
v -3.6505710454548534e-8 14.441753387451172 23.176610946655273
v 3.015704393386841 11.748377799987793 18.90583610534668
v 2.418397903442383 13.339447975158691 19.568361282348633
v 2.7170515060424805 12.522485733032227 20.110179901123047
v 2.3227031230926514 12.338891983032227 18.05068016052246
v 3.015704393386841 11.748382568359375 1.701957106590271
v 2.3227031230926514 12.33889389038086 2.5471928119659424
v 2.418397903442383 13.294297218322754 23.176610946655273
v 2.7170515060424805 12.52248764038086 23.176610946655273
v 1.9686031341552734 14.014137268066406 19.9033203125
v 1.9686031341552734 14.014137268066406 23.176610946655273
v -3.6505710454548534e-8 14.441753387451172 20.110179901123047
v -3.6505710454548534e-8 14.441753387451172 23.176610946655273
v -1.9686033725738525 14.014141082763672 -3.47033429145813
v -3.6505710454548534e-8 12.397541046142578 -3.47033429145813
v -3.6505710454548534e-8 14.441757202148438 -3.47033429145813
v -2.3227031230926514 12.338895797729492 -3.47033429145813
v -3.6505710454548534e-8 11.748382568359375 -2.531973123550415
v -3.015704393386841 11.748382568359375 -2.531973123550415
v -3.015704393386841 11.748382568359375 1.701957106590271
v -3.6505710454548534e-8 11.748382568359375 1.701957106590271
v -2.3227031230926514 12.33889389038086 2.5471928119659424
v -3.6505710454548534e-8 12.33889389038086 2.5471928119659424
v -3.6505710454548534e-8 12.338891983032227 18.05068016052246
v -2.3227031230926514 12.338891983032227 18.05068016052246
v -3.6505710454548534e-8 13.339447975158691 19.568361282348633
v -2.418397903442383 13.339447975158691 19.568361282348633
v -1.9686033725738525 14.014137268066406 19.9033203125
v -3.6505710454548534e-8 14.441753387451172 20.110179901123047
v -3.6505710454548534e-8 12.397541046142578 -3.47033429145813
v 1.9686031341552734 14.014141082763672 -3.47033429145813
v -3.6505710454548534e-8 14.441757202148438 -3.47033429145813
v 2.3227031230926514 12.338895797729492 -3.47033429145813
v -3.6505710454548534e-8 11.748382568359375 -2.531973123550415
v 3.015704393386841 11.748382568359375 -2.531973123550415
v 3.015704393386841 11.748382568359375 1.701957106590271
v -3.6505710454548534e-8 11.748382568359375 1.701957106590271
v 2.3227031230926514 12.33889389038086 2.5471928119659424
v -3.6505710454548534e-8 12.33889389038086 2.5471928119659424
v -3.6505710454548534e-8 12.338891983032227 18.05068016052246
v 2.3227031230926514 12.338891983032227 18.05068016052246
v -3.6505710454548534e-8 13.339447975158691 19.568361282348633
v 2.418397903442383 13.339447975158691 19.568361282348633
v 1.9686031341552734 14.014137268066406 19.9033203125
v -3.6505710454548534e-8 14.441753387451172 20.110179901123047
v -3.015704393386841 -2.2834136486053467 -12.252634048461914
v -3.015704393386841 -11.37899398803711 -14.09477710723877
v -1.0580612421035767 -2.2834136486053467 -10.77479076385498
v -1.0580612421035767 -11.37899398803711 -12.616933822631836
v -3.015704393386841 -15.411458015441895 -14.094778060913086
v -1.0580612421035767 -15.411458969116211 -12.616934776306152
v -3.6505710454548534e-8 -11.37899398803711 -12.616933822631836
v -3.6505710454548534e-8 -15.411458969116211 -12.616934776306152
v -3.6505710454548534e-8 -2.2834136486053467 -10.77479076385498
v -3.6505710454548534e-8 3.025998830795288 -9.69946575164795
v -1.0580612421035767 3.025998830795288 -9.69946575164795
v -3.015704393386841 3.025998830795288 -11.17730712890625
v -3.6505710454548534e-8 3.7652194499969482 -9.152213096618652
v -1.0580612421035767 3.7652194499969482 -9.152213096618652
v -3.015704393386841 4.754847049713135 -10.017382621765137
v -3.6505710454548534e-8 4.162347316741943 -8.311737060546875
v -3.015704393386841 5.506288528442383 -8.271011352539062
v -1.0580612421035767 4.162347316741943 -8.311737060546875
v -3.6505710454548534e-8 4.2913103103637695 -3.897247791290283
v -1.0580612421035767 4.2913103103637695 -3.897247791290283
v -3.015704393386841 5.628463268280029 -3.8700978755950928
v -3.6505710454548534e-8 4.355792999267578 -1.690003514289856
v -1.0580612421035767 4.355792999267578 -1.690003514289856
v -3.015704393386841 4.973153114318848 -1.6696420907974243
v -3.6505710454548534e-8 4.420275688171387 0.5172408819198608
v -1.0580612421035767 4.420275688171387 0.5172408819198608
v -3.015704393386841 5.034241199493408 0.530815839767456
v -3.6505710454548534e-8 4.549238681793213 4.931729793548584
v -1.0580612421035767 4.549238681793213 4.931729793548584
v -3.015704393386841 5.156415939331055 4.931729793548584
v -3.6505710454548534e-8 5.476703643798828 8.472168922424316
v -1.0580612421035767 5.476703643798828 8.472168922424316
v -3.6505710454548534e-8 5.476701259613037 19.287832260131836
v -3.015704393386841 6.781851291656494 8.472168922424316
v -1.0580612421035767 5.476701259613037 19.287832260131836
v -3.015704393386841 6.781849384307861 19.287832260131836
v 3.015704393386841 -11.37899398803711 -14.09477710723877
v 3.015704393386841 -2.2834136486053467 -12.252634048461914
v 1.058061122894287 -2.2834136486053467 -10.77479076385498
v 1.058061122894287 3.025998830795288 -9.69946575164795
v 3.015704393386841 3.025998830795288 -11.17730712890625
v 1.058061122894287 -11.37899398803711 -12.616933822631836
v 3.015704393386841 -15.411458015441895 -14.094778060913086
v 1.058061122894287 -15.411458969116211 -12.616934776306152
v -3.6505710454548534e-8 -11.37899398803711 -12.616933822631836
v -3.6505710454548534e-8 -15.411458969116211 -12.616934776306152
v -3.6505710454548534e-8 -2.2834136486053467 -10.77479076385498
v -3.6505710454548534e-8 3.025998830795288 -9.69946575164795
v -3.6505710454548534e-8 3.7652194499969482 -9.152213096618652
v 1.058061122894287 3.7652194499969482 -9.152213096618652
v 3.015704393386841 4.754847049713135 -10.017382621765137
v -3.6505710454548534e-8 4.162347316741943 -8.311737060546875
v 3.015704393386841 5.506288528442383 -8.271011352539062
v 1.058061122894287 4.162347316741943 -8.311737060546875
v -3.6505710454548534e-8 4.2913103103637695 -3.897247791290283
v 1.058061122894287 4.2913103103637695 -3.897247791290283
v 3.015704393386841 5.628463268280029 -3.8700978755950928
v -3.6505710454548534e-8 4.355792999267578 -1.690003514289856
v 1.058061122894287 4.355792999267578 -1.690003514289856
v 3.015704393386841 4.973153114318848 -1.6696420907974243
v -3.6505710454548534e-8 4.420275688171387 0.5172408819198608
v 1.058061122894287 4.420275688171387 0.5172408819198608
v 3.015704393386841 5.034241199493408 0.530815839767456
v -3.6505710454548534e-8 4.549238681793213 4.931729793548584
v 1.058061122894287 4.549238681793213 4.931729793548584
v 3.015704393386841 5.156415939331055 4.931729793548584
v -3.6505710454548534e-8 5.476703643798828 8.472168922424316
v 1.058061122894287 5.476703643798828 8.472168922424316
v -3.6505710454548534e-8 5.476701259613037 19.287832260131836
v 3.015704393386841 6.781851291656494 8.472168922424316
v 1.058061122894287 5.476701259613037 19.287832260131836
v 3.015704393386841 6.781849384307861 19.287832260131836
v 1.172828197479248 14.457131385803223 -14.448498725891113
v 1.172828197479248 14.457131385803223 -16.121078491210938
v 0.6999136209487915 15.366981506347656 -14.448498725891113
v 0.6999136209487915 15.366981506347656 -16.121078491210938
v -0.6999136805534363 15.366981506347656 -16.121078491210938
v -1.172828197479248 14.457131385803223 -14.448498725891113
v -0.6999136805534363 15.366981506347656 -14.448498725891113
v -1.172828197479248 14.457131385803223 -16.121078491210938
v -3.4618561267852783 1.117223858833313 -18.396709442138672
v -3.4618561267852783 -11.585673332214355 -14.536901473999023
v -3.4618561267852783 1.7715706825256348 -11.759925842285156
v -3.4618561267852783 -11.585673332214355 -23.007246017456055
v -3.4618561267852783 3.1806697845458984 -18.66192054748535
v -3.4618561267852783 1.7715706825256348 -11.759925842285156
v -3.4618561267852783 3.026214361190796 -11.53258228302002
v -3.4618561267852783 1.117223858833313 -18.396709442138672
v -3.4618561267852783 -11.585673332214355 -23.007246017456055
v -3.4618561267852783 -15.248477935791016 -14.53690242767334
v -3.4618561267852783 -11.585673332214355 -14.536901473999023
v -3.4618561267852783 -15.254825592041016 -23.007246017456055
v -3.4618561267852783 8.434874534606934 -10.514079093933105
v -3.4618561267852783 4.859574317932129 -10.343875885009766
v -3.4618561267852783 7.607810974121094 -9.827855110168457
v -3.4618561267852783 8.434876441955566 -19.294294357299805
v -3.4618561267852783 4.891852855682373 -19.916738510131836
v -3.4618561267852783 4.859574317932129 -10.343875885009766
v -3.4618561267852783 4.891852855682373 -19.916738510131836
v -3.4618561267852783 3.1806697845458984 -18.66192054748535
v -3.4618561267852783 3.026214361190796 -11.53258228302002
v -3.4618561267852783 8.434876441955566 -19.294294357299805
v -3.4618561267852783 5.256144046783447 -21.311931610107422
v -3.4618561267852783 4.891852855682373 -19.916738510131836
v -3.4618561267852783 8.402074813842773 -21.340497970581055
v 3.4618561267852783 1.7715706825256348 -11.759925842285156
v 3.4618561267852783 -11.585673332214355 -14.536901473999023
v 3.4618561267852783 1.117223858833313 -18.396709442138672
v 3.4618561267852783 -11.585673332214355 -23.007246017456055
v 3.4618561267852783 3.1806697845458984 -18.66192054748535
v 3.4618561267852783 1.7715706825256348 -11.759925842285156
v 3.4618561267852783 1.117223858833313 -18.396709442138672
v 3.4618561267852783 3.026214361190796 -11.53258228302002
v 3.4618561267852783 -11.585673332214355 -23.007246017456055
v 3.4618561267852783 -15.248477935791016 -14.53690242767334
v 3.4618561267852783 -15.254825592041016 -23.007246017456055
v 3.4618561267852783 -11.585673332214355 -14.536901473999023
v 3.4618561267852783 8.434876441955566 -19.294294357299805
v 3.4618561267852783 4.859574317932129 -10.343875885009766
v 3.4618561267852783 4.891852855682373 -19.916738510131836
v 3.4618561267852783 8.434874534606934 -10.514079093933105
v 3.4618561267852783 7.607810974121094 -9.827855110168457
v 3.4618561267852783 4.891852855682373 -19.916738510131836
v 3.4618561267852783 4.859574317932129 -10.343875885009766
v 3.4618561267852783 3.1806697845458984 -18.66192054748535
v 3.4618561267852783 3.026214361190796 -11.53258228302002
v 3.4618561267852783 8.434876441955566 -19.294294357299805
v 3.4618561267852783 5.256144046783447 -21.311931610107422
v 3.4618561267852783 8.402074813842773 -21.340497970581055
v 3.4618561267852783 4.891852855682373 -19.916738510131836
v -3.015704393386841 1.22483229637146 -18.775428771972656
v -3.015704393386841 -11.378993034362793 -18.74737548828125
v -3.015704393386841 -0.5292906761169434 -15.514030456542969
v -3.015704393386841 -11.378992080688477 -23.399972915649414
v -3.015704393386841 -11.378992080688477 -23.399972915649414
v -3.015704393386841 -15.411456108093262 -23.399972915649414
v -3.015704393386841 -11.378993034362793 -18.74737548828125
v -3.015704393386841 -15.411458015441895 -18.747377395629883
v -3.015704393386841 -11.37899398803711 -14.09477710723877
v -3.015704393386841 -15.411458015441895 -14.094778060913086
v -3.015704393386841 -2.2834136486053467 -12.252634048461914
v -3.015704393386841 -0.5292906761169434 -15.514030456542969
v -3.015704393386841 8.73796272277832 4.931729793548584
v -3.015704393386841 6.781851291656494 8.472168922424316
v -3.015704393386841 8.73796272277832 8.472172737121582
v -3.015704393386841 6.781849384307861 19.287832260131836
v -3.015704393386841 8.737959861755371 19.287832260131836
v -3.015704393386841 5.156415939331055 4.931729793548584
v -3.015704393386841 5.034241199493408 0.530815839767456
v -3.015704393386841 8.73796272277832 -0.4185912609100342
v -3.015704393386841 4.973153114318848 -1.6696420907974243
v -3.015704393386841 8.737964630126953 -3.093749523162842
v -3.015704393386841 -0.5292906761169434 -15.514030456542969
v -3.015704393386841 3.025998830795288 -15.104063034057617
v -3.015704393386841 1.22483229637146 -18.775428771972656
v -3.015704393386841 3.025998830795288 -19.03081703186035
v -3.015704393386841 6.549314975738525 -24.080602645874023
v -3.015704393386841 5.420508861541748 -23.215805053710938
v -3.015704393386841 6.822144508361816 -23.215805053710938
v -3.015704393386841 5.598130702972412 -24.080602645874023
v -3.015704393386841 4.549242973327637 -20.173999786376953
v -3.015704393386841 8.737966537475586 -21.621572494506836
v -3.015704393386841 6.891027927398682 -22.99746322631836
v -3.015704393386841 5.375661373138428 -22.99746322631836
v -3.015704393386841 4.696672439575195 -13.938551902770996
v -3.015704393386841 3.025998830795288 -19.03081703186035
v -3.015704393386841 3.025998830795288 -15.104063034057617
v -3.015704393386841 -0.5292906761169434 -15.514030456542969
v -3.015704393386841 3.025998830795288 -11.17730712890625
v -3.015704393386841 3.025998830795288 -15.104063034057617
v -3.015704393386841 -2.2834136486053467 -12.252634048461914
v -3.015704393386841 4.696672439575195 -13.938551902770996
v -3.015704393386841 3.025998830795288 -11.17730712890625
v -3.015704393386841 4.754847049713135 -10.017382621765137
v -3.015704393386841 3.025998830795288 -15.104063034057617
v -3.015704393386841 8.737964630126953 -11.11922836303711
v -3.015704393386841 4.754847049713135 -10.017382621765137
v -3.015704393386841 5.506288528442383 -8.271011352539062
v -3.015704393386841 4.696672439575195 -13.938551902770996
v -3.015704393386841 8.737966537475586 -21.621572494506836
v -3.015704393386841 4.696672439575195 -13.938551902770996
v -3.015704393386841 8.737964630126953 -11.11922836303711
v -3.015704393386841 4.549242973327637 -20.173999786376953
v -3.015704393386841 8.737964630126953 -5.768909931182861
v -3.015704393386841 8.737964630126953 -11.11922836303711
v -3.015704393386841 5.506288528442383 -8.271011352539062
v -3.015704393386841 5.628463268280029 -3.8700978755950928
v -3.015704393386841 8.737964630126953 -5.768909931182861
v -3.015704393386841 5.628463268280029 -3.8700978755950928
v -3.015704393386841 8.737964630126953 -3.093749523162842
v -3.015704393386841 4.973153114318848 -1.6696420907974243
v -3.015704393386841 6.822144508361816 -23.215805053710938
v -3.015704393386841 5.375661373138428 -22.99746322631836
v -3.015704393386841 6.891027927398682 -22.99746322631836
v -3.015704393386841 5.420508861541748 -23.215805053710938
v 3.015704393386841 -11.378993034362793 -18.74737548828125
v 3.015704393386841 1.22483229637146 -18.775428771972656
v 3.015704393386841 -0.5292906761169434 -15.514030456542969
v 3.015704393386841 -11.378992080688477 -23.399972915649414
v 3.015704393386841 -11.378992080688477 -23.399972915649414
v 3.015704393386841 -11.378993034362793 -18.74737548828125
v 3.015704393386841 -15.411456108093262 -23.399972915649414
v 3.015704393386841 -15.411458015441895 -18.747377395629883
v 3.015704393386841 -11.37899398803711 -14.09477710723877
v 3.015704393386841 -15.411458015441895 -14.094778060913086
v 3.015704393386841 -2.2834136486053467 -12.252634048461914
v 3.015704393386841 -0.5292906761169434 -15.514030456542969
v 3.015704393386841 3.025998830795288 -11.17730712890625
v 3.015704393386841 3.025998830795288 -15.104063034057617
v 3.015704393386841 3.025998830795288 -19.03081703186035
v 3.015704393386841 4.696672439575195 -13.938551902770996
v 3.015704393386841 4.549242973327637 -20.173999786376953
v 3.015704393386841 6.891027927398682 -22.99746322631836
v 3.015704393386841 8.737966537475586 -21.621572494506836
v 3.015704393386841 5.375661373138428 -22.99746322631836
v 3.015704393386841 8.73796272277832 4.931729793548584
v 3.015704393386841 8.73796272277832 8.472172737121582
v 3.015704393386841 6.781851291656494 8.472168922424316
v 3.015704393386841 6.781849384307861 19.287832260131836
v 3.015704393386841 8.737959861755371 19.287832260131836
v 3.015704393386841 5.156415939331055 4.931729793548584
v 3.015704393386841 5.034241199493408 0.530815839767456
v 3.015704393386841 8.73796272277832 -0.4185912609100342
v 3.015704393386841 4.973153114318848 -1.6696420907974243
v 3.015704393386841 8.737964630126953 -3.093749523162842
v 3.015704393386841 -0.5292906761169434 -15.514030456542969
v 3.015704393386841 1.22483229637146 -18.775428771972656
v 3.015704393386841 3.025998830795288 -15.104063034057617
v 3.015704393386841 3.025998830795288 -19.03081703186035
v 3.015704393386841 6.549314975738525 -24.080602645874023
v 3.015704393386841 6.822144508361816 -23.215805053710938
v 3.015704393386841 5.420508861541748 -23.215805053710938
v 3.015704393386841 5.598130702972412 -24.080602645874023
v 3.015704393386841 3.025998830795288 -11.17730712890625
v 3.015704393386841 4.696672439575195 -13.938551902770996
v 3.015704393386841 4.754847049713135 -10.017382621765137
v 3.015704393386841 3.025998830795288 -15.104063034057617
v 3.015704393386841 4.754847049713135 -10.017382621765137
v 3.015704393386841 8.737964630126953 -11.11922836303711
v 3.015704393386841 5.506288528442383 -8.271011352539062
v 3.015704393386841 4.696672439575195 -13.938551902770996
v 3.015704393386841 8.737966537475586 -21.621572494506836
v 3.015704393386841 4.696672439575195 -13.938551902770996
v 3.015704393386841 4.549242973327637 -20.173999786376953
v 3.015704393386841 8.737964630126953 -11.11922836303711
v 3.015704393386841 8.737964630126953 -11.11922836303711
v 3.015704393386841 8.737964630126953 -5.768909931182861
v 3.015704393386841 5.506288528442383 -8.271011352539062
v 3.015704393386841 5.628463268280029 -3.8700978755950928
v 3.015704393386841 8.737964630126953 -5.768909931182861
v 3.015704393386841 8.737964630126953 -3.093749523162842
v 3.015704393386841 5.628463268280029 -3.8700978755950928
v 3.015704393386841 4.973153114318848 -1.6696420907974243
v 3.015704393386841 6.891027927398682 -22.99746322631836
v 3.015704393386841 5.375661373138428 -22.99746322631836
v 3.015704393386841 6.822144508361816 -23.215805053710938
v 3.015704393386841 5.420508861541748 -23.215805053710938
v -3.015704393386841 11.748377799987793 18.90583610534668
v -3.015704393386841 8.73796272277832 1.701957106590271
v -3.015704393386841 8.737959861755371 19.287832260131836
v -2.7170515060424805 9.5103120803833 20.110179901123047
v -3.015704393386841 11.748382568359375 1.701957106590271
v -2.7170515060424805 12.522485733032227 20.110179901123047
v -2.7170515060424805 9.5103120803833 23.176607131958008
v -2.7170515060424805 12.52248764038086 23.176610946655273
v -3.015704393386841 8.737964630126953 -2.531973123550415
v -3.015704393386841 11.748382568359375 -2.531973123550415
v -3.015704393386841 11.866539001464844 -20.126386642456055
v -3.015704393386841 8.737966537475586 -21.621572494506836
v 3.015704393386841 11.748377799987793 18.90583610534668
v 3.015704393386841 8.73796272277832 1.701957106590271
v 3.015704393386841 11.748382568359375 1.701957106590271
v 3.015704393386841 8.737959861755371 19.287832260131836
v 3.015704393386841 8.737964630126953 -2.531973123550415
v 2.7170515060424805 9.5103120803833 20.110179901123047
v 3.015704393386841 11.748382568359375 -2.531973123550415
v 3.015704393386841 11.866539001464844 -20.126386642456055
v 3.015704393386841 8.737966537475586 -21.621572494506836
v 2.7170515060424805 12.522485733032227 20.110179901123047
v 2.7170515060424805 9.5103120803833 23.176607131958008
v 2.7170515060424805 12.52248764038086 23.176610946655273
v -2.599487781524658 8.506786346435547 1.701957106590271
v -2.599487781524658 6.8134636878967285 19.287832260131836
v -2.599487781524658 8.506784439086914 19.287832260131836
v -2.599487781524658 6.813467979431152 1.701957106590271
v -2.599487781524658 8.506786346435547 -2.493424892425537
v -2.599487781524658 6.813467979431152 -2.493424892425537
v -2.599487781524658 8.506791114807129 -21.52542495727539
v -2.599487781524658 6.813472270965576 -21.52542495727539
v 2.599487781524658 8.506786346435547 1.701957106590271
v 2.599487781524658 8.506784439086914 19.287832260131836
v 2.599487781524658 6.8134636878967285 19.287832260131836
v 2.599487781524658 6.813467979431152 1.701957106590271
v 2.599487781524658 8.506786346435547 -2.493424892425537
v 2.599487781524658 6.813467979431152 -2.493424892425537
v 2.599487781524658 8.506791114807129 -21.52542495727539
v 2.599487781524658 6.813472270965576 -21.52542495727539
v -3.6505710454548534e-8 8.73796272277832 -0.4185912609100342
v -3.015704393386841 8.737964630126953 -3.093749523162842
v -3.015704393386841 8.73796272277832 -0.4185912609100342
v -3.6505710454548534e-8 8.737964630126953 -3.093749523162842
v -3.6505710454548534e-8 8.737964630126953 -5.768909931182861
v -3.015704393386841 8.737964630126953 -5.768909931182861
v 3.015704393386841 8.737964630126953 -3.093749523162842
v 3.015704393386841 8.737964630126953 -5.768909931182861
v 3.015704393386841 8.73796272277832 -0.4185912609100342
v -3.6505710454548534e-8 8.73796272277832 4.931729793548584
v -3.015704393386841 8.73796272277832 4.931729793548584
v 3.015704393386841 8.73796272277832 4.931729793548584
v -3.6505710454548534e-8 8.73796272277832 8.472172737121582
v -3.015704393386841 8.73796272277832 8.472172737121582
v 3.015704393386841 8.73796272277832 8.472172737121582
v -3.6505710454548534e-8 8.737959861755371 19.287832260131836
v 3.015704393386841 8.737959861755371 19.287832260131836
v -3.6505710454548534e-8 8.737964630126953 -11.11922836303711
v -3.015704393386841 8.737964630126953 -11.11922836303711
v -1.0580612421035767 8.737966537475586 -17.98935317993164
v -3.6505710454548534e-8 8.737966537475586 -17.98935317993164
v 3.015704393386841 8.737964630126953 -11.11922836303711
v 1.058061122894287 8.737966537475586 -17.98935317993164
v -3.6505710454548534e-8 8.737964630126953 -11.11922836303711
v -3.015704393386841 8.737964630126953 -5.768909931182861
v -3.6505710454548534e-8 8.737964630126953 -5.768909931182861
v 1.058061122894287 8.737966537475586 -17.98935317993164
v -3.6505710454548534e-8 8.737966537475586 -17.98935317993164
v -3.6505710454548534e-8 8.737959861755371 19.287832260131836
v -3.015704393386841 8.73796272277832 8.472172737121582
v -3.015704393386841 8.737959861755371 19.287832260131836
v -3.015704393386841 8.737966537475586 -21.621572494506836
v -1.0580612421035767 8.737966537475586 -17.98935317993164
v -1.0580612421035767 8.737966537475586 -21.621572494506836
v -3.015704393386841 8.737964630126953 -11.11922836303711
v 3.015704393386841 8.737964630126953 -5.768909931182861
v -3.6505710454548534e-8 8.737964630126953 -11.11922836303711
v -3.6505710454548534e-8 8.737964630126953 -5.768909931182861
v 3.015704393386841 8.737964630126953 -11.11922836303711
v 3.015704393386841 8.737964630126953 -11.11922836303711
v 3.015704393386841 8.737966537475586 -21.621572494506836
v 1.058061122894287 8.737966537475586 -17.98935317993164
v 1.058061122894287 8.737966537475586 -21.621572494506836
v -2.599487781524658 8.506782531738281 20.110179901123047
v -2.7170515060424805 9.5103120803833 20.110179901123047
v -3.015704393386841 8.737959861755371 19.287832260131836
v -2.599487781524658 8.506784439086914 19.287832260131836
v -2.599487781524658 8.506782531738281 23.176607131958008
v -2.7170515060424805 9.5103120803833 23.176607131958008
v -2.599487781524658 6.8134636878967285 23.176607131958008
v -2.599487781524658 6.8134636878967285 20.110179901123047
v -2.599487781524658 6.8134636878967285 19.287832260131836
v -1.000677227973938 5.752528190612793 23.176607131958008
v -1.000677227973938 5.752528190612793 20.110179901123047
v -3.6505710454548534e-8 5.752528190612793 23.176607131958008
v -1.000677227973938 5.752528190612793 19.287832260131836
v -3.6505710454548534e-8 5.752528190612793 20.110179901123047
v -3.6505710454548534e-8 5.752528190612793 19.287832260131836
v 3.015704393386841 8.737959861755371 19.287832260131836
v 2.7170515060424805 9.5103120803833 20.110179901123047
v 2.599487781524658 8.506782531738281 20.110179901123047
v 2.599487781524658 8.506784439086914 19.287832260131836
v 2.599487781524658 8.506782531738281 23.176607131958008
v 2.7170515060424805 9.5103120803833 23.176607131958008
v 2.599487781524658 6.8134636878967285 23.176607131958008
v 2.599487781524658 6.8134636878967285 20.110179901123047
v 2.599487781524658 6.8134636878967285 19.287832260131836
v 1.0006771087646484 5.752528190612793 23.176607131958008
v 1.0006771087646484 5.752528190612793 20.110179901123047
v -3.6505710454548534e-8 5.752528190612793 23.176607131958008
v 1.0006771087646484 5.752528190612793 19.287832260131836
v -3.6505710454548534e-8 5.752528190612793 20.110179901123047
v -3.6505710454548534e-8 5.752528190612793 19.287832260131836
v 1.341031551361084 -2.1094791889190674 -3.2860825061798096
v 1.341031551361084 -2.594026803970337 0.3110191226005554
v 1.341031551361084 -2.9983274936676025 -3.2860825061798096
v 1.341031551361084 -1.727315902709961 0.11387579143047333
v -1.341031551361084 -1.9991909265518188 -6.4376091957092285
v -1.341031551361084 -2.469888210296631 -9.372970581054688
v -1.341031551361084 -2.8839104175567627 -6.4980549812316895
v -1.341031551361084 -1.589297890663147 -9.252082824707031
v 1.341031551361084 -1.589297890663147 -9.252082824707031
v 1.341031551361084 -3.8417699337005615 -11.542436599731445
v 1.341031551361084 0.5793994069099426 -10.582109451293945
v 1.341031551361084 -2.469888210296631 -9.372973442077637
v -1.341031551361084 -2.1094791889190674 -3.2860825061798096
v -1.341031551361084 -2.9983274936676025 -3.2860825061798096
v -1.341031551361084 -2.594026803970337 0.3110191226005554
v -1.341031551361084 -1.727315902709961 0.11387579143047333
v -1.341031551361084 -2.8839104175567627 -6.4980549812316895
v -1.341031551361084 -1.9991909265518188 -6.4376091957092285
v 1.341031551361084 -2.1094791889190674 -3.2860825061798096
v 1.341031551361084 -2.8839104175567627 -6.4980549812316895
v 1.341031551361084 -1.9991909265518188 -6.4376091957092285
v 1.341031551361084 -2.9983274936676025 -3.2860825061798096
v -1.341031551361084 -1.5242737531661987 3.554020643234253
v -1.341031551361084 -0.347783625125885 2.659870147705078
v -1.341031551361084 -1.1537277698516846 2.00034761428833
v -1.341031551361084 -1.8568460941314697 2.5441081523895264
v 1.341031551361084 -1.1537277698516846 2.00034761428833
v 1.341031551361084 -1.8568460941314697 2.5441081523895264
v 1.341031551361084 -1.727315902709961 0.11387579143047333
v 1.341031551361084 -2.594026803970337 0.3110191226005554
v 1.341031551361084 -1.727315902709961 0.11387579143047333
v 1.341031551361084 -1.8568460941314697 2.5441081523895264
v -1.341031551361084 -1.727315902709961 0.11387579143047333
v -1.341031551361084 -2.594026803970337 0.3110191226005554
v -1.341031551361084 -1.8568460941314697 2.5441081523895264
v -1.341031551361084 -1.1537277698516846 2.00034761428833
v 1.341031551361084 -0.347783625125885 2.659870147705078
v 1.341031551361084 -1.5242737531661987 3.554020643234253
v 1.341031551361084 -1.1537277698516846 2.00034761428833
v 1.341031551361084 -1.8568460941314697 2.5441081523895264
v 1.341031551361084 0.9618862271308899 3.71287202835083
v 1.341031551361084 -1.5242737531661987 3.554020643234253
v 1.341031551361084 -0.347783625125885 2.659870147705078
v 1.341031551361084 0.9592567086219788 2.8240277767181396
v -1.341031551361084 0.9592567086219788 2.8240277767181396
v -1.341031551361084 -0.347783625125885 2.659870147705078
v -1.341031551361084 0.9618862271308899 3.71287202835083
v -1.341031551361084 -1.5242737531661987 3.554020643234253
v -1.3410316705703735 4.755763530731201 0.40073129534721375
v -1.341031551361084 2.8724489212036133 4.059694290161133
v -1.3410316705703735 4.766546726226807 4.813667297363281
v -1.341031551361084 2.831373929977417 2.5533254146575928
v 1.341031551361084 2.8724489212036133 4.059694290161133
v 1.341031551361084 0.9618862271308899 3.71287202835083
v 1.341031551361084 2.831373929977417 2.5533254146575928
v 1.341031551361084 0.9592567086219788 2.8240277767181396
v -1.341031551361084 2.831373929977417 2.5533254146575928
v -1.341031551361084 0.9618862271308899 3.71287202835083
v -1.341031551361084 2.8724489212036133 4.059694290161133
v -1.341031551361084 0.9592567086219788 2.8240277767181396
v 1.3410316705703735 4.766546726226807 4.813667297363281
v 1.341031551361084 2.8724489212036133 4.059694290161133
v 1.3410316705703735 4.755763530731201 0.40073129534721375
v 1.341031551361084 2.831373929977417 2.5533254146575928
v -1.341031551361084 -3.8417699337005615 -11.542436599731445
v -1.341031551361084 -1.589297890663147 -9.252082824707031
v -1.341031551361084 0.5793994069099426 -10.582109451293945
v -1.341031551361084 -2.469888210296631 -9.372970581054688
v 1.341031551361084 -1.9991909265518188 -6.4376091957092285
v 1.341031551361084 -2.8839104175567627 -6.4980549812316895
v 1.341031551361084 -2.469888210296631 -9.372973442077637
v 1.341031551361084 -1.589297890663147 -9.252082824707031
v 1.172828197479248 14.457131385803223 -14.448498725891113
v 1.172828197479248 14.059133529663086 -16.121078491210938
v 1.172828197479248 14.457131385803223 -16.121078491210938
v 1.172828197479248 14.059133529663086 -14.448498725891113
v 1.172828197479248 13.71660041809082 -16.121078491210938
v 1.172828197479248 13.71660041809082 -14.448498725891113
v -1.172828197479248 14.457131385803223 -16.121078491210938
v -1.172828197479248 14.059133529663086 -14.448498725891113
v -1.172828197479248 14.457131385803223 -14.448498725891113
v -1.172828197479248 14.059133529663086 -16.121078491210938
v -1.172828197479248 13.71660041809082 -14.448498725891113
v -1.172828197479248 13.71660041809082 -16.121078491210938
v -0.6449689865112305 6.190797328948975 23.567710876464844
v -0.001267645158804953 6.018317222595215 22.560365676879883
v -0.001267645158804953 6.018317222595215 23.567710876464844
v -0.6449689865112305 6.190797328948975 22.560365676879883
v -1.1161911487579346 6.662020206451416 23.567710876464844
v -1.1161911487579346 6.662020206451416 22.560365676879883
v -1.288670301437378 7.305720329284668 23.567710876464844
v -1.288670301437378 7.305720329284668 22.560365676879883
v -1.1161911487579346 7.949420928955078 23.567710876464844
v -1.1161911487579346 7.949420928955078 22.560365676879883
v -0.6449689865112305 8.42064380645752 23.567710876464844
v -0.6449689865112305 8.42064380645752 22.560365676879883
v -0.001267645158804953 8.593123435974121 22.560365676879883
v -0.001267645158804953 8.593123435974121 23.567710876464844
v 0.6424337029457092 8.42064380645752 22.560365676879883
v 0.6424337029457092 8.42064380645752 23.567710876464844
v 1.1136558055877686 7.949420928955078 22.560365676879883
v 1.1136558055877686 7.949420928955078 23.567710876464844
v 1.2861350774765015 7.305720329284668 22.560365676879883
v 1.2861350774765015 7.305720329284668 23.567710876464844
v 1.1136558055877686 6.662020206451416 22.560365676879883
v 1.1136558055877686 6.662020206451416 23.567710876464844
v 0.6424337029457092 6.190797328948975 22.560365676879883
v 0.6424337029457092 6.190797328948975 23.567710876464844
v -0.001267645158804953 6.018317222595215 23.567710876464844
v -0.001267645158804953 6.018317222595215 22.560365676879883
v -0.922544538974762 13.3489408493042 -19.13472557067871
v -0.9225436449050903 7.319626808166504 -17.5760440826416
v -0.922544538974762 13.469769477844238 -18.313095092773438
v -0.9225448369979858 6.8168768882751465 -19.476024627685547
v -0.9225448369979858 6.8168768882751465 -19.476024627685547
v -0.9225444197654724 13.390678405761719 -19.991025924682617
v -0.9225447773933411 12.696471214294434 -21.81284523010254
v -0.922544538974762 13.3489408493042 -19.13472557067871
v -0.9225447773933411 12.696471214294434 -21.81284523010254
v -0.9225444197654724 13.390678405761719 -19.991025924682617
v -0.9225447177886963 13.451093673706055 -21.50027084350586
v -0.922544538974762 13.763668060302734 -20.745649337768555
v 0.9225444197654724 13.451093673706055 -21.50027084350586
v 0.9225447177886963 13.390678405761719 -19.991025924682617
v 0.9225443601608276 12.696471214294434 -21.81284523010254
v 0.9225446581840515 13.763668060302734 -20.745649337768555
v 0.9225442409515381 6.8168768882751465 -19.476024627685547
v 0.9225443601608276 12.696471214294434 -21.81284523010254
v 0.9225447177886963 13.390678405761719 -19.991025924682617
v 0.9225446581840515 13.3489408493042 -19.13472557067871
v 0.9225446581840515 13.3489408493042 -19.13472557067871
v 0.9225454330444336 7.319626808166504 -17.5760440826416
v 0.9225442409515381 6.8168768882751465 -19.476024627685547
v 0.9225445985794067 13.469769477844238 -18.313095092773438
v -3.6505710454548534e-8 6.891027927398682 -17.989351272583008
v -3.6505710454548534e-8 6.891027927398682 -22.95479393005371
v -1.0580612421035767 6.891027927398682 -17.989351272583008
v -1.0580612421035767 6.891027927398682 -22.95479393005371
v 1.058061122894287 6.891027927398682 -17.989351272583008
v -3.6505710454548534e-8 6.891027927398682 -22.95479393005371
v -3.6505710454548534e-8 6.891027927398682 -17.989351272583008
v 1.058061122894287 6.891027927398682 -22.95479393005371
v 0.2591397166252136 13.550108909606934 21.535898208618164
v 0.2591397166252136 15.411458015441895 21.535898208618164
v 0.2591397166252136 14.365960121154785 22.848142623901367
v 0.2591397166252136 13.550108909606934 22.848142623901367
v 0.2591397166252136 13.550108909606934 20.957061767578125
v 0.2591397166252136 15.411458015441895 20.957061767578125
v 0.2591397166252136 14.490799903869629 20.5030574798584
v 0.2591397166252136 13.550108909606934 20.5030574798584
v -0.2591397762298584 13.550108909606934 20.957061767578125
v -0.2591397762298584 15.411458015441895 20.957061767578125
v -0.2591397762298584 14.490799903869629 20.5030574798584
v -0.2591397762298584 13.550108909606934 20.5030574798584
v -0.2591397762298584 13.550108909606934 21.535898208618164
v -0.2591397762298584 15.411458015441895 21.535898208618164
v -0.2591397762298584 14.365960121154785 22.848142623901367
v -0.2591397762298584 13.550108909606934 22.848142623901367
v -3.6505710454548534e-8 6.258866310119629 -24.999998092651367
v -3.6505710454548534e-8 5.0160393714904785 -23.2027645111084
v -3.6505710454548534e-8 5.385175704956055 -24.999998092651367
v -3.6505710454548534e-8 6.814382076263428 -23.2027645111084
v -3.6505710454548534e-8 4.965108394622803 -22.95479393005371
v -3.6505710454548534e-8 6.891027927398682 -22.95479393005371
v -0.3448842465877533 15.366981506347656 -14.448498725891113
v -0.3448842465877533 14.898123741149902 -16.121078491210938
v -0.3448842465877533 15.366981506347656 -16.121078491210938
v -0.3448842465877533 14.898123741149902 -14.448498725891113
v 0.34488415718078613 15.366981506347656 -14.448498725891113
v 0.34488415718078613 15.366981506347656 -16.121078491210938
v 0.34488415718078613 14.898123741149902 -16.121078491210938
v 0.34488415718078613 14.898123741149902 -14.448498725891113
v -2.599487781524658 8.506786346435547 1.701957106590271
v -2.599487781524658 8.506784439086914 19.287832260131836
v -3.015704393386841 8.73796272277832 1.701957106590271
v -3.015704393386841 8.737959861755371 19.287832260131836
v -2.599487781524658 8.506786346435547 -2.493424892425537
v -3.015704393386841 8.73796272277832 1.701957106590271
v -3.015704393386841 8.737964630126953 -2.531973123550415
v -2.599487781524658 8.506786346435547 1.701957106590271
v -2.599487781524658 8.506791114807129 -21.52542495727539
v -3.015704393386841 8.737964630126953 -2.531973123550415
v -3.015704393386841 8.737966537475586 -21.621572494506836
v -2.599487781524658 8.506786346435547 -2.493424892425537
v 2.599487781524658 8.506784439086914 19.287832260131836
v 2.599487781524658 8.506786346435547 1.701957106590271
v 3.015704393386841 8.73796272277832 1.701957106590271
v 3.015704393386841 8.73796272277832 1.701957106590271
v 3.015704393386841 8.737959861755371 19.287832260131836
v 2.599487781524658 8.506784439086914 19.287832260131836
v 2.599487781524658 8.506786346435547 -2.493424892425537
v 3.015704393386841 8.73796272277832 1.701957106590271
v 2.599487781524658 8.506786346435547 1.701957106590271
v 3.015704393386841 8.73796272277832 1.701957106590271
v 2.599487781524658 8.506786346435547 -2.493424892425537
v 3.015704393386841 8.737964630126953 -2.531973123550415
v 2.599487781524658 8.506791114807129 -21.52542495727539
v 3.015704393386841 8.737964630126953 -2.531973123550415
v 2.599487781524658 8.506786346435547 -2.493424892425537
v 3.015704393386841 8.737964630126953 -2.531973123550415
v 2.599487781524658 8.506791114807129 -21.52542495727539
v 3.015704393386841 8.737966537475586 -21.621572494506836
v -1.0580612421035767 6.891027927398682 -17.989351272583008
v -1.0580612421035767 8.737966537475586 -21.621572494506836
v -1.0580612421035767 8.737966537475586 -17.98935317993164
v -1.0580612421035767 6.891027927398682 -22.95479393005371
v 1.058061122894287 8.737966537475586 -21.621572494506836
v 1.058061122894287 6.891027927398682 -17.989351272583008
v 1.058061122894287 8.737966537475586 -17.98935317993164
v 1.058061122894287 6.891027927398682 -22.95479393005371
v -1.0580612421035767 8.737966537475586 -17.989351272583008
v -1.0580612421035767 11.866540908813477 -20.126386642456055
v -1.0580612421035767 11.866539001464844 -17.989351272583008
v -1.0580612421035767 8.737966537475586 -21.621572494506836
v -1.0580612421035767 11.866539001464844 -17.989351272583008
v -1.0580612421035767 11.866540908813477 -20.126386642456055
v -1.0580612421035767 12.37320613861084 -19.611318588256836
v -1.0580612421035767 13.96871280670166 -17.989351272583008
v 1.058061122894287 11.866540908813477 -20.126386642456055
v 1.058061122894287 8.737966537475586 -17.989351272583008
v 1.058061122894287 11.866539001464844 -17.989351272583008
v 1.058061122894287 8.737966537475586 -21.621572494506836
v 1.058061122894287 11.866540908813477 -20.126386642456055
v 1.058061122894287 11.866539001464844 -17.989351272583008
v 1.058061122894287 12.37320613861084 -19.611318588256836
v 1.058061122894287 13.96871280670166 -17.989351272583008
v -3.4618561267852783 1.7715706825256348 -11.759925842285156
v -2.6292495727539062 -11.585673332214355 -14.53690242767334
v -2.6292495727539062 1.7715728282928467 -11.759925842285156
v -3.4618561267852783 -11.585673332214355 -14.536901473999023
v -3.4618561267852783 3.026214361190796 -11.53258228302002
v -2.6292495727539062 -15.248477935791016 -14.536901473999023
v -2.6292495727539062 3.026214361190796 -11.53258228302002
v -3.4618561267852783 -15.248477935791016 -14.53690242767334
v -2.6292495727539062 4.859574317932129 -10.343875885009766
v -2.6292495727539062 -15.254825592041016 -23.007246017456055
v -3.4618561267852783 4.859574317932129 -10.343875885009766
v -3.4618561267852783 -15.254825592041016 -23.007246017456055
v -2.6292495727539062 7.607810974121094 -9.827855110168457
v -3.4618561267852783 -11.585673332214355 -23.007246017456055
v -3.4618561267852783 7.607810974121094 -9.827855110168457
v -2.6292495727539062 -11.585673332214355 -23.007246017456055
v -2.6292495727539062 8.434874534606934 -10.514079093933105
v -2.6292495727539062 1.117223858833313 -18.396709442138672
v -3.4618561267852783 8.434874534606934 -10.514079093933105
v -3.4618561267852783 1.117223858833313 -18.396709442138672
v -3.4618561267852783 8.434876441955566 -19.294294357299805
v -3.4618561267852783 3.1806697845458984 -18.66192054748535
v -2.6292495727539062 8.434874534606934 -19.856306076049805
v -2.6292495727539062 3.1806697845458984 -18.66192054748535
v -3.4618561267852783 8.402074813842773 -21.340497970581055
v -3.4618561267852783 4.891852855682373 -19.916738510131836
v -2.6292495727539062 8.402074813842773 -21.211400985717773
v -2.6292495727539062 4.891852855682373 -19.916738510131836
v -2.6292495727539062 5.256144046783447 -21.311931610107422
v -3.4618561267852783 5.256144046783447 -21.311931610107422
v 2.6292495727539062 1.7715728282928467 -11.759925842285156
v 2.6292495727539062 -11.585673332214355 -14.53690242767334
v 3.4618561267852783 1.7715706825256348 -11.759925842285156
v 3.4618561267852783 -11.585673332214355 -14.536901473999023
v 3.4618561267852783 3.026214361190796 -11.53258228302002
v 2.6292495727539062 -15.248477935791016 -14.536901473999023
v 2.6292495727539062 3.026214361190796 -11.53258228302002
v 3.4618561267852783 -15.248477935791016 -14.53690242767334
v 2.6292495727539062 4.859574317932129 -10.343875885009766
v 2.6292495727539062 -15.254825592041016 -23.007246017456055
v 3.4618561267852783 4.859574317932129 -10.343875885009766
v 3.4618561267852783 -15.254825592041016 -23.007246017456055
v 2.6292495727539062 7.607810974121094 -9.827855110168457
v 3.4618561267852783 -11.585673332214355 -23.007246017456055
v 3.4618561267852783 7.607810974121094 -9.827855110168457
v 2.6292495727539062 -11.585673332214355 -23.007246017456055
v 2.6292495727539062 8.434874534606934 -10.514079093933105
v 2.6292495727539062 1.117223858833313 -18.396709442138672
v 3.4618561267852783 8.434874534606934 -10.514079093933105
v 3.4618561267852783 1.117223858833313 -18.396709442138672
v 3.4618561267852783 8.434876441955566 -19.294294357299805
v 3.4618561267852783 3.1806697845458984 -18.66192054748535
v 2.6292495727539062 8.434874534606934 -19.856306076049805
v 2.6292495727539062 3.1806697845458984 -18.66192054748535
v 3.4618561267852783 8.402074813842773 -21.340497970581055
v 3.4618561267852783 4.891852855682373 -19.916738510131836
v 2.6292495727539062 8.402074813842773 -21.211400985717773
v 2.6292495727539062 4.891852855682373 -19.916738510131836
v 2.6292495727539062 5.256144046783447 -21.311931610107422
v 3.4618561267852783 5.256144046783447 -21.311931610107422
v -1.341031551361084 -1.1537277698516846 2.00034761428833
v 1.341031551361084 -1.1537277698516846 2.00034761428833
v 1.341031551361084 -1.727315902709961 0.11387579143047333
v -1.341031551361084 -0.347783625125885 2.659870147705078
v 1.341031551361084 -0.347783625125885 2.659870147705078
v -1.341031551361084 0.9592567086219788 2.8240277767181396
v 1.341031551361084 0.9592567086219788 2.8240277767181396
v -1.341031551361084 2.831373929977417 2.5533254146575928
v 1.341031551361084 2.831373929977417 2.5533254146575928
v -1.3410316705703735 4.755763530731201 0.40073129534721375
v 1.3410316705703735 4.755763530731201 0.40073129534721375
v -0.9225436449050903 7.319626808166504 -17.5760440826416
v 0.9225442409515381 6.8168768882751465 -19.476024627685547
v 0.9225454330444336 7.319626808166504 -17.5760440826416
v -0.9225448369979858 6.8168768882751465 -19.476024627685547
v -0.9045025110244751 13.109045028686523 25
v -0.5281081199645996 13.485440254211426 23.2473087310791
v -0.5281081199645996 13.485440254211426 25
v -0.013943744823336601 13.623209953308105 25
v -0.9045025110244751 13.109045028686523 23.2473087310791
v -0.013943744823336601 13.623209953308105 23.2473087310791
v -1.0422724485397339 12.59488296508789 24.999996185302734
v 0.5002205967903137 13.485440254211426 25
v -1.0422724485397339 12.59488296508789 23.2473087310791
v 0.5002205967903137 13.485440254211426 23.2473087310791
v -0.9045025110244751 12.080718040466309 24.999996185302734
v 0.876615047454834 13.109045028686523 25
v -0.9045025110244751 12.080718040466309 23.2473087310791
v 0.876615047454834 13.109045028686523 23.2473087310791
v -0.5281081199645996 11.704322814941406 24.999996185302734
v 1.0143849849700928 12.59488296508789 24.999996185302734
v -0.5281081199645996 11.704322814941406 23.2473087310791
v -0.013943744823336601 11.566553115844727 23.2473087310791
v -0.013943744823336601 11.566553115844727 24.999996185302734
v 1.0143849849700928 12.59488296508789 23.2473087310791
v 0.876615047454834 12.080718040466309 24.999996185302734
v 0.876615047454834 12.080718040466309 23.2473087310791
v 0.5002205967903137 11.704322814941406 24.999996185302734
v 0.5002205967903137 11.704322814941406 23.2473087310791
v -0.013943744823336601 11.566553115844727 24.999996185302734
v -0.013943744823336601 11.566553115844727 23.2473087310791
v -0.2591397762298584 13.550108909606934 20.5030574798584
v 0.2591397166252136 13.550108909606934 20.5030574798584
v 0.2591397166252136 13.550108909606934 20.957061767578125
v -0.2591397762298584 13.550108909606934 20.957061767578125
v 0.2591397166252136 13.550108909606934 21.535898208618164
v -0.2591397762298584 13.550108909606934 21.535898208618164
v 0.2591397166252136 13.550108909606934 22.848142623901367
v -0.2591397762298584 13.550108909606934 22.848142623901367
v -0.6999136805534363 13.71660041809082 -16.121078491210938
v -0.6999136805534363 13.71660041809082 -14.448498725891113
v -1.172828197479248 13.71660041809082 -16.121078491210938
v -1.172828197479248 13.71660041809082 -14.448498725891113
v -0.23330457508563995 13.71660041809082 -14.448498725891113
v -0.23330457508563995 13.71660041809082 -16.121078491210938
v 0.23330450057983398 13.71660041809082 -14.448498725891113
v 0.23330450057983398 13.71660041809082 -16.121078491210938
v 0.6999136209487915 13.71660041809082 -14.448498725891113
v 0.6999136209487915 13.71660041809082 -16.121078491210938
v 1.172828197479248 13.71660041809082 -14.448498725891113
v 1.172828197479248 13.71660041809082 -16.121078491210938
v -1.341031551361084 -1.1537277698516846 2.00034761428833
v 1.341031551361084 -1.727315902709961 0.11387579143047333
v -1.341031551361084 -1.727315902709961 0.11387579143047333
v 1.341031551361084 -2.1094791889190674 -3.2860825061798096
v -1.341031551361084 -2.1094791889190674 -3.2860825061798096
v 1.341031551361084 -1.589297890663147 -9.252082824707031
v -1.341031551361084 -1.589297890663147 -9.252082824707031
v -1.341031551361084 -1.9991909265518188 -6.4376091957092285
v 1.341031551361084 0.5793994069099426 -10.582109451293945
v -1.341031551361084 0.5793994069099426 -10.582109451293945
v 1.341031551361084 -1.9991909265518188 -6.4376091957092285
v -1.341031551361084 -2.1094791889190674 -3.2860825061798096
v 1.341031551361084 -2.1094791889190674 -3.2860825061798096
v -0.6999136805534363 15.366981506347656 -14.448498725891113
v -1.172828197479248 14.457131385803223 -14.448498725891113
v -0.6999136805534363 14.898123741149902 -14.448498725891113
v -1.172828197479248 14.059133529663086 -14.448498725891113
v -0.6999136805534363 13.71660041809082 -14.448498725891113
v -1.172828197479248 13.71660041809082 -14.448498725891113
v -0.3448842465877533 14.898123741149902 -14.448498725891113
v -0.3448842465877533 15.366981506347656 -14.448498725891113
v -0.23330457508563995 13.71660041809082 -14.448498725891113
v 0.23330450057983398 13.71660041809082 -14.448498725891113
v 0.34488415718078613 14.898123741149902 -14.448498725891113
v 0.6999136209487915 13.71660041809082 -14.448498725891113
v 0.6999136209487915 14.898123741149902 -14.448498725891113
v 0.34488415718078613 15.366981506347656 -14.448498725891113
v 0.6999136209487915 15.366981506347656 -14.448498725891113
v 1.172828197479248 14.457131385803223 -14.448498725891113
v 1.172828197479248 14.059133529663086 -14.448498725891113
v 1.172828197479248 13.71660041809082 -14.448498725891113
v -0.2591397762298584 15.411458015441895 20.957061767578125
v 0.2591397166252136 15.411458015441895 20.957061767578125
v 0.2591397166252136 14.490799903869629 20.5030574798584
v -0.2591397762298584 14.490799903869629 20.5030574798584
v 0.2591397166252136 14.490799903869629 20.5030574798584
v -0.2591397762298584 13.550108909606934 20.5030574798584
v -0.2591397762298584 14.490799903869629 20.5030574798584
v 0.2591397166252136 13.550108909606934 20.5030574798584

vn 0.0004885197849944234 -0.0004885197849944234 1
vn 0.0004885197849944234 -0.0004885197849944234 1
vn 0.0004885197849944234 -0.0004885197849944234 1
vn 0.0004885197849944234 -0.0004885197849944234 1
vn 0.0004885197849944234 -0.0004885197849944234 1
vn 0.0004885197849944234 -0.0004885197849944234 1
vn 0.0004885197849944234 -0.0004885197849944234 1
vn 0.0004885197849944234 -0.0004885197849944234 1
vn 0.0004885197849944234 -0.0004885197849944234 1
vn 0.0004885197849944234 -0.0004885197849944234 1
vn 0.0004885197849944234 -0.0004885197849944234 1
vn 0.0004885197849944234 -0.0004885197849944234 1
vn 0.0004885197849944234 -0.0004885197849944234 1
vn 0.0004885197849944234 -0.0004885197849944234 1
vn 0.0004885197849944234 -0.0004885197849944234 1
vn 0.0004885197849944234 -0.0004885197849944234 1
vn 0.0004885197849944234 -0.0004885197849944234 1
vn 0.0004885197849944234 -0.0004885197849944234 1
vn 0.0004885197849944234 -0.0004885197849944234 1
vn 0.0004885197849944234 -0.0004885197849944234 1
vn 0.0004885197849944234 -0.0004885197849944234 1
vn 0.0004885197849944234 -0.0004885197849944234 1
vn 0.0004885197849944234 -0.0004885197849944234 1
vn 0.0004885197849944234 -0.0004885197849944234 1
vn 0.0004885197849944234 -0.0004885197849944234 1
vn 0.0004885197849944234 -0.0004885197849944234 1
vn 0.0004885197849944234 -0.0004885197849944234 1
vn 0.0004885197849944234 -0.0004885197849944234 1
vn 0.0004885197849944234 -0.0004885197849944234 1
vn 0.0004885197849944234 -0.0004885197849944234 1
vn -0.0004885197849944234 -0.0004885197849944234 1
vn -0.0004885197849944234 -0.0004885197849944234 1
vn -0.0004885197849944234 -0.0004885197849944234 1
vn -0.0004885197849944234 -0.0004885197849944234 1
vn 0.0004885197849944234 -0.0004885197849944234 1
vn 0.0004885197849944234 -0.0004885197849944234 1
vn 0.0004885197849944234 -0.0004885197849944234 1
vn 0.0004885197849944234 -0.0004885197849944234 1
vn 0.0004885197849944234 -0.0004885197849944234 1
vn 0.0004885197849944234 -0.0004885197849944234 1
vn 0.0004885197849944234 -0.0004885197849944234 1
vn 0.0004885197849944234 -0.0004885197849944234 1
vn 0.0004885197849944234 -0.0004885197849944234 1
vn 0.0004885197849944234 -0.0004885197849944234 1
vn 0.0004885197849944234 -0.0004885197849944234 1
vn 0.0004885197849944234 -0.0004885197849944234 1
vn 0.0004885197849944234 -0.0004885197849944234 1
vn 0.0004885197849944234 -0.0004885197849944234 1
vn 0.0004885197849944234 -0.0004885197849944234 1
vn 0.0004885197849944234 -0.0004885197849944234 1
vn 0.0004885197849944234 -0.0004885197849944234 1
vn 0.0004885197849944234 -0.0004885197849944234 1
vn 0.0004885197849944234 -0.0004885197849944234 1
vn 0.0004885197849944234 -0.0004885197849944234 1
vn 0.0004885197849944234 -0.0004885197849944234 1
vn 0.0004885197849944234 -0.0004885197849944234 1
vn 0.0004885197849944234 -0.0004885197849944234 1
vn 0.0004885197849944234 -0.0004885197849944234 1
vn 0.0004885197849944234 0.0004885197849944234 1
vn 0.0004885197849944234 0.0004885197849944234 1
vn 0.0004885197849944234 0.0004885197849944234 1
vn 0.0004885197849944234 0.0004885197849944234 1
vn 0.0004885197849944234 -0.0004885197849944234 1
vn 0.0004885197849944234 -0.0004885197849944234 1
vn 0.0004885197849944234 -0.0004885197849944234 1
vn 0.0004885197849944234 -0.0004885197849944234 1
vn 0.0004885197849944234 -0.0004885197849944234 1
vn 0.0004885197849944234 -0.0004885197849944234 1
vn 0.0004885197849944234 -0.0004885197849944234 1
vn 0.0004885197849944234 -0.0004885197849944234 1
vn 0.0004885197849944234 -0.0004885197849944234 1
vn 0.0004885197849944234 -0.0004885197849944234 1
vn 0.0004885197849944234 -0.0004885197849944234 1
vn 0.0004885197849944234 -0.0004885197849944234 1
vn 0.0004885197849944234 -0.0004885197849944234 1
vn 0.0004885197849944234 -0.0004885197849944234 1
vn 0.0004885197849944234 -0.0004885197849944234 1
vn 0.0004885197849944234 -0.0004885197849944234 1
vn 0.0004885197849944234 0.0004885197849944234 1
vn 0.0004885197849944234 0.0004885197849944234 1
vn 0.0004885197849944234 0.0004885197849944234 1
vn 0.0004885197849944234 0.0004885197849944234 1
vn 0.0004885197849944234 -0.0004885197849944234 1
vn 0.0004885197849944234 -0.0004885197849944234 1
vn 0.0004885197849944234 -0.0004885197849944234 1
vn 0.0004885197849944234 -0.0004885197849944234 1
vn 0.0004885197849944234 -0.0004885197849944234 1
vn 0.0004885197849944234 -0.0004885197849944234 1
vn 0.0004885197849944234 -0.0004885197849944234 1
vn 0.0004885197849944234 -0.0004885197849944234 1
vn 0.0004885197849944234 -0.0004885197849944234 1
vn 0.0004885197849944234 -0.0004885197849944234 1
vn 0.0004885197849944234 -0.0004885197849944234 1
vn 0.0004885197849944234 -0.0004885197849944234 1
vn 0.0004885197849944234 -0.0004885197849944234 1
vn 0.0004885197849944234 -0.0004885197849944234 1
vn 0.0004885197849944234 -0.0004885197849944234 1
vn 0.0004885197849944234 -0.0004885197849944234 1
vn 0.0004885197849944234 -0.0004885197849944234 1
vn 0.0004885197849944234 -0.0004885197849944234 1
vn 0.0004885197849944234 -0.0004885197849944234 1
vn 0.0004885197849944234 -0.0004885197849944234 1
vn 0.0004885197849944234 0.7821201682090759 0.622862696647644
vn 0.0004885197849944234 0.7821201682090759 0.622862696647644
vn 0.0004885197849944234 0.7821201682090759 0.622862696647644
vn 0.0004885197849944234 0.7821201682090759 0.622862696647644
vn 0.0004885197849944234 -0.0004885197849944234 1
vn 0.0004885197849944234 -0.0004885197849944234 1
vn 0.0004885197849944234 -0.0004885197849944234 1
vn 0.0004885197849944234 -0.0004885197849944234 1
vn 0.0004885197849944234 -0.0004885197849944234 1
vn 0.0004885197849944234 -0.0004885197849944234 1
vn 0.0004885197849944234 -0.0004885197849944234 1
vn 0.0004885197849944234 -0.0004885197849944234 1
vn 0.0004885197849944234 -0.0004885197849944234 1
vn 0.0004885197849944234 -0.0004885197849944234 1
vn 0.0004885197849944234 -0.0004885197849944234 1
vn 0.0004885197849944234 -0.0004885197849944234 1
vn 0.0004885197849944234 0.0004885197849944234 -1
vn 0.0004885197849944234 0.0004885197849944234 -1
vn 0.0004885197849944234 0.0004885197849944234 -1
vn 0.0004885197849944234 0.0004885197849944234 -1
vn 0.0004885197849944234 0.0004885197849944234 -1
vn 0.0004885197849944234 0.0004885197849944234 -1
vn 0.0004885197849944234 0.0004885197849944234 -1
vn 0.0004885197849944234 0.0004885197849944234 -1
vn 0.0004885197849944234 -1 -0.0004885197849944234
vn 0.0004885197849944234 -1 -0.0004885197849944234
vn 0.0004885197849944234 -1 -0.0004885197849944234
vn 0.0004885197849944234 -1 -0.0004885197849944234
vn 0.0004885197849944234 -1 -0.0004885197849944234
vn 0.0004885197849944234 -1 -0.0004885197849944234
vn 0.0004885197849944234 -1 -0.0004885197849944234
vn 0.0004885197849944234 -1 -0.0004885197849944234
vn 0.0004885197849944234 -1 -0.0004885197849944234
vn 0.0004885197849944234 -1 -0.0004885197849944234
vn 0.0004885197849944234 -1 -0.0004885197849944234
vn 0.0004885197849944234 -1 -0.0004885197849944234
vn 0.0004885197849944234 -1 -0.0004885197849944234
vn 0.0004885197849944234 -1 -0.0004885197849944234
vn -0.0004885197849944234 -1 -0.0004885197849944234
vn -0.0004885197849944234 -1 -0.0004885197849944234
vn -0.0004885197849944234 -1 -0.0004885197849944234
vn -0.0004885197849944234 -1 -0.0004885197849944234
vn -0.0004885197849944234 -1 -0.0004885197849944234
vn -0.0004885197849944234 -1 -0.0004885197849944234
vn 0.0004885197849944234 -1 -0.0004885197849944234
vn 0.0004885197849944234 -1 -0.0004885197849944234
vn 0.0004885197849944234 -1 -0.0004885197849944234
vn 0.0004885197849944234 -1 -0.0004885197849944234
vn 0.0004885197849944234 -1 -0.0004885197849944234
vn 0.0004885197849944234 -1 -0.0004885197849944234
vn -0.4255007207393646 0.0004885197849944234 -0.9052271842956543
vn -0.4255007207393646 0.0004885197849944234 -0.9052271842956543
vn -0.4255007207393646 0.0004885197849944234 -0.9052271842956543
vn -0.4255007207393646 0.0004885197849944234 -0.9052271842956543
vn 0.4255007207393646 0.0004885197849944234 -0.9052271842956543
vn 0.4255007207393646 0.0004885197849944234 -0.9052271842956543
vn 0.4255007207393646 0.0004885197849944234 -0.9052271842956543
vn 0.4255007207393646 0.0004885197849944234 -0.9052271842956543
vn 0.0004885197849944234 0.0004885197849944234 -1
vn -0.294577419757843 0.1626770943403244 -0.9413776397705078
vn 0.0004885197849944234 0.17537860572338104 -0.9843673706054688
vn 0.0004885197849944234 0.10503175109624863 -0.9941377639770508
vn -0.30727893114089966 0.0004885197849944234 -0.9511480331420898
vn -0.5876892805099487 0.15290668606758118 -0.7948216795921326
vn -0.5945285558700562 0.0004885197849944234 -0.8036150336265564
vn -0.3219345510005951 0.10503175109624863 -0.9404006004333496
vn 0.0004885197849944234 -0.3825109899044037 -0.9237909317016602
vn -0.5925744771957397 0.07767464220523834 -0.80166095495224
vn -0.30141669511795044 -0.3834880292415619 -0.8729848265647888
vn -0.5691255331039429 -0.2887151837348938 -0.7694186568260193
vn -0.42940887808799744 -0.6873473525047302 -0.5847581624984741
vn -0.16853933036327362 -0.8397654891014099 -0.5153883695602417
vn 0.0004885197849944234 -0.8172935843467712 -0.5769418478012085
vn -0.19785051047801971 -0.9511480331420898 -0.23693209886550903
vn -0.10014655441045761 -0.9638495445251465 -0.24670249223709106
vn 0.0004885197849944234 -0.9687347412109375 -0.24963361024856567
vn -0.09916951507329941 -0.9745969772338867 -0.19980458915233612
vn -0.1968734711408615 -0.9599413871765137 -0.1968734711408615
vn -0.1968734711408615 -0.9599413871765137 -0.1968734711408615
vn 0.0004885197849944234 -0.9794821739196777 -0.20078162848949432
vn -0.08255984634160995 -0.9765510559082031 -0.20078162848949432
vn 0.0004885197849944234 -0.9794821739196777 -0.20078162848949432
vn 0.0004885197849944234 0.0004885197849944234 -1
vn 0.0004885197849944234 0.17537860572338104 -0.9843673706054688
vn 0.294577419757843 0.1626770943403244 -0.9413776397705078
vn 0.0004885197849944234 0.10503175109624863 -0.9941377639770508
vn 0.30727893114089966 0.0004885197849944234 -0.9511480331420898
vn 0.5876892805099487 0.15290668606758118 -0.7948216795921326
vn 0.5945285558700562 0.0004885197849944234 -0.8036150336265564
vn 0.3219345510005951 0.10503175109624863 -0.9404006004333496
vn 0.0004885197849944234 -0.3825109899044037 -0.9237909317016602
vn 0.5925744771957397 0.07767464220523834 -0.80166095495224
vn 0.30141669511795044 -0.3834880292415619 -0.8729848265647888
vn 0.5691255331039429 -0.2887151837348938 -0.7694186568260193
vn 0.42940887808799744 -0.6873473525047302 -0.5847581624984741
vn 0.16853933036327362 -0.8397654891014099 -0.5153883695602417
vn 0.0004885197849944234 -0.8172935843467712 -0.5769418478012085
vn 0.19785051047801971 -0.9511480331420898 -0.23693209886550903
vn 0.10014655441045761 -0.9638495445251465 -0.24670249223709106
vn 0.0004885197849944234 -0.9687347412109375 -0.24963361024856567
vn 0.09916951507329941 -0.9745969772338867 -0.19980458915233612
vn 0.1968734711408615 -0.9599413871765137 -0.1968734711408615
vn 0.1968734711408615 -0.9599413871765137 -0.1968734711408615
vn 0.0004885197849944234 -0.9794821739196777 -0.20078162848949432
vn 0.08255984634160995 -0.9765510559082031 -0.20078162848949432
vn 0.0004885197849944234 -0.9794821739196777 -0.20078162848949432
vn -0.004396677948534489 0.5534929037094116 -0.8329262137413025
vn -0.0004885197849944234 0.43136295676231384 -0.9022960662841797
vn -0.0004885197849944234 0.43136295676231384 -0.9022960662841797
vn -0.006350757088512182 0.593551516532898 -0.8045920729637146
vn -0.017098192125558853 0.7244748473167419 -0.6893014311790466
vn -0.018075231462717056 0.7234978079795837 -0.6902784705162048
vn -0.021006351336836815 0.7107962965965271 -0.7029799818992615
vn -0.012212994508445263 0.7156814932823181 -0.6980947852134705
vn 0.0004885197849944234 0.7186126112937927 -0.6951636672019958
vn 0.0004885197849944234 0.7186126112937927 -0.6951636672019958
vn 0.004396677948534489 0.5534929037094116 -0.8329262137413025
vn 0.0004885197849944234 0.43136295676231384 -0.9022960662841797
vn 0.006350757088512182 0.593551516532898 -0.8045920729637146
vn 0.0004885197849944234 0.43136295676231384 -0.9022960662841797
vn 0.017098192125558853 0.7244748473167419 -0.6893014311790466
vn 0.018075231462717056 0.7234978079795837 -0.6902784705162048
vn 0.021006351336836815 0.7107962965965271 -0.7029799818992615
vn 0.012212994508445263 0.7156814932823181 -0.6980947852134705
vn 0.0004885197849944234 0.7186126112937927 -0.6951636672019958
vn 0.0004885197849944234 0.7186126112937927 -0.6951636672019958
vn 0.0004885197849944234 -0.0004885197849944234 -1
vn 0.0004885197849944234 -0.0004885197849944234 -1
vn 0.0004885197849944234 -0.0004885197849944234 -1
vn 0.0004885197849944234 -0.0004885197849944234 -1
vn 0.0004885197849944234 -0.0004885197849944234 -1
vn 0.0004885197849944234 -0.0004885197849944234 -1
vn 0.0004885197849944234 -0.0004885197849944234 -1
vn 0.0004885197849944234 -0.0004885197849944234 -1
vn 0.0004885197849944234 0.0004885197849944234 -1
vn 0.0004885197849944234 0.0004885197849944234 -1
vn 0.0004885197849944234 0.0004885197849944234 -1
vn 0.0004885197849944234 0.0004885197849944234 -1
vn 0.0004885197849944234 0.0004885197849944234 -1
vn 0.0004885197849944234 0.0004885197849944234 -1
vn 0.0004885197849944234 0.0004885197849944234 -1
vn 0.0004885197849944234 0.0004885197849944234 -1
vn -0.0004885197849944234 0.0004885197849944234 -1
vn -0.0004885197849944234 0.0004885197849944234 -1
vn -0.0004885197849944234 0.0004885197849944234 -1
vn -0.0004885197849944234 0.0004885197849944234 -1
vn -0.0004885197849944234 0.0004885197849944234 -1
vn -0.0004885197849944234 0.0004885197849944234 -1
vn -0.0004885197849944234 0.0004885197849944234 -1
vn -0.0004885197849944234 0.0004885197849944234 -1
vn 0.0004885197849944234 0.0004885197849944234 -1
vn 0.0004885197849944234 0.0004885197849944234 -1
vn 0.0004885197849944234 0.0004885197849944234 -1
vn 0.0004885197849944234 0.0004885197849944234 -1
vn 0.0004885197849944234 0.0004885197849944234 -1
vn 0.0004885197849944234 0.0004885197849944234 -1
vn 0.0004885197849944234 0.0004885197849944234 -1
vn 0.0004885197849944234 0.0004885197849944234 -1
vn 0.0004885197849944234 0.0004885197849944234 -1
vn 0.0004885197849944234 0.0004885197849944234 -1
vn 0.0004885197849944234 0.0004885197849944234 -1
vn 0.0004885197849944234 0.0004885197849944234 -1
vn 0.0004885197849944234 0.0004885197849944234 -1
vn 0.0004885197849944234 0.0004885197849944234 -1
vn 0.0004885197849944234 0.0004885197849944234 -1
vn 0.0004885197849944234 0.0004885197849944234 -1
vn 0.0004885197849944234 0.0004885197849944234 -1
vn 0.0004885197849944234 0.0004885197849944234 -1
vn 0.0004885197849944234 0.9550561904907227 -0.2955544590950012
vn 0.0004885197849944234 0.9550561904907227 -0.2955544590950012
vn 0.0024425990413874388 0.9550561904907227 -0.2965314984321594
vn 0.0014655593549832702 0.9550561904907227 -0.2965314984321594
vn 0.004396677948534489 0.9550561904907227 -0.2975085377693176
vn 0.005373717751353979 0.9550561904907227 -0.2975085377693176
vn 0.008304836228489876 0.816316545009613 -0.5779188871383667
vn 0.005373717751353979 0.8720077872276306 -0.4899853467941284
vn 0.0004885197849944234 0.9550561904907227 -0.2955544590950012
vn 0.008304836228489876 0.5915974378585815 -0.806546151638031
vn 0.008304836228489876 0.5915974378585815 -0.806546151638031
vn 0.0004885197849944234 0.9550561904907227 -0.2955544590950012
vn 0.0004885197849944234 0.9550561904907227 -0.2955544590950012
vn -0.0024425990413874388 0.9550561904907227 -0.2965314984321594
vn -0.0014655593549832702 0.9550561904907227 -0.2965314984321594
vn -0.004396677948534489 0.9550561904907227 -0.2975085377693176
vn -0.005373717751353979 0.9550561904907227 -0.2975085377693176
vn -0.008304836228489876 0.816316545009613 -0.5779188871383667
vn -0.005373717751353979 0.8720077872276306 -0.4899853467941284
vn 0.0004885197849944234 0.9550561904907227 -0.2955544590950012
vn -0.008304836228489876 0.5915974378585815 -0.806546151638031
vn -0.008304836228489876 0.5915974378585815 -0.806546151638031
vn 0.0004885197849944234 0.0004885197849944234 -1
vn 0.0004885197849944234 0.0004885197849944234 -1
vn 0.0004885197849944234 0.0004885197849944234 -1
vn 0.0004885197849944234 0.0004885197849944234 -1
vn 0.0004885197849944234 0.0004885197849944234 -1
vn 0.0004885197849944234 0.0004885197849944234 -1
vn 0.0004885197849944234 0.0004885197849944234 -1
vn 0.0004885197849944234 0.0004885197849944234 -1
vn 0.0004885197849944234 0.0004885197849944234 -1
vn 0.0004885197849944234 0.0004885197849944234 -1
vn 0.0004885197849944234 0.0004885197849944234 -1
vn 0.0004885197849944234 0.0004885197849944234 -1
vn 0.0004885197849944234 1 0.0004885197849944234
vn 0.0004885197849944234 1 0.0004885197849944234
vn 0.0004885197849944234 1 0.0004885197849944234
vn 0.0004885197849944234 1 0.0004885197849944234
vn 0.0004885197849944234 1 0.0004885197849944234
vn 0.0004885197849944234 1 0.0004885197849944234
vn 0.0004885197849944234 1 0.0004885197849944234
vn 0.0004885197849944234 1 0.0004885197849944234
vn 0.0004885197849944234 1 0.0004885197849944234
vn 0.0004885197849944234 1 0.0004885197849944234
vn 0.0004885197849944234 1 0.0004885197849944234
vn 0.0004885197849944234 1 0.0004885197849944234
vn 0.0004885197849944234 -1 0.01612115278840065
vn 0.0004885197849944234 -0.9970688819885254 -0.07376648485660553
vn 0.0004885197849944234 -1 0.01612115278840065
vn 0.0004885197849944234 -0.8456277251243591 0.5349291563034058
vn 0.0004885197849944234 -0.8456277251243591 0.5349291563034058
vn 0.0004885197849944234 -0.9970688819885254 -0.07376648485660553
vn 0.0004885197849944234 -1 0.021983390673995018
vn 0.0004885197849944234 -1 0.021983390673995018
vn 0.0004885197849944234 -0.985344409942627 0.17342452704906464
vn 0.0004885197849944234 -0.985344409942627 0.17342452704906464
vn 0.0004885197849944234 -0.9501709938049316 0.31314119696617126
vn 0.0004885197849944234 -0.9501709938049316 0.31314119696617126
vn 0.0004885197849944234 -0.9501709938049316 0.31314119696617126
vn 0.0004885197849944234 -0.9501709938049316 0.31314119696617126
vn -0.0004885197849944234 0.007327796891331673 -1
vn -0.0004885197849944234 -0.8925256729125977 -0.4499267339706421
vn -0.0004885197849944234 -0.8925256729125977 -0.4499267339706421
vn -0.0004885197849944234 0.007327796891331673 -1
vn -0.0004885197849944234 0.7068881392478943 -0.7068881392478943
vn -0.0004885197849944234 0.7068881392478943 -0.7068881392478943
vn 0.0004885197849944234 0.9990229606628418 0.0327308252453804
vn 0.0004885197849944234 0.9990229606628418 0.0327308252453804
vn 0.0004885197849944234 0.9677577018737793 0.2515876889228821
vn 0.0004885197849944234 0.9677577018737793 0.2515876889228821
vn 0.0004885197849944234 0.9990229606628418 -0.04836345836520195
vn 0.0004885197849944234 0.9990229606628418 -0.04836345836520195
vn 0.0004885197849944234 0.7948216795921326 0.6072300672531128
vn 0.0004885197849944234 0.7948216795921326 0.6072300672531128
vn 0.0004885197849944234 -0.5613092184066772 0.8270639777183533
vn 0.0004885197849944234 -0.5613092184066772 0.8270639777183533
vn 0.0004885197849944234 1 0.0004885197849944234
vn 0.0004885197849944234 1 0.0004885197849944234
vn 0.0004885197849944234 1 0.0004885197849944234
vn 0.0004885197849944234 1 0.0004885197849944234
vn 0.0004885197849944234 -0.12164142727851868 0.9921836853027344
vn 0.0004885197849944234 -0.0639960914850235 0.9980459213256836
vn 0.0004885197849944234 -0.12164142727851868 0.9921836853027344
vn 0.0004885197849944234 -0.0639960914850235 0.9980459213256836
vn 0.0004885197849944234 -0.27796775102615356 0.9609184265136719
vn 0.0004885197849944234 -0.27796775102615356 0.9609184265136719
vn 0.0004885197849944234 -0.36980947852134705 0.9286761283874512
vn 0.0004885197849944234 -0.36980947852134705 0.9286761283874512
vn -0.6384953856468201 0.7694186568260193 0.004396677948534489
vn -0.6384953856468201 0.7694186568260193 0.004396677948534489
vn -0.806546151638031 0.5915974378585815 0.0024425990413874388
vn -0.7547630667686462 0.6551050543785095 0.0034196386113762856
vn -0.7997068762779236 0.6013678312301636 -0.0014655593549832702
vn -0.6853932738304138 0.7283830046653748 -0.0014655593549832702
vn -0.0004885197849944234 1 -0.0014655593549832702
vn -0.0004885197849944234 1 -0.0014655593549832702
vn 0.6384953856468201 0.7694186568260193 0.004396677948534489
vn 0.6384953856468201 0.7694186568260193 0.004396677948534489
vn 0.806546151638031 0.5915974378585815 0.0024425990413874388
vn 0.7547630667686462 0.6551050543785095 0.0034196386113762856
vn 0.7997068762779236 0.6013678312301636 -0.0014655593549832702
vn 0.6853932738304138 0.7283830046653748 -0.0014655593549832702
vn -0.0004885197849944234 1 -0.0014655593549832702
vn -0.0004885197849944234 1 -0.0014655593549832702
vn -0.49975574016571045 -0.8661455512046814 -0.0004885197849944234
vn 0.0004885197849944234 -1 -0.0004885197849944234
vn 0.0004885197849944234 -1 -0.0004885197849944234
vn -0.49975574016571045 -0.8661455512046814 -0.0004885197849944234
vn -0.8661455512046814 -0.49975574016571045 -0.0004885197849944234
vn -0.8661455512046814 -0.49975574016571045 -0.0004885197849944234
vn -1 0.0004885197849944234 0.0004885197849944234
vn -1 0.0004885197849944234 0.0004885197849944234
vn -0.8661455512046814 0.49975574016571045 0.0004885197849944234
vn -0.8661455512046814 0.49975574016571045 0.0004885197849944234
vn -0.49975574016571045 0.8661455512046814 0.0004885197849944234
vn -0.49975574016571045 0.8661455512046814 0.0004885197849944234
vn 0.0004885197849944234 1 0.0004885197849944234
vn 0.0004885197849944234 1 0.0004885197849944234
vn 0.49975574016571045 0.8661455512046814 0.0004885197849944234
vn 0.49975574016571045 0.8661455512046814 0.0004885197849944234
vn 0.8661455512046814 0.49975574016571045 0.0004885197849944234
vn 0.8661455512046814 0.49975574016571045 0.0004885197849944234
vn 1 0.0004885197849944234 0.0004885197849944234
vn 1 0.0004885197849944234 0.0004885197849944234
vn 0.8661455512046814 -0.49975574016571045 -0.0004885197849944234
vn 0.8661455512046814 -0.49975574016571045 -0.0004885197849944234
vn 0.49975574016571045 -0.8661455512046814 -0.0004885197849944234
vn 0.49975574016571045 -0.8661455512046814 -0.0004885197849944234
vn 0.0004885197849944234 -1 -0.0004885197849944234
vn 0.0004885197849944234 -1 -0.0004885197849944234
vn -0.8299950957298279 0.5378602743148804 -0.14509037137031555
vn -0.8915486335754395 0.44406449794769287 -0.08646800369024277
vn -0.7459697127342224 0.6629213690757751 -0.07083536684513092
vn -0.6482657790184021 0.7616023421287537 0.0004885197849944234
vn -0.6482657790184021 0.7616023421287537 0.0004885197849944234
vn -0.9189057350158691 0.3834880292415619 -0.08842208236455917
vn -0.8935027122497559 0.4499267339706421 0.0034196386113762856
vn -0.9355154037475586 0.3522227704524994 0.0024425990413874388
vn -0.6091841459274292 0.7928676009178162 0.0024425990413874388
vn -0.5583781003952026 0.8290180563926697 0.0014655593549832702
vn 0.0004885197849944234 1 0.0004885197849944234
vn 0.0004885197849944234 1 0.0004885197849944234
vn 0.8299950957298279 0.5378602743148804 -0.14509037137031555
vn 0.8915486335754395 0.44406449794769287 -0.08646800369024277
vn 0.9189057350158691 0.3834880292415619 -0.08842208236455917
vn 0.7459697127342224 0.6629213690757751 -0.07083536684513092
vn 0.6482657790184021 0.7616023421287537 0.0004885197849944234
vn 0.6482657790184021 0.7616023421287537 0.0004885197849944234
vn 0.8935027122497559 0.4499267339706421 0.0034196386113762856
vn 0.9355154037475586 0.3522227704524994 0.0024425990413874388
vn 0.6091841459274292 0.7928676009178162 0.0024425990413874388
vn 0.5583781003952026 0.8290180563926697 0.0014655593549832702
vn 0.0004885197849944234 1 0.0004885197849944234
vn 0.0004885197849944234 1 0.0004885197849944234
vn 0.0004885197849944234 -0.0004885197849944234 1
vn 0.0004885197849944234 0.46849048137664795 0.8837323188781738
vn 0.0004885197849944234 -0.0004885197849944234 1
vn -0.006350757088512182 0.5740107297897339 0.8192476630210876
vn 0.0004885197849944234 0.9579873085021973 0.2867611050605774
vn -0.0034196386113762856 0.9736199378967285 0.2300928235054016
vn 0.0004885197849944234 0.9716658592224121 -0.23595505952835083
vn 0.0004885197849944234 0.9540791511535645 -0.30043965578079224
vn 0.0004885197849944234 0.9384465217590332 -0.34440645575523376
vn 0.0004885197849944234 0.9540791511535645 -0.30043965578079224
vn 0.0004885197849944234 0.9579873085021973 -0.2877381443977356
vn 0.0004885197849944234 0.9570102691650391 -0.2916463017463684
vn 0.0004885197849944234 0.6619443297386169 -0.7498778700828552
vn -0.0004885197849944234 0.696140706539154 -0.7176355719566345
vn -0.0004885197849944234 0.44308745861053467 -0.8964338302612305
vn 0.0004885197849944234 0.44308745861053467 -0.8964338302612305
vn 0.0004885197849944234 0.46849048137664795 0.8837323188781738
vn 0.0004885197849944234 -0.0004885197849944234 1
vn 0.0004885197849944234 -0.0004885197849944234 1
vn 0.006350757088512182 0.5740107297897339 0.8192476630210876
vn 0.0004885197849944234 0.9579873085021973 0.2867611050605774
vn 0.0034196386113762856 0.9736199378967285 0.2300928235054016
vn 0.0004885197849944234 0.9716658592224121 -0.23595505952835083
vn 0.0004885197849944234 0.9540791511535645 -0.30043965578079224
vn 0.0004885197849944234 0.9384465217590332 -0.34440645575523376
vn 0.0004885197849944234 0.9540791511535645 -0.30043965578079224
vn 0.0004885197849944234 0.9579873085021973 -0.2877381443977356
vn 0.0004885197849944234 0.9570102691650391 -0.2916463017463684
vn 0.0004885197849944234 0.6619443297386169 -0.7498778700828552
vn 0.0004885197849944234 0.696140706539154 -0.7176355719566345
vn 0.0004885197849944234 0.44308745861053467 -0.8964338302612305
vn 0.0004885197849944234 0.44308745861053467 -0.8964338302612305
vn -0.5945285558700562 -0.1597459763288498 0.7879824042320251
vn -0.6003907918930054 -0.07669760286808014 0.7957987189292908
vn -0.30727893114089966 -0.1890571564435959 0.932584285736084
vn -0.3170493543148041 -0.0962383970618248 0.9433317184448242
vn -0.6023448705673218 -0.0004885197849944234 0.7977527976036072
vn -0.3121641278266907 -0.0004885197849944234 0.9501709938049316
vn 0.0004885197849944234 -0.10014655441045761 0.995114803314209
vn 0.0004885197849944234 -0.0004885197849944234 1
vn 0.0004885197849944234 -0.19882754981517792 0.9804592132568359
vn 0.0004885197849944234 -0.40595993399620056 0.9140205383300781
vn -0.30727893114089966 -0.3952125012874603 0.8661455512046814
vn -0.5788959264755249 -0.2975085377693176 0.7596482634544373
vn 0.0004885197849944234 -0.7733268141746521 0.6345872282981873
vn -0.2955544590950012 -0.7381533980369568 0.6062530279159546
vn -0.5495847463607788 -0.6424035429954529 0.5349291563034058
vn 0.0004885197849944234 -0.9726428985595703 0.23302394151687622
vn -0.5574010610580444 -0.8124083876609802 0.16951636970043182
vn -0.2975085377693176 -0.927699089050293 0.2261846661567688
vn 0.0004885197849944234 -1 0.02882266789674759
vn -0.2594040036201477 -0.9658036231994629 -0.008304836228489876
vn -0.5095261335372925 -0.859306275844574 -0.04543234035372734
vn 0.0004885197849944234 -1 0.02882266789674759
vn -0.1890571564435959 -0.9814362525939941 -0.008304836228489876
vn -0.37567171454429626 -0.9257450103759766 -0.04738641902804375
vn 0.0004885197849944234 -1 0.02882266789674759
vn -0.14997556805610657 -0.9882755279541016 0.02882266789674759
vn -0.29848557710647583 -0.9540791511535645 0.026868587359786034
vn 0.0004885197849944234 -0.990229606628418 0.14215925335884094
vn -0.17928676307201385 -0.9716658592224121 0.1558378040790558
vn -0.36492428183555603 -0.9140205383300781 0.17537860572338104
vn 0.0004885197849944234 -0.9921836853027344 0.1275036633014679
vn -0.2554958462715149 -0.9550561904907227 0.15095260739326477
vn 0.0004885197849944234 -1 -0.0004885197849944234
vn -0.49877870082855225 -0.854421079158783 0.14411333203315735
vn -0.284807026386261 -0.9579873085021973 -0.0004885197849944234
vn -0.5544699430465698 -0.8319491744041443 -0.0004885197849944234
vn 0.6003907918930054 -0.07669760286808014 0.7957987189292908
vn 0.5945285558700562 -0.1597459763288498 0.7879824042320251
vn 0.30727893114089966 -0.1890571564435959 0.932584285736084
vn 0.30727893114089966 -0.3952125012874603 0.8661455512046814
vn 0.5788959264755249 -0.2975085377693176 0.7596482634544373
vn 0.3170493543148041 -0.0962383970618248 0.9433317184448242
vn 0.6023448705673218 -0.0004885197849944234 0.7977527976036072
vn 0.3121641278266907 -0.0004885197849944234 0.9501709938049316
vn 0.0004885197849944234 -0.10014655441045761 0.995114803314209
vn 0.0004885197849944234 -0.0004885197849944234 1
vn 0.0004885197849944234 -0.19882754981517792 0.9804592132568359
vn 0.0004885197849944234 -0.40595993399620056 0.9140205383300781
vn 0.0004885197849944234 -0.7733268141746521 0.6345872282981873
vn 0.2955544590950012 -0.7381533980369568 0.6062530279159546
vn 0.5495847463607788 -0.6424035429954529 0.5349291563034058
vn 0.0004885197849944234 -0.9726428985595703 0.23302394151687622
vn 0.5574010610580444 -0.8124083876609802 0.16951636970043182
vn 0.2975085377693176 -0.927699089050293 0.2261846661567688
vn 0.0004885197849944234 -1 0.02882266789674759
vn 0.2594040036201477 -0.9658036231994629 -0.008304836228489876
vn 0.5095261335372925 -0.859306275844574 -0.04543234035372734
vn 0.0004885197849944234 -1 0.02882266789674759
vn 0.1890571564435959 -0.9814362525939941 -0.008304836228489876
vn 0.37567171454429626 -0.9257450103759766 -0.04738641902804375
vn 0.0004885197849944234 -1 0.02882266789674759
vn 0.14997556805610657 -0.9882755279541016 0.02882266789674759
vn 0.29848557710647583 -0.9540791511535645 0.026868587359786034
vn 0.0004885197849944234 -0.990229606628418 0.14215925335884094
vn 0.17928676307201385 -0.9716658592224121 0.1558378040790558
vn 0.36492428183555603 -0.9140205383300781 0.17537860572338104
vn 0.0004885197849944234 -0.9921836853027344 0.1275036633014679
vn 0.2554958462715149 -0.9550561904907227 0.15095260739326477
vn 0.0004885197849944234 -1 -0.0004885197849944234
vn 0.49877870082855225 -0.854421079158783 0.14411333203315735
vn 0.284807026386261 -0.9579873085021973 -0.0004885197849944234
vn 0.5544699430465698 -0.8319491744041443 -0.0004885197849944234
vn 0.8876404762268066 0.4616512060165405 0.0004885197849944234
vn 0.8876404762268066 0.4616512060165405 0.0004885197849944234
vn 0.8876404762268066 0.4616512060165405 0.0004885197849944234
vn 0.8876404762268066 0.4616512060165405 0.0004885197849944234
vn -0.8876404762268066 0.4616512060165405 0.0004885197849944234
vn -0.8876404762268066 0.4616512060165405 0.0004885197849944234
vn -0.8876404762268066 0.4616512060165405 0.0004885197849944234
vn -0.8876404762268066 0.4616512060165405 0.0004885197849944234
vn -1 0.0004885197849944234 -0.0004885197849944234
vn -1 0.0004885197849944234 -0.0004885197849944234
vn -1 0.0004885197849944234 -0.0004885197849944234
vn -1 0.0004885197849944234 -0.0004885197849944234
vn -1 0.0004885197849944234 0.0004885197849944234
vn -1 0.0004885197849944234 0.0004885197849944234
vn -1 0.0004885197849944234 0.0004885197849944234
vn -1 0.0004885197849944234 0.0004885197849944234
vn -1 0.0004885197849944234 0.0004885197849944234
vn -1 0.0004885197849944234 0.0004885197849944234
vn -1 0.0004885197849944234 0.0004885197849944234
vn -1 0.0004885197849944234 0.0004885197849944234
vn -1 0.0004885197849944234 0.0004885197849944234
vn -1 0.0004885197849944234 0.0004885197849944234
vn -1 0.0004885197849944234 0.0004885197849944234
vn -1 0.0004885197849944234 0.0004885197849944234
vn -1 0.0004885197849944234 0.0004885197849944234
vn -1 0.0004885197849944234 0.0004885197849944234
vn -1 0.0004885197849944234 0.0004885197849944234
vn -1 0.0004885197849944234 0.0004885197849944234
vn -1 0.0004885197849944234 0.0004885197849944234
vn -1 0.0004885197849944234 0.0004885197849944234
vn -1 0.0004885197849944234 0.0004885197849944234
vn -1 0.0004885197849944234 0.0004885197849944234
vn -1 0.0004885197849944234 0.0004885197849944234
vn 1 0.0004885197849944234 0.0004885197849944234
vn 1 0.0004885197849944234 0.0004885197849944234
vn 1 0.0004885197849944234 0.0004885197849944234
vn 1 0.0004885197849944234 0.0004885197849944234
vn 1 0.0004885197849944234 0.0004885197849944234
vn 1 0.0004885197849944234 0.0004885197849944234
vn 1 0.0004885197849944234 0.0004885197849944234
vn 1 0.0004885197849944234 0.0004885197849944234
vn 1 0.0004885197849944234 0.0004885197849944234
vn 1 0.0004885197849944234 0.0004885197849944234
vn 1 0.0004885197849944234 0.0004885197849944234
vn 1 0.0004885197849944234 0.0004885197849944234
vn 1 0.0004885197849944234 0.0004885197849944234
vn 1 0.0004885197849944234 0.0004885197849944234
vn 1 0.0004885197849944234 0.0004885197849944234
vn 1 0.0004885197849944234 0.0004885197849944234
vn 1 0.0004885197849944234 0.0004885197849944234
vn 1 0.0004885197849944234 0.0004885197849944234
vn 1 0.0004885197849944234 0.0004885197849944234
vn 1 0.0004885197849944234 0.0004885197849944234
vn 1 0.0004885197849944234 0.0004885197849944234
vn 1 0.0004885197849944234 0.0004885197849944234
vn 1 0.0004885197849944234 0.0004885197849944234
vn 1 0.0004885197849944234 0.0004885197849944234
vn 1 0.0004885197849944234 0.0004885197849944234
vn -1 0.0004885197849944234 -0.0004885197849944234
vn -1 0.0004885197849944234 -0.0004885197849944234
vn -1 0.0004885197849944234 -0.0004885197849944234
vn -1 0.0004885197849944234 -0.0004885197849944234
vn -1 0.0004885197849944234 0.0004885197849944234
vn -1 0.0004885197849944234 0.0004885197849944234
vn -1 0.0004885197849944234 0.0004885197849944234
vn -1 0.0004885197849944234 0.0004885197849944234
vn -1 0.0004885197849944234 0.0004885197849944234
vn -1 0.0004885197849944234 0.0004885197849944234
vn -1 0.0004885197849944234 0.0004885197849944234
vn -1 0.0004885197849944234 0.0004885197849944234
vn -1 0.0004885197849944234 0.0004885197849944234
vn -1 0.0004885197849944234 0.0004885197849944234
vn -1 0.0004885197849944234 0.0004885197849944234
vn -1 0.0004885197849944234 0.0004885197849944234
vn -1 0.0004885197849944234 0.0004885197849944234
vn -1 0.0004885197849944234 0.0004885197849944234
vn -1 0.0004885197849944234 0.0004885197849944234
vn -1 0.0004885197849944234 0.0004885197849944234
vn -1 0.0004885197849944234 0.0004885197849944234
vn -1 0.0004885197849944234 0.0004885197849944234
vn -1 0.0004885197849944234 -0.0004885197849944234
vn -1 0.0004885197849944234 -0.0004885197849944234
vn -1 0.0004885197849944234 -0.0004885197849944234
vn -1 0.0004885197849944234 -0.0004885197849944234
vn -1 0.0004885197849944234 0.0004885197849944234
vn -1 0.0004885197849944234 0.0004885197849944234
vn -1 0.0004885197849944234 0.0004885197849944234
vn -1 0.0004885197849944234 0.0004885197849944234
vn -1 0.0004885197849944234 0.0004885197849944234
vn -1 0.0004885197849944234 0.0004885197849944234
vn -1 0.0004885197849944234 0.0004885197849944234
vn -1 0.0004885197849944234 0.0004885197849944234
vn -1 0.0004885197849944234 0.0004885197849944234
vn -1 0.0004885197849944234 0.0004885197849944234
vn -1 0.0004885197849944234 0.0004885197849944234
vn -1 0.0004885197849944234 0.0004885197849944234
vn -1 0.0004885197849944234 0.0004885197849944234
vn -1 0.0004885197849944234 0.0004885197849944234
vn -1 0.0004885197849944234 0.0004885197849944234
vn -1 0.0004885197849944234 0.0004885197849944234
vn -1 0.0004885197849944234 0.0004885197849944234
vn -1 0.0004885197849944234 0.0004885197849944234
vn -1 0.0004885197849944234 0.0004885197849944234
vn -1 0.0004885197849944234 0.0004885197849944234
vn -1 0.0004885197849944234 0.0004885197849944234
vn -1 0.0004885197849944234 0.0004885197849944234
vn -1 0.0004885197849944234 0.0004885197849944234
vn -1 0.0004885197849944234 0.0004885197849944234
vn -1 0.0004885197849944234 0.0004885197849944234
vn -1 0.0004885197849944234 0.0004885197849944234
vn -1 0.0004885197849944234 0.0004885197849944234
vn -1 0.0004885197849944234 0.0004885197849944234
vn -1 0.0004885197849944234 0.0004885197849944234
vn -1 0.0004885197849944234 0.0004885197849944234
vn -1 0.0004885197849944234 0.0004885197849944234
vn -1 0.0004885197849944234 0.0004885197849944234
vn -1 0.0004885197849944234 0.0004885197849944234
vn -1 0.0004885197849944234 0.0004885197849944234
vn -1 0.0004885197849944234 0.0004885197849944234
vn -1 0.0004885197849944234 -0.0004885197849944234
vn -1 0.0004885197849944234 -0.0004885197849944234
vn -1 0.0004885197849944234 -0.0004885197849944234
vn -1 0.0004885197849944234 -0.0004885197849944234
vn 1 0.0004885197849944234 -0.0004885197849944234
vn 1 0.0004885197849944234 -0.0004885197849944234
vn 1 0.0004885197849944234 -0.0004885197849944234
vn 1 0.0004885197849944234 -0.0004885197849944234
vn 1 0.0004885197849944234 0.0004885197849944234
vn 1 0.0004885197849944234 0.0004885197849944234
vn 1 0.0004885197849944234 0.0004885197849944234
vn 1 0.0004885197849944234 0.0004885197849944234
vn 1 0.0004885197849944234 0.0004885197849944234
vn 1 0.0004885197849944234 0.0004885197849944234
vn 1 0.0004885197849944234 0.0004885197849944234
vn 1 0.0004885197849944234 0.0004885197849944234
vn 1 0.0004885197849944234 0.0004885197849944234
vn 1 0.0004885197849944234 0.0004885197849944234
vn 1 0.0004885197849944234 0.0004885197849944234
vn 1 0.0004885197849944234 0.0004885197849944234
vn 1 0.0004885197849944234 0.0004885197849944234
vn 1 0.0004885197849944234 0.0004885197849944234
vn 1 0.0004885197849944234 0.0004885197849944234
vn 1 0.0004885197849944234 0.0004885197849944234
vn 1 0.0004885197849944234 0.0004885197849944234
vn 1 0.0004885197849944234 0.0004885197849944234
vn 1 0.0004885197849944234 0.0004885197849944234
vn 1 0.0004885197849944234 0.0004885197849944234
vn 1 0.0004885197849944234 0.0004885197849944234
vn 1 0.0004885197849944234 0.0004885197849944234
vn 1 0.0004885197849944234 0.0004885197849944234
vn 1 0.0004885197849944234 0.0004885197849944234
vn 1 0.0004885197849944234 0.0004885197849944234
vn 1 0.0004885197849944234 0.0004885197849944234
vn 1 0.0004885197849944234 -0.0004885197849944234
vn 1 0.0004885197849944234 -0.0004885197849944234
vn 1 0.0004885197849944234 -0.0004885197849944234
vn 1 0.0004885197849944234 -0.0004885197849944234
vn 1 0.0004885197849944234 0.0004885197849944234
vn 1 0.0004885197849944234 0.0004885197849944234
vn 1 0.0004885197849944234 0.0004885197849944234
vn 1 0.0004885197849944234 0.0004885197849944234
vn 1 0.0004885197849944234 0.0004885197849944234
vn 1 0.0004885197849944234 0.0004885197849944234
vn 1 0.0004885197849944234 0.0004885197849944234
vn 1 0.0004885197849944234 0.0004885197849944234
vn 1 0.0004885197849944234 0.0004885197849944234
vn 1 0.0004885197849944234 0.0004885197849944234
vn 1 0.0004885197849944234 0.0004885197849944234
vn 1 0.0004885197849944234 0.0004885197849944234
vn 1 0.0004885197849944234 0.0004885197849944234
vn 1 0.0004885197849944234 0.0004885197849944234
vn 1 0.0004885197849944234 0.0004885197849944234
vn 1 0.0004885197849944234 0.0004885197849944234
vn 1 0.0004885197849944234 0.0004885197849944234
vn 1 0.0004885197849944234 0.0004885197849944234
vn 1 0.0004885197849944234 0.0004885197849944234
vn 1 0.0004885197849944234 0.0004885197849944234
vn 1 0.0004885197849944234 0.0004885197849944234
vn 1 0.0004885197849944234 0.0004885197849944234
vn 1 0.0004885197849944234 0.0004885197849944234
vn 1 0.0004885197849944234 0.0004885197849944234
vn 1 0.0004885197849944234 -0.0004885197849944234
vn 1 0.0004885197849944234 -0.0004885197849944234
vn 1 0.0004885197849944234 -0.0004885197849944234
vn 1 0.0004885197849944234 -0.0004885197849944234
vn -0.9892525672912598 0.009281875565648079 0.14802148938179016
vn -1 0.0004885197849944234 0.0004885197849944234
vn -0.9941377639770508 0.007327796891331673 0.10991695523262024
vn -0.9863214492797852 0.010258915834128857 0.1626770943403244
vn -1 0.0004885197849944234 0.0004885197849944234
vn -0.9941377639770508 0.006350757088512182 0.10698582977056503
vn -1 0.0004885197849944234 0.0004885197849944234
vn -1 0.0004885197849944234 0.0004885197849944234
vn -1 0.0004885197849944234 0.0004885197849944234
vn -1 0.0004885197849944234 0.0004885197849944234
vn -1 0.0004885197849944234 0.0004885197849944234
vn -1 0.0004885197849944234 0.0004885197849944234
vn 0.9892525672912598 0.009281875565648079 0.14802148938179016
vn 1 0.0004885197849944234 0.0004885197849944234
vn 1 0.0004885197849944234 0.0004885197849944234
vn 0.9941377639770508 0.007327796891331673 0.10991695523262024
vn 1 0.0004885197849944234 0.0004885197849944234
vn 0.9863214492797852 0.010258915834128857 0.1626770943403244
vn 1 0.0004885197849944234 0.0004885197849944234
vn 1 0.0004885197849944234 0.0004885197849944234
vn 1 0.0004885197849944234 0.0004885197849944234
vn 0.9941377639770508 0.006350757088512182 0.10698582977056503
vn 1 0.0004885197849944234 -0.0004885197849944234
vn 1 0.0004885197849944234 -0.0004885197849944234
vn -1 0.0004885197849944234 0.0004885197849944234
vn -1 0.0004885197849944234 0.0004885197849944234
vn -1 0.0004885197849944234 0.0004885197849944234
vn -1 0.0004885197849944234 0.0004885197849944234
vn -1 0.0004885197849944234 0.0004885197849944234
vn -1 0.0004885197849944234 0.0004885197849944234
vn -1 0.0004885197849944234 0.0004885197849944234
vn -1 0.0004885197849944234 0.0004885197849944234
vn 1 0.0004885197849944234 0.0004885197849944234
vn 1 0.0004885197849944234 0.0004885197849944234
vn 1 0.0004885197849944234 0.0004885197849944234
vn 1 0.0004885197849944234 0.0004885197849944234
vn 1 0.0004885197849944234 0.0004885197849944234
vn 1 0.0004885197849944234 0.0004885197849944234
vn 1 0.0004885197849944234 0.0004885197849944234
vn 1 0.0004885197849944234 0.0004885197849944234
vn 0.0004885197849944234 1 0.0004885197849944234
vn 0.0004885197849944234 1 0.0004885197849944234
vn 0.0004885197849944234 1 0.0004885197849944234
vn 0.0004885197849944234 1 0.0004885197849944234
vn 0.0004885197849944234 1 0.0004885197849944234
vn 0.0004885197849944234 1 0.0004885197849944234
vn 0.0004885197849944234 1 0.0004885197849944234
vn 0.0004885197849944234 1 0.0004885197849944234
vn 0.0004885197849944234 1 0.0004885197849944234
vn 0.0004885197849944234 1 0.0004885197849944234
vn 0.0004885197849944234 1 0.0004885197849944234
vn 0.0004885197849944234 1 0.0004885197849944234
vn 0.0004885197849944234 1 0.0004885197849944234
vn 0.0004885197849944234 1 0.0004885197849944234
vn 0.0004885197849944234 1 0.0004885197849944234
vn 0.0004885197849944234 1 0.0004885197849944234
vn 0.0004885197849944234 1 0.0004885197849944234
vn 0.0004885197849944234 1 0.0004885197849944234
vn 0.0004885197849944234 1 0.0004885197849944234
vn 0.0004885197849944234 1 0.0004885197849944234
vn 0.0004885197849944234 1 0.0004885197849944234
vn 0.0004885197849944234 1 0.0004885197849944234
vn 0.0004885197849944234 1 0.0004885197849944234
vn 0.0004885197849944234 1 0.0004885197849944234
vn 0.0004885197849944234 1 0.0004885197849944234
vn 0.0004885197849944234 1 0.0004885197849944234
vn 0.0004885197849944234 1 0.0004885197849944234
vn 0.0004885197849944234 1 0.0004885197849944234
vn 0.0004885197849944234 1 0.0004885197849944234
vn 0.0004885197849944234 1 0.0004885197849944234
vn 0.0004885197849944234 1 0.0004885197849944234
vn 0.0004885197849944234 1 0.0004885197849944234
vn 0.0004885197849944234 1 0.0004885197849944234
vn 0.0004885197849944234 1 0.0004885197849944234
vn 0.0004885197849944234 1 0.0004885197849944234
vn 0.0004885197849944234 1 0.0004885197849944234
vn 0.0004885197849944234 1 0.0004885197849944234
vn 0.0004885197849944234 1 0.0004885197849944234
vn 0.0004885197849944234 1 0.0004885197849944234
vn -0.0004885197849944234 1 0.0004885197849944234
vn -0.0004885197849944234 1 0.0004885197849944234
vn -0.0004885197849944234 1 0.0004885197849944234
vn -0.0004885197849944234 1 0.0004885197849944234
vn -0.9882755279541016 -0.1275036633014679 0.08646800369024277
vn -0.9687347412109375 -0.21543721854686737 0.12359550595283508
vn -0.8651685118675232 -0.37371763586997986 0.3326819837093353
vn -0.9648265838623047 -0.1958964318037033 0.17440156638622284
vn -0.9980459213256836 -0.05813385546207428 0.0004885197849944234
vn -0.9931607246398926 -0.11675623059272766 0.0004885197849944234
vn -0.8729848265647888 -0.488031268119812 -0.0004885197849944234
vn -0.8729848265647888 -0.488031268119812 -0.0004885197849944234
vn -0.8729848265647888 -0.488031268119812 -0.0004885197849944234
vn -0.2838299870491028 -0.9589643478393555 -0.0004885197849944234
vn -0.2838299870491028 -0.9589643478393555 -0.0004885197849944234
vn 0.0004885197849944234 -1 -0.0004885197849944234
vn -0.2838299870491028 -0.9589643478393555 -0.0004885197849944234
vn 0.0004885197849944234 -1 -0.0004885197849944234
vn 0.0004885197849944234 -1 -0.0004885197849944234
vn 0.8651685118675232 -0.37371763586997986 0.3326819837093353
vn 0.9687347412109375 -0.21543721854686737 0.12359550595283508
vn 0.9882755279541016 -0.1275036633014679 0.08646800369024277
vn 0.9648265838623047 -0.1958964318037033 0.17440156638622284
vn 0.9980459213256836 -0.05813385546207428 0.0004885197849944234
vn 0.9931607246398926 -0.11675623059272766 0.0004885197849944234
vn 0.8729848265647888 -0.488031268119812 -0.0004885197849944234
vn 0.8729848265647888 -0.488031268119812 -0.0004885197849944234
vn 0.8729848265647888 -0.488031268119812 -0.0004885197849944234
vn 0.2838299870491028 -0.9589643478393555 -0.0004885197849944234
vn 0.2838299870491028 -0.9589643478393555 -0.0004885197849944234
vn 0.0004885197849944234 -1 -0.0004885197849944234
vn 0.2838299870491028 -0.9589643478393555 -0.0004885197849944234
vn 0.0004885197849944234 -1 -0.0004885197849944234
vn 0.0004885197849944234 -1 -0.0004885197849944234
vn 1 0.0004885197849944234 0.0004885197849944234
vn 1 0.0004885197849944234 0.0004885197849944234
vn 1 0.0004885197849944234 0.0004885197849944234
vn 1 0.0004885197849944234 0.0004885197849944234
vn -1 0.0004885197849944234 0.0004885197849944234
vn -1 0.0004885197849944234 0.0004885197849944234
vn -1 0.0004885197849944234 0.0004885197849944234
vn -1 0.0004885197849944234 0.0004885197849944234
vn 1 0.0004885197849944234 0.0004885197849944234
vn 1 0.0004885197849944234 0.0004885197849944234
vn 1 0.0004885197849944234 0.0004885197849944234
vn 1 0.0004885197849944234 0.0004885197849944234
vn -1 0.0004885197849944234 0.0004885197849944234
vn -1 0.0004885197849944234 0.0004885197849944234
vn -1 0.0004885197849944234 0.0004885197849944234
vn -1 0.0004885197849944234 0.0004885197849944234
vn -1 0.0004885197849944234 0.0004885197849944234
vn -1 0.0004885197849944234 0.0004885197849944234
vn 1 0.0004885197849944234 0.0004885197849944234
vn 1 0.0004885197849944234 0.0004885197849944234
vn 1 0.0004885197849944234 0.0004885197849944234
vn 1 0.0004885197849944234 0.0004885197849944234
vn -1 0.0004885197849944234 -0.0004885197849944234
vn -1 0.0004885197849944234 -0.0004885197849944234
vn -1 0.0004885197849944234 -0.0004885197849944234
vn -1 0.0004885197849944234 -0.0004885197849944234
vn 1 0.0004885197849944234 0.0004885197849944234
vn 1 0.0004885197849944234 0.0004885197849944234
vn 1 0.0004885197849944234 0.0004885197849944234
vn 1 0.0004885197849944234 0.0004885197849944234
vn 1 0.0004885197849944234 0.0004885197849944234
vn 1 0.0004885197849944234 0.0004885197849944234
vn -1 0.0004885197849944234 0.0004885197849944234
vn -1 0.0004885197849944234 0.0004885197849944234
vn -1 0.0004885197849944234 0.0004885197849944234
vn -1 0.0004885197849944234 0.0004885197849944234
vn 1 0.0004885197849944234 -0.0004885197849944234
vn 1 0.0004885197849944234 -0.0004885197849944234
vn 1 0.0004885197849944234 -0.0004885197849944234
vn 1 0.0004885197849944234 -0.0004885197849944234
vn 1 0.0004885197849944234 -0.0004885197849944234
vn 1 0.0004885197849944234 -0.0004885197849944234
vn 1 0.0004885197849944234 -0.0004885197849944234
vn 1 0.0004885197849944234 -0.0004885197849944234
vn -1 0.0004885197849944234 -0.0004885197849944234
vn -1 0.0004885197849944234 -0.0004885197849944234
vn -1 0.0004885197849944234 -0.0004885197849944234
vn -1 0.0004885197849944234 -0.0004885197849944234
vn -1 -0.0004885197849944234 0.0004885197849944234
vn -1 -0.0004885197849944234 0.0004885197849944234
vn -1 -0.0004885197849944234 0.0004885197849944234
vn -1 -0.0004885197849944234 0.0004885197849944234
vn 1 0.0004885197849944234 0.0004885197849944234
vn 1 0.0004885197849944234 0.0004885197849944234
vn 1 0.0004885197849944234 0.0004885197849944234
vn 1 0.0004885197849944234 0.0004885197849944234
vn -1 0.0004885197849944234 0.0004885197849944234
vn -1 0.0004885197849944234 0.0004885197849944234
vn -1 0.0004885197849944234 0.0004885197849944234
vn -1 0.0004885197849944234 0.0004885197849944234
vn 1 -0.0004885197849944234 0.0004885197849944234
vn 1 -0.0004885197849944234 0.0004885197849944234
vn 1 -0.0004885197849944234 0.0004885197849944234
vn 1 -0.0004885197849944234 0.0004885197849944234
vn -1 0.0004885197849944234 0.0004885197849944234
vn -1 0.0004885197849944234 0.0004885197849944234
vn -1 0.0004885197849944234 0.0004885197849944234
vn -1 0.0004885197849944234 0.0004885197849944234
vn 1 0.0004885197849944234 0.0004885197849944234
vn 1 0.0004885197849944234 0.0004885197849944234
vn 1 0.0004885197849944234 0.0004885197849944234
vn 1 0.0004885197849944234 0.0004885197849944234
vn 1 0.0004885197849944234 0.0004885197849944234
vn 1 0.0004885197849944234 0.0004885197849944234
vn 1 0.0004885197849944234 0.0004885197849944234
vn 1 0.0004885197849944234 0.0004885197849944234
vn 1 0.0004885197849944234 0.0004885197849944234
vn 1 0.0004885197849944234 0.0004885197849944234
vn -1 0.0004885197849944234 0.0004885197849944234
vn -1 0.0004885197849944234 0.0004885197849944234
vn -1 0.0004885197849944234 0.0004885197849944234
vn -1 0.0004885197849944234 0.0004885197849944234
vn -1 0.0004885197849944234 0.0004885197849944234
vn -1 0.0004885197849944234 0.0004885197849944234
vn -0.49975574016571045 -0.8661455512046814 -0.0004885197849944234
vn 0.0004885197849944234 -1 -0.0004885197849944234
vn 0.0004885197849944234 -1 -0.0004885197849944234
vn -0.49975574016571045 -0.8661455512046814 -0.0004885197849944234
vn -0.8661455512046814 -0.49975574016571045 -0.0004885197849944234
vn -0.8661455512046814 -0.49975574016571045 -0.0004885197849944234
vn -1 0.0004885197849944234 0.0004885197849944234
vn -1 0.0004885197849944234 0.0004885197849944234
vn -0.8661455512046814 0.49975574016571045 0.0004885197849944234
vn -0.8661455512046814 0.49975574016571045 0.0004885197849944234
vn -0.49975574016571045 0.8661455512046814 0.0004885197849944234
vn -0.49975574016571045 0.8661455512046814 0.0004885197849944234
vn 0.0004885197849944234 1 0.0004885197849944234
vn 0.0004885197849944234 1 0.0004885197849944234
vn 0.49975574016571045 0.8661455512046814 0.0004885197849944234
vn 0.49975574016571045 0.8661455512046814 0.0004885197849944234
vn 0.8661455512046814 0.49975574016571045 0.0004885197849944234
vn 0.8661455512046814 0.49975574016571045 0.0004885197849944234
vn 1 0.0004885197849944234 0.0004885197849944234
vn 1 0.0004885197849944234 0.0004885197849944234
vn 0.8661455512046814 -0.49975574016571045 -0.0004885197849944234
vn 0.8661455512046814 -0.49975574016571045 -0.0004885197849944234
vn 0.49975574016571045 -0.8661455512046814 -0.0004885197849944234
vn 0.49975574016571045 -0.8661455512046814 -0.0004885197849944234
vn 0.0004885197849944234 -1 -0.0004885197849944234
vn 0.0004885197849944234 -1 -0.0004885197849944234
vn -1 0.0004885197849944234 0.0004885197849944234
vn -1 0.0004885197849944234 0.0004885197849944234
vn -1 0.0004885197849944234 0.0004885197849944234
vn -1 0.0004885197849944234 0.0004885197849944234
vn -1 0.0004885197849944234 0.0004885197849944234
vn -1 0.0004885197849944234 0.0004885197849944234
vn -1 0.0004885197849944234 0.0004885197849944234
vn -1 0.0004885197849944234 0.0004885197849944234
vn -1 0.0004885197849944234 0.0004885197849944234
vn -1 0.0004885197849944234 0.0004885197849944234
vn -1 0.0004885197849944234 0.0004885197849944234
vn -1 0.0004885197849944234 0.0004885197849944234
vn 1 0.0004885197849944234 -0.0004885197849944234
vn 1 0.0004885197849944234 -0.0004885197849944234
vn 1 0.0004885197849944234 -0.0004885197849944234
vn 1 0.0004885197849944234 -0.0004885197849944234
vn 1 -0.0004885197849944234 -0.0004885197849944234
vn 1 -0.0004885197849944234 -0.0004885197849944234
vn 1 -0.0004885197849944234 -0.0004885197849944234
vn 1 -0.0004885197849944234 -0.0004885197849944234
vn 1 0.0004885197849944234 -0.0004885197849944234
vn 1 0.0004885197849944234 -0.0004885197849944234
vn 1 0.0004885197849944234 -0.0004885197849944234
vn 1 0.0004885197849944234 -0.0004885197849944234
vn 0.0004885197849944234 1 0.0004885197849944234
vn 0.0004885197849944234 1 0.0004885197849944234
vn 0.0004885197849944234 1 0.0004885197849944234
vn 0.0004885197849944234 1 0.0004885197849944234
vn 0.0004885197849944234 1 0.0004885197849944234
vn 0.0004885197849944234 1 0.0004885197849944234
vn 0.0004885197849944234 1 0.0004885197849944234
vn 0.0004885197849944234 1 0.0004885197849944234
vn 1 0.0004885197849944234 0.0004885197849944234
vn 1 0.0004885197849944234 0.0004885197849944234
vn 1 0.0004885197849944234 0.0004885197849944234
vn 1 0.0004885197849944234 0.0004885197849944234
vn 1 0.0004885197849944234 0.0004885197849944234
vn 1 0.0004885197849944234 0.0004885197849944234
vn 1 0.0004885197849944234 0.0004885197849944234
vn 1 0.0004885197849944234 0.0004885197849944234
vn -1 0.0004885197849944234 0.0004885197849944234
vn -1 0.0004885197849944234 0.0004885197849944234
vn -1 0.0004885197849944234 0.0004885197849944234
vn -1 0.0004885197849944234 0.0004885197849944234
vn -1 0.0004885197849944234 0.0004885197849944234
vn -1 0.0004885197849944234 0.0004885197849944234
vn -1 0.0004885197849944234 0.0004885197849944234
vn -1 0.0004885197849944234 0.0004885197849944234
vn 1 0.0004885197849944234 0.0004885197849944234
vn 1 0.0004885197849944234 0.0004885197849944234
vn 1 0.0004885197849944234 0.0004885197849944234
vn 1 0.0004885197849944234 0.0004885197849944234
vn 1 0.0004885197849944234 0.0004885197849944234
vn 1 0.0004885197849944234 0.0004885197849944234
vn 1 0.0004885197849944234 0.0004885197849944234
vn 1 0.0004885197849944234 0.0004885197849944234
vn 1 0.0004885197849944234 0.0004885197849944234
vn 1 0.0004885197849944234 0.0004885197849944234
vn -1 0.0004885197849944234 0.0004885197849944234
vn -1 0.0004885197849944234 0.0004885197849944234
vn -1 0.0004885197849944234 0.0004885197849944234
vn -1 0.0004885197849944234 0.0004885197849944234
vn -0.4851001501083374 -0.873961865901947 -0.0004885197849944234
vn -0.4851001501083374 -0.873961865901947 -0.0004885197849944234
vn -0.4851001501083374 -0.873961865901947 -0.0004885197849944234
vn -0.4851001501083374 -0.873961865901947 -0.0004885197849944234
vn -0.4851001501083374 -0.873961865901947 -0.0004885197849944234
vn -0.4851001501083374 -0.873961865901947 -0.0004885197849944234
vn -0.4851001501083374 -0.873961865901947 -0.0004885197849944234
vn -0.4851001501083374 -0.873961865901947 -0.0004885197849944234
vn -0.4851001501083374 -0.873961865901947 -0.0004885197849944234
vn -0.4851001501083374 -0.873961865901947 -0.0004885197849944234
vn -0.4851001501083374 -0.873961865901947 -0.0004885197849944234
vn -0.4851001501083374 -0.873961865901947 -0.0004885197849944234
vn 0.4851001501083374 -0.873961865901947 -0.0004885197849944234
vn 0.4851001501083374 -0.873961865901947 -0.0004885197849944234
vn 0.4851001501083374 -0.873961865901947 -0.0004885197849944234
vn 0.4851001501083374 -0.873961865901947 -0.0004885197849944234
vn 0.4851001501083374 -0.873961865901947 -0.0004885197849944234
vn 0.4851001501083374 -0.873961865901947 -0.0004885197849944234
vn 0.4851001501083374 -0.873961865901947 -0.0004885197849944234
vn 0.4851001501083374 -0.873961865901947 -0.0004885197849944234
vn 0.4851001501083374 -0.873961865901947 -0.0004885197849944234
vn 0.4851001501083374 -0.873961865901947 -0.0004885197849944234
vn 0.4851001501083374 -0.873961865901947 -0.0004885197849944234
vn 0.4851001501083374 -0.873961865901947 -0.0004885197849944234
vn 0.4851001501083374 -0.873961865901947 -0.0004885197849944234
vn 0.4851001501083374 -0.873961865901947 -0.0004885197849944234
vn 0.4851001501083374 -0.873961865901947 -0.0004885197849944234
vn 0.4851001501083374 -0.873961865901947 -0.0004885197849944234
vn 0.4851001501083374 -0.873961865901947 -0.0004885197849944234
vn 0.4851001501083374 -0.873961865901947 -0.0004885197849944234
vn 1 0.0004885197849944234 0.0004885197849944234
vn 1 0.0004885197849944234 0.0004885197849944234
vn 1 0.0004885197849944234 0.0004885197849944234
vn 1 0.0004885197849944234 0.0004885197849944234
vn -1 0.0004885197849944234 0.0004885197849944234
vn -1 0.0004885197849944234 0.0004885197849944234
vn -1 0.0004885197849944234 0.0004885197849944234
vn -1 0.0004885197849944234 0.0004885197849944234
vn 1 0.0004885197849944234 0.0004885197849944234
vn 1 0.0004885197849944234 0.0004885197849944234
vn 1 0.0004885197849944234 0.0004885197849944234
vn 1 0.0004885197849944234 0.0004885197849944234
vn 1 0.0004885197849944234 -0.0004885197849944234
vn 1 0.0004885197849944234 -0.0004885197849944234
vn 1 0.0004885197849944234 -0.0004885197849944234
vn 1 0.0004885197849944234 -0.0004885197849944234
vn -1 0.0004885197849944234 0.0004885197849944234
vn -1 0.0004885197849944234 0.0004885197849944234
vn -1 0.0004885197849944234 0.0004885197849944234
vn -1 0.0004885197849944234 0.0004885197849944234
vn -1 0.0004885197849944234 -0.0004885197849944234
vn -1 0.0004885197849944234 -0.0004885197849944234
vn -1 0.0004885197849944234 -0.0004885197849944234
vn -1 0.0004885197849944234 -0.0004885197849944234
vn 0.0004885197849944234 -0.1910112351179123 0.9814362525939941
vn -0.0004885197849944234 -0.10210063308477402 0.995114803314209
vn 0.0004885197849944234 -0.1910112351179123 0.9814362525939941
vn -0.0004885197849944234 -0.10210063308477402 0.995114803314209
vn 0.0004885197849944234 -0.36883243918418884 0.9296531677246094
vn -0.0004885197849944234 -0.7068881392478943 0.7068881392478943
vn 0.0004885197849944234 -0.36883243918418884 0.9296531677246094
vn -0.0004885197849944234 -0.7068881392478943 0.7068881392478943
vn 0.0004885197849944234 -0.37176355719566345 0.9286761283874512
vn 0.0004885197849944234 -0.7068881392478943 -0.7068881392478943
vn 0.0004885197849944234 -0.37176355719566345 0.9286761283874512
vn 0.0004885197849944234 -0.7068881392478943 -0.7068881392478943
vn 0.0004885197849944234 0.2506106495857239 0.9677577018737793
vn 0.0004885197849944234 0.17342452704906464 -0.985344409942627
vn 0.0004885197849944234 0.2506106495857239 0.9677577018737793
vn 0.0004885197849944234 0.17342452704906464 -0.985344409942627
vn -0.0004885197849944234 0.9052271842956543 0.4255007207393646
vn 0.0004885197849944234 0.10991695523262024 -0.9941377639770508
vn -0.0004885197849944234 0.9052271842956543 0.4255007207393646
vn 0.0004885197849944234 0.10991695523262024 -0.9941377639770508
vn -0.0014655593549832702 1 -0.005373717751353979
vn 0.0004885197849944234 -0.37078651785850525 -0.9286761283874512
vn -0.0034196386113762856 1 -0.014167074114084244
vn 0.0004885197849944234 -0.37078651785850525 -0.9286761283874512
vn 0.053248655050992966 0.6629213690757751 -0.7469467520713806
vn 0.0004885197849944234 -0.8270639777183533 -0.5622862577438354
vn 0.04738641902804375 0.7410845160484314 -0.6697606444358826
vn 0.0004885197849944234 -0.8270639777183533 -0.5622862577438354
vn 0.04934049770236015 -0.6072300672531128 -0.7928676009178162
vn 0.04934049770236015 -0.6072300672531128 -0.7928676009178162
vn -0.0004885197849944234 -0.1910112351179123 0.9814362525939941
vn 0.0004885197849944234 -0.10210063308477402 0.995114803314209
vn -0.0004885197849944234 -0.1910112351179123 0.9814362525939941
vn 0.0004885197849944234 -0.10210063308477402 0.995114803314209
vn -0.0004885197849944234 -0.36883243918418884 0.9296531677246094
vn 0.0004885197849944234 -0.7068881392478943 0.7068881392478943
vn -0.0004885197849944234 -0.36883243918418884 0.9296531677246094
vn 0.0004885197849944234 -0.7068881392478943 0.7068881392478943
vn 0.0004885197849944234 -0.37176355719566345 0.9286761283874512
vn -0.0004885197849944234 -0.7068881392478943 -0.7068881392478943
vn 0.0004885197849944234 -0.37176355719566345 0.9286761283874512
vn -0.0004885197849944234 -0.7068881392478943 -0.7068881392478943
vn 0.0004885197849944234 0.2506106495857239 0.9677577018737793
vn -0.0004885197849944234 0.17342452704906464 -0.985344409942627
vn 0.0004885197849944234 0.2506106495857239 0.9677577018737793
vn -0.0004885197849944234 0.17342452704906464 -0.985344409942627
vn 0.0004885197849944234 0.9052271842956543 0.4255007207393646
vn -0.0004885197849944234 0.10991695523262024 -0.9941377639770508
vn 0.0004885197849944234 0.9052271842956543 0.4255007207393646
vn -0.0004885197849944234 0.10991695523262024 -0.9941377639770508
vn 0.0014655593549832702 1 -0.005373717751353979
vn 0.0004885197849944234 -0.37078651785850525 -0.9286761283874512
vn 0.0034196386113762856 1 -0.014167074114084244
vn 0.0004885197849944234 -0.37078651785850525 -0.9286761283874512
vn -0.053248655050992966 0.6629213690757751 -0.7469467520713806
vn 0.0004885197849944234 -0.8270639777183533 -0.5622862577438354
vn -0.04738641902804375 0.7410845160484314 -0.6697606444358826
vn 0.0004885197849944234 -0.8270639777183533 -0.5622862577438354
vn -0.04934049770236015 -0.6072300672531128 -0.7928676009178162
vn -0.04934049770236015 -0.6072300672531128 -0.7928676009178162
vn -0.0004885197849944234 0.8974108695983887 -0.44113337993621826
vn -0.0004885197849944234 0.8974108695983887 -0.44113337993621826
vn 0.0004885197849944234 0.985344409942627 -0.16853933036327362
vn 0.0004885197849944234 0.4264777600765228 -0.9042501449584961
vn 0.0004885197849944234 0.4264777600765228 -0.9042501449584961
vn 0.0004885197849944234 -0.009281875565648079 -1
vn 0.0004885197849944234 -0.009281875565648079 -1
vn 0.0004885197849944234 -0.5329750776290894 -0.8456277251243591
vn 0.0004885197849944234 -0.5329750776290894 -0.8456277251243591
vn 0.0004885197849944234 -0.7459697127342224 -0.666829526424408
vn 0.0004885197849944234 -0.7459697127342224 -0.666829526424408
vn 0.0004885197849944234 -0.5613092184066772 0.8270639777183533
vn -0.0004885197849944234 -0.8925256729125977 -0.4499267339706421
vn 0.0004885197849944234 -0.5613092184066772 0.8270639777183533
vn -0.0004885197849944234 -0.8925256729125977 -0.4499267339706421
vn 0.8661455512046814 -0.49975574016571045 -0.0004885197849944234
vn 0.49975574016571045 -0.8661455512046814 -0.0004885197849944234
vn 0.49975574016571045 -0.8661455512046814 -0.0004885197849944234
vn 0.0004885197849944234 -1 -0.0004885197849944234
vn 0.8661455512046814 -0.49975574016571045 -0.0004885197849944234
vn 0.0004885197849944234 -1 -0.0004885197849944234
vn 1 -0.0004885197849944234 0.0004885197849944234
vn -0.49975574016571045 -0.8661455512046814 -0.0004885197849944234
vn 1 0.0004885197849944234 0.0004885197849944234
vn -0.49975574016571045 -0.8661455512046814 -0.0004885197849944234
vn 0.8661455512046814 0.49975574016571045 0.0004885197849944234
vn -0.8661455512046814 -0.49975574016571045 -0.0004885197849944234
vn 0.8661455512046814 0.49975574016571045 0.0004885197849944234
vn -0.8661455512046814 -0.49975574016571045 -0.0004885197849944234
vn 0.49975574016571045 0.8661455512046814 0.0004885197849944234
vn -1 -0.0004885197849944234 0.0004885197849944234
vn 0.49975574016571045 0.8661455512046814 0.0004885197849944234
vn 0.0004885197849944234 1 0.0004885197849944234
vn 0.0004885197849944234 1 0.0004885197849944234
vn -1 0.0004885197849944234 0.0004885197849944234
vn -0.8661455512046814 0.49975574016571045 0.0004885197849944234
vn -0.8661455512046814 0.49975574016571045 0.0004885197849944234
vn -0.49975574016571045 0.8661455512046814 0.0004885197849944234
vn -0.49975574016571045 0.8661455512046814 0.0004885197849944234
vn 0.0004885197849944234 1 0.0004885197849944234
vn 0.0004885197849944234 1 0.0004885197849944234
vn 0.0004885197849944234 -1 -0.0004885197849944234
vn 0.0004885197849944234 -1 -0.0004885197849944234
vn 0.0004885197849944234 -1 -0.0004885197849944234
vn 0.0004885197849944234 -1 -0.0004885197849944234
vn 0.0004885197849944234 -1 -0.0004885197849944234
vn 0.0004885197849944234 -1 -0.0004885197849944234
vn 0.0004885197849944234 -1 -0.0004885197849944234
vn 0.0004885197849944234 -1 -0.0004885197849944234
vn 0.0004885197849944234 -1 -0.0004885197849944234
vn 0.0004885197849944234 -1 -0.0004885197849944234
vn 0.0004885197849944234 -1 -0.0004885197849944234
vn 0.0004885197849944234 -1 -0.0004885197849944234
vn 0.0004885197849944234 -1 -0.0004885197849944234
vn 0.0004885197849944234 -1 -0.0004885197849944234
vn 0.0004885197849944234 -1 -0.0004885197849944234
vn 0.0004885197849944234 -1 -0.0004885197849944234
vn 0.0004885197849944234 -1 -0.0004885197849944234
vn 0.0004885197849944234 -1 -0.0004885197849944234
vn 0.0004885197849944234 -1 -0.0004885197849944234
vn 0.0004885197849944234 -1 -0.0004885197849944234
vn -0.0004885197849944234 0.8974108695983887 -0.44113337993621826
vn 0.0004885197849944234 0.985344409942627 -0.16853933036327362
vn 0.0004885197849944234 0.985344409942627 -0.16853933036327362
vn 0.0004885197849944234 1 -0.02296043001115322
vn 0.0004885197849944234 1 -0.02296043001115322
vn 0.0004885197849944234 0.9618954658508301 0.27308255434036255
vn 0.0004885197849944234 0.9618954658508301 0.27308255434036255
vn 0.0004885197849944234 0.9970688819885254 0.07376648485660553
vn 0.0004885197849944234 0.5232046842575073 0.8524670004844666
vn 0.0004885197849944234 0.5232046842575073 0.8524670004844666
vn 0.0004885197849944234 0.9970688819885254 0.07376648485660553
vn 0.0004885197849944234 1 -0.02296043001115322
vn 0.0004885197849944234 1 -0.02296043001115322
vn 0.0004885197849944234 -0.0004885197849944234 1
vn 0.0004885197849944234 -0.0004885197849944234 1
vn 0.0004885197849944234 -0.0004885197849944234 1
vn 0.0004885197849944234 -0.0004885197849944234 1
vn 0.0004885197849944234 -0.0004885197849944234 1
vn 0.0004885197849944234 -0.0004885197849944234 1
vn 0.0004885197849944234 -0.0004885197849944234 1
vn 0.0004885197849944234 -0.0004885197849944234 1
vn 0.0004885197849944234 -0.0004885197849944234 1
vn 0.0004885197849944234 -0.0004885197849944234 1
vn 0.0004885197849944234 -0.0004885197849944234 1
vn 0.0004885197849944234 -0.0004885197849944234 1
vn 0.0004885197849944234 -0.0004885197849944234 1
vn 0.0004885197849944234 -0.0004885197849944234 1
vn 0.0004885197849944234 -0.0004885197849944234 1
vn 0.0004885197849944234 -0.0004885197849944234 1
vn 0.0004885197849944234 -0.0004885197849944234 1
vn 0.0004885197849944234 -0.0004885197849944234 1
vn 0.0004885197849944234 0.44211041927337646 -0.8964338302612305
vn 0.0004885197849944234 0.44211041927337646 -0.8964338302612305
vn 0.0004885197849944234 0.44211041927337646 -0.8964338302612305
vn 0.0004885197849944234 0.44211041927337646 -0.8964338302612305
vn 0.0004885197849944234 0.0004885197849944234 -1
vn 0.0004885197849944234 0.0004885197849944234 -1
vn 0.0004885197849944234 0.0004885197849944234 -1
vn 0.0004885197849944234 0.0004885197849944234 -1

vt 0.17816714942455292 0.9435359239578247
vt 0.15862250328063965 0.9435359239578247
vt 0.17816714942455292 0.9435359239578247
vt 0.15862250328063965 0.9435359239578247
vt 0.17816714942455292 0.9435359239578247
vt 0.197711780667305 0.9435359239578247
vt 0.17816714942455292 0.9435359239578247
vt 0.197711780667305 0.9435359239578247
vt 0.21725642681121826 0.9435359239578247
vt 0.21725642681121826 0.9435359239578247
vt 0.23680108785629272 0.9435359239578247
vt 0.23680108785629272 0.9435359239578247
vt 0.2563457190990448 0.9435359239578247
vt 0.2563457190990448 0.9435359239578247
vt 0.2758903205394745 0.9435359239578247
vt 0.2758903205394745 0.9435359239578247
vt 0.09998856484889984 0.9435359239578247
vt 0.08044390380382538 0.9435359239578247
vt 0.09998856484889984 0.9435359239578247
vt 0.08044390380382538 0.9435359239578247
vt 0.11953321099281311 0.9435359239578247
vt 0.11953321099281311 0.9435359239578247
vt 0.13907785713672638 0.9435359239578247
vt 0.13907785713672638 0.9435359239578247
vt 0.15862250328063965 0.9435359239578247
vt 0.15862250328063965 0.9435359239578247
vt 0.3149796426296234 0.9435359239578247
vt 0.29543498158454895 0.9435359239578247
vt 0.29543498158454895 0.9435359239578247
vt 0.3149796426296234 0.9435359239578247
vt 0.2758903205394745 0.9435359239578247
vt 0.29543498158454895 0.9435359239578247
vt 0.29543498158454895 0.9435359239578247
vt 0.2758903205394745 0.9435359239578247
vt 0.04215390980243683 0.12999999523162842
vt 0.12999999523162842 0.45784610509872437
vt 0.04215390980243683 0.3700000047683716
vt 0.01000000536441803 0.25
vt 0.3700000047683716 0.45784610509872437
vt 0.25 0.49000000953674316
vt 0.12999999523162842 0.042153894901275635
vt 0.3700000047683716 0.042153894901275635
vt 0.25 0.009999990463256836
vt 0.45784610509872437 0.12999999523162842
vt 0.45784610509872437 0.3700000047683716
vt 0.49000000953674316 0.25
vt 0.15862250328063965 0.9435359239578247
vt 0.09998856484889984 0.9435359239578247
vt 0.11953321099281311 0.9435359239578247
vt 0.13907785713672638 0.9435359239578247
vt 0.17816714942455292 0.9435359239578247
vt 0.21725642681121826 0.9435359239578247
vt 0.197711780667305 0.9435359239578247
vt 0.23680108785629272 0.9435359239578247
vt 0.2758903205394745 0.9435359239578247
vt 0.2563457190990448 0.9435359239578247
vt 0.29543498158454895 0.9435359239578247
vt 0.08044390380382538 0.9435359239578247
vt 0.8924686312675476 0.525591254234314
vt 0.9037312865257263 0.5310535430908203
vt 0.8998852968215942 0.5438874363899231
vt 0.9096778631210327 0.5369699001312256
vt 0.8355898261070251 0.5450467467308044
vt 0.8467023372650146 0.5255540609359741
vt 0.8487151265144348 0.5486364364624023
vt 0.8706573843955994 0.5257240533828735
vt 0.8801189661026001 0.5485656261444092
vt 0.840326726436615 0.5259541273117065
vt 0.8339423537254333 0.5271008014678955
vt 0.8216334581375122 0.537246584892273
vt 0.8801189661026001 0.5485656261444092
vt 0.8793966174125671 0.5258694291114807
vt 0.8838357925415039 0.548102617263794
vt 0.8706573843955994 0.5257240533828735
vt 0.8793966174125671 0.5258694291114807
vt 0.8924686312675476 0.525591254234314
vt 0.8838357925415039 0.548102617263794
vt 0.8998852968215942 0.5438874363899231
vt 0.8924686312675476 0.525591254234314
vt 0.8998852968215942 0.5438874363899231
vt 0.9037312865257263 0.5310535430908203
vt 0.9096778631210327 0.5369699001312256
vt 0.8355898261070251 0.5450467467308044
vt 0.8467023372650146 0.5255540609359741
vt 0.840326726436615 0.5259541273117065
vt 0.8339423537254333 0.5271008014678955
vt 0.8216334581375122 0.537246584892273
vt 0.8487151265144348 0.5486364364624023
vt 0.8706573843955994 0.5257240533828735
vt 0.8801189661026001 0.5485656261444092
vt 0.8801189661026001 0.5485656261444092
vt 0.8793966174125671 0.5258694291114807
vt 0.8706573843955994 0.5257240533828735
vt 0.8838357925415039 0.548102617263794
vt 0.8793966174125671 0.5258694291114807
vt 0.8838357925415039 0.548102617263794
vt 0.8924686312675476 0.525591254234314
vt 0.8998852968215942 0.5438874363899231
vt 0.8193964958190918 0.2395671010017395
vt 0.7417744398117065 0.16194504499435425
vt 0.8193964958190918 0.16194504499435425
vt 0.7417744398117065 0.2395671010017395
vt 0.897018551826477 0.2395671010017395
vt 0.897018551826477 0.26544106006622314
vt 0.8193964958190918 0.2395671010017395
vt 0.8193964958190918 0.26544106006622314
vt 0.3357859253883362 0.10734909772872925
vt 0.34281861782073975 0.12810099124908447
vt 0.32084667682647705 0.11371171474456787
vt 0.32992416620254517 0.12956273555755615
vt 0.3180646300315857 0.1253417730331421
vt 0.31271785497665405 0.12125855684280396
vt 0.3357859253883362 0.10734909772872925
vt 0.32084667682647705 0.11371171474456787
vt 0.34281861782073975 0.12810099124908447
vt 0.32992416620254517 0.12956273555755615
vt 0.3180646300315857 0.1253417730331421
vt 0.31271785497665405 0.12125855684280396
vt 0.29407691955566406 0.43115168809890747
vt 0.29287654161453247 0.43079960346221924
vt 0.2946088910102844 0.4293728470802307
vt 0.29302412271499634 0.4293314218521118
vt 0.29407691955566406 0.43115168809890747
vt 0.2946088910102844 0.4293728470802307
vt 0.29287654161453247 0.43079960346221924
vt 0.29302412271499634 0.4293314218521118
vt 0.13626819849014282 0.4415578246116638
vt 0.12616665661334991 0.4099252223968506
vt 0.14143596589565277 0.43142908811569214
vt 0.1375301033258438 0.4091687798500061
vt 0.13162682950496674 0.4462292194366455
vt 0.12013711035251617 0.4103075861930847
vt 0.13626819849014282 0.4415578246116638
vt 0.12616665661334991 0.4099252223968506
vt 0.12684066593647003 0.3748094439506531
vt 0.13169319927692413 0.378279447555542
vt 0.12616665661334991 0.4099252223968506
vt 0.13793331384658813 0.38750147819519043
vt 0.1375301033258438 0.4091687798500061
vt 0.13169319927692413 0.378279447555542
vt 0.12616665661334991 0.4099252223968506
vt 0.13626819849014282 0.4415578246116638
vt 0.14143596589565277 0.43142908811569214
vt 0.1375301033258438 0.4091687798500061
vt 0.13793331384658813 0.38750147819519043
vt 0.13169319927692413 0.378279447555542
vt 0.13626819849014282 0.4415578246116638
vt 0.12013711035251617 0.4103075861930847
vt 0.13162682950496674 0.4462292194366455
vt 0.12616665661334991 0.4099252223968506
vt 0.12684066593647003 0.3748094439506531
vt 0.13169319927692413 0.378279447555542
vt 0.2946088910102844 0.4293728470802307
vt 0.2931572198867798 0.42630720138549805
vt 0.2951604723930359 0.4259070158004761
vt 0.29302412271499634 0.4293314218521118
vt 0.2946088910102844 0.4293728470802307
vt 0.2951604723930359 0.4259070158004761
vt 0.2931572198867798 0.42630720138549805
vt 0.29302412271499634 0.4293314218521118
vt 0.13162682950496674 0.4462292194366455
vt 0.15972962975502014 0.4482406973838806
vt 0.15945927798748016 0.4554954767227173
vt 0.2520099878311157 0.42956042289733887
vt 0.13626819849014282 0.4415578246116638
vt 0.16117696464061737 0.43325895071029663
vt 0.14143596589565277 0.43142908811569214
vt 0.2512168288230896 0.4223296642303467
vt 0.26453572511672974 0.4297149181365967
vt 0.24995268881320953 0.4042537808418274
vt 0.2654648423194885 0.42281246185302734
vt 0.26491355895996094 0.4040127396583557
vt 0.2789880633354187 0.40985363721847534
vt 0.278573215007782 0.4268438220024109
vt 0.2769211530685425 0.4330686926841736
vt 0.29100602865219116 0.4232328534126282
vt 0.28619951009750366 0.42965179681777954
vt 0.2862165570259094 0.4356728196144104
vt 0.28702694177627563 0.42961299419403076
vt 0.29143965244293213 0.42385250329971313
vt 0.2931572198867798 0.42630720138549805
vt 0.28702402114868164 0.43508195877075195
vt 0.29302412271499634 0.4293314218521118
vt 0.29287654161453247 0.43079960346221924
vt 0.13162682950496674 0.4462292194366455
vt 0.15945927798748016 0.4554954767227173
vt 0.15972962975502014 0.4482406973838806
vt 0.2520099878311157 0.42956042289733887
vt 0.13626819849014282 0.4415578246116638
vt 0.16117696464061737 0.43325895071029663
vt 0.14143596589565277 0.43142908811569214
vt 0.2512168288230896 0.4223296642303467
vt 0.26453572511672974 0.4297149181365967
vt 0.24995268881320953 0.4042537808418274
vt 0.2654648423194885 0.42281246185302734
vt 0.26491355895996094 0.4040127396583557
vt 0.2789880633354187 0.40985363721847534
vt 0.278573215007782 0.4268438220024109
vt 0.2769211530685425 0.4330686926841736
vt 0.29100602865219116 0.4232328534126282
vt 0.28619951009750366 0.42965179681777954
vt 0.2862165570259094 0.4356728196144104
vt 0.28702694177627563 0.42961299419403076
vt 0.29143965244293213 0.42385250329971313
vt 0.2931572198867798 0.42630720138549805
vt 0.28702402114868164 0.43508195877075195
vt 0.29302412271499634 0.4293314218521118
vt 0.29287654161453247 0.43079960346221924
vt 0.8967456221580505 0.09466552734375
vt 0.9167478680610657 0.06516629457473755
vt 0.9263355135917664 0.08247923851013184
vt 0.888390064239502 0.08336788415908813
vt 0.888591468334198 0.0960768461227417
vt 0.8832136988639832 0.0865774154663086
vt 0.870757520198822 0.10533583164215088
vt 0.8645079731941223 0.1004299521446228
vt 0.8514707088470459 0.1013561487197876
vt 0.854729413986206 0.09579753875732422
vt 0.8967456221580505 0.09466552734375
vt 0.9167478680610657 0.06516629457473755
vt 0.888390064239502 0.08336788415908813
vt 0.9263355135917664 0.08247923851013184
vt 0.888591468334198 0.0960768461227417
vt 0.8832136988639832 0.0865774154663086
vt 0.870757520198822 0.10533583164215088
vt 0.8645079731941223 0.1004299521446228
vt 0.8514707088470459 0.1013561487197876
vt 0.854729413986206 0.09579753875732422
vt 0.34281861782073975 0.44244301319122314
vt 0.33071136474609375 0.4479108452796936
vt 0.3389240503311157 0.43567991256713867
vt 0.3303927183151245 0.4422171115875244
vt 0.33071136474609375 0.4479108452796936
vt 0.34281861782073975 0.44244301319122314
vt 0.3389240503311157 0.43567991256713867
vt 0.3303927183151245 0.4422171115875244
vt 0.8612490892410278 0.0752142071723938
vt 0.8815782070159912 0.04864567518234253
vt 0.8704631924629211 0.07835692167282104
vt 0.8723655939102173 0.04521232843399048
vt 0.854729413986206 0.09579753875732422
vt 0.8612490892410278 0.0752142071723938
vt 0.8645079731941223 0.1004299521446228
vt 0.8704631924629211 0.07835692167282104
vt 0.8704631924629211 0.07835692167282104
vt 0.8815782070159912 0.04864567518234253
vt 0.8612490892410278 0.0752142071723938
vt 0.8723655939102173 0.04521232843399048
vt 0.8612490892410278 0.0752142071723938
vt 0.854729413986206 0.09579753875732422
vt 0.8645079731941223 0.1004299521446228
vt 0.8704631924629211 0.07835692167282104
vt 0.625 0.9166666269302368
vt 0.625 1
vt 0.5539772510528564 0.9166666269302368
vt 0.5539772510528564 1
vt 0.375 0.9166666269302368
vt 0.375 1
vt 0.5539772510528564 0.8888888359069824
vt 0.625 0.8888888359069824
vt 0.375 0.8888888359069824
vt 0.375 0.861111044883728
vt 0.5539772510528564 0.861111044883728
vt 0.375 0.8333333134651184
vt 0.5539772510528564 0.8333332538604736
vt 0.625 0.861111044883728
vt 0.625 0.8333333134651184
vt 0.625 0.75
vt 0.5539773106575012 0.75
vt 0.375 0.75
vt 0.3000701069831848 0.4370949864387512
vt 0.29407691955566406 0.43115168809890747
vt 0.30242347717285156 0.4318896532058716
vt 0.2946088910102844 0.4293728470802307
vt 0.2951604723930359 0.4259070158004761
vt 0.2975859045982361 0.42291736602783203
vt 0.29819828271865845 0.4221624732017517
vt 0.3035016655921936 0.432236909866333
vt 0.3008970022201538 0.43791496753692627
vt 0.3098844885826111 0.4125175476074219
vt 0.31731659173965454 0.42271459102630615
vt 0.29407691955566406 0.43115168809890747
vt 0.3000701069831848 0.4370949864387512
vt 0.30242347717285156 0.4318896532058716
vt 0.2946088910102844 0.4293728470802307
vt 0.2951604723930359 0.4259070158004761
vt 0.2975859045982361 0.42291736602783203
vt 0.29819828271865845 0.4221624732017517
vt 0.3035016655921936 0.432236909866333
vt 0.3008970022201538 0.43791496753692627
vt 0.3098844885826111 0.4125175476074219
vt 0.31731659173965454 0.42271459102630615
vt 0.20759835839271545 0.7957783937454224
vt 0.22820138931274414 0.7188867926597595
vt 0.20759835839271545 0.7394898533821106
vt 0.20005710422992706 0.7676340937614441
vt 0.2844899892807007 0.7188867926597595
vt 0.2563456892967224 0.7113455533981323
vt 0.2844899892807007 0.8163814544677734
vt 0.22820138931274414 0.8163814544677734
vt 0.2563456892967224 0.8239226937294006
vt 0.30509302020072937 0.7957783937454224
vt 0.30509302020072937 0.7394898533821106
vt 0.31263425946235657 0.7676340937614441
vt 0.8193964958190918 0.26544106006622314
vt 0.897018551826477 0.26544106006622314
vt 0.897018551826477 0.2913151979446411
vt 0.8193964958190918 0.2913151979446411
vt 0.7916666269302368 0.5
vt 0.7916666269302368 0.75
vt 0.7638888359069824 0.5
vt 0.7638888359069824 0.75
vt 0.736111044883728 0.5
vt 0.736111044883728 0.75
vt 0.7083333134651184 0.5
vt 0.7083333134651184 0.75
vt 0.8937497138977051 0.19253480434417725
vt 0.854966938495636 0.2037191390991211
vt 0.8430833220481873 0.19462358951568604
vt 0.8310064077377319 0.08753645420074463
vt 0.9031775593757629 0.07715189456939697
vt 0.8809043169021606 0.20286285877227783
vt 0.8591302037239075 0.20741760730743408
vt 0.8760631680488586 0.20702815055847168
vt 0.8727359771728516 0.21615135669708252
vt 0.861447274684906 0.21625256538391113
vt 0.8690102696418762 0.22625732421875
vt 0.8626196980476379 0.22608351707458496
vt 0.8674383759498596 0.23098325729370117
vt 0.8620603084564209 0.23019063472747803
vt 0.8904671669006348 0.14064645767211914
vt 0.8617821931838989 0.08121228218078613
vt 0.8904671669006348 0.08121228218078613
vt 0.8617820739746094 0.14064645767211914
vt 0.8904671669006348 0.1478177309036255
vt 0.8617820739746094 0.1478177309036255
vt 0.8904671669006348 0.15498900413513184
vt 0.8617820739746094 0.15498900413513184
vt 0.8904671669006348 0.16216027736663818
vt 0.8617820739746094 0.16216027736663818
vt 0.8617820739746094 0.16933155059814453
vt 0.8904671669006348 0.16933155059814453
vt 0.8617820739746094 0.16933155059814453
vt 0.8904671669006348 0.16933155059814453
vt 0.8904671669006348 0.16933155059814453
vt 0.8617820739746094 0.16933155059814453
vt 0.5539772510528564 0.3611111044883728
vt 0.5539772510528564 0.861111044883728
vt 0.5539772510528564 0.3888888955116272
vt 0.5539772510528564 0.8888888359069824
vt 0.8500681519508362 0.2773233652114868
vt 0.8620603084564209 0.23019063472747803
vt 0.8554949164390564 0.27869200706481934
vt 0.8674383759498596 0.23098325729370117
vt 0.8464632034301758 0.3150947093963623
vt 0.8407215476036072 0.31406259536743164
vt 0.8388870358467102 0.3417787551879883
vt 0.8353445529937744 0.3474036455154419
vt 0.8967456221580505 0.09466552734375
vt 0.8460984826087952 0.25618481636047363
vt 0.8396848440170288 0.24301612377166748
vt 0.888591468334198 0.0960768461227417
vt 0.870757520198822 0.10533583164215088
vt 0.8262123465538025 0.22889304161071777
vt 0.8514707088470459 0.1013561487197876
vt 0.8095035552978516 0.22665023803710938
vt 0.8460984826087952 0.25618481636047363
vt 0.8967456221580505 0.09466552734375
vt 0.8396848440170288 0.24301612377166748
vt 0.888591468334198 0.0960768461227417
vt 0.870757520198822 0.10533583164215088
vt 0.8262123465538025 0.22889304161071777
vt 0.8514707088470459 0.1013561487197876
vt 0.8095035552978516 0.22665023803710938
vt 0.29543498158454895 0.9435359239578247
vt 0.3149796426296234 0.8262680768966675
vt 0.3149796426296234 0.9435359239578247
vt 0.29543498158454895 0.8262680768966675
vt 0.2758903205394745 0.9435359239578247
vt 0.2758903205394745 0.8262680768966675
vt 0.2563457190990448 0.9435359239578247
vt 0.2563457190990448 0.8262680768966675
vt 0.23680108785629272 0.9435359239578247
vt 0.23680108785629272 0.8262680768966675
vt 0.21725642681121826 0.9435359239578247
vt 0.21725642681121826 0.8262680768966675
vt 0.197711780667305 0.9435359239578247
vt 0.197711780667305 0.8262680768966675
vt 0.17816714942455292 0.9435359239578247
vt 0.17816714942455292 0.8262680768966675
vt 0.15862250328063965 0.9435359239578247
vt 0.15862250328063965 0.8262680768966675
vt 0.13907785713672638 0.9435359239578247
vt 0.13907785713672638 0.8262680768966675
vt 0.11953321099281311 0.9435359239578247
vt 0.11953321099281311 0.8262680768966675
vt 0.09998856484889984 0.9435359239578247
vt 0.09998856484889984 0.8262680768966675
vt 0.08044390380382538 0.9435359239578247
vt 0.08044390380382538 0.8262680768966675
vt 0.8483006954193115 0.4873063564300537
vt 0.8339468836784363 0.4969428777694702
vt 0.8388126492500305 0.4788145422935486
vt 0.8437032699584961 0.30397987365722656
vt 0.835414469242096 0.31360650062561035
vt 0.8425930142402649 0.5001230239868164
vt 0.840326726436615 0.5259541273117065
vt 0.8467023372650146 0.5255540609359741
vt 0.8283501267433167 0.5026746392250061
vt 0.8339423537254333 0.5271008014678955
vt 0.8105061650276184 0.5069836974143982
vt 0.8216334581375122 0.537246584892273
vt 0.8483006954193115 0.4873063564300537
vt 0.8339468836784363 0.4969428777694702
vt 0.8425930142402649 0.5001230239868164
vt 0.8388126492500305 0.4788145422935486
vt 0.8437032699584961 0.30397987365722656
vt 0.835414469242096 0.31360650062561035
vt 0.840326726436615 0.5259541273117065
vt 0.8467023372650146 0.5255540609359741
vt 0.8283501267433167 0.5026746392250061
vt 0.8339423537254333 0.5271008014678955
vt 0.8105061650276184 0.5069836974143982
vt 0.8216334581375122 0.537246584892273
vt 0.8262123465538025 0.22889304161071777
vt 0.8143653869628906 0.24751627445220947
vt 0.8095035552978516 0.22665023803710938
vt 0.8396848440170288 0.24301612377166748
vt 0.815814733505249 0.2580793499946594
vt 0.8460984826087952 0.25618481636047363
vt 0.8437032699584961 0.30397987365722656
vt 0.8152034878730774 0.3019527792930603
vt 0.835414469242096 0.31360650062561035
vt 0.8145642280578613 0.3126503825187683
vt 0.8158777952194214 0.47562921047210693
vt 0.8388126492500305 0.4788145422935486
vt 0.8123462200164795 0.4930795431137085
vt 0.8339468836784363 0.4969428777694702
vt 0.8283501267433167 0.5026746392250061
vt 0.8105061650276184 0.5069836974143982
vt 0.8143653869628906 0.24751627445220947
vt 0.8262123465538025 0.22889304161071777
vt 0.8095035552978516 0.22665023803710938
vt 0.8396848440170288 0.24301612377166748
vt 0.815814733505249 0.2580793499946594
vt 0.8460984826087952 0.25618481636047363
vt 0.8437032699584961 0.30397987365722656
vt 0.8152034878730774 0.3019527792930603
vt 0.835414469242096 0.31360650062561035
vt 0.8145642280578613 0.3126503825187683
vt 0.8158777952194214 0.47562921047210693
vt 0.8388126492500305 0.4788145422935486
vt 0.8123462200164795 0.4930795431137085
vt 0.8339468836784363 0.4969428777694702
vt 0.8283501267433167 0.5026746392250061
vt 0.8105061650276184 0.5069836974143982
vt 0.2157806009054184 0.3580694794654846
vt 0.15701702237129211 0.3796972632408142
vt 0.2110941857099533 0.34223586320877075
vt 0.15160556137561798 0.3658749461174011
vt 0.13793331384658813 0.38750147819519043
vt 0.13169319927692413 0.378279447555542
vt 0.14864744246006012 0.3602997660636902
vt 0.12684066593647003 0.3748094439506531
vt 0.20822487771511078 0.3361107110977173
vt 0.24283866584300995 0.31731605529785156
vt 0.2475481778383255 0.3228159546852112
vt 0.2543618679046631 0.34087270498275757
vt 0.2471245974302292 0.31284958124160767
vt 0.25307971239089966 0.31744110584259033
vt 0.2677280902862549 0.3294658660888672
vt 0.2505084276199341 0.30734509229660034
vt 0.2748662233352661 0.31543171405792236
vt 0.2571637034416199 0.31079578399658203
vt 0.26086974143981934 0.27576589584350586
vt 0.2677839994430542 0.27776390314102173
vt 0.28401535749435425 0.281682550907135
vt 0.26508629322052 0.26016825437545776
vt 0.27182137966156006 0.26202017068862915
vt 0.28470736742019653 0.265142560005188
vt 0.2694692015647888 0.24478298425674438
vt 0.27610599994659424 0.24675005674362183
vt 0.2890782952308655 0.25031113624572754
vt 0.2789202332496643 0.2146855592727661
vt 0.2853339910507202 0.2170448899269104
vt 0.29767274856567383 0.22095263004302979
vt 0.28914588689804077 0.18977832794189453
vt 0.2958167791366577 0.19225871562957764
vt 0.31271785497665405 0.12125855684280396
vt 0.31241726875305176 0.19692254066467285
vt 0.3180646300315857 0.1253417730331421
vt 0.32992416620254517 0.12956273555755615
vt 0.15701702237129211 0.3796972632408142
vt 0.2157806009054184 0.3580694794654846
vt 0.2110941857099533 0.34223586320877075
vt 0.2475481778383255 0.3228159546852112
vt 0.2543618679046631 0.34087270498275757
vt 0.15160556137561798 0.3658749461174011
vt 0.13793331384658813 0.38750147819519043
vt 0.13169319927692413 0.378279447555542
vt 0.14864744246006012 0.3602997660636902
vt 0.12684066593647003 0.3748094439506531
vt 0.20822487771511078 0.3361107110977173
vt 0.24283866584300995 0.31731605529785156
vt 0.2471245974302292 0.31284958124160767
vt 0.25307971239089966 0.31744110584259033
vt 0.2677280902862549 0.3294658660888672
vt 0.2505084276199341 0.30734509229660034
vt 0.2748662233352661 0.31543171405792236
vt 0.2571637034416199 0.31079578399658203
vt 0.26086974143981934 0.27576589584350586
vt 0.2677839994430542 0.27776390314102173
vt 0.28401535749435425 0.281682550907135
vt 0.26508629322052 0.26016825437545776
vt 0.27182137966156006 0.26202017068862915
vt 0.28470736742019653 0.265142560005188
vt 0.2694692015647888 0.24478298425674438
vt 0.27610599994659424 0.24675005674362183
vt 0.2890782952308655 0.25031113624572754
vt 0.2789202332496643 0.2146855592727661
vt 0.2853339910507202 0.2170448899269104
vt 0.29767274856567383 0.22095263004302979
vt 0.28914588689804077 0.18977832794189453
vt 0.2958167791366577 0.19225871562957764
vt 0.31271785497665405 0.12125855684280396
vt 0.31241726875305176 0.19692254066467285
vt 0.3180646300315857 0.1253417730331421
vt 0.32992416620254517 0.12956273555755615
vt 0.875 0.5
vt 0.875 0.75
vt 0.7916666269302368 0.5
vt 0.7916666269302368 0.75
vt 0.7083333134651184 0.75
vt 0.625 0.5
vt 0.7083333134651184 0.5
vt 0.625 0.75
vt 0.260574072599411 0.8598315119743347
vt 0.3176543712615967 0.7545869946479797
vt 0.3214925229549408 0.8713014125823975
vt 0.2600795328617096 0.7420864105224609
vt 0.25526076555252075 0.8796114921569824
vt 0.3214925229549408 0.8713014125823975
vt 0.32315880060195923 0.8827590942382812
vt 0.260574072599411 0.8598315119743347
vt 0.2600795328617096 0.7420864105224609
vt 0.31280890107154846 0.7306687831878662
vt 0.3176543712615967 0.7545869946479797
vt 0.27166420221328735 0.7194525599479675
vt 0.32418814301490784 0.9255666136741638
vt 0.3294866383075714 0.8998334407806396
vt 0.3299057185649872 0.9207245111465454
vt 0.2530057430267334 0.9250538349151611
vt 0.24410775303840637 0.8964114785194397
vt 0.3294866383075714 0.8998334407806396
vt 0.24410775303840637 0.8964114785194397
vt 0.25526076555252075 0.8796114921569824
vt 0.32315880060195923 0.8827590942382812
vt 0.2530057430267334 0.9250538349151611
vt 0.23669615387916565 0.9053855538368225
vt 0.24410775303840637 0.8964114785194397
vt 0.2378154993057251 0.9217907190322876
vt 0.3214925229549408 0.8713014125823975
vt 0.3176543712615967 0.7545869946479797
vt 0.260574072599411 0.8598315119743347
vt 0.2600795328617096 0.7420864105224609
vt 0.25526076555252075 0.8796114921569824
vt 0.3214925229549408 0.8713014125823975
vt 0.260574072599411 0.8598315119743347
vt 0.32315880060195923 0.8827590942382812
vt 0.2600795328617096 0.7420864105224609
vt 0.31280890107154846 0.7306687831878662
vt 0.27166420221328735 0.7194525599479675
vt 0.3176543712615967 0.7545869946479797
vt 0.2530057430267334 0.9250538349151611
vt 0.3294866383075714 0.8998334407806396
vt 0.24410775303840637 0.8964114785194397
vt 0.32418814301490784 0.9255666136741638
vt 0.3299057185649872 0.9207245111465454
vt 0.24410775303840637 0.8964114785194397
vt 0.3294866383075714 0.8998334407806396
vt 0.25526076555252075 0.8796114921569824
vt 0.32315880060195923 0.8827590942382812
vt 0.2530057430267334 0.9250538349151611
vt 0.23669615387916565 0.9053855538368225
vt 0.2378154993057251 0.9217907190322876
vt 0.24410775303840637 0.8964114785194397
vt 0.24995268881320953 0.4042537808418274
vt 0.16069094836711884 0.4073026776313782
vt 0.2326515167951584 0.38011038303375244
vt 0.16117696464061737 0.43325895071029663
vt 0.16117696464061737 0.43325895071029663
vt 0.14143596589565277 0.43142908811569214
vt 0.16069094836711884 0.4073026776313782
vt 0.1375301033258438 0.4091687798500061
vt 0.15701702237129211 0.3796972632408142
vt 0.13793331384658813 0.38750147819519043
vt 0.2157806009054184 0.3580694794654846
vt 0.2326515167951584 0.38011038303375244
vt 0.3224141001701355 0.22608381509780884
vt 0.31241726875305176 0.19692254066467285
vt 0.3271697163581848 0.19997328519821167
vt 0.32992416620254517 0.12956273555755615
vt 0.34281861782073975 0.12810099124908447
vt 0.29767274856567383 0.22095263004302979
vt 0.2890782952308655 0.25031113624572754
vt 0.3128657937049866 0.2636733651161194
vt 0.28470736742019653 0.265142560005188
vt 0.3074742555618286 0.28239476680755615
vt 0.2326515167951584 0.38011038303375244
vt 0.25933223962783813 0.3725129961967468
vt 0.24995268881320953 0.4042537808418274
vt 0.26491355895996094 0.4040127396583557
vt 0.2951604723930359 0.4259070158004761
vt 0.29143965244293213 0.42385250329971313
vt 0.2975859045982361 0.42291736602783203
vt 0.2931572198867798 0.42630720138549805
vt 0.2789880633354187 0.40985363721847534
vt 0.3098844885826111 0.4125175476074219
vt 0.29819828271865845 0.4221624732017517
vt 0.29100602865219116 0.4232328534126282
vt 0.27053558826446533 0.3614272475242615
vt 0.26491355895996094 0.4040127396583557
vt 0.25933223962783813 0.3725129961967468
vt 0.2326515167951584 0.38011038303375244
vt 0.2543618679046631 0.34087270498275757
vt 0.25933223962783813 0.3725129961967468
vt 0.2157806009054184 0.3580694794654846
vt 0.27053558826446533 0.3614272475242615
vt 0.2543618679046631 0.34087270498275757
vt 0.2677280902862549 0.3294658660888672
vt 0.25933223962783813 0.3725129961967468
vt 0.2985478639602661 0.3383471369743347
vt 0.2677280902862549 0.3294658660888672
vt 0.2748662233352661 0.31543171405792236
vt 0.27053558826446533 0.3614272475242615
vt 0.3098844885826111 0.4125175476074219
vt 0.27053558826446533 0.3614272475242615
vt 0.2985478639602661 0.3383471369743347
vt 0.2789880633354187 0.40985363721847534
vt 0.3026242256164551 0.300542950630188
vt 0.2985478639602661 0.3383471369743347
vt 0.2748662233352661 0.31543171405792236
vt 0.28401535749435425 0.281682550907135
vt 0.3026242256164551 0.300542950630188
vt 0.28401535749435425 0.281682550907135
vt 0.3074742555618286 0.28239476680755615
vt 0.28470736742019653 0.265142560005188
vt 0.2975859045982361 0.42291736602783203
vt 0.29100602865219116 0.4232328534126282
vt 0.29819828271865845 0.4221624732017517
vt 0.29143965244293213 0.42385250329971313
vt 0.16069094836711884 0.4073026776313782
vt 0.24995268881320953 0.4042537808418274
vt 0.2326515167951584 0.38011038303375244
vt 0.16117696464061737 0.43325895071029663
vt 0.16117696464061737 0.43325895071029663
vt 0.16069094836711884 0.4073026776313782
vt 0.14143596589565277 0.43142908811569214
vt 0.1375301033258438 0.4091687798500061
vt 0.15701702237129211 0.3796972632408142
vt 0.13793331384658813 0.38750147819519043
vt 0.2157806009054184 0.3580694794654846
vt 0.2326515167951584 0.38011038303375244
vt 0.2543618679046631 0.34087270498275757
vt 0.25933223962783813 0.3725129961967468
vt 0.26491355895996094 0.4040127396583557
vt 0.27053558826446533 0.3614272475242615
vt 0.2789880633354187 0.40985363721847534
vt 0.29819828271865845 0.4221624732017517
vt 0.3098844885826111 0.4125175476074219
vt 0.29100602865219116 0.4232328534126282
vt 0.3224141001701355 0.22608381509780884
vt 0.3271697163581848 0.19997328519821167
vt 0.31241726875305176 0.19692254066467285
vt 0.32992416620254517 0.12956273555755615
vt 0.34281861782073975 0.12810099124908447
vt 0.29767274856567383 0.22095263004302979
vt 0.2890782952308655 0.25031113624572754
vt 0.3128657937049866 0.2636733651161194
vt 0.28470736742019653 0.265142560005188
vt 0.3074742555618286 0.28239476680755615
vt 0.2326515167951584 0.38011038303375244
vt 0.24995268881320953 0.4042537808418274
vt 0.25933223962783813 0.3725129961967468
vt 0.26491355895996094 0.4040127396583557
vt 0.2951604723930359 0.4259070158004761
vt 0.2975859045982361 0.42291736602783203
vt 0.29143965244293213 0.42385250329971313
vt 0.2931572198867798 0.42630720138549805
vt 0.2543618679046631 0.34087270498275757
vt 0.27053558826446533 0.3614272475242615
vt 0.2677280902862549 0.3294658660888672
vt 0.25933223962783813 0.3725129961967468
vt 0.2677280902862549 0.3294658660888672
vt 0.2985478639602661 0.3383471369743347
vt 0.2748662233352661 0.31543171405792236
vt 0.27053558826446533 0.3614272475242615
vt 0.3098844885826111 0.4125175476074219
vt 0.27053558826446533 0.3614272475242615
vt 0.2789880633354187 0.40985363721847534
vt 0.2985478639602661 0.3383471369743347
vt 0.2985478639602661 0.3383471369743347
vt 0.3026242256164551 0.300542950630188
vt 0.2748662233352661 0.31543171405792236
vt 0.28401535749435425 0.281682550907135
vt 0.3026242256164551 0.300542950630188
vt 0.3074742555618286 0.28239476680755615
vt 0.28401535749435425 0.281682550907135
vt 0.28470736742019653 0.265142560005188
vt 0.29819828271865845 0.4221624732017517
vt 0.29100602865219116 0.4232328534126282
vt 0.2975859045982361 0.42291736602783203
vt 0.29143965244293213 0.42385250329971313
vt 0.8483006954193115 0.4873063564300537
vt 0.8752607107162476 0.3053082823753357
vt 0.8786937594413757 0.4894373416900635
vt 0.8714586496353149 0.4981886148452759
vt 0.8437032699584961 0.30397987365722656
vt 0.8425930142402649 0.5001230239868164
vt 0.8706573843955994 0.5257240533828735
vt 0.8467023372650146 0.5255540609359741
vt 0.8795356750488281 0.26170670986175537
vt 0.8460984826087952 0.25618481636047363
vt 0.8967456221580505 0.09466552734375
vt 0.9263355135917664 0.08247923851013184
vt 0.8483006954193115 0.4873063564300537
vt 0.8752607107162476 0.3053082823753357
vt 0.8437032699584961 0.30397987365722656
vt 0.8786937594413757 0.4894373416900635
vt 0.8795356750488281 0.26170670986175537
vt 0.8714586496353149 0.4981886148452759
vt 0.8460984826087952 0.25618481636047363
vt 0.8967456221580505 0.09466552734375
vt 0.9263355135917664 0.08247923851013184
vt 0.8425930142402649 0.5001230239868164
vt 0.8706573843955994 0.5257240533828735
vt 0.8467023372650146 0.5255540609359741
vt 0.8828930854797363 0.4903064966201782
vt 0.8991888761520386 0.4932914972305298
vt 0.8828930854797363 0.4903064966201782
vt 0.8991888761520386 0.4932914972305298
vt 0.8828930854797363 0.4903064966201782
vt 0.8991888761520386 0.4932914972305298
vt 0.8828930854797363 0.4903064966201782
vt 0.8991888761520386 0.4932914972305298
vt 0.8828930854797363 0.4903064966201782
vt 0.8828930854797363 0.4903064966201782
vt 0.8991888761520386 0.4932914972305298
vt 0.8991888761520386 0.4932914972305298
vt 0.8828930854797363 0.4903064966201782
vt 0.8991888761520386 0.4932914972305298
vt 0.8828930854797363 0.4903064966201782
vt 0.8991888761520386 0.4932914972305298
vt 0.3128657937049866 0.2636733651161194
vt 0.3074742555618286 0.28239476680755615
vt 0.3128657937049866 0.2636733651161194
vt 0.3074742555618286 0.28239476680755615
vt 0.3026242256164551 0.300542950630188
vt 0.3026242256164551 0.300542950630188
vt 0.3074742555618286 0.28239476680755615
vt 0.3026242256164551 0.300542950630188
vt 0.3128657937049866 0.2636733651161194
vt 0.3224141001701355 0.22608381509780884
vt 0.3224141001701355 0.22608381509780884
vt 0.3224141001701355 0.22608381509780884
vt 0.3271697163581848 0.19997328519821167
vt 0.3271697163581848 0.19997328519821167
vt 0.3271697163581848 0.19997328519821167
vt 0.3357859253883362 0.10734909772872925
vt 0.34281861782073975 0.12810099124908447
vt 0.2985478639602661 0.3383471369743347
vt 0.2985478639602661 0.3383471369743347
vt 0.3389240503311157 0.43567991256713867
vt 0.34281861782073975 0.44244301319122314
vt 0.2985478639602661 0.3383471369743347
vt 0.3389240503311157 0.43567991256713867
vt 0.2985478639602661 0.3383471369743347
vt 0.3026242256164551 0.300542950630188
vt 0.3026242256164551 0.300542950630188
vt 0.3389240503311157 0.43567991256713867
vt 0.34281861782073975 0.44244301319122314
vt 0.3357859253883362 0.10734909772872925
vt 0.3271697163581848 0.19997328519821167
vt 0.34281861782073975 0.12810099124908447
vt 0.3098844885826111 0.4125175476074219
vt 0.3389240503311157 0.43567991256713867
vt 0.31731659173965454 0.42271459102630615
vt 0.2985478639602661 0.3383471369743347
vt 0.3026242256164551 0.300542950630188
vt 0.2985478639602661 0.3383471369743347
vt 0.3026242256164551 0.300542950630188
vt 0.2985478639602661 0.3383471369743347
vt 0.2985478639602661 0.3383471369743347
vt 0.3098844885826111 0.4125175476074219
vt 0.3389240503311157 0.43567991256713867
vt 0.31731659173965454 0.42271459102630615
vt 0.8813167214393616 0.49829989671707153
vt 0.8714586496353149 0.4981886148452759
vt 0.8786937594413757 0.4894373416900635
vt 0.8828930854797363 0.4903064966201782
vt 0.8793966174125671 0.5258694291114807
vt 0.8706573843955994 0.5257240533828735
vt 0.8924686312675476 0.525591254234314
vt 0.8972569108009338 0.5011188983917236
vt 0.8991888761520386 0.4932914972305298
vt 0.9037312865257263 0.5310535430908203
vt 0.9144657254219055 0.506456196308136
vt 0.9096778631210327 0.5369699001312256
vt 0.9172205924987793 0.498445987701416
vt 0.9232118725776672 0.5100056529045105
vt 0.9263355731964111 0.5018072128295898
vt 0.8786937594413757 0.4894373416900635
vt 0.8714586496353149 0.4981886148452759
vt 0.8813167214393616 0.49829989671707153
vt 0.8828930854797363 0.4903064966201782
vt 0.8793966174125671 0.5258694291114807
vt 0.8706573843955994 0.5257240533828735
vt 0.8924686312675476 0.525591254234314
vt 0.8972569108009338 0.5011188983917236
vt 0.8991888761520386 0.4932914972305298
vt 0.9037312865257263 0.5310535430908203
vt 0.9144657254219055 0.506456196308136
vt 0.9096778631210327 0.5369699001312256
vt 0.9172205924987793 0.498445987701416
vt 0.9232118725776672 0.5100056529045105
vt 0.9263355731964111 0.5018072128295898
vt 0.8755812644958496 0.2238311767578125
vt 0.8727359771728516 0.21615135669708252
vt 0.8760631680488586 0.20702815055847168
vt 0.8678162693977356 0.2276843786239624
vt 0.8506403565406799 0.22630655765533447
vt 0.8430833220481873 0.19462358951568604
vt 0.854966938495636 0.2037191390991211
vt 0.841480016708374 0.25219786167144775
vt 0.8957473039627075 0.25086963176727295
vt 0.9031775593757629 0.07715189456939697
vt 0.9031776189804077 0.40818309783935547
vt 0.8937497138977051 0.19253480434417725
vt 0.8583235144615173 0.22455543279647827
vt 0.8591302037239075 0.20741760730743408
vt 0.861447274684906 0.21625256538391113
vt 0.8633387088775635 0.22843527793884277
vt 0.854966938495636 0.2037191390991211
vt 0.8506403565406799 0.22630655765533447
vt 0.8755812644958496 0.2238311767578125
vt 0.8809043169021606 0.20286285877227783
vt 0.8849332332611084 0.22517752647399902
vt 0.8760631680488586 0.20702815055847168
vt 0.8620603084564209 0.23019063472747803
vt 0.8639799356460571 0.25301599502563477
vt 0.8655785918235779 0.23704135417938232
vt 0.8626196980476379 0.22608351707458496
vt 0.8609771728515625 0.23536503314971924
vt 0.8690102696418762 0.22625732421875
vt 0.8678162693977356 0.2276843786239624
vt 0.8727359771728516 0.21615135669708252
vt 0.8678162693977356 0.2276843786239624
vt 0.8690102696418762 0.22625732421875
vt 0.8633387088775635 0.22843527793884277
vt 0.861447274684906 0.21625256538391113
vt 0.8626196980476379 0.22608351707458496
vt 0.8655785918235779 0.23704135417938232
vt 0.8546470999717712 0.25052714347839355
vt 0.8674383759498596 0.23098325729370117
vt 0.8609771728515625 0.23536503314971924
vt 0.8690102696418762 0.22625732421875
vt 0.8554949164390564 0.27869200706481934
vt 0.8674383759498596 0.23098325729370117
vt 0.8546470999717712 0.25052714347839355
vt 0.8492657542228699 0.2768493890762329
vt 0.8564521074295044 0.27861905097961426
vt 0.8639799356460571 0.25301599502563477
vt 0.8500681519508362 0.2773233652114868
vt 0.8620603084564209 0.23019063472747803
vt 0.8385896682739258 0.34411942958831787
vt 0.8407215476036072 0.31406259536743164
vt 0.8353445529937744 0.3474036455154419
vt 0.8468909859657288 0.31447887420654297
vt 0.8464632034301758 0.3150947093963623
vt 0.8554949164390564 0.27869200706481934
vt 0.8412971496582031 0.31298208236694336
vt 0.8492657542228699 0.2768493890762329
vt 0.8468909859657288 0.31447887420654297
vt 0.8500681519508362 0.2773233652114868
vt 0.8407215476036072 0.31406259536743164
vt 0.8564521074295044 0.27861905097961426
vt 0.8388870358467102 0.3417787551879883
vt 0.8464632034301758 0.3150947093963623
vt 0.8370558619499207 0.3407754898071289
vt 0.8412971496582031 0.31298208236694336
vt 0.8310064077377319 0.08753645420074463
vt 0.841480016708374 0.25219786167144775
vt 0.8376856446266174 0.408023476600647
vt 0.8430833220481873 0.19462358951568604
vt 0.8849332332611084 0.22517752647399902
vt 0.8809043169021606 0.20286285877227783
vt 0.8937497138977051 0.19253480434417725
vt 0.8957473039627075 0.25086963176727295
vt 0.625 0.25
vt 0.5539772510528564 0
vt 0.625 0
vt 0.5539773106575012 0.25
vt 0.375 0
vt 0.375 0.25
vt 0.625 0.75
vt 0.5539773106575012 0.5
vt 0.625 0.5
vt 0.5539773106575012 0.75
vt 0.375 0.5
vt 0.375 0.75
vt 0.9166666865348816 1
vt 1 0.5
vt 1 1
vt 0.9166666865348816 0.5
vt 0.8333333730697632 1
vt 0.8333333730697632 0.5
vt 0.7500000596046448 1
vt 0.7500000596046448 0.5
vt 0.6666667461395264 1
vt 0.6666667461395264 0.5
vt 0.583333432674408 1
vt 0.583333432674408 0.5
vt 0.5000001192092896 0.5
vt 0.5000001192092896 1
vt 0.41666677594184875 0.5
vt 0.41666677594184875 1
vt 0.33333343267440796 0.5
vt 0.33333343267440796 1
vt 0.25000008940696716 0.5
vt 0.25000008940696716 1
vt 0.16666674613952637 0.5
vt 0.16666674613952637 1
vt 0.08333341032266617 0.5
vt 0.08333341032266617 1
vt 7.450580596923828e-8 1
vt 7.450580596923828e-8 0.5
vt 0.8617719411849976 0.5188370943069458
vt 0.8617719411849976 0.5188370943069458
vt 0.8617719411849976 0.5188370943069458
vt 0.8617719411849976 0.08121228218078613
vt 0.8617719411849976 0.08121228218078613
vt 0.8617719411849976 0.4832225441932678
vt 0.8617719411849976 0.3763788342475891
vt 0.8617719411849976 0.5188370943069458
vt 0.8617719411849976 0.3763788342475891
vt 0.8617719411849976 0.4832225441932678
vt 0.8617719411849976 0.41199344396591187
vt 0.8617719411849976 0.44760799407958984
vt 0.8617618083953857 0.18805593252182007
vt 0.8617618083953857 0.11682683229446411
vt 0.8617618083953857 0.22367048263549805
vt 0.8617618083953857 0.1524413824081421
vt 0.8617616891860962 0.518837034702301
vt 0.8617618083953857 0.22367048263549805
vt 0.8617618083953857 0.11682683229446411
vt 0.8617618083953857 0.08121228218078613
vt 0.8617618083953857 0.08121228218078613
vt 0.8617618083953857 0.08121228218078613
vt 0.8617616891860962 0.518837034702301
vt 0.8617618083953857 0.08121228218078613
vt 0.33071136474609375 0.4479108452796936
vt 0.3008970022201538 0.43791496753692627
vt 0.3303927183151245 0.4422171115875244
vt 0.3035016655921936 0.432236909866333
vt 0.3303927183151245 0.4422171115875244
vt 0.3008970022201538 0.43791496753692627
vt 0.33071136474609375 0.4479108452796936
vt 0.3035016655921936 0.432236909866333
vt 0.7417744398117065 0.13607096672058105
vt 0.8193964958190918 0.13607102632522583
vt 0.8193964958190918 0.16194504499435425
vt 0.7417744398117065 0.16194504499435425
vt 0.7417744398117065 0.11019688844680786
vt 0.8193964958190918 0.11019688844680786
vt 0.8193964958190918 0.08432292938232422
vt 0.7417744398117065 0.08432292938232422
vt 0.7417744398117065 0.2913151979446411
vt 0.8193964958190918 0.2913151979446411
vt 0.8193964958190918 0.31718909740448
vt 0.7417744398117065 0.31718909740448
vt 0.7417744398117065 0.26544106006622314
vt 0.8193964958190918 0.26544106006622314
vt 0.8193964958190918 0.2395671010017395
vt 0.7417744398117065 0.2395671010017395
vt 0.29407691955566406 0.43115168809890747
vt 0.28702402114868164 0.43508195877075195
vt 0.29287654161453247 0.43079960346221924
vt 0.3000701069831848 0.4370949864387512
vt 0.2862165570259094 0.4356728196144104
vt 0.3008970022201538 0.43791496753692627
vt 0.736111044883728 0.5
vt 0.5539772510528564 0.861111044883728
vt 0.625 0.861111044883728
vt 0.5539772510528564 0.3888888955116272
vt 0.7638888359069824 0.5
vt 0.625 0.8888888359069824
vt 0.5539772510528564 0.8888888359069824
vt 0.5539772510528564 0.3611111044883728
vt 0.8828930854797363 0.4903064966201782
vt 0.8828930854797363 0.4903064966201782
vt 0.8752607107162476 0.3053082823753357
vt 0.8786937594413757 0.4894373416900635
vt 0.8828930854797363 0.4903064966201782
vt 0.8752607107162476 0.3053082823753357
vt 0.8795356750488281 0.26170670986175537
vt 0.8828930854797363 0.4903064966201782
vt 0.8828930854797363 0.4903064966201782
vt 0.8795356750488281 0.26170670986175537
vt 0.9263355135917664 0.08247923851013184
vt 0.8828930854797363 0.4903064966201782
vt 0.8828930854797363 0.4903064966201782
vt 0.8828930854797363 0.4903064966201782
vt 0.8752607107162476 0.3053082823753357
vt 0.8752607107162476 0.3053082823753357
vt 0.8786937594413757 0.4894373416900635
vt 0.8828930854797363 0.4903064966201782
vt 0.8828930854797363 0.4903064966201782
vt 0.8752607107162476 0.3053082823753357
vt 0.8828930854797363 0.4903064966201782
vt 0.8752607107162476 0.3053082823753357
vt 0.8828930854797363 0.4903064966201782
vt 0.8795356750488281 0.26170670986175537
vt 0.8828930854797363 0.4903064966201782
vt 0.8795356750488281 0.26170670986175537
vt 0.8828930854797363 0.4903064966201782
vt 0.8795356750488281 0.26170670986175537
vt 0.8828930854797363 0.4903064966201782
vt 0.9263355135917664 0.08247923851013184
vt 0.3303927183151245 0.4422171115875244
vt 0.31731659173965454 0.42271459102630615
vt 0.3389240503311157 0.43567991256713867
vt 0.3035016655921936 0.432236909866333
vt 0.31731659173965454 0.42271459102630615
vt 0.3303927183151245 0.4422171115875244
vt 0.3389240503311157 0.43567991256713867
vt 0.3035016655921936 0.432236909866333
vt 0.8815782070159912 0.04864567518234253
vt 0.888390064239502 0.08336788415908813
vt 0.8704631924629211 0.07835692167282104
vt 0.9167478680610657 0.06516629457473755
vt 0.8704631924629211 0.07835692167282104
vt 0.888390064239502 0.08336788415908813
vt 0.8832136988639832 0.0865774154663086
vt 0.8645079731941223 0.1004299521446228
vt 0.888390064239502 0.08336788415908813
vt 0.8815782070159912 0.04864567518234253
vt 0.8704631924629211 0.07835692167282104
vt 0.9167478680610657 0.06516629457473755
vt 0.888390064239502 0.08336788415908813
vt 0.8704631924629211 0.07835692167282104
vt 0.8832136988639832 0.0865774154663086
vt 0.8645079731941223 0.1004299521446228
vt 0.3214925229549408 0.8713014125823975
vt 0.3232724666595459 0.753864049911499
vt 0.3275943398475647 0.8705717921257019
vt 0.3176543712615967 0.7545869946479797
vt 0.32315880060195923 0.8827590942382812
vt 0.31681516766548157 0.7274811267852783
vt 0.3295193612575531 0.8810170292854309
vt 0.31280890107154846 0.7306687831878662
vt 0.33592489361763 0.8989256620407104
vt 0.2692599296569824 0.7133560180664062
vt 0.3294866383075714 0.8998334407806396
vt 0.27166420221328735 0.7194525599479675
vt 0.33564162254333496 0.9245033264160156
vt 0.2600795328617096 0.7420864105224609
vt 0.3299057185649872 0.9207245111465454
vt 0.25347861647605896 0.7399689555168152
vt 0.32665586471557617 0.9315255880355835
vt 0.2539193034172058 0.858877420425415
vt 0.32418814301490784 0.9255666136741638
vt 0.260574072599411 0.8598315119743347
vt 0.2530057430267334 0.9250538349151611
vt 0.25526076555252075 0.8796114921569824
vt 0.24601465463638306 0.9315255880355835
vt 0.2490648329257965 0.8768755793571472
vt 0.2378154993057251 0.9217907190322876
vt 0.24410775303840637 0.8964114785194397
vt 0.23412156105041504 0.9257025718688965
vt 0.23866760730743408 0.892760694026947
vt 0.23060426115989685 0.9035739898681641
vt 0.23669615387916565 0.9053855538368225
vt 0.3275943398475647 0.8705717921257019
vt 0.3232724666595459 0.753864049911499
vt 0.3214925229549408 0.8713014125823975
vt 0.3176543712615967 0.7545869946479797
vt 0.32315880060195923 0.8827590942382812
vt 0.31681516766548157 0.7274811267852783
vt 0.3295193612575531 0.8810170292854309
vt 0.31280890107154846 0.7306687831878662
vt 0.33592489361763 0.8989256620407104
vt 0.2692599296569824 0.7133560180664062
vt 0.3294866383075714 0.8998334407806396
vt 0.27166420221328735 0.7194525599479675
vt 0.33564162254333496 0.9245033264160156
vt 0.2600795328617096 0.7420864105224609
vt 0.3299057185649872 0.9207245111465454
vt 0.25347861647605896 0.7399689555168152
vt 0.32665586471557617 0.9315255880355835
vt 0.2539193034172058 0.858877420425415
vt 0.32418814301490784 0.9255666136741638
vt 0.260574072599411 0.8598315119743347
vt 0.2530057430267334 0.9250538349151611
vt 0.25526076555252075 0.8796114921569824
vt 0.24601465463638306 0.9315255880355835
vt 0.2490648329257965 0.8768755793571472
vt 0.2378154993057251 0.9217907190322876
vt 0.24410775303840637 0.8964114785194397
vt 0.23412156105041504 0.9257025718688965
vt 0.23866760730743408 0.892760694026947
vt 0.23060426115989685 0.9035739898681641
vt 0.23669615387916565 0.9053855538368225
vt 0.8655785918235779 0.23704135417938232
vt 0.8609771728515625 0.23536503314971924
vt 0.8678162693977356 0.2276843786239624
vt 0.8639799356460571 0.25301599502563477
vt 0.8546470999717712 0.25052714347839355
vt 0.8564521074295044 0.27861905097961426
vt 0.8492657542228699 0.2768493890762329
vt 0.8468909859657288 0.31447887420654297
vt 0.8412971496582031 0.31298208236694336
vt 0.8385896682739258 0.34411942958831787
vt 0.8370558619499207 0.3407754898071289
vt 0.8904671669006348 0.16933155059814453
vt 0.8617821931838989 0.08121228218078613
vt 0.8617820739746094 0.16933155059814453
vt 0.8904671669006348 0.08121228218078613
vt 0.23680108785629272 0.9435359239578247
vt 0.21725642681121826 0.9435359239578247
vt 0.21725642681121826 0.9435359239578247
vt 0.197711780667305 0.9435359239578247
vt 0.23680108785629272 0.9435359239578247
vt 0.197711780667305 0.9435359239578247
vt 0.2563457190990448 0.9435359239578247
vt 0.17816714942455292 0.9435359239578247
vt 0.2563457190990448 0.9435359239578247
vt 0.17816714942455292 0.9435359239578247
vt 0.2758903205394745 0.9435359239578247
vt 0.15862250328063965 0.9435359239578247
vt 0.2758903205394745 0.9435359239578247
vt 0.15862250328063965 0.9435359239578247
vt 0.29543498158454895 0.9435359239578247
vt 0.13907785713672638 0.9435359239578247
vt 0.29543498158454895 0.9435359239578247
vt 0.3149796426296234 0.9435359239578247
vt 0.3149796426296234 0.9435359239578247
vt 0.13907785713672638 0.9435359239578247
vt 0.11953321099281311 0.9435359239578247
vt 0.11953321099281311 0.9435359239578247
vt 0.09998856484889984 0.9435359239578247
vt 0.09998856484889984 0.9435359239578247
vt 0.08044390380382538 0.9435359239578247
vt 0.08044390380382538 0.9435359239578247
vt 0.7417744398117065 0.31718909740448
vt 0.6641523838043213 0.31718909740448
vt 0.6641523838043213 0.2913151979446411
vt 0.7417744398117065 0.2913151979446411
vt 0.6641523838043213 0.26544106006622314
vt 0.7417744398117065 0.26544106006622314
vt 0.6641523838043213 0.2395671010017395
vt 0.7417744398117065 0.2395671010017395
vt 0.2916666567325592 0.75
vt 0.2916666567325592 0.5
vt 0.375 0.75
vt 0.375 0.5
vt 0.2638888955116272 0.5
vt 0.2638888955116272 0.75
vt 0.2361111044883728 0.5
vt 0.2361111044883728 0.75
vt 0.2083333283662796 0.5
vt 0.2083333283662796 0.75
vt 0.125 0.5
vt 0.125 0.75
vt 0.8655785918235779 0.23704135417938232
vt 0.8678162693977356 0.2276843786239624
vt 0.8633387088775635 0.22843527793884277
vt 0.8755812644958496 0.2238311767578125
vt 0.8583235144615173 0.22455543279647827
vt 0.8957473039627075 0.25086963176727295
vt 0.841480016708374 0.25219786167144775
vt 0.8506403565406799 0.22630655765533447
vt 0.9031776189804077 0.40818309783935547
vt 0.8376856446266174 0.408023476600647
vt 0.8849332332611084 0.22517752647399902
vt 0.8583235144615173 0.22455543279647827
vt 0.8755812644958496 0.2238311767578125
vt 0.625 0.4166666269302368
vt 0.625 0.5
vt 0.5539772510528564 0.4166666269302368
vt 0.5539773106575012 0.5
vt 0.375 0.4166666269302368
vt 0.375 0.5
vt 0.5539772510528564 0.3888888955116272
vt 0.625 0.3888888955116272
vt 0.375 0.3888888359069824
vt 0.375 0.3611111044883728
vt 0.5539772510528564 0.3611111044883728
vt 0.375 0.3333333134651184
vt 0.5539772510528564 0.33333325386047363
vt 0.625 0.3611111044883728
vt 0.625 0.3333333134651184
vt 0.625 0.25
vt 0.5539773106575012 0.25
vt 0.375 0.25
vt 0.8193964958190918 0.2913151979446411
vt 0.897018551826477 0.2913151979446411
vt 0.897018551826477 0.31718909740448
vt 0.8193964958190918 0.31718909740448
vt 0.8193964958190918 0.39481115341186523
vt 0.7417744398117065 0.31718909740448
vt 0.8193964958190918 0.31718909740448
vt 0.7417744398117065 0.39481115341186523

f 1/1/1 2/2/2 3/3/3
f 2/2/2 1/1/1 4/4/4
f 5/5/5 6/6/6 7/7/7
f 6/6/6 5/5/5 8/8/8
f 9/9/9 6/6/6 8/8/8
f 6/6/6 9/9/9 10/10/10
f 11/11/11 10/10/10 9/9/9
f 10/10/10 11/11/11 12/12/12
f 13/13/13 12/12/12 11/11/11
f 12/12/12 13/13/13 14/14/14
f 15/15/15 14/14/14 13/13/13
f 14/14/14 15/15/15 16/16/16
f 17/17/17 18/18/18 19/19/19
f 18/18/18 17/17/17 20/20/20
f 19/19/19 21/21/21 17/17/17
f 21/21/21 19/19/19 22/22/22
f 23/23/23 21/21/21 22/22/22
f 22/22/22 24/24/24 23/23/23
f 24/24/24 25/25/25 23/23/23
f 24/24/24 26/26/26 25/25/25
f 27/27/27 28/28/28 29/29/29
f 28/28/28 27/27/27 30/30/30
f 31/31/31 32/32/32 33/33/33
f 32/32/32 31/31/31 34/34/34
f 35/35/35 36/36/36 37/37/37
f 35/35/35 37/37/37 38/38/38
f 39/39/39 36/36/36 35/35/35
f 36/36/36 39/39/39 40/40/40
f 41/41/41 39/39/39 35/35/35
f 42/42/42 39/39/39 41/41/41
f 42/42/42 41/41/41 43/43/43
f 44/44/44 39/39/39 42/42/42
f 44/44/44 45/45/45 39/39/39
f 45/45/45 44/44/44 46/46/46
f 47/47/47 48/48/48 49/49/49
f 47/47/47 49/49/49 50/50/50
f 51/51/51 48/48/48 47/47/47
f 52/52/52 51/51/51 53/53/53
f 54/54/54 51/51/51 52/52/52
f 54/54/54 48/48/48 51/51/51
f 55/55/55 48/48/48 54/54/54
f 55/55/55 54/54/54 56/56/56
f 48/48/48 55/55/55 57/57/57
f 48/48/48 57/57/57 58/58/58
f 59/59/59 60/60/60 61/61/61
f 61/61/61 60/60/60 62/62/62
f 63/63/63 64/64/64 65/65/65
f 66/66/66 65/65/65 64/64/64
f 65/65/65 66/66/66 67/67/67
f 64/64/64 63/63/63 68/68/68
f 68/68/68 63/63/63 69/69/69
f 70/70/70 69/69/69 63/63/63
f 71/71/71 72/72/72 73/73/73
f 72/72/72 71/71/71 74/74/74
f 75/75/75 76/76/76 77/77/77
f 77/77/77 76/76/76 78/78/78
f 79/79/79 80/80/80 81/81/81
f 80/80/80 82/82/82 81/81/81
f 83/83/83 84/84/84 85/85/85
f 86/86/86 83/83/83 85/85/85
f 86/86/86 87/87/87 83/83/83
f 84/84/84 83/83/83 88/88/88
f 88/88/88 89/89/89 84/84/84
f 89/89/89 88/88/88 90/90/90
f 91/91/91 92/92/92 93/93/93
f 92/92/92 91/91/91 94/94/94
f 95/95/95 96/96/96 97/97/97
f 96/96/96 98/98/98 97/97/97
f 99/99/99 100/100/100 101/101/101
f 100/100/100 99/99/99 102/102/102
f 103/103/103 104/104/104 105/105/105
f 105/105/105 104/104/104 106/106/106
f 107/107/107 108/108/108 109/109/109
f 108/108/108 110/110/110 109/109/109
f 111/111/111 109/109/109 110/110/110
f 109/109/109 111/111/111 112/112/112
f 113/113/113 114/114/114 115/115/115
f 115/115/115 114/114/114 116/116/116
f 114/114/114 117/117/117 116/116/116
f 117/117/117 114/114/114 118/118/118
f 119/119/119 120/120/120 121/121/121
f 121/121/121 120/120/120 122/122/122
f 123/123/123 124/124/124 125/125/125
f 124/124/124 126/126/126 125/125/125
f 127/127/127 128/128/128 129/129/129
f 129/129/129 128/128/128 130/130/130
f 131/131/131 132/132/132 133/133/133
f 133/133/133 132/132/132 134/134/134
f 132/132/132 135/135/135 134/134/134
f 134/134/134 135/135/135 136/136/136
f 137/137/137 138/138/138 139/139/139
f 138/138/138 137/137/137 140/140/140
f 141/141/141 142/142/142 143/143/143
f 141/141/141 143/143/143 144/144/144
f 145/145/145 141/141/141 144/144/144
f 141/141/141 145/145/145 146/146/146
f 147/147/147 148/148/148 149/149/149
f 148/148/148 147/147/147 150/150/150
f 150/150/150 151/151/151 148/148/148
f 151/151/151 150/150/150 152/152/152
f 153/153/153 154/154/154 155/155/155
f 154/154/154 153/153/153 156/156/156
f 157/157/157 158/158/158 159/159/159
f 157/157/157 159/159/159 160/160/160
f 161/161/161 162/162/162 163/163/163
f 162/162/162 164/164/164 163/163/163
f 162/162/162 161/161/161 165/165/165
f 162/162/162 165/165/165 166/166/166
f 166/166/166 165/165/165 167/167/167
f 164/164/164 162/162/162 168/168/168
f 166/166/166 168/168/168 162/162/162
f 168/168/168 169/169/169 164/164/164
f 168/168/168 166/166/166 170/170/170
f 170/170/170 171/171/171 168/168/168
f 169/169/169 168/168/168 171/171/171
f 171/171/171 170/170/170 172/172/172
f 173/173/173 171/171/171 172/172/172
f 174/174/174 169/169/169 171/171/171
f 174/174/174 171/171/171 173/173/173
f 169/169/169 174/174/174 175/175/175
f 176/176/176 174/174/174 173/173/173
f 177/177/177 175/175/175 174/174/174
f 176/176/176 177/177/177 174/174/174
f 177/177/177 178/178/178 175/175/175
f 176/176/176 179/179/179 177/177/177
f 179/179/179 178/178/178 177/177/177
f 179/179/179 176/176/176 180/180/180
f 181/181/181 179/179/179 180/180/180
f 179/179/179 182/182/182 178/178/178
f 181/181/181 183/183/183 179/179/179
f 183/183/183 182/182/182 179/179/179
f 184/184/184 182/182/182 183/183/183
f 185/185/185 186/186/186 187/187/187
f 188/188/188 187/187/187 186/186/186
f 187/187/187 189/189/189 185/185/185
f 189/189/189 187/187/187 190/190/190
f 190/190/190 191/191/191 189/189/189
f 187/187/187 188/188/188 192/192/192
f 192/192/192 190/190/190 187/187/187
f 193/193/193 192/192/192 188/188/188
f 190/190/190 192/192/192 194/194/194
f 195/195/195 194/194/194 192/192/192
f 192/192/192 193/193/193 195/195/195
f 194/194/194 195/195/195 196/196/196
f 197/197/197 196/196/196 195/195/195
f 198/198/198 195/195/195 193/193/193
f 198/198/198 197/197/197 195/195/195
f 199/199/199 198/198/198 193/193/193
f 200/200/200 197/197/197 198/198/198
f 199/199/199 201/201/201 198/198/198
f 200/200/200 198/198/198 201/201/201
f 201/201/201 199/199/199 202/202/202
f 203/203/203 200/200/200 201/201/201
f 202/202/202 203/203/203 201/201/201
f 200/200/200 203/203/203 204/204/204
f 203/203/203 205/205/205 204/204/204
f 203/203/203 202/202/202 206/206/206
f 205/205/205 203/203/203 207/207/207
f 206/206/206 207/207/207 203/203/203
f 207/207/207 206/206/206 208/208/208
f 209/209/209 210/210/210 211/211/211
f 210/210/210 209/209/209 212/212/212
f 213/213/213 212/212/212 209/209/209
f 212/212/212 213/213/213 214/214/214
f 215/215/215 214/214/214 213/213/213
f 214/214/214 215/215/215 216/216/216
f 215/215/215 217/217/217 216/216/216
f 218/218/218 216/216/216 217/217/217
f 219/219/219 220/220/220 221/221/221
f 220/220/220 219/219/219 222/222/222
f 221/221/221 223/223/223 219/219/219
f 223/223/223 221/221/221 224/224/224
f 224/224/224 225/225/225 223/223/223
f 225/225/225 224/224/224 226/226/226
f 227/227/227 225/225/225 226/226/226
f 227/227/227 226/226/226 228/228/228
f 229/229/229 230/230/230 231/231/231
f 231/231/231 230/230/230 232/232/232
f 233/233/233 234/234/234 235/235/235
f 235/235/235 236/236/236 233/233/233
f 237/237/237 238/238/238 239/239/239
f 238/238/238 237/237/237 240/240/240
f 241/241/241 242/242/242 243/243/243
f 243/243/243 242/242/242 244/244/244
f 245/245/245 246/246/246 247/247/247
f 247/247/247 246/246/246 248/248/248
f 249/249/249 250/250/250 251/251/251
f 251/251/251 252/252/252 249/249/249
f 253/253/253 254/254/254 255/255/255
f 256/256/256 255/255/255 254/254/254
f 257/257/257 255/255/255 256/256/256
f 257/257/257 256/256/256 258/258/258
f 259/259/259 253/253/253 255/255/255
f 257/257/257 259/259/259 255/255/255
f 253/253/253 259/259/259 260/260/260
f 259/259/259 257/257/257 261/261/261
f 262/262/262 259/259/259 261/261/261
f 259/259/259 262/262/262 263/263/263
f 264/264/264 263/263/263 262/262/262
f 263/263/263 264/264/264 265/265/265
f 265/265/265 266/266/266 263/263/263
f 266/266/266 265/265/265 267/267/267
f 268/268/268 267/267/267 265/265/265
f 265/265/265 269/269/269 268/268/268
f 265/265/265 264/264/264 269/269/269
f 270/270/270 269/269/269 264/264/264
f 271/271/271 272/272/272 273/273/273
f 273/273/273 272/272/272 274/274/274
f 275/275/275 273/273/273 274/274/274
f 273/273/273 275/275/275 276/276/276
f 277/277/277 273/273/273 276/276/276
f 278/278/278 271/271/271 273/273/273
f 277/277/277 278/278/278 273/273/273
f 278/278/278 279/279/279 271/271/271
f 280/280/280 278/278/278 277/277/277
f 281/281/281 278/278/278 280/280/280
f 282/282/282 283/283/283 284/284/284
f 284/284/284 285/285/285 282/282/282
f 284/284/284 286/286/286 285/285/285
f 286/286/286 284/284/284 287/287/287
f 287/287/287 284/284/284 288/288/288
f 284/284/284 283/283/283 289/289/289
f 289/289/289 288/288/288 284/284/284
f 290/290/290 289/289/289 283/283/283
f 291/291/291 288/288/288 289/289/289
f 292/292/292 291/291/291 289/289/289
f 293/293/293 294/294/294 295/295/295
f 293/293/293 295/295/295 296/296/296
f 297/297/297 294/294/294 293/293/293
f 294/294/294 297/297/297 298/298/298
f 293/293/293 299/299/299 297/297/297
f 300/300/300 299/299/299 293/293/293
f 299/299/299 300/300/300 301/301/301
f 297/297/297 299/299/299 302/302/302
f 302/302/302 303/303/303 297/297/297
f 303/303/303 302/302/302 304/304/304
f 305/305/305 306/306/306 307/307/307
f 305/305/305 307/307/307 308/308/308
f 309/309/309 310/310/310 311/311/311
f 311/311/311 310/310/310 312/312/312
f 313/313/313 314/314/314 315/315/315
f 315/315/315 314/314/314 316/316/316
f 317/317/317 318/318/318 319/319/319
f 319/319/319 320/320/320 317/317/317
f 317/317/317 320/320/320 321/321/321
f 318/318/318 317/317/317 322/322/322
f 322/322/322 323/323/323 318/318/318
f 323/323/323 322/322/322 324/324/324
f 325/325/325 323/323/323 324/324/324
f 325/325/325 326/326/326 323/323/323
f 327/327/327 326/326/326 325/325/325
f 327/327/327 328/328/328 326/326/326
f 329/329/329 328/328/328 327/327/327
f 329/329/329 330/330/330 328/328/328
f 331/331/331 332/332/332 333/333/333
f 332/332/332 331/331/331 334/334/334
f 335/335/335 334/334/334 331/331/331
f 334/334/334 335/335/335 336/336/336
f 337/337/337 336/336/336 335/335/335
f 336/336/336 337/337/337 338/338/338
f 339/339/339 338/338/338 337/337/337
f 338/338/338 339/339/339 340/340/340
f 339/339/339 341/341/341 340/340/340
f 341/341/341 339/339/339 342/342/342
f 342/342/342 343/343/343 341/341/341
f 343/343/343 342/342/342 344/344/344
f 345/345/345 343/343/343 344/344/344
f 343/343/343 345/345/345 346/346/346
f 347/347/347 348/348/348 349/349/349
f 348/348/348 347/347/347 350/350/350
f 351/351/351 352/352/352 353/353/353
f 353/353/353 352/352/352 354/354/354
f 355/355/355 351/351/351 353/353/353
f 356/356/356 351/351/351 355/355/355
f 357/357/357 356/356/356 355/355/355
f 358/358/358 356/356/356 357/357/357
f 359/359/359 360/360/360 361/361/361
f 359/359/359 361/361/361 362/362/362
f 361/361/361 363/363/363 362/362/362
f 363/363/363 361/361/361 364/364/364
f 364/364/364 365/365/365 363/363/363
f 365/365/365 364/364/364 366/366/366
f 367/367/367 368/368/368 369/369/369
f 369/369/369 368/368/368 370/370/370
f 369/369/369 370/370/370 371/371/371
f 371/371/371 372/372/372 369/369/369
f 373/373/373 372/372/372 371/371/371
f 372/372/372 373/373/373 374/374/374
f 375/375/375 376/376/376 377/377/377
f 376/376/376 375/375/375 378/378/378
f 379/379/379 378/378/378 375/375/375
f 378/378/378 379/379/379 380/380/380
f 381/381/381 380/380/380 379/379/379
f 380/380/380 381/381/381 382/382/382
f 383/383/383 382/382/382 381/381/381
f 382/382/382 383/383/383 384/384/384
f 385/385/385 384/384/384 383/383/383
f 384/384/384 385/385/385 386/386/386
f 387/387/387 386/386/386 385/385/385
f 386/386/386 387/387/387 388/388/388
f 389/389/389 388/388/388 387/387/387
f 388/388/388 389/389/389 390/390/390
f 391/391/391 390/390/390 389/389/389
f 390/390/390 391/391/391 392/392/392
f 393/393/393 392/392/392 391/391/391
f 392/392/392 393/393/393 394/394/394
f 395/395/395 394/394/394 393/393/393
f 394/394/394 395/395/395 396/396/396
f 397/397/397 396/396/396 395/395/395
f 396/396/396 397/397/397 398/398/398
f 399/399/399 398/398/398 397/397/397
f 398/398/398 399/399/399 400/400/400
f 401/401/401 402/402/402 403/403/403
f 404/404/404 401/401/401 403/403/403
f 404/404/404 403/403/403 405/405/405
f 402/402/402 401/401/401 406/406/406
f 406/406/406 407/407/407 402/402/402
f 407/407/407 406/406/406 408/408/408
f 407/407/407 409/409/409 402/402/402
f 409/409/409 407/407/407 410/410/410
f 410/410/410 411/411/411 409/409/409
f 411/411/411 410/410/410 412/412/412
f 413/413/413 414/414/414 415/415/415
f 414/414/414 413/413/413 416/416/416
f 413/413/413 417/417/417 416/416/416
f 416/416/416 417/417/417 418/418/418
f 419/419/419 415/415/415 414/414/414
f 415/415/415 419/419/419 420/420/420
f 419/419/419 414/414/414 421/421/421
f 421/421/421 422/422/422 419/419/419
f 422/422/422 421/421/421 423/423/423
f 424/424/424 422/422/422 423/423/423
f 425/425/425 426/426/426 427/427/427
f 426/426/426 425/425/425 428/428/428
f 428/428/428 429/429/429 426/426/426
f 429/429/429 428/428/428 430/430/430
f 431/431/431 429/429/429 430/430/430
f 432/432/432 429/429/429 431/431/431
f 432/432/432 431/431/431 433/433/433
f 433/433/433 434/434/434 432/432/432
f 433/433/433 435/435/435 434/434/434
f 435/435/435 433/433/433 436/436/436
f 436/436/436 437/437/437 435/435/435
f 437/437/437 436/436/436 438/438/438
f 439/439/439 437/437/437 438/438/438
f 437/437/437 439/439/439 440/440/440
f 441/441/441 442/442/442 443/443/443
f 442/442/442 441/441/441 444/444/444
f 445/445/445 444/444/444 441/441/441
f 444/444/444 445/445/445 446/446/446
f 447/447/447 446/446/446 445/445/445
f 448/448/448 447/447/447 445/445/445
f 448/448/448 449/449/449 447/447/447
f 449/449/449 448/448/448 450/450/450
f 451/451/451 449/449/449 450/450/450
f 452/452/452 449/449/449 451/451/451
f 453/453/453 452/452/452 451/451/451
f 453/453/453 454/454/454 452/452/452
f 453/453/453 455/455/455 454/454/454
f 455/455/455 453/453/453 456/456/456
f 457/457/457 458/458/458 459/459/459
f 459/459/459 458/458/458 460/460/460
f 458/458/458 461/461/461 460/460/460
f 460/460/460 461/461/461 462/462/462
f 462/462/462 463/463/463 460/460/460
f 463/463/463 462/462/462 464/464/464
f 465/465/465 460/460/460 463/463/463
f 459/459/459 460/460/460 465/465/465
f 466/466/466 459/459/459 465/465/465
f 467/467/467 457/457/457 459/459/459
f 467/467/467 459/459/459 466/466/466
f 457/457/457 467/467/467 468/468/468
f 469/469/469 467/467/467 466/466/466
f 470/470/470 468/468/468 467/467/467
f 470/470/470 467/467/467 469/469/469
f 470/470/470 471/471/471 468/468/468
f 470/470/470 469/469/469 472/472/472
f 470/470/470 473/473/473 471/471/471
f 470/470/470 472/472/472 474/474/474
f 473/473/473 470/470/470 474/474/474
f 472/472/472 475/475/475 474/474/474
f 474/474/474 476/476/476 473/473/473
f 474/474/474 475/475/475 476/476/476
f 473/473/473 476/476/476 477/477/477
f 475/475/475 478/478/478 476/476/476
f 477/477/477 476/476/476 479/479/479
f 476/476/476 478/478/478 479/479/479
f 477/477/477 479/479/479 480/480/480
f 478/478/478 481/481/481 479/479/479
f 480/480/480 479/479/479 482/482/482
f 479/479/479 481/481/481 482/482/482
f 480/480/480 482/482/482 483/483/483
f 481/481/481 484/484/484 482/482/482
f 482/482/482 485/485/485 483/483/483
f 482/482/482 484/484/484 485/485/485
f 483/483/483 485/485/485 486/486/486
f 484/484/484 487/487/487 485/485/485
f 485/485/485 488/488/488 486/486/486
f 485/485/485 487/487/487 488/488/488
f 487/487/487 489/489/489 488/488/488
f 486/486/486 488/488/488 490/490/490
f 488/488/488 489/489/489 491/491/491
f 488/488/488 491/491/491 490/490/490
f 490/490/490 491/491/491 492/492/492
f 493/493/493 494/494/494 495/495/495
f 496/496/496 495/495/495 494/494/494
f 494/494/494 497/497/497 496/496/496
f 495/495/495 498/498/498 493/493/493
f 499/499/499 493/493/493 498/498/498
f 498/498/498 500/500/500 499/499/499
f 500/500/500 498/498/498 501/501/501
f 501/501/501 502/502/502 500/500/500
f 503/503/503 501/501/501 498/498/498
f 498/498/498 495/495/495 503/503/503
f 504/504/504 503/503/503 495/495/495
f 495/495/495 496/496/496 504/504/504
f 505/505/505 504/504/504 496/496/496
f 506/506/506 505/505/505 496/496/496
f 496/496/496 497/497/497 506/506/506
f 507/507/507 506/506/506 497/497/497
f 506/506/506 508/508/508 505/505/505
f 509/509/509 506/506/506 507/507/507
f 508/508/508 506/506/506 510/510/510
f 506/506/506 509/509/509 510/510/510
f 510/510/510 511/511/511 508/508/508
f 509/509/509 512/512/512 510/510/510
f 511/511/511 510/510/510 512/512/512
f 512/512/512 509/509/509 513/513/513
f 512/512/512 514/514/514 511/511/511
f 513/513/513 515/515/515 512/512/512
f 514/514/514 512/512/512 515/515/515
f 515/515/515 513/513/513 516/516/516
f 515/515/515 517/517/517 514/514/514
f 516/516/516 518/518/518 515/515/515
f 517/517/517 515/515/515 518/518/518
f 518/518/518 516/516/516 519/519/519
f 518/518/518 520/520/520 517/517/517
f 519/519/519 521/521/521 518/518/518
f 520/520/520 518/518/518 521/521/521
f 521/521/521 519/519/519 522/522/522
f 521/521/521 523/523/523 520/520/520
f 522/522/522 524/524/524 521/521/521
f 523/523/523 521/521/521 524/524/524
f 524/524/524 525/525/525 523/523/523
f 524/524/524 522/522/522 526/526/526
f 525/525/525 524/524/524 527/527/527
f 526/526/526 527/527/527 524/524/524
f 527/527/527 526/526/526 528/528/528
f 529/529/529 530/530/530 531/531/531
f 532/532/532 531/531/531 530/530/530
f 533/533/533 534/534/534 535/535/535
f 534/534/534 533/533/533 536/536/536
f 537/537/537 538/538/538 539/539/539
f 538/538/538 537/537/537 540/540/540
f 541/541/541 542/542/542 543/543/543
f 542/542/542 541/541/541 544/544/544
f 545/545/545 546/546/546 547/547/547
f 546/546/546 545/545/545 548/548/548
f 549/549/549 550/550/550 551/551/551
f 552/552/552 550/550/550 549/549/549
f 550/550/550 552/552/552 553/553/553
f 554/554/554 555/555/555 556/556/556
f 554/554/554 556/556/556 557/557/557
f 558/558/558 559/559/559 560/560/560
f 559/559/559 558/558/558 561/561/561
f 562/562/562 563/563/563 564/564/564
f 563/563/563 565/565/565 564/564/564
f 566/566/566 567/567/567 568/568/568
f 567/567/567 566/566/566 569/569/569
f 570/570/570 571/571/571 572/572/572
f 571/571/571 570/570/570 573/573/573
f 574/574/574 575/575/575 576/576/576
f 575/575/575 574/574/574 577/577/577
f 575/575/575 577/577/577 578/578/578
f 579/579/579 580/580/580 581/581/581
f 581/581/581 580/580/580 582/582/582
f 583/583/583 584/584/584 585/585/585
f 584/584/584 583/583/583 586/586/586
f 587/587/587 588/588/588 589/589/589
f 588/588/588 587/587/587 590/590/590
f 591/591/591 592/592/592 593/593/593
f 593/593/593 592/592/592 594/594/594
f 593/593/593 594/594/594 595/595/595
f 595/595/595 594/594/594 596/596/596
f 597/597/597 593/593/593 595/595/595
f 598/598/598 593/593/593 597/597/597
f 599/599/599 600/600/600 601/601/601
f 602/602/602 601/601/601 600/600/600
f 601/601/601 602/602/602 603/603/603
f 600/600/600 599/599/599 604/604/604
f 599/599/599 605/605/605 604/604/604
f 599/599/599 606/606/606 605/605/605
f 607/607/607 605/605/605 606/606/606
f 608/608/608 607/607/607 606/606/606
f 609/609/609 610/610/610 611/611/611
f 610/610/610 612/612/612 611/611/611
f 613/613/613 614/614/614 615/615/615
f 614/614/614 613/613/613 616/616/616
f 617/617/617 618/618/618 619/619/619
f 617/617/617 619/619/619 620/620/620
f 621/621/621 617/617/617 622/622/622
f 621/621/621 622/622/622 623/623/623
f 624/624/624 625/625/625 626/626/626
f 627/627/627 625/625/625 624/624/624
f 628/628/628 629/629/629 630/630/630
f 629/629/629 628/628/628 631/631/631
f 632/632/632 633/633/633 634/634/634
f 633/633/633 632/632/632 635/635/635
f 636/636/636 637/637/637 638/638/638
f 637/637/637 636/636/636 639/639/639
f 640/640/640 641/641/641 642/642/642
f 642/642/642 643/643/643 640/640/640
f 644/644/644 645/645/645 646/646/646
f 645/645/645 647/647/647 646/646/646
f 648/648/648 649/649/649 650/650/650
f 649/649/649 648/648/648 651/651/651
f 652/652/652 653/653/653 654/654/654
f 653/653/653 652/652/652 655/655/655
f 656/656/656 657/657/657 658/658/658
f 657/657/657 659/659/659 658/658/658
f 657/657/657 660/660/660 659/659/659
f 660/660/660 661/661/661 659/659/659
f 662/662/662 660/660/660 657/657/657
f 662/662/662 657/657/657 663/663/663
f 664/664/664 662/662/662 663/663/663
f 665/665/665 664/664/664 663/663/663
f 666/666/666 667/667/667 665/665/665
f 668/668/668 667/667/667 666/666/666
f 668/668/668 669/669/669 670/670/670
f 669/669/669 668/668/668 671/671/671
f 672/672/672 673/673/673 674/674/674
f 673/673/673 675/675/675 674/674/674
f 673/673/673 676/676/676 675/675/675
f 672/672/672 674/674/674 677/677/677
f 678/678/678 672/672/672 677/677/677
f 672/672/672 678/678/678 679/679/679
f 680/680/680 679/679/679 678/678/678
f 679/679/679 680/680/680 681/681/681
f 682/682/682 683/683/683 684/684/684
f 685/685/685 684/684/684 683/683/683
f 686/686/686 687/687/687 688/688/688
f 686/686/686 688/688/688 689/689/689
f 690/690/690 691/691/691 692/692/692
f 691/691/691 690/690/690 693/693/693
f 694/694/694 695/695/695 696/696/696
f 695/695/695 694/694/694 697/697/697
f 698/698/698 699/699/699 700/700/700
f 699/699/699 698/698/698 701/701/701
f 702/702/702 703/703/703 704/704/704
f 704/704/704 703/703/703 705/705/705
f 706/706/706 707/707/707 708/708/708
f 708/708/708 707/707/707 709/709/709
f 710/710/710 711/711/711 712/712/712
f 712/712/712 711/711/711 713/713/713
f 714/714/714 715/715/715 716/716/716
f 714/714/714 716/716/716 717/717/717
f 715/715/715 714/714/714 718/718/718
f 714/714/714 717/717/717 719/719/719
f 720/720/720 719/719/719 717/717/717
f 719/719/719 720/720/720 721/721/721
f 718/718/718 722/722/722 715/715/715
f 722/722/722 718/718/718 723/723/723
f 724/724/724 722/722/722 723/723/723
f 722/722/722 724/724/724 725/725/725
f 726/726/726 727/727/727 728/728/728
f 727/727/727 726/726/726 729/729/729
f 728/728/728 727/727/727 730/730/730
f 726/726/726 731/731/731 729/729/729
f 732/732/732 728/728/728 730/730/730
f 730/730/730 733/733/733 732/732/732
f 733/733/733 730/730/730 734/734/734
f 735/735/735 731/731/731 726/726/726
f 735/735/735 736/736/736 731/731/731
f 735/735/735 737/737/737 736/736/736
f 738/738/738 739/739/739 740/740/740
f 739/739/739 738/738/738 741/741/741
f 742/742/742 741/741/741 738/738/738
f 741/741/741 742/742/742 743/743/743
f 744/744/744 743/743/743 742/742/742
f 743/743/743 744/744/744 745/745/745
f 746/746/746 747/747/747 748/748/748
f 746/746/746 748/748/748 749/749/749
f 750/750/750 746/746/746 749/749/749
f 750/750/750 749/749/749 751/751/751
f 752/752/752 750/750/750 751/751/751
f 752/752/752 751/751/751 753/753/753
f 754/754/754 755/755/755 756/756/756
f 755/755/755 754/754/754 757/757/757
f 758/758/758 755/755/755 757/757/757
f 755/755/755 758/758/758 759/759/759
f 760/760/760 758/758/758 757/757/757
f 754/754/754 760/760/760 757/757/757
f 758/758/758 760/760/760 761/761/761
f 754/754/754 762/762/762 760/760/760
f 756/756/756 763/763/763 754/754/754
f 763/763/763 762/762/762 754/754/754
f 763/763/763 756/756/756 764/764/764
f 765/765/765 762/762/762 763/763/763
f 764/764/764 766/766/766 763/763/763
f 766/766/766 765/765/765 763/763/763
f 766/766/766 764/764/764 767/767/767
f 766/766/766 768/768/768 765/765/765
f 767/767/767 769/769/769 766/766/766
f 769/769/769 768/768/768 766/766/766
f 770/770/770 768/768/768 769/769/769
f 759/759/759 771/771/771 772/772/772
f 771/771/771 773/773/773 772/772/772
f 773/773/773 771/771/771 774/774/774
f 775/775/775 776/776/776 771/771/771
f 777/777/777 778/778/778 779/779/779
f 777/777/777 780/780/780 781/781/781
f 782/782/782 783/783/783 784/784/784
f 785/785/785 786/786/786 787/787/787
f 786/786/786 785/785/785 788/788/788
f 789/789/789 790/790/790 791/791/791
f 790/790/790 789/789/789 792/792/792
f 793/793/793 794/794/794 795/795/795
f 796/796/796 795/795/795 794/794/794
f 797/797/797 798/798/798 799/799/799
f 797/797/797 799/799/799 800/800/800
f 801/801/801 798/798/798 797/797/797
f 798/798/798 801/801/801 802/802/802
f 797/797/797 803/803/803 801/801/801
f 800/800/800 804/804/804 797/797/797
f 803/803/803 797/797/797 804/804/804
f 804/804/804 800/800/800 805/805/805
f 804/804/804 806/806/806 803/803/803
f 805/805/805 807/807/807 804/804/804
f 807/807/807 806/806/806 804/804/804
f 807/807/807 808/808/808 806/806/806
f 805/805/805 809/809/809 807/807/807
f 810/810/810 808/808/808 807/807/807
f 809/809/809 810/810/810 807/807/807
f 809/809/809 811/811/811 810/810/810
f 812/812/812 813/813/813 814/814/814
f 812/812/812 814/814/814 815/815/815
f 813/813/813 816/816/816 814/814/814
f 813/813/813 817/817/817 816/816/816
f 814/814/814 816/816/816 818/818/818
f 814/814/814 819/819/819 815/815/815
f 814/814/814 818/818/818 819/819/819
f 815/815/815 819/819/819 820/820/820
f 821/821/821 819/819/819 818/818/818
f 822/822/822 820/820/820 819/819/819
f 819/819/819 821/821/821 822/822/822
f 823/823/823 822/822/822 821/821/821
f 820/820/820 822/822/822 824/824/824
f 822/822/822 823/823/823 825/825/825
f 825/825/825 824/824/824 822/822/822
f 824/824/824 825/825/825 826/826/826
f 827/827/827 828/828/828 829/829/829
f 828/828/828 827/827/827 830/830/830
f 831/831/831 832/832/832 833/833/833
f 832/832/832 831/831/831 834/834/834
f 835/835/835 836/836/836 837/837/837
f 836/836/836 835/835/835 838/838/838
f 839/839/839 840/840/840 841/841/841
f 841/841/841 842/842/842 839/839/839
f 839/839/839 843/843/843 840/840/840
f 843/843/843 839/839/839 844/844/844
f 845/845/845 846/846/846 847/847/847
f 845/845/845 848/848/848 846/846/846
f 849/849/849 850/850/850 851/851/851
f 851/851/851 852/852/852 849/849/849
f 853/853/853 854/854/854 855/855/855
f 856/856/856 857/857/857 858/858/858
f 859/859/859 860/860/860 861/861/861
f 859/859/859 861/861/861 862/862/862
f 863/863/863 864/864/864 865/865/865
f 866/866/866 865/865/865 864/864/864
f 867/867/867 868/868/868 869/869/869
f 867/867/867 869/869/869 870/870/870
f 871/871/871 872/872/872 873/873/873
f 874/874/874 873/873/873 872/872/872
f 875/875/875 876/876/876 877/877/877
f 876/876/876 875/875/875 878/878/878
f 879/879/879 880/880/880 881/881/881
f 881/881/881 880/880/880 882/882/882
f 883/883/883 884/884/884 885/885/885
f 884/884/884 883/883/883 886/886/886
f 887/887/887 888/888/888 889/889/889
f 889/889/889 888/888/888 890/890/890
f 891/891/891 892/892/892 893/893/893
f 892/892/892 891/891/891 894/894/894
f 895/895/895 896/896/896 897/897/897
f 897/897/897 898/898/898 895/895/895
f 899/899/899 900/900/900 901/901/901
f 900/900/900 899/899/899 902/902/902
f 902/902/902 903/903/903 900/900/900
f 903/903/903 902/902/902 904/904/904
f 905/905/905 906/906/906 907/907/907
f 906/906/906 905/905/905 908/908/908
f 908/908/908 909/909/909 906/906/906
f 909/909/909 908/908/908 910/910/910
f 911/911/911 912/912/912 913/913/913
f 912/912/912 911/911/911 914/914/914
f 915/915/915 914/914/914 911/911/911
f 914/914/914 915/915/915 916/916/916
f 917/917/917 916/916/916 915/915/915
f 916/916/916 917/917/917 918/918/918
f 919/919/919 918/918/918 917/917/917
f 918/918/918 919/919/919 920/920/920
f 921/921/921 920/920/920 919/919/919
f 920/920/920 921/921/921 922/922/922
f 921/921/921 923/923/923 922/922/922
f 923/923/923 921/921/921 924/924/924
f 924/924/924 925/925/925 923/923/923
f 925/925/925 924/924/924 926/926/926
f 926/926/926 927/927/927 925/925/925
f 927/927/927 926/926/926 928/928/928
f 928/928/928 929/929/929 927/927/927
f 929/929/929 928/928/928 930/930/930
f 930/930/930 931/931/931 929/929/929
f 931/931/931 930/930/930 932/932/932
f 932/932/932 933/933/933 931/931/931
f 933/933/933 932/932/932 934/934/934
f 935/935/935 933/933/933 934/934/934
f 933/933/933 935/935/935 936/936/936
f 937/937/937 938/938/938 939/939/939
f 938/938/938 937/937/937 940/940/940
f 941/941/941 942/942/942 943/943/943
f 942/942/942 941/941/941 944/944/944
f 945/945/945 946/946/946 947/947/947
f 947/947/947 946/946/946 948/948/948
f 949/949/949 950/950/950 951/951/951
f 950/950/950 949/949/949 952/952/952
f 953/953/953 954/954/954 955/955/955
f 953/953/953 955/955/955 956/956/956
f 957/957/957 958/958/958 959/959/959
f 958/958/958 957/957/957 960/960/960
f 961/961/961 962/962/962 963/963/963
f 963/963/963 962/962/962 964/964/964
f 965/965/965 966/966/966 967/967/967
f 966/966/966 965/965/965 968/968/968
f 969/969/969 970/970/970 971/971/971
f 969/969/969 971/971/971 972/972/972
f 973/973/973 970/970/970 969/969/969
f 970/970/970 973/973/973 974/974/974
f 974/974/974 973/973/973 975/975/975
f 976/976/976 975/975/975 973/973/973
f 977/977/977 978/978/978 979/979/979
f 977/977/977 979/979/979 980/980/980
f 981/981/981 978/978/978 977/977/977
f 978/978/978 981/981/981 982/982/982
f 981/981/981 983/983/983 982/982/982
f 983/983/983 981/981/981 984/984/984
f 985/985/985 986/986/986 987/987/987
f 986/986/986 985/985/985 988/988/988
f 988/988/988 989/989/989 986/986/986
f 989/989/989 988/988/988 990/990/990
f 991/991/991 992/992/992 993/993/993
f 992/992/992 991/991/991 994/994/994
f 995/995/995 996/996/996 997/997/997
f 995/995/995 997/997/997 998/998/998
f 999/999/999 1000/1000/1000 1001/1001/1001
f 1001/1001/1001 1000/1000/1000 1002/1002/1002
f 1003/1003/1003 1004/1004/1004 1005/1005/1005
f 1004/1004/1004 1003/1003/1003 1006/1006/1006
f 1007/1007/1007 1008/1008/1008 1009/1009/1009
f 1008/1008/1008 1007/1007/1007 1010/1010/1010
f 1011/1011/1011 1012/1012/1012 1013/1013/1013
f 1014/1014/1014 1015/1015/1015 1016/1016/1016
f 1017/1017/1017 1018/1018/1018 1019/1019/1019
f 1020/1020/1020 1021/1021/1021 1022/1022/1022
f 1023/1023/1023 1024/1024/1024 1025/1025/1025
f 1026/1026/1026 1027/1027/1027 1028/1028/1028
f 1029/1029/1029 1030/1030/1030 1031/1031/1031
f 1030/1030/1030 1029/1029/1029 1032/1032/1032
f 1033/1033/1033 1034/1034/1034 1035/1035/1035
f 1034/1034/1034 1033/1033/1033 1036/1036/1036
f 1037/1037/1037 1038/1038/1038 1039/1039/1039
f 1038/1038/1038 1037/1037/1037 1040/1040/1040
f 1041/1041/1041 1042/1042/1042 1043/1043/1043
f 1043/1043/1043 1044/1044/1044 1041/1041/1041
f 1045/1045/1045 1046/1046/1046 1047/1047/1047
f 1046/1046/1046 1045/1045/1045 1048/1048/1048
f 1049/1049/1049 1050/1050/1050 1051/1051/1051
f 1050/1050/1050 1052/1052/1052 1051/1051/1051
f 1053/1053/1053 1054/1054/1054 1055/1055/1055
f 1054/1054/1054 1053/1053/1053 1056/1056/1056
f 1055/1055/1055 1057/1057/1057 1053/1053/1053
f 1056/1056/1056 1058/1058/1058 1054/1054/1054
f 1057/1057/1057 1055/1055/1055 1059/1059/1059
f 1058/1058/1058 1056/1056/1056 1060/1060/1060
f 1061/1061/1061 1057/1057/1057 1059/1059/1059
f 1060/1060/1060 1062/1062/1062 1058/1058/1058
f 1063/1063/1063 1057/1057/1057 1061/1061/1061
f 1062/1062/1062 1060/1060/1060 1064/1064/1064
f 1065/1065/1065 1063/1063/1063 1061/1061/1061
f 1066/1066/1066 1062/1062/1062 1064/1064/1064
f 1067/1067/1067 1063/1063/1063 1065/1065/1065
f 1068/1068/1068 1062/1062/1062 1066/1066/1066
f 1067/1067/1067 1065/1065/1065 1069/1069/1069
f 1066/1066/1066 1070/1070/1070 1068/1068/1068
f 1067/1067/1067 1069/1069/1069 1071/1071/1071
f 1070/1070/1070 1066/1066/1066 1072/1072/1072
f 1069/1069/1069 1073/1073/1073 1071/1071/1071
f 1074/1074/1074 1070/1070/1070 1072/1072/1072
f 1073/1073/1073 1069/1069/1069 1075/1075/1075
f 1076/1076/1076 1070/1070/1070 1074/1074/1074
f 1075/1075/1075 1077/1077/1077 1073/1073/1073
f 1078/1078/1078 1076/1076/1076 1074/1074/1074
f 1077/1077/1077 1075/1075/1075 1079/1079/1079
f 1080/1080/1080 1076/1076/1076 1078/1078/1078
f 1079/1079/1079 1081/1081/1081 1077/1077/1077
f 1082/1082/1082 1080/1080/1080 1078/1078/1078
f 1081/1081/1081 1080/1080/1080 1082/1082/1082
f 1077/1077/1077 1081/1081/1081 1082/1082/1082
f 1083/1083/1083 1084/1084/1084 1085/1085/1085
f 1085/1085/1085 1084/1084/1084 1086/1086/1086
f 1087/1087/1087 1083/1083/1083 1085/1085/1085
f 1088/1088/1088 1086/1086/1086 1084/1084/1084
f 1083/1083/1083 1087/1087/1087 1089/1089/1089
f 1086/1086/1086 1088/1088/1088 1090/1090/1090
f 1087/1087/1087 1091/1091/1091 1089/1089/1089
f 1092/1092/1092 1090/1090/1090 1088/1088/1088
f 1091/1091/1091 1087/1087/1087 1093/1093/1093
f 1090/1090/1090 1092/1092/1092 1094/1094/1094
f 1093/1093/1093 1095/1095/1095 1091/1091/1091
f 1096/1096/1096 1094/1094/1094 1092/1092/1092
f 1095/1095/1095 1093/1093/1093 1097/1097/1097
f 1092/1092/1092 1098/1098/1098 1096/1096/1096
f 1097/1097/1097 1099/1099/1099 1095/1095/1095
f 1100/1100/1100 1096/1096/1096 1098/1098/1098
f 1099/1099/1099 1097/1097/1097 1101/1101/1101
f 1102/1102/1102 1096/1096/1096 1100/1100/1100
f 1103/1103/1103 1099/1099/1099 1101/1101/1101
f 1100/1100/1100 1104/1104/1104 1102/1102/1102
f 1099/1099/1099 1103/1103/1103 1105/1105/1105
f 1104/1104/1104 1100/1100/1100 1106/1106/1106
f 1107/1107/1107 1105/1105/1105 1103/1103/1103
f 1106/1106/1106 1108/1108/1108 1104/1104/1104
f 1105/1105/1105 1107/1107/1107 1109/1109/1109
f 1108/1108/1108 1106/1106/1106 1110/1110/1110
f 1107/1107/1107 1111/1111/1111 1109/1109/1109
f 1110/1110/1110 1112/1112/1112 1108/1108/1108
f 1111/1111/1111 1107/1107/1107 1112/1112/1112
f 1112/1112/1112 1110/1110/1110 1111/1111/1111
f 1113/1113/1113 1114/1114/1114 1115/1115/1115
f 1116/1116/1116 1114/1114/1114 1113/1113/1113
f 1116/1116/1116 1117/1117/1117 1114/1114/1114
f 1118/1118/1118 1117/1117/1117 1116/1116/1116
f 1118/1118/1118 1119/1119/1119 1117/1117/1117
f 1120/1120/1120 1119/1119/1119 1118/1118/1118
f 1121/1121/1121 1119/1119/1119 1120/1120/1120
f 1122/1122/1122 1121/1121/1121 1120/1120/1120
f 1123/1123/1123 1121/1121/1121 1122/1122/1122
f 1124/1124/1124 1125/1125/1125 1126/1126/1126
f 1125/1125/1125 1124/1124/1124 1127/1127/1127
f 1128/1128/1128 1129/1129/1129 1130/1130/1130
f 1131/1131/1131 1130/1130/1130 1129/1129/1129
f 1129/1129/1129 1128/1128/1128 1132/1132/1132
f 1131/1131/1131 1129/1129/1129 1133/1133/1133
f 1134/1134/1134 1132/1132/1132 1128/1128/1128
f 1135/1135/1135 1131/1131/1131 1133/1133/1133
f 1132/1132/1132 1134/1134/1134 1136/1136/1136
f 1135/1135/1135 1133/1133/1133 1137/1137/1137
f 1138/1138/1138 1136/1136/1136 1134/1134/1134
f 1137/1137/1137 1139/1139/1139 1135/1135/1135
f 1136/1136/1136 1138/1138/1138 1140/1140/1140
f 1139/1139/1139 1137/1137/1137 1141/1141/1141
f 1142/1142/1142 1140/1140/1140 1138/1138/1138
f 1143/1143/1143 1139/1139/1139 1141/1141/1141
f 1140/1140/1140 1142/1142/1142 1144/1144/1144
f 1142/1142/1142 1145/1145/1145 1144/1144/1144
f 1142/1142/1142 1146/1146/1146 1145/1145/1145
f 1143/1143/1143 1141/1141/1141 1147/1147/1147
f 1148/1148/1148 1143/1143/1143 1147/1147/1147
f 1148/1148/1148 1147/1147/1147 1149/1149/1149
f 1150/1150/1150 1148/1148/1148 1149/1149/1149
f 1150/1150/1150 1149/1149/1149 1151/1151/1151
f 1152/1152/1152 1150/1150/1150 1151/1151/1151
f 1152/1152/1152 1151/1151/1151 1153/1153/1153
f 1154/1154/1154 1155/1155/1155 1156/1156/1156
f 1154/1154/1154 1156/1156/1156 1157/1157/1157
f 1157/1157/1157 1156/1156/1156 1158/1158/1158
f 1157/1157/1157 1158/1158/1158 1159/1159/1159
f 1159/1159/1159 1158/1158/1158 1160/1160/1160
f 1159/1159/1159 1160/1160/1160 1161/1161/1161
f 1162/1162/1162 1163/1163/1163 1164/1164/1164
f 1164/1164/1164 1163/1163/1163 1165/1165/1165
f 1162/1162/1162 1166/1166/1166 1163/1163/1163
f 1167/1167/1167 1166/1166/1166 1162/1162/1162
f 1167/1167/1167 1168/1168/1168 1166/1166/1166
f 1169/1169/1169 1168/1168/1168 1167/1167/1167
f 1169/1169/1169 1170/1170/1170 1168/1168/1168
f 1171/1171/1171 1170/1170/1170 1169/1169/1169
f 1171/1171/1171 1172/1172/1172 1170/1170/1170
f 1173/1173/1173 1172/1172/1172 1171/1171/1171
f 1174/1174/1174 1175/1175/1175 1176/1176/1176
f 1177/1177/1177 1176/1176/1176 1175/1175/1175
f 1176/1176/1176 1177/1177/1177 1178/1178/1178
f 1179/1179/1179 1180/1180/1180 1181/1181/1181
f 1182/1182/1182 1180/1180/1180 1179/1179/1179
f 1183/1183/1183 1180/1180/1180 1182/1182/1182
f 1179/1179/1179 1181/1181/1181 1184/1184/1184
f 1185/1185/1185 1184/1184/1184 1181/1181/1181
f 1185/1185/1185 1186/1186/1186 1184/1184/1184
f 1187/1187/1187 1188/1188/1188 1189/1189/1189
f 1190/1190/1190 1189/1189/1189 1188/1188/1188
f 1191/1191/1191 1189/1189/1189 1190/1190/1190
f 1191/1191/1191 1190/1190/1190 1192/1192/1192
f 1193/1193/1193 1187/1187/1187 1189/1189/1189
f 1191/1191/1191 1193/1193/1193 1189/1189/1189
f 1187/1187/1187 1193/1193/1193 1194/1194/1194
f 1193/1193/1193 1191/1191/1191 1195/1195/1195
f 1196/1196/1196 1193/1193/1193 1195/1195/1195
f 1193/1193/1193 1196/1196/1196 1197/1197/1197
f 1198/1198/1198 1197/1197/1197 1196/1196/1196
f 1197/1197/1197 1198/1198/1198 1199/1199/1199
f 1199/1199/1199 1200/1200/1200 1197/1197/1197
f 1200/1200/1200 1199/1199/1199 1201/1201/1201
f 1202/1202/1202 1201/1201/1201 1199/1199/1199
f 1199/1199/1199 1203/1203/1203 1202/1202/1202
f 1199/1199/1199 1198/1198/1198 1203/1203/1203
f 1204/1204/1204 1203/1203/1203 1198/1198/1198
f 1205/1205/1205 1206/1206/1206 1207/1207/1207
f 1205/1205/1205 1207/1207/1207 1208/1208/1208
f 1209/1209/1209 1210/1210/1210 1211/1211/1211
f 1210/1210/1210 1209/1209/1209 1212/1212/1212