o Mesh
v 1.7541943788528442 0.37004244327545166 -0.07729645818471909
v 1.7571343183517456 0.4084373712539673 3.803360186793725e-7
v 1.7131189107894897 -0.08449941873550415 3.0002641437931743e-7
v 1.7571343183517456 0.4084373712539673 -0.033485449850559235
v 1.7159535884857178 -0.047478437423706055 -0.07729654014110565
v 1.7131189107894897 -0.08449941873550415 -0.033485546708106995
v 1.7541943788528442 0.37004244327545166 0.07729721069335938
v 1.7131189107894897 -0.08449941873550415 3.0002641437931743e-7
v 1.7571343183517456 0.4084373712539673 3.803360186793725e-7
v 1.7571343183517456 0.4084373712539673 0.03348620980978012
v 1.7159535884857178 -0.047478437423706055 0.0772971510887146
v 1.7131189107894897 -0.08449941873550415 0.03348614647984505
v -1.7571344375610352 0.3568199872970581 -0.03799520432949066
v -1.7571344375610352 0.3787565231323242 -0.030789818614721298
v -1.7571344375610352 0.3787565231323242 -0.043873075395822525
v -1.7571344375610352 0.3633615970611572 -0.026664773002266884
v -1.7571344375610352 0.3787565231323242 -0.043873075395822525
v -1.7571344375610352 0.39415132999420166 -0.026664774864912033
v -1.7571344375610352 0.40069305896759033 -0.03799520432949066
v -1.7571344375610352 0.3787565231323242 -0.030789818614721298
v -1.7571344375610352 0.4054211378097534 -0.015394940041005611
v -1.7571344375610352 0.40069305896759033 -0.03799520432949066
v -1.7571344375610352 0.39415132999420166 -0.026664774864912033
v -1.7571344375610352 0.4167516231536865 -0.02193656750023365
v -1.7571344375610352 0.40954625606536865 -5.996456309276255e-8
v -1.7571344375610352 0.4167516231536865 -0.02193656750023365
v -1.7571344375610352 0.4054211378097534 -0.015394940041005611
v -1.7571344375610352 0.4226294755935669 -5.993327079067967e-8
v -1.7571344375610352 0.3568199872970581 0.03799508884549141
v -1.7571344375610352 0.3787565231323242 0.030789701268076897
v -1.7571344375610352 0.3633615970611572 0.026664655655622482
v -1.7571344375610352 0.3787565231323242 0.043872956186532974
v -1.7571344375610352 0.39415132999420166 0.026664655655622482
v -1.7571344375610352 0.3787565231323242 0.030789701268076897
v -1.7571344375610352 0.3787565231323242 0.043872956186532974
v -1.7571344375610352 0.40069305896759033 0.03799508512020111
v -1.7571344375610352 0.40954625606536865 -5.996456309276255e-8
v -1.7571344375610352 0.4167516231536865 0.0219364482909441
v -1.7571344375610352 0.4226294755935669 -5.993327079067967e-8
v -1.7571344375610352 0.4054211378097534 0.015394818969070911
v -1.7571344375610352 0.3633615970611572 0.026664655655622482
v -1.7571344375610352 0.3407614231109619 0.02193645015358925
v -1.7571344375610352 0.3568199872970581 0.03799508884549141
v -1.7571344375610352 0.35209178924560547 0.01539482083171606
v -1.7571344375610352 0.40069305896759033 0.03799508512020111
v -1.7571344375610352 0.4167516231536865 0.0219364482909441
v -1.7571344375610352 0.4054211378097534 0.015394818969070911
v -1.7571344375610352 0.39415132999420166 0.026664655655622482
v -1.7571344375610352 0.334883451461792 -5.7318231938552344e-8
v -1.7571344375610352 0.3407614231109619 0.02193645015358925
v -1.7571344375610352 0.35209178924560547 0.01539482083171606
v -1.7571344375610352 0.34796667098999023 -5.8129359103986644e-8
v -1.7571344375610352 0.35209178924560547 -0.015394938178360462
v -1.7571344375610352 0.334883451461792 -5.7318231938552344e-8
v -1.7571344375610352 0.34796667098999023 -5.8129359103986644e-8
v -1.7571344375610352 0.3407614231109619 -0.0219365656375885
v -1.7571344375610352 0.3633615970611572 -0.026664773002266884
v -1.7571344375610352 0.3407614231109619 -0.0219365656375885
v -1.7571344375610352 0.35209178924560547 -0.015394938178360462
v -1.7571344375610352 0.3568199872970581 -0.03799520432949066
v -1.5780525207519531 0.49038422107696533 -0.047109998762607574
v -1.5780525207519531 0.46318531036376953 -7.892722919677908e-8
v -1.5780525207519531 0.47047317028045654 0.027198847383260727
v -1.5780525207519531 0.47047317028045654 -0.02719900570809841
v -1.5780525207519531 0.5175831317901611 0.054397765547037125
v -1.5780525207519531 0.49038422107696533 0.04710983857512474
v -1.5780525207519531 0.5719809532165527 -8.54119690529842e-8
v -1.5780525207519531 0.5646930932998657 0.02719884179532528
v -1.5780525207519531 0.5447820425033569 0.04710983857512474
v -1.5780525207519531 0.5447820425033569 -0.04711000248789787
v -1.5780525207519531 0.5175831317901611 -0.054397933185100555
v -1.5780525207519531 0.5646930932998657 -0.02719901129603386
v -1.569706916809082 0.4054211378097534 0.015394824557006359
v -1.569706916809082 0.3633615970611572 -0.026664765551686287
v -1.569706916809082 0.35209178924560547 0.015394826419651508
v -1.569706916809082 0.34796667098999023 -5.2776087500205904e-8
v -1.569706916809082 0.35209178924560547 -0.015394932590425014
v -1.569706916809082 0.3633615970611572 0.02666466310620308
v -1.569706916809082 0.3787565231323242 0.030789708718657494
v -1.569706916809082 0.39415132999420166 0.02666466124355793
v -1.569706916809082 0.39415132999420166 -0.026664767414331436
v -1.569706916809082 0.3787565231323242 -0.03078981302678585
v -1.569706916809082 0.4054211378097534 -0.015394934453070164
v -1.569706916809082 0.40954625606536865 -5.4611291488981806e-8
v -1.5635781288146973 0.6821929216384888 0.05681276321411133
v -1.5635781288146973 0.7177009582519531 0.06150162220001221
v -1.5635781288146973 0.7105993032455444 0.04920127987861633
v -1.5635781288146973 0.6821929216384888 0.07101596891880035
v -1.5635781288146973 0.7177009582519531 0.06150162220001221
v -1.5635781288146973 0.7436946630477905 0.035507943481206894
v -1.5635781288146973 0.7313942909240723 0.028406335040926933
v -1.5635781288146973 0.7105993032455444 0.04920127987861633
v -1.5635781288146973 0.7532089948654175 -8.52822097385797e-8
v -1.5635781288146973 0.7313942909240723 0.028406335040926933
v -1.5635781288146973 0.7436946630477905 0.035507943481206894
v -1.5635781288146973 0.7390058040618896 -8.373818616291828e-8
v -1.5635781288146973 0.7532089948654175 -8.52822097385797e-8
v -1.5635781288146973 0.7313942909240723 -0.028406500816345215
v -1.5635781288146973 0.7390058040618896 -8.373818616291828e-8
v -1.5635781288146973 0.7436946630477905 -0.035508107393980026
v -1.5635781288146973 0.7105993032455444 -0.049201443791389465
v -1.5635781288146973 0.7313942909240723 -0.028406500816345215
v -1.5635781288146973 0.7436946630477905 -0.035508107393980026
v -1.5635781288146973 0.7177009582519531 -0.06150178611278534
v -1.5635781288146973 0.7177009582519531 -0.06150178611278534
v -1.5635781288146973 0.6821929216384888 -0.07101612538099289
v -1.5635781288146973 0.6821929216384888 -0.056812915951013565
v -1.5635781288146973 0.7105993032455444 -0.049201443791389465
v -1.5635781288146973 0.6537865400314331 -0.04920144006609917
v -1.5635781288146973 0.6821929216384888 -0.07101612538099289
v -1.5635781288146973 0.6466848850250244 -0.06150178238749504
v -1.5635781288146973 0.6821929216384888 -0.056812915951013565
v -1.5635781288146973 0.6537865400314331 -0.04920144006609917
v -1.5635781288146973 0.620691180229187 -0.03550809994339943
v -1.5635781288146973 0.6329915523529053 -0.028406495228409767
v -1.5635781288146973 0.6466848850250244 -0.06150178238749504
v -1.5635781288146973 0.6329915523529053 -0.028406495228409767
v -1.5635781288146973 0.6111768484115601 -7.681643410251127e-8
v -1.5635781288146973 0.6253800392150879 -7.724453610080673e-8
v -1.5635781288146973 0.620691180229187 -0.03550809994339943
v -1.5635781288146973 0.620691180229187 0.03550795093178749
v -1.5635781288146973 0.6253800392150879 -7.724453610080673e-8
v -1.5635781288146973 0.6111768484115601 -7.681643410251127e-8
v -1.5635781288146973 0.6329915523529053 0.02840634435415268
v -1.5635781288146973 0.6466848850250244 0.061501625925302505
v -1.5635781288146973 0.6329915523529053 0.02840634435415268
v -1.5635781288146973 0.620691180229187 0.03550795093178749
v -1.5635781288146973 0.6537865400314331 0.04920128360390663
v -1.5635781288146973 0.6537865400314331 0.04920128360390663
v -1.5635781288146973 0.6821929216384888 0.07101596891880035
v -1.5635781288146973 0.6821929216384888 0.05681276321411133
v -1.5635781288146973 0.6466848850250244 0.061501625925302505
v -1.560368537902832 0.6180155277252197 -0.019071439281105995
v -1.560368537902832 0.41292619705200195 0.019071342423558235
v -1.560368537902832 0.6180155277252197 0.01907137595117092
v -1.560368537902832 0.41292619705200195 -0.01907147280871868
v -1.542536735534668 0.6784764528274536 -0.0068039861507713795
v -1.542536735534668 0.6229112148284912 0.006803815718740225
v -1.542536735534668 0.6784764528274536 0.006803825031965971
v -1.542536735534668 0.6229112148284912 -0.006803995463997126
v -1.4681215286254883 0.4932645559310913 1.977626595817128e-8
v -1.4681215286254883 0.3424065113067627 -0.11164825409650803
v -1.4681215286254883 0.2902940511703491 -1.3291824529915175e-8
v -1.4681215286254883 0.2902940511703491 -0.05864463001489639
v -1.4681215286254883 0.4414381980895996 -0.11164823919534683
v -1.4681215286254883 0.4932645559310913 -0.05864459648728371
v -1.4681215286254883 0.4932645559310913 1.977626595817128e-8
v -1.4681215286254883 0.4414381980895996 0.11164826154708862
v -1.4681215286254883 0.4932645559310913 0.05864463374018669
v -1.4681215286254883 0.34240639209747314 0.11164824664592743
v -1.4681215286254883 0.2902940511703491 -1.3291824529915175e-8
v -1.4681215286254883 0.2902940511703491 0.058644600212574005
v -0.7560522556304932 -0.6770154237747192 -0.05536165460944176
v -0.6040658950805664 -0.7532089948654175 0.05536183714866638
v -0.7560522556304932 -0.6770154237747192 0.05536184087395668
v -0.6040658950805664 -0.7532089948654175 -0.055361658334732056
v 0.39331579208374023 -0.4746996760368347 -0.06975013017654419
v 0.6453158855438232 -0.3508155941963196 -1.1774184827118006e-7
v 0.39331579208374023 -0.4746996760368347 -1.3792512731924944e-7
v 0.6453158855438232 -0.3508155941963196 -0.06975012272596359
v 0.6453158855438232 -0.3508155941963196 -1.1774184827118006e-7
v 0.39331579208374023 -0.4746996760368347 0.0697498545050621
v 0.39331579208374023 -0.4746996760368347 -1.3792512731924944e-7
v 0.6453158855438232 -0.3508155941963196 0.06974988430738449
v 0.5462646484375 0.420565128326416 -3.9647119365326944e-8
v 0.5462646484375 0.48497939109802246 -0.05957141891121864
v 0.5462646484375 0.48497939109802246 -2.9152701586099283e-8
v 0.5462646484375 0.420565128326416 -0.10740696638822556
v 0.5462646484375 0.32801783084869385 -0.10740698128938675
v 0.5462646484375 0.30393195152282715 -5.8649064271776297e-8
v 0.5462646484375 0.32801783084869385 -0.10740698128938675
v 0.5462646484375 0.30393195152282715 -5.8649064271776297e-8
v 0.5462646484375 0.271215558052063 -0.06423820555210114
v 0.5462646484375 0.271215558052063 0.04257430136203766
v 0.5462646484375 0.48497939109802246 0.059571363031864166
v 0.5462646484375 0.420565128326416 -3.9647119365326944e-8
v 0.5462646484375 0.48497939109802246 -2.9152701586099283e-8
v 0.5462646484375 0.420565128326416 0.10740688443183899
v 0.5462646484375 0.3280177116394043 0.1074068695306778
v 0.5462646484375 0.30393195152282715 -5.8649064271776297e-8
v 0.5462646484375 0.30393195152282715 -5.8649064271776297e-8
v 0.5462646484375 0.3280177116394043 0.1074068695306778
v 0.5462646484375 0.271215558052063 0.06423807889223099
v 0.5462646484375 0.271215558052063 -0.042574431747198105
v 0.5389351844787598 0.5105817317962646 2.259758957734448e-8
v 0.5389351844787598 0.4334862232208252 -0.06527982652187347
v 0.5389351844787598 0.5105817317962646 -0.06527981162071228
v 0.5389351844787598 0.5515649318695068 -0.053589530289173126
v 0.5389351844787598 0.5515649318695068 2.927459519241893e-8
v 0.5389351844787598 0.5515648126602173 0.0535895898938179
v 0.5389351844787598 0.5105817317962646 0.06527985632419586
v 0.5389351844787598 0.4334862232208252 1.0037155107056606e-8
v 0.5389351844787598 0.3563908338546753 -0.06527983397245407
v 0.5389351844787598 0.3563908338546753 -2.523293574085983e-9
v 0.5389351844787598 0.20219993591308594 -0.06527986377477646
v 0.5389351844787598 0.20219993591308594 -2.7644176725516445e-8
v 0.5389351844787598 0.1545727252960205 -0.06527987122535706
v 0.5389351844787598 0.15457260608673096 -3.5403644460529904e-8
v 0.5389351844787598 0.5756716728210449 -0.0334169827401638
v 0.5389351844787598 0.582216739654541 3.426841743703335e-8
v 0.5389351844787598 0.5515649318695068 2.927459519241893e-8
v 0.5389351844787598 0.5515649318695068 -0.053589530289173126
v 0.5389351844787598 0.5105817317962646 2.259758957734448e-8
v 0.5389351844787598 0.5105817317962646 0.06527985632419586
v 0.5389351844787598 0.4334862232208252 0.06527984142303467
v 0.5389351844787598 0.4334862232208252 1.0037155107056606e-8
v 0.5389351844787598 0.3563908338546753 0.06527983397245407
v 0.5389351844787598 0.3563908338546753 -2.523293574085983e-9
v 0.5389351844787598 0.20219993591308594 0.06527980417013168
v 0.5389351844787598 0.20219993591308594 -2.7644176725516445e-8
v 0.5389351844787598 0.15457260608673096 0.06527979671955109
v 0.5389351844787598 0.15457260608673096 -3.5403644460529904e-8
v 0.5389351844787598 0.5756716728210449 0.033417049795389175
v 0.5389351844787598 0.5515649318695068 2.927459519241893e-8
v 0.5389351844787598 0.582216739654541 3.426841743703335e-8
v 0.5389351844787598 0.5515648126602173 0.0535895898938179
v 0.4990081787109375 0.626387357711792 -0.039808861911296844
v 0.4990081787109375 0.548725962638855 -0.05326070263981819
v 0.4990081787109375 0.626387357711792 -0.053260687738657
v 0.4990081787109375 0.548725962638855 -0.03980887681245804
v 0.4849355220794678 0.6700130701065063 -0.0532606765627861
v 0.4849355220794678 0.6700130701065063 -0.03980885446071625
v 0.4990081787109375 0.626387357711792 -7.518956124386023e-8
v 0.4990081787109375 0.548725962638855 -8.784220995039504e-8
v 0.4456014633178711 0.6864312887191772 -0.03980885446071625
v 0.4456014633178711 0.6864312887191772 -0.0532606802880764
v 0.38316822052001953 0.6864312887191772 -0.03980885446071625
v 0.38316822052001953 0.6864312887191772 -0.0532606802880764
v 0.4990081787109375 0.626387357711792 0.05326053872704506
v 0.4990081787109375 0.548725962638855 0.053260523825883865
v 0.4990081787109375 0.626387357711792 0.039808712899684906
v 0.4990081787109375 0.548725962638855 0.03980870172381401
v 0.4990081787109375 0.626387357711792 -7.518956124386023e-8
v 0.4990081787109375 0.548725962638855 -8.784220995039504e-8
v 0.3697209358215332 0.6039104461669922 0.03911633417010307
v 0.3581428527832031 0.6818127632141113 0.033875688910484314
v 0.38774657249450684 0.6114996671676636 0.0338757298886776
v 0.3401172161102295 0.6742234230041504 0.03911628946661949
v 0.3820211887359619 0.6619956493377686 0.019558118656277657
v 0.400942325592041 0.6170554161071777 0.019558142870664597
v 0.40577220916748047 0.6190890073776245 -4.165757161445072e-8
v 0.38685131072998047 0.6640292406082153 -6.539896446611237e-8
v 0.400942325592041 0.6170554161071777 -0.019558224827051163
v 0.3820211887359619 0.6619956493377686 -0.019558249041438103
v 0.38774657249450684 0.6114996671676636 -0.03387581184506416
v 0.3581428527832031 0.6818126440048218 -0.03387584909796715
v 0.3697209358215332 0.6039104461669922 -0.03911641240119934
v 0.3401172161102295 0.6742234230041504 -0.039116449654102325
v 0.35169529914855957 0.5963211059570312 -0.03387581557035446
v 0.32209157943725586 0.6666340827941895 -0.033875852823257446
v 0.3088958263397217 0.6610784530639648 -0.019558267667889595
v 0.3384995460510254 0.5907653570175171 -0.01955823041498661
v 0.3040659427642822 0.6590448617935181 -8.508614257607405e-8
v 0.33366942405700684 0.5887318849563599 -4.759269245369069e-8
v 0.3088958263397217 0.6610784530639648 0.019558101892471313
v 0.3384995460510254 0.5907654762268066 0.01955813728272915
v 0.32209157943725586 0.666634202003479 0.033875685185194016
v 0.35169506072998047 0.5963211059570312 0.0338757261633873
v 0.3401172161102295 0.6742234230041504 0.03911628946661949
v 0.3697209358215332 0.6039104461669922 0.03911633417010307
v 0.5389351844787598 0.1545727252960205 -0.06527987122535706
v 0.4612886905670166 0.14849424362182617 -3.639394208221347e-8
v 0.4612884521484375 0.14849424362182617 -0.06527987122535706
v 0.5389351844787598 0.15457260608673096 -3.5403644460529904e-8
v 0.5389351844787598 0.15457260608673096 0.06527979671955109
v 0.4612884521484375 0.14849424362182617 0.06527979671955109
v 0.41220951080322266 0.10416901111602783 -4.361544370112824e-8
v 0.41220903396606445 0.10416901111602783 -0.06527987867593765
v 0.41220903396606445 0.10416901111602783 0.06527978926897049
v 0.4054884910583496 0.032398343086242676 -5.530837654532661e-8
v 0.4054884910583496 0.032398343086242676 -0.06527989357709885
v 0.4054884910583496 0.032398223876953125 0.06527978181838989
v 0.6453158855438232 -0.3508155941963196 -1.1774184827118006e-7
v 0.6453158855438232 -0.3508155941963196 -0.06975012272596359
v 0.6453158855438232 -0.3508155941963196 0.06974988430738449
v 0.4456014633178711 0.6864312887191772 0.053260546177625656
v 0.38316822052001953 0.6864312887191772 0.0398087240755558
v 0.38316822052001953 0.6864312887191772 0.053260546177625656
v 0.4456014633178711 0.6864312887191772 0.0398087240755558
v 0.4849355220794678 0.6700130701065063 0.05326054245233536
v 0.4849355220794678 0.6700130701065063 0.039808716624975204
v 0.4990081787109375 0.626387357711792 0.039808712899684906
v 0.4990081787109375 0.626387357711792 0.05326053872704506
v 0.4849355220794678 0.6700130701065063 0.05326054245233536
v 0.4456014633178711 0.6864312887191772 0.0398087240755558
v 0.4456014633178711 0.6864312887191772 0.053260546177625656
v -0.7248892784118652 0.5427683591842651 -0.053589534014463425
v -0.7248892784118652 0.501785159111023 2.1164453301025787e-8
v -0.7248892784118652 0.5427682399749756 2.784145181067288e-8
v -0.7248892784118652 0.501785159111023 -0.06527981162071228
v -0.7248892784118652 0.42812275886535645 9.163329650618834e-9
v -0.7248892784118652 0.42812275886535645 -0.06527982652187347
v -0.7248892784118652 0.35446035861968994 -2.8377939997881185e-9
v -0.7248892784118652 0.3544604778289795 -0.06527983397245407
v -0.7248892784118652 0.5427682399749756 0.0535895898938179
v -0.7248892784118652 0.501785159111023 0.06527985632419586
v -0.7248892784118652 0.5668751001358032 0.033417049795389175
v -0.7248892784118652 0.5734201669692993 3.28352740552873e-8
v -0.7248892784118652 0.5668751001358032 -0.0334169864654541
v -0.7248892784118652 0.5427682399749756 2.784145181067288e-8
v -0.7248892784118652 0.5734201669692993 3.28352740552873e-8
v -0.7248892784118652 0.5427683591842651 -0.053589534014463425
v -0.7248892784118652 0.501785159111023 0.06527985632419586
v -0.7248892784118652 0.501785159111023 2.1164453301025787e-8
v -0.7248892784118652 0.42812275886535645 9.163329650618834e-9
v -0.7248892784118652 0.42812275886535645 0.06527984142303467
v -0.7248892784118652 0.35446035861968994 -2.8377939997881185e-9
v -0.7248892784118652 0.35446035861968994 0.06527983397245407
v 0.15153264999389648 -0.17113816738128662 -0.055361583828926086
v 0.2768423557281494 -0.12959814071655273 0.05536191165447235
v 0.15153264999389648 -0.17113816738128662 0.05536191165447235
v 0.2768423557281494 -0.12959814071655273 -0.055361583828926086
v -0.05065202713012695 -0.17113518714904785 -0.055361583828926086
v -0.05065202713012695 -0.17113518714904785 0.05536191165447235
v -0.11102676391601562 -0.12021887302398682 0.05536191165447235
v -0.11102676391601562 -0.12021887302398682 -0.055361583828926086
v -0.17355847358703613 0.05141913890838623 0.05536191910505295
v -0.17355847358703613 0.05141913890838623 -0.05536157637834549
v -0.29092836380004883 0.032398343086242676 -0.06527989357709885
v 0.1681070327758789 0.032398343086242676 -0.06527989357709885
v 0.1681070327758789 0.032398343086242676 -5.530837654532661e-8
v -0.29092836380004883 0.032398343086242676 -5.530837654532661e-8
v -0.29092836380004883 0.032398343086242676 -5.530837654532661e-8
v -0.476409912109375 0.09874951839447021 -4.4498392526293173e-8
v -0.29092836380004883 0.032398343086242676 -0.06527989357709885
v -0.476409912109375 0.09874951839447021 -0.06527987867593765
v -0.29092836380004883 0.032398223876953125 0.06527978181838989
v -0.476409912109375 0.09874939918518066 0.06527978926897049
v 0.1681070327758789 0.032398223876953125 0.06527978181838989
v -0.29092836380004883 0.032398223876953125 0.06527978181838989
v 0.1681070327758789 0.032398343086242676 -5.530837654532661e-8
v -0.29092836380004883 0.032398343086242676 -5.530837654532661e-8
v 0.8913331031799316 0.4661574363708496 -0.07729644328355789
v 1.0805718898773193 0.4084373712539673 -0.033485446125268936
v 1.0805718898773193 0.36981475353240967 -0.07729645818471909
v 0.6932039260864258 0.5716226100921631 -0.0772964283823967
v 0.8913331031799316 0.5049618482589722 -0.033485427498817444
v 0.6932039260864258 0.6103767156600952 -0.03348541259765625
v 0.5389351844787598 0.5716900825500488 -0.0772964283823967
v 0.5389351844787598 0.6103767156600952 -0.03348541259765625
v 0.38316822052001953 0.6864312887191772 -0.03980885446071625
v 0.4456014633178711 0.6864312887191772 -0.03980885446071625
v 0.4456014633178711 0.6864312887191772 -0.0532606802880764
v 0.4849355220794678 0.6700130701065063 -0.03980885446071625
v 0.4849355220794678 0.6700130701065063 -0.0532606765627861
v -0.5652947425842285 0.21593225002288818 0.06527981162071228
v -0.7248892784118652 0.35446035861968994 0.06527983397245407
v -0.5652947425842285 0.21593225002288818 -2.5406905024283333e-8
v -0.7248892784118652 0.35446035861968994 -2.8377939997881185e-9
v -0.476409912109375 0.17505621910095215 -0.06527986377477646
v -0.476409912109375 0.09874951839447021 -4.4498392526293173e-8
v -0.476409912109375 0.17505621910095215 -3.2066452604340157e-8
v -0.476409912109375 0.09874951839447021 -0.06527987867593765
v -0.502671480178833 0.2093116044998169 -2.6485537318876595e-8
v -0.476409912109375 0.17505621910095215 0.06527980417013168
v -0.5026719570159912 0.2093116044998169 -0.06527986377477646
v -0.5026719570159912 0.2093116044998169 0.06527981162071228
v -0.5652947425842285 0.21593225002288818 -2.5406905024283333e-8
v -0.5652947425842285 0.21593225002288818 0.06527981162071228
v -0.5652947425842285 0.21593225002288818 -0.06527985632419586
v -0.7248892784118652 0.3544604778289795 -0.06527983397245407
v -0.7248892784118652 0.35446035861968994 -2.8377939997881185e-9
v 0.36264944076538086 0.6837100982666016 0.04234463348984718
v 0.38982653617858887 0.6652820110321045 0.024447666481137276
v 0.3820211887359619 0.6619956493377686 0.019558118656277657
v 0.3581428527832031 0.6818127632141113 0.033875688910484314
v 0.3581428527832031 0.6818126440048218 -0.03387584909796715
v 0.3820211887359619 0.6619956493377686 -0.019558249041438103
v 0.38982653617858887 0.6652820110321045 -0.024447793141007423
v 0.36264944076538086 0.683709979057312 -0.04234479367733002
v -0.5515487194061279 0.48497939109802246 -0.05957141891121864
v -0.5515487194061279 0.420565128326416 -3.9647119365326944e-8
v -0.5515487194061279 0.48497939109802246 -2.9152701586099283e-8
v -0.5515487194061279 0.420565128326416 -0.10740696638822556
v -0.5515487194061279 0.30393195152282715 -5.8649064271776297e-8
v -0.5515487194061279 0.271215558052063 -0.06423820555210114
v -0.5515487194061279 0.271215558052063 0.00251231761649251
v -0.5515487194061279 0.32801783084869385 -0.10740698128938675
v -0.5515487194061279 0.420565128326416 -3.9647119365326944e-8
v -0.5515487194061279 0.32801783084869385 -0.10740698128938675
v -0.5515487194061279 0.30393195152282715 -5.8649064271776297e-8
v -0.5515487194061279 0.420565128326416 -0.10740696638822556
v -0.5515487194061279 0.48497939109802246 0.059571363031864166
v -0.5515487194061279 0.48497939109802246 -2.9152701586099283e-8
v -0.5515487194061279 0.420565128326416 -3.9647119365326944e-8
v -0.5515487194061279 0.420565128326416 0.10740688443183899
v -0.5515487194061279 0.30393195152282715 -5.8649064271776297e-8
v -0.5515487194061279 0.271215558052063 0.06423807889223099
v -0.5515487194061279 0.3280177116394043 0.1074068695306778
v -0.5515487194061279 0.271215558052063 -0.0025124456733465195
v -0.5515487194061279 0.420565128326416 -3.9647119365326944e-8
v -0.5515487194061279 0.3280177116394043 0.1074068695306778
v -0.5515487194061279 0.420565128326416 0.10740688443183899
v -0.5515487194061279 0.30393195152282715 -5.8649064271776297e-8
v 0.2642552852630615 -0.09161365032196045 -0.05536157637834549
v 0.2642552852630615 -0.09161365032196045 0.05536191910505295
v 0.2768423557281494 -0.12959814071655273 0.05536191165447235
v 0.2768423557281494 -0.12959814071655273 -0.055361583828926086
v 0.6932039260864258 0.18013417720794678 -0.07729648798704147
v 0.8913331031799316 0.1842961311340332 -0.07729648798704147
v 0.8913331031799316 0.15445876121520996 -0.03348548710346222
v 0.5389351844787598 0.15445876121520996 -0.07729649543762207
v 0.6932039260864258 0.15445876121520996 -0.03348548710346222
v 1.0805718898773193 0.4084373712539673 -0.033485446125268936
v 1.6620323657989502 0.4084373712539673 -0.033485446125268936
v 1.659088134765625 0.3699866533279419 -0.07729645818471909
v 1.7541943788528442 0.37004244327545166 -0.07729645818471909
v 1.7571343183517456 0.4084373712539673 -0.033485449850559235
v 1.0805718898773193 0.36981475353240967 -0.07729645818471909
v 0.8913331031799316 0.4661574363708496 -0.07729644328355789
v 0.8913331031799316 0.5049618482589722 -0.033485427498817444
v 1.0805718898773193 0.4084373712539673 3.803360186793725e-7
v 1.6620323657989502 0.4084373712539673 -0.033485446125268936
v 0.8913331031799316 0.5049618482589722 3.9606183577234333e-7
v 1.6620323657989502 0.4084373712539673 3.803360186793725e-7
v 1.7571343183517456 0.4084373712539673 3.803360186793725e-7
v 1.7571343183517456 0.4084373712539673 -0.033485449850559235
v 1.6620323657989502 0.4084373712539673 0.03348620608448982
v 1.7571343183517456 0.4084373712539673 0.03348620980978012
v 0.6932039260864258 0.6103767156600952 -0.03348541259765625
v 0.8913331031799316 0.5049618482589722 0.033486220985651016
v 1.0805718898773193 0.4084373712539673 0.03348620608448982
v 0.8913331031799316 0.4661574363708496 0.07729722559452057
v 1.0805718898773193 0.36981475353240967 0.07729721069335938
v 0.6932039260864258 0.5716226100921631 0.07729724049568176
v 0.6932039260864258 0.6103767156600952 0.03348623961210251
v 0.5389351844787598 0.5716900825500488 0.07729724049568176
v 0.5389351844787598 0.6103767156600952 0.03348623961210251
v 0.6932039260864258 0.6103767156600952 4.1323610844301584e-7
v 0.5389351844787598 0.6103767156600952 4.1323610844301584e-7
v 0.5389351844787598 0.6103767156600952 -0.03348541259765625
v -1.52459716796875 0.6784764528274536 0.006803825031965971
v -1.52459716796875 0.6784764528274536 -0.0068039861507713795
v -1.542536735534668 0.6784764528274536 0.006803825031965971
v -1.542536735534668 0.6784764528274536 -0.0068039861507713795
v -0.476409912109375 0.17505621910095215 0.06527980417013168
v -0.476409912109375 0.17505621910095215 -3.2066452604340157e-8
v -0.476409912109375 0.09874951839447021 -4.4498392526293173e-8
v -0.476409912109375 0.09874939918518066 0.06527978926897049
v 0.7322266101837158 0.4320974349975586 -0.12942060828208923
v 0.7322266101837158 0.5234657526016235 -0.05529390275478363
v 0.8671579360961914 0.4320974349975586 -0.05940147489309311
v 0.499739408493042 0.4320974349975586 -0.12942060828208923
v 0.499739408493042 0.5234657526016235 -0.05529390275478363
v 0.499739408493042 0.31445133686065674 -0.12942063808441162
v 0.7322266101837158 0.31445133686065674 -0.12942063808441162
v 0.8671579360961914 0.31445133686065674 -0.0594014935195446
v 0.499739408493042 0.2338804006576538 -0.06191349774599075
v 0.7322266101837158 0.2338804006576538 -0.06191349774599075
v 0.8671579360961914 0.31445133686065674 -0.0594014935195446
v 0.7322266101837158 0.43209731578826904 0.12942054867744446
v 0.8671579360961914 0.43209731578826904 0.05940140783786774
v 0.7322266101837158 0.5234657526016235 0.055293865501880646
v 0.499739408493042 0.43209731578826904 0.12942054867744446
v 0.499739408493042 0.5234657526016235 0.055293865501880646
v 0.499739408493042 0.31445133686065674 0.12942051887512207
v 0.7322266101837158 0.31445133686065674 0.12942051887512207
v 0.8671579360961914 0.31445133686065674 0.059401389211416245
v 0.499739408493042 0.23388028144836426 0.06191336363554001
v 0.7322266101837158 0.23388028144836426 0.06191336363554001
v 0.8671579360961914 0.31445133686065674 0.059401389211416245
v 0.4990081787109375 0.626387357711792 -7.518956124386023e-8
v 0.4990081787109375 0.626387357711792 -0.039808861911296844
v 0.4456014633178711 0.626387357711792 -7.518956124386023e-8
v 0.4990081787109375 0.626387357711792 0.039808712899684906
v 0.4456014633178711 0.626387357711792 0.039808712899684906
v 0.4456014633178711 0.626387357711792 -0.039808861911296844
v 0.38316822052001953 0.626387357711792 -7.518956124386023e-8
v 0.38316822052001953 0.626387357711792 -0.039808861911296844
v 0.4456014633178711 0.626387357711792 -7.518956124386023e-8
v 0.4990081787109375 0.626387357711792 -0.039808861911296844
v 0.4456014633178711 0.626387357711792 -0.039808861911296844
v 0.4990081787109375 0.626387357711792 0.039808712899684906
v 0.4990081787109375 0.626387357711792 -7.518956124386023e-8
v 0.38316822052001953 0.626387357711792 -7.518956124386023e-8
v 0.4456014633178711 0.626387357711792 0.039808712899684906
v 0.38316822052001953 0.626387357711792 0.039808712899684906
v -1.5073332786560059 0.6180155277252197 -0.019071439281105995
v -1.560368537902832 0.6180155277252197 0.01907137595117092
v -1.5073332786560059 0.6180155277252197 0.01907137595117092
v -1.560368537902832 0.6180155277252197 -0.019071439281105995
v 0.1681070327758789 0.5756716728210449 0.033417049795389175
v -0.29092836380004883 0.582216739654541 3.426841743703335e-8
v -0.29092836380004883 0.5756716728210449 0.033417049795389175
v 0.1681070327758789 0.582216739654541 3.426841743703335e-8
v -0.41551780700683594 0.2779834270477295 0.055361732840538025
v -0.5329313278198242 -0.1981244683265686 -0.05536170303821564
v -0.5329313278198242 -0.1981244683265686 0.0553617924451828
v -0.41551780700683594 0.2779834270477295 -0.05536176264286041
v -0.5415408611297607 0.2449253797531128 -0.1329774558544159
v -1.4681215286254883 0.2902940511703491 -0.05864463001489639
v -1.4681215286254883 0.3424065113067627 -0.11164825409650803
v -0.5415408611297607 0.19281291961669922 -0.06984806805849075
v -0.5415408611297607 0.19281291961669922 -2.917350627740234e-8
v -1.4681215286254883 0.2902940511703491 -1.3291824529915175e-8
v -0.5415408611297607 0.4414381980895996 -0.1329774260520935
v -0.5415408611297607 0.2449253797531128 -0.1329774558544159
v -1.4681215286254883 0.4414381980895996 -0.11164823919534683
v -1.4681215286254883 0.4932645559310913 -0.05864459648728371
v -0.5415408611297607 0.4932645559310913 -0.06984802335500717
v -0.5415408611297607 0.4932645559310913 1.977626595817128e-8
v -1.4681215286254883 0.4932645559310913 1.977626595817128e-8
v -0.5415408611297607 0.4932645559310913 -0.06984802335500717
v -0.5415408611297607 0.24492526054382324 0.1329774260520935
v -1.4681215286254883 0.2902940511703491 0.058644600212574005
v -0.5415408611297607 0.19281291961669922 0.06984800845384598
v -0.5415408611297607 0.19281291961669922 -2.917350627740234e-8
v -1.4681215286254883 0.2902940511703491 -1.3291824529915175e-8
v -1.4681215286254883 0.34240639209747314 0.11164824664592743
v -0.5415408611297607 0.4414381980895996 0.1329774558544159
v -0.5415408611297607 0.24492526054382324 0.1329774260520935
v -1.4681215286254883 0.4414381980895996 0.11164826154708862
v -1.4681215286254883 0.4932645559310913 0.05864463374018669
v -0.5415408611297607 0.4932645559310913 0.06984806060791016
v -0.5415408611297607 0.4932645559310913 1.977626595817128e-8
v -0.5415408611297607 0.4932645559310913 0.06984806060791016
v -1.4681215286254883 0.4932645559310913 1.977626595817128e-8
v 0.5462646484375 0.271215558052063 -0.06423820555210114
v -0.5515487194061279 0.271215558052063 0.00251231761649251
v -0.5515487194061279 0.271215558052063 -0.06423820555210114
v 0.5462646484375 0.271215558052063 0.04257430136203766
v 0.5462646484375 0.271215558052063 0.06423807889223099
v -0.5515487194061279 0.271215558052063 -0.0025124456733465195
v 0.5462646484375 0.271215558052063 -0.042574431747198105
v -0.5515487194061279 0.271215558052063 0.06423807889223099
v 1.0805718898773193 0.36981475353240967 0.07729721069335938
v 1.659088134765625 0.3699866533279419 0.07729721069335938
v 1.0805718898773193 0.4084373712539673 0.03348620608448982
v 1.6620323657989502 0.4084373712539673 0.03348620608448982
v 0.8913331031799316 0.4661574363708496 0.07729722559452057
v 0.8913331031799316 0.5049618482589722 0.033486220985651016
v 0.6932039260864258 0.5716226100921631 0.07729724049568176
v 0.6932039260864258 0.6103767156600952 0.03348623961210251
v 1.6620323657989502 0.4084373712539673 0.03348620608448982
v 1.0805718898773193 0.4084373712539673 3.803360186793725e-7
v 1.6620323657989502 0.4084373712539673 3.803360186793725e-7
v -1.505103588104248 0.6821929216384888 0.07101599872112274
v -1.5635781288146973 0.7177009582519531 0.06150162220001221
v -1.5635781288146973 0.6821929216384888 0.07101596891880035
v -1.505103588104248 0.7177009582519531 0.0615016371011734
v -1.5635781288146973 0.7436946630477905 0.035507943481206894
v -1.505103588104248 0.7436946630477905 0.03550795838236809
v -1.505103588104248 0.7532089948654175 -6.692893350646045e-8
v -1.5635781288146973 0.7532089948654175 -8.52822097385797e-8
v -1.505103588104248 0.7436946630477905 -0.035508088767528534
v -1.5635781288146973 0.7436946630477905 -0.035508107393980026
v -1.505103588104248 0.7177009582519531 -0.06150176748633385
v -1.5635781288146973 0.7177009582519531 -0.06150178611278534
v -1.505103588104248 0.6821929216384888 -0.0710161104798317
v -1.5635781288146973 0.6821929216384888 -0.07101612538099289
v -1.505103588104248 0.6466848850250244 -0.06150176376104355
v -1.5635781288146973 0.6466848850250244 -0.06150178238749504
v -1.5635781288146973 0.620691180229187 -0.03550809994339943
v -1.505103588104248 0.620691180229187 -0.03550808131694794
v -1.5635781288146973 0.6111768484115601 -7.681643410251127e-8
v -1.505103588104248 0.6111768484115601 -5.8463157870392024e-8
v -1.5635781288146973 0.620691180229187 0.03550795093178749
v -1.505103588104248 0.620691180229187 0.035507965832948685
v -1.5635781288146973 0.6466848850250244 0.061501625925302505
v -1.505103588104248 0.6466848850250244 0.061501644551754
v -1.5635781288146973 0.6821929216384888 0.07101596891880035
v -1.505103588104248 0.6821929216384888 0.07101599872112274
v 1.620851755142212 -0.0474776029586792 -0.07729654014110565
v 1.0805718898773193 0.10365629196166992 -0.033485494554042816
v 1.0805718898773193 0.14175033569335938 -0.07729649543762207
v 0.8913331031799316 0.1842961311340332 -0.07729648798704147
v 1.7159535884857178 -0.047478437423706055 -0.07729654014110565
v 1.7131189107894897 -0.08449941873550415 -0.033485546708106995
v 1.6180169582366943 -0.08449941873550415 -0.0334855355322361
v 1.7131189107894897 -0.08449941873550415 3.0002641437931743e-7
v 1.6180169582366943 -0.08449941873550415 3.0002641437931743e-7
v 1.6180169582366943 -0.08449941873550415 0.03348613530397415
v 1.7131189107894897 -0.08449941873550415 0.03348614647984505
v 1.0805718898773193 0.10365629196166992 3.306808480374457e-7
v 0.8913331031799316 0.15445876121520996 -0.03348548710346222
v 0.8913331031799316 0.15445876121520996 3.3895764772751136e-7
v 1.0805718898773193 0.10365629196166992 0.03348615765571594
v 0.8913331031799316 0.15445876121520996 0.03348616510629654
v 0.8913331031799316 0.1842961311340332 0.07729718089103699
v 0.6932039260864258 0.18013417720794678 0.07729718089103699
v 0.6932039260864258 0.15445876121520996 3.3895764772751136e-7
v 0.6932039260864258 0.15445876121520996 0.03348616510629654
v 0.5389351844787598 0.15445876121520996 0.07729717344045639
v 0.5389351844787598 0.15445876121520996 3.3895764772751136e-7
v 0.5389351844787598 0.15445876121520996 0.03348616510629654
v 0.6932039260864258 0.15445876121520996 -0.03348548710346222
v 0.6932039260864258 0.18013417720794678 -0.07729648798704147
v 0.5389351844787598 0.15445876121520996 -0.03348548710346222
v 0.5389351844787598 0.15445876121520996 -0.07729649543762207
v -1.569706916809082 0.35209178924560547 0.015394826419651508
v -1.7571344375610352 0.35209178924560547 0.01539482083171606
v -1.569706916809082 0.3633615970611572 0.02666466310620308
v -1.7571344375610352 0.3633615970611572 0.026664655655622482
v -1.569706916809082 0.3787565231323242 0.030789708718657494
v -1.7571344375610352 0.3787565231323242 0.030789701268076897
v -1.7571344375610352 0.34796667098999023 -5.8129359103986644e-8
v -1.569706916809082 0.34796667098999023 -5.2776087500205904e-8
v -1.7571344375610352 0.35209178924560547 -0.015394938178360462
v -1.569706916809082 0.35209178924560547 -0.015394932590425014
v -1.569706916809082 0.3633615970611572 -0.026664765551686287
v -1.7571344375610352 0.3633615970611572 -0.026664773002266884
v -1.569706916809082 0.3787565231323242 -0.03078981302678585
v -1.7571344375610352 0.3787565231323242 -0.030789818614721298
v -1.569706916809082 0.39415132999420166 -0.026664767414331436
v -1.7571344375610352 0.39415132999420166 -0.026664774864912033
v -1.569706916809082 0.4054211378097534 -0.015394934453070164
v -1.7571344375610352 0.4054211378097534 -0.015394940041005611
v -1.569706916809082 0.40954625606536865 -5.4611291488981806e-8
v -1.7571344375610352 0.40954625606536865 -5.996456309276255e-8
v -1.569706916809082 0.4054211378097534 0.015394824557006359
v -1.7571344375610352 0.4054211378097534 0.015394818969070911
v -1.569706916809082 0.39415132999420166 0.02666466124355793
v -1.7571344375610352 0.39415132999420166 0.026664655655622482
v -1.7571344375610352 0.3787565231323242 0.030789701268076897
v -1.569706916809082 0.3787565231323242 0.030789708718657494
v 0.5462646484375 0.48497939109802246 -0.05957141891121864
v -0.5515487194061279 0.420565128326416 -0.10740696638822556
v -0.5515487194061279 0.48497939109802246 -0.05957141891121864
v 0.5462646484375 0.420565128326416 -0.10740696638822556
v -0.5515487194061279 0.32801783084869385 -0.10740698128938675
v 0.5462646484375 0.32801783084869385 -0.10740698128938675
v -0.5515487194061279 0.271215558052063 -0.06423820555210114
v 0.5462646484375 0.271215558052063 -0.06423820555210114
v 0.5462646484375 0.48497939109802246 0.059571363031864166
v -0.5515487194061279 0.48497939109802246 0.059571363031864166
v -0.5515487194061279 0.420565128326416 0.10740688443183899
v 0.5462646484375 0.420565128326416 0.10740688443183899
v -0.5515487194061279 0.3280177116394043 0.1074068695306778
v 0.5462646484375 0.3280177116394043 0.1074068695306778
v -0.5515487194061279 0.271215558052063 0.06423807889223099
v 0.5462646484375 0.271215558052063 0.06423807889223099
v 1.659088134765625 0.3699866533279419 -0.07729645818471909
v 1.0805718898773193 0.14175033569335938 -0.07729649543762207
v 1.0805718898773193 0.36981475353240967 -0.07729645818471909
v 1.620851755142212 -0.0474776029586792 -0.07729654014110565
v 1.7159535884857178 -0.047478437423706055 -0.07729654014110565
v 1.659088134765625 0.3699866533279419 -0.07729645818471909
v 1.7541943788528442 0.37004244327545166 -0.07729645818471909
v 1.620851755142212 -0.0474776029586792 -0.07729654014110565
v 0.8913331031799316 0.4661574363708496 -0.07729644328355789
v 1.0805718898773193 0.36981475353240967 -0.07729645818471909
v 0.8913331031799316 0.1842961311340332 -0.07729648798704147
v 1.0805718898773193 0.14175033569335938 -0.07729649543762207
v 0.6932039260864258 0.18013417720794678 -0.07729648798704147
v 0.6932039260864258 0.5716226100921631 -0.0772964283823967
v 0.5389351844787598 0.5716900825500488 -0.0772964283823967
v 0.5389351844787598 0.15445876121520996 -0.07729649543762207
v 1.659088134765625 0.3699866533279419 0.07729721069335938
v 1.0805718898773193 0.36981475353240967 0.07729721069335938
v 1.0805718898773193 0.14175033569335938 0.07729717344045639
v 1.620851755142212 -0.0474776029586792 0.0772971510887146
v 1.659088134765625 0.3699866533279419 0.07729721069335938
v 1.7159535884857178 -0.047478437423706055 0.0772971510887146
v 1.7541943788528442 0.37004244327545166 0.07729721069335938
v 1.620851755142212 -0.0474776029586792 0.0772971510887146
v 0.8913331031799316 0.4661574363708496 0.07729722559452057
v 0.8913331031799316 0.1842961311340332 0.07729718089103699
v 1.0805718898773193 0.36981475353240967 0.07729721069335938
v 1.0805718898773193 0.14175033569335938 0.07729717344045639
v 0.6932039260864258 0.18013417720794678 0.07729718089103699
v 0.6932039260864258 0.5716226100921631 0.07729724049568176
v 0.5389351844787598 0.5716900825500488 0.07729724049568176
v 0.5389351844787598 0.15445876121520996 0.07729717344045639
v -0.5515487194061279 0.48497939109802246 -2.9152701586099283e-8
v 0.5462646484375 0.48497939109802246 -2.9152701586099283e-8
v 0.5462646484375 0.48497939109802246 -0.05957141891121864
v -0.5515487194061279 0.48497939109802246 -0.05957141891121864
v 0.5462646484375 0.48497939109802246 0.059571363031864166
v -0.5515487194061279 0.48497939109802246 -2.9152701586099283e-8
v -0.5515487194061279 0.48497939109802246 0.059571363031864166
v 0.5462646484375 0.48497939109802246 -2.9152701586099283e-8
v 0.40003442764282227 0.20219993591308594 -0.06527986377477646
v 0.1681070327758789 0.032398343086242676 -0.06527989357709885
v 0.1681070327758789 0.20219993591308594 -0.06527986377477646
v 0.4054884910583496 0.032398343086242676 -0.06527989357709885
v 0.5389351844787598 0.3563908338546753 -0.06527983397245407
v 0.5389351844787598 0.20219993591308594 -0.06527986377477646
v 0.40003442764282227 0.3563908338546753 -0.06527983397245407
v 0.40003442764282227 0.20219993591308594 -0.06527986377477646
v 0.4612884521484375 0.14849424362182617 -0.06527987122535706
v 0.40003442764282227 0.4334862232208252 -0.06527982652187347
v 0.5389351844787598 0.4334862232208252 -0.06527982652187347
v 0.40003442764282227 0.5105817317962646 -0.06527981162071228
v -0.29092836380004883 0.5105817317962646 0.06527985632419586
v 0.1681070327758789 0.4334862232208252 0.06527984142303467
v 0.1681070327758789 0.5105817317962646 0.06527985632419586
v -0.29092836380004883 0.4279884099960327 0.06527984142303467
v 0.1681070327758789 0.3563908338546753 0.06527983397245407
v -0.29092836380004883 0.3453950881958008 0.06527983397245407
v 0.1681070327758789 0.20219993591308594 0.06527980417013168
v -0.29092836380004883 0.18020856380462646 0.06527980417013168
v 0.1681070327758789 0.032398223876953125 0.06527978181838989
v -0.29092836380004883 0.032398223876953125 0.06527978181838989
v 0.40003442764282227 0.20219993591308594 0.06527980417013168
v 0.1681070327758789 0.20219993591308594 0.06527980417013168
v 0.1681070327758789 0.032398223876953125 0.06527978181838989
v 0.4054884910583496 0.032398223876953125 0.06527978181838989
v -0.25044751167297363 0.23727524280548096 0.05536172538995743
v -0.37107205390930176 -0.2519177198410034 -0.055361710488796234
v -0.25044751167297363 0.23727524280548096 -0.05536177009344101
v -0.37107205390930176 -0.25191766023635864 0.0553617849946022
v -0.469651460647583 -0.48512232303619385 -0.055361684411764145
v -0.469651460647583 -0.48512232303619385 0.05536181107163429
v -0.6040658950805664 -0.7532089948654175 0.05536183714866638
v -0.6040658950805664 -0.7532089948654175 -0.055361658334732056
v 0.4054884910583496 0.032398343086242676 -0.06527989357709885
v 0.39331579208374023 -0.4746996760368347 -0.06975013017654419
v 0.1681070327758789 0.032398343086242676 -0.06527989357709885
v 0.6453158855438232 -0.3508155941963196 -0.06975012272596359
v 0.39331579208374023 -0.4746996760368347 0.0697498545050621
v 0.4054884910583496 0.032398223876953125 0.06527978181838989
v 0.1681070327758789 0.032398223876953125 0.06527978181838989
v 0.6453158855438232 -0.3508155941963196 0.06974988430738449
v 0.40003442764282227 0.5515649318695068 -0.053589530289173126
v 0.5389351844787598 0.5515649318695068 -0.053589530289173126
v 0.5389351844787598 0.5105817317962646 -0.06527981162071228
v 0.40003442764282227 0.5105817317962646 -0.06527981162071228
v 0.5389351844787598 0.4334862232208252 -0.06527982652187347
v 0.40003442764282227 0.5756716728210449 -0.0334169827401638
v 0.5389351844787598 0.5756716728210449 -0.0334169827401638
v 0.40003442764282227 0.582216739654541 3.426841743703335e-8
v 0.5389351844787598 0.582216739654541 3.426841743703335e-8
v 0.1681070327758789 0.5756716728210449 -0.0334169827401638
v 0.5389351844787598 0.5756716728210449 0.033417049795389175
v 0.40003442764282227 0.5756716728210449 0.033417049795389175
v 0.5389351844787598 0.5515648126602173 0.0535895898938179
v 0.1681070327758789 0.5756716728210449 0.033417049795389175
v 0.40003442764282227 0.5515648126602173 0.0535895898938179
v 0.1681070327758789 0.582216739654541 3.426841743703335e-8
v 0.5389351844787598 0.5105817317962646 0.06527985632419586
v 0.40003442764282227 0.5105817317962646 0.06527985632419586
v 0.5389351844787598 0.4334862232208252 0.06527984142303467
v 0.40003442764282227 0.4334862232208252 0.06527984142303467
v 0.5389351844787598 0.3563908338546753 0.06527983397245407
v 0.40003442764282227 0.3563908338546753 0.06527983397245407
v 0.5389351844787598 0.20219993591308594 0.06527980417013168
v 0.40003442764282227 0.20219993591308594 0.06527980417013168
v 0.4612884521484375 0.14849424362182617 0.06527979671955109
v 0.5389351844787598 0.15457260608673096 0.06527979671955109
v 0.41220903396606445 0.10416901111602783 0.06527978926897049
v 0.4054884910583496 0.032398223876953125 0.06527978181838989
v 0.40003442764282227 0.3563908338546753 0.06527983397245407
v 0.1681070327758789 0.20219993591308594 0.06527980417013168
v 0.1681070327758789 0.3563908338546753 0.06527983397245407
v 0.40003442764282227 0.4334862232208252 0.06527984142303467
v 0.1681070327758789 0.4334862232208252 0.06527984142303467
v 0.40003442764282227 0.5105817317962646 0.06527985632419586
v 0.1681070327758789 0.5105817317962646 0.06527985632419586
v 0.1681070327758789 0.5515648126602173 0.0535895898938179
v 0.40003442764282227 0.5515648126602173 0.0535895898938179
v 0.1681070327758789 0.5756716728210449 0.033417049795389175
v 0.40003442764282227 0.5756716728210449 0.033417049795389175
v -0.29092836380004883 0.5756716728210449 0.033417049795389175
v -0.29092836380004883 0.5515648126602173 0.0535895898938179
v -0.29092836380004883 0.5105817317962646 0.06527985632419586
v -0.476409912109375 0.5756716728210449 0.033417049795389175
v -0.476409912109375 0.5515648126602173 0.0535895898938179
v -0.29092836380004883 0.582216739654541 3.426841743703335e-8
v -0.476409912109375 0.5105817317962646 0.06527985632419586
v -0.29092836380004883 0.4279884099960327 0.06527984142303467
v -0.5026719570159912 0.5756716728210449 0.033417049795389175
v -0.29092836380004883 0.5756716728210449 -0.0334169827401638
v -0.476409912109375 0.582216739654541 3.426841743703335e-8
v -0.476409912109375 0.5756716728210449 -0.0334169827401638
v -0.5026719570159912 0.5515648126602173 0.0535895898938179
v -0.7248892784118652 0.5668751001358032 0.033417049795389175
v -0.7248892784118652 0.5427682399749756 0.0535895898938179
v -0.5026719570159912 0.582216739654541 3.426841743703335e-8
v -0.7248892784118652 0.5734201669692993 3.28352740552873e-8
v -0.7248892784118652 0.5668751001358032 -0.0334169864654541
v -0.5026719570159912 0.5105817317962646 0.06527985632419586
v -0.7248892784118652 0.501785159111023 0.06527985632419586
v -0.5026719570159912 0.5756716728210449 -0.0334169827401638
v -0.5026719570159912 0.43526411056518555 0.06527984142303467
v -0.7248892784118652 0.42812275886535645 0.06527984142303467
v -0.5026719570159912 0.5515649318695068 -0.053589530289173126
v -0.5026719570159912 0.359946608543396 0.06527983397245407
v -0.7248892784118652 0.35446035861968994 0.06527983397245407
v -0.5652947425842285 0.21593225002288818 0.06527981162071228
v -0.5026719570159912 0.2093116044998169 0.06527981162071228
v -0.7248892784118652 0.5427683591842651 -0.053589534014463425
v -0.476409912109375 0.4267003536224365 0.06527984142303467
v -0.29092836380004883 0.3453950881958008 0.06527983397245407
v -0.476409912109375 0.3428189754486084 0.06527982652187347
v 0.14507269859313965 -0.13110750913619995 0.05536191910505295
v 0.2768423557281494 -0.12959814071655273 0.05536191165447235
v 0.2642552852630615 -0.09161365032196045 0.05536191910505295
v 0.2768423557281494 -0.12959814071655273 0.05536191165447235
v 0.14507269859313965 -0.13110750913619995 0.05536191910505295
v 0.15153264999389648 -0.17113816738128662 0.05536191165447235
v -0.17355847358703613 0.05141913890838623 0.05536191910505295
v -0.11102676391601562 -0.12021887302398682 0.05536191165447235
v -0.07706809043884277 -0.09649413824081421 0.05536191537976265
v -0.13596129417419434 0.06511986255645752 0.05536191910505295
v -0.17355847358703613 0.05141913890838623 -0.05536157637834549
v -0.07706809043884277 -0.09649413824081421 -0.05536158010363579
v -0.11102676391601562 -0.12021887302398682 -0.055361583828926086
v -0.13596129417419434 0.06511986255645752 -0.05536157637834549
v 0.2768423557281494 -0.12959814071655273 -0.055361583828926086
v 0.14507269859313965 -0.13110750913619995 -0.05536157637834549
v 0.2642552852630615 -0.09161365032196045 -0.05536157637834549
v 0.14507269859313965 -0.13110750913619995 -0.05536157637834549
v 0.2768423557281494 -0.12959814071655273 -0.055361583828926086
v 0.15153264999389648 -0.17113816738128662 -0.055361583828926086
v -0.11102676391601562 -0.12021887302398682 0.05536191165447235
v -0.05065202713012695 -0.17113518714904785 0.05536191165447235
v -0.0360264778137207 -0.13110750913619995 0.05536191910505295
v -0.07706809043884277 -0.09649413824081421 0.05536191537976265
v -0.11102676391601562 -0.12021887302398682 -0.055361583828926086
v -0.0360264778137207 -0.13110744953155518 -0.05536157637834549
v -0.05065202713012695 -0.17113518714904785 -0.055361583828926086
v -0.07706809043884277 -0.09649413824081421 -0.05536158010363579
v -0.0360264778137207 -0.13110750913619995 0.05536191910505295
v 0.15153264999389648 -0.17113816738128662 0.05536191165447235
v 0.14507269859313965 -0.13110750913619995 0.05536191910505295
v -0.05065202713012695 -0.17113518714904785 0.05536191165447235
v -0.0360264778137207 -0.13110744953155518 -0.05536157637834549
v 0.14507269859313965 -0.13110750913619995 -0.05536157637834549
v 0.15153264999389648 -0.17113816738128662 -0.055361583828926086
v -0.05065202713012695 -0.17113518714904785 -0.055361583828926086
v -0.5329313278198242 -0.1981244683265686 0.0553617924451828
v -0.25044751167297363 0.23727524280548096 0.05536172538995743
v -0.41551780700683594 0.2779834270477295 0.055361732840538025
v -0.37107205390930176 -0.25191766023635864 0.0553617849946022
v -0.5329313278198242 -0.1981244683265686 -0.05536170303821564
v -0.41551780700683594 0.2779834270477295 -0.05536176264286041
v -0.25044751167297363 0.23727524280548096 -0.05536177009344101
v -0.37107205390930176 -0.2519177198410034 -0.055361710488796234
v -0.6241204738616943 -0.41384559869766235 0.05536181852221489
v -0.7560522556304932 -0.6770154237747192 0.05536184087395668
v -0.6040658950805664 -0.7532089948654175 0.05536183714866638
v -0.469651460647583 -0.48512232303619385 0.05536181107163429
v -0.6241204738616943 -0.41384559869766235 -0.05536167696118355
v -0.6040658950805664 -0.7532089948654175 -0.055361658334732056
v -0.7560522556304932 -0.6770154237747192 -0.05536165460944176
v -0.469651460647583 -0.48512232303619385 -0.055361684411764145
v -0.5329313278198242 -0.1981244683265686 0.0553617924451828
v -0.6241204738616943 -0.41384559869766235 0.05536181852221489
v -0.469651460647583 -0.48512232303619385 0.05536181107163429
v -0.37107205390930176 -0.25191766023635864 0.0553617849946022
v -0.5329313278198242 -0.1981244683265686 -0.05536170303821564
v -0.469651460647583 -0.48512232303619385 -0.055361684411764145
v -0.6241204738616943 -0.41384559869766235 -0.05536167696118355
v -0.37107205390930176 -0.2519177198410034 -0.055361710488796234
v 0.4990081787109375 0.626387357711792 -0.053260687738657
v 0.4456014633178711 0.548725962638855 -0.05326070263981819
v 0.4456014633178711 0.626387357711792 -0.053260687738657
v 0.4990081787109375 0.548725962638855 -0.05326070263981819
v 0.38316822052001953 0.548725962638855 -0.05326070263981819
v 0.38316822052001953 0.626387357711792 -0.053260687738657
v 0.27037763595581055 0.5903570652008057 -0.053260695189237595
v 0.27037763595581055 0.548725962638855 -0.05326070263981819
v 0.38316822052001953 0.6864312887191772 -0.0532606802880764
v 0.4456014633178711 0.6864312887191772 -0.0532606802880764
v 0.4849355220794678 0.6700130701065063 -0.0532606765627861
v 0.4456014633178711 0.626387357711792 -0.053260687738657
v 0.4456014633178711 0.6864312887191772 -0.0532606802880764
v 0.4990081787109375 0.626387357711792 -0.053260687738657
v 0.4990081787109375 0.626387357711792 0.05326053872704506
v 0.4456014633178711 0.626387357711792 0.05326053872704506
v 0.4456014633178711 0.548725962638855 0.053260523825883865
v 0.4990081787109375 0.548725962638855 0.053260523825883865
v 0.38316822052001953 0.548725962638855 0.053260523825883865
v 0.38316822052001953 0.626387357711792 0.05326053872704506
v 0.27037763595581055 0.5903570652008057 0.05326053127646446
v 0.38316822052001953 0.548725962638855 0.053260523825883865
v 0.38316822052001953 0.626387357711792 0.05326053872704506
v 0.27037763595581055 0.548725962638855 0.053260523825883865
v 0.4456014633178711 0.626387357711792 0.05326053872704506
v 0.38316822052001953 0.6864312887191772 0.053260546177625656
v 0.4456014633178711 0.6864312887191772 0.053260546177625656
v 0.4456014633178711 0.626387357711792 0.05326053872704506
v 0.4849355220794678 0.6700130701065063 0.05326054245233536
v 0.4456014633178711 0.6864312887191772 0.053260546177625656
v 0.4990081787109375 0.626387357711792 0.05326053872704506
v 0.39225292205810547 0.6133970022201538 0.04234467074275017
v 0.3697209358215332 0.6039104461669922 0.04889542609453201
v 0.3697209358215332 0.6039104461669922 0.03911633417010307
v 0.38774657249450684 0.6114996671676636 0.0338757298886776
v 0.400942325592041 0.6170554161071777 0.019558142870664597
v 0.39225292205810547 0.6133970022201538 0.04234467074275017
v 0.38774657249450684 0.6114996671676636 0.0338757298886776
v 0.40874767303466797 0.6203417778015137 0.024447690695524216
v 0.41478514671325684 0.622883677482605 -4.0564543724030955e-8
v 0.400942325592041 0.6170554161071777 0.019558142870664597
v 0.40577220916748047 0.6190890073776245 -4.165757161445072e-8
v 0.40874767303466797 0.6203417778015137 0.024447690695524216
v 0.40577220916748047 0.6190890073776245 -4.165757161445072e-8
v 0.40874767303466797 0.6203416585922241 -0.024447768926620483
v 0.41478514671325684 0.622883677482605 -4.0564543724030955e-8
v 0.400942325592041 0.6170554161071777 -0.019558224827051163
v 0.40874767303466797 0.6203416585922241 -0.024447768926620483
v 0.38774657249450684 0.6114996671676636 -0.03387581184506416
v 0.39225292205810547 0.6133970022201538 -0.04234475642442703
v 0.400942325592041 0.6170554161071777 -0.019558224827051163
v 0.3697209358215332 0.6039104461669922 -0.03911641240119934
v 0.39225292205810547 0.6133970022201538 -0.04234475642442703
v 0.38774657249450684 0.6114996671676636 -0.03387581184506416
v 0.3697209358215332 0.6039104461669922 -0.04889550432562828
v 0.34718871116638184 0.594423770904541 -0.04234476014971733
v 0.3697209358215332 0.6039104461669922 -0.03911641240119934
v 0.35169529914855957 0.5963211059570312 -0.03387581557035446
v 0.3697209358215332 0.6039104461669922 -0.04889550432562828
v 0.34718871116638184 0.594423770904541 -0.04234476014971733
v 0.3384995460510254 0.5907653570175171 -0.01955823041498661
v 0.33069419860839844 0.5874791145324707 -0.02444777637720108
v 0.35169529914855957 0.5963211059570312 -0.03387581557035446
v 0.33069419860839844 0.5874791145324707 -0.02444777637720108
v 0.33366942405700684 0.5887318849563599 -4.759269245369069e-8
v 0.32465672492980957 0.5849372148513794 -4.81782649330853e-8
v 0.3384995460510254 0.5907653570175171 -0.01955823041498661
v 0.33366942405700684 0.5887318849563599 -4.759269245369069e-8
v 0.3384995460510254 0.5907654762268066 0.01955813728272915
v 0.33069419860839844 0.5874791145324707 0.02444768324494362
v 0.32465672492980957 0.5849372148513794 -4.81782649330853e-8
v 0.34718871116638184 0.5944238901138306 0.04234466701745987
v 0.3384995460510254 0.5907654762268066 0.01955813728272915
v 0.35169506072998047 0.5963211059570312 0.0338757261633873
v 0.33069419860839844 0.5874791145324707 0.02444768324494362
v 0.34718871116638184 0.5944238901138306 0.04234466701745987
v 0.3697209358215332 0.6039104461669922 0.03911633417010307
v 0.3697209358215332 0.6039104461669922 0.04889542609453201
v 0.3697209358215332 0.6039104461669922 0.03911633417010307
v 0.34718871116638184 0.5944238901138306 0.04234466701745987
v 0.35169506072998047 0.5963211059570312 0.0338757261633873
v -0.29092836380004883 0.18020856380462646 0.06527980417013168
v -0.476409912109375 0.17505621910095215 0.06527980417013168
v -0.476409912109375 0.09874939918518066 0.06527978926897049
v -0.29092836380004883 0.032398223876953125 0.06527978181838989
v -0.5026719570159912 0.5105817317962646 -0.06527981162071228
v -0.7248892784118652 0.501785159111023 -0.06527981162071228
v -0.476409912109375 0.5105817317962646 -0.06527981162071228
v -0.5026719570159912 0.4352642297744751 -0.06527982652187347
v -0.7248892784118652 0.42812275886535645 -0.06527982652187347
v -0.5026719570159912 0.359946608543396 -0.06527983397245407
v -0.7248892784118652 0.3544604778289795 -0.06527983397245407
v -0.5652947425842285 0.21593225002288818 -0.06527985632419586
v -0.5026719570159912 0.2093116044998169 -0.06527986377477646
v -0.476409912109375 0.4267003536224365 -0.06527982652187347
v -0.476409912109375 0.3428189754486084 -0.06527984142303467
v -0.476409912109375 0.17505621910095215 -0.06527986377477646
v -0.29092836380004883 0.18020856380462646 -0.06527986377477646
v -0.476409912109375 0.09874951839447021 -0.06527987867593765
v -0.29092836380004883 0.032398343086242676 -0.06527989357709885
v 0.1681070327758789 0.032398343086242676 -0.06527989357709885
v 0.1681070327758789 0.20219993591308594 -0.06527986377477646
v -0.29092836380004883 0.3453950881958008 -0.06527984142303467
v -0.29092836380004883 0.4279884099960327 -0.06527982652187347
v 0.1681070327758789 0.3563908338546753 -0.06527983397245407
v 0.40003442764282227 0.3563908338546753 -0.06527983397245407
v 0.40003442764282227 0.20219993591308594 -0.06527986377477646
v 0.40003442764282227 0.4334862232208252 -0.06527982652187347
v 0.4054884910583496 0.032398343086242676 -0.06527989357709885
v 0.41220903396606445 0.10416901111602783 -0.06527987867593765
v 0.4612884521484375 0.14849424362182617 -0.06527987122535706
v 0.5389351844787598 0.20219993591308594 -0.06527986377477646
v 0.5389351844787598 0.1545727252960205 -0.06527987122535706
v 0.1681070327758789 0.4334862232208252 -0.06527982652187347
v 0.40003442764282227 0.5105817317962646 -0.06527981162071228
v -0.29092836380004883 0.5105817317962646 -0.06527981162071228
v 0.1681070327758789 0.5105817317962646 -0.06527981162071228
v 0.1681070327758789 0.5515649318695068 -0.053589530289173126
v 0.40003442764282227 0.5515649318695068 -0.053589530289173126
v 0.1681070327758789 0.5756716728210449 -0.0334169827401638
v 0.40003442764282227 0.5756716728210449 -0.0334169827401638
v -0.29092836380004883 0.5515649318695068 -0.053589530289173126
v -0.476409912109375 0.5515649318695068 -0.053589530289173126
v 0.3401172161102295 0.6742234230041504 0.03911628946661949
v 0.36264944076538086 0.6837100982666016 0.04234463348984718
v 0.3581428527832031 0.6818127632141113 0.033875688910484314
v 0.3401172161102295 0.6742234230041504 0.04889538139104843
v 0.36264944076538086 0.683709979057312 -0.04234479367733002
v 0.3401172161102295 0.6742234230041504 -0.048895541578531265
v 0.3401172161102295 0.6742234230041504 -0.039116449654102325
v 0.3581428527832031 0.6818126440048218 -0.03387584909796715
v 0.32209157943725586 0.6666340827941895 -0.033875852823257446
v 0.3401172161102295 0.6742234230041504 -0.048895541578531265
v 0.3175852298736572 0.6647368669509888 -0.042344797402620316
v 0.3401172161102295 0.6742234230041504 -0.039116449654102325
v 0.32209157943725586 0.6666340827941895 -0.033875852823257446
v 0.3010904788970947 0.6577920913696289 -0.024447817355394363
v 0.3088958263397217 0.6610784530639648 -0.019558267667889595
v 0.3175852298736572 0.6647368669509888 -0.042344797402620316
v 0.3088958263397217 0.6610784530639648 -0.019558267667889595
v 0.29505300521850586 0.6552501916885376 -8.613564261850115e-8
v 0.3040659427642822 0.6590448617935181 -8.508614257607405e-8
v 0.3010904788970947 0.6577920913696289 -0.024447817355394363
v 0.3010904788970947 0.6577922105789185 0.024447645992040634
v 0.3040659427642822 0.6590448617935181 -8.508614257607405e-8
v 0.29505300521850586 0.6552501916885376 -8.613564261850115e-8
v 0.3088958263397217 0.6610784530639648 0.019558101892471313
v 0.3175852298736572 0.6647368669509888 0.042344629764556885
v 0.3088958263397217 0.6610784530639648 0.019558101892471313
v 0.3010904788970947 0.6577922105789185 0.024447645992040634
v 0.32209157943725586 0.666634202003479 0.033875685185194016
v 0.32209157943725586 0.666634202003479 0.033875685185194016
v 0.3401172161102295 0.6742234230041504 0.04889538139104843
v 0.3401172161102295 0.6742234230041504 0.03911628946661949
v 0.3175852298736572 0.6647368669509888 0.042344629764556885
v 0.38316822052001953 0.626387357711792 -0.053260687738657
v 0.27037763595581055 0.5903570652008057 -0.053260695189237595
v 0.38316822052001953 0.626387357711792 -0.039808861911296844
v 0.27037763595581055 0.5903570652008057 -0.03980886936187744
v 0.38316822052001953 0.626387357711792 -0.039808861911296844
v 0.27037763595581055 0.5903570652008057 -0.03980886936187744
v 0.38316822052001953 0.626387357711792 -7.518956124386023e-8
v 0.27037763595581055 0.5903570652008057 -8.105963900106872e-8
v 0.27037763595581055 0.5903570652008057 0.03980870544910431
v 0.38316822052001953 0.626387357711792 0.039808712899684906
v 0.27037763595581055 0.5903570652008057 0.05326053127646446
v 0.38316822052001953 0.626387357711792 0.05326053872704506
v 0.38316822052001953 0.626387357711792 0.039808712899684906
v 0.27037763595581055 0.5903570652008057 0.03980870544910431
v 1.659088134765625 0.3699866533279419 0.07729721069335938
v 1.7541943788528442 0.37004244327545166 0.07729721069335938
v 1.6620323657989502 0.4084373712539673 0.03348620608448982
v 1.7571343183517456 0.4084373712539673 0.03348620980978012
v -0.7560522556304932 -0.6770154237747192 0.05536184087395668
v -0.6241204738616943 -0.41384559869766235 -0.05536167696118355
v -0.7560522556304932 -0.6770154237747192 -0.05536165460944176
v -0.6241204738616943 -0.41384559869766235 0.05536181852221489
v -0.5329313278198242 -0.1981244683265686 -0.05536170303821564
v -0.5329313278198242 -0.1981244683265686 0.0553617924451828
v -1.560368537902832 0.41292619705200195 0.019071342423558235
v -1.5073332786560059 0.6180155277252197 0.01907137595117092
v -1.560368537902832 0.6180155277252197 0.01907137595117092
v -1.4838218688964844 0.41292619705200195 0.019071342423558235
v -1.5073332786560059 0.6180155277252197 -0.019071439281105995
v -1.560368537902832 0.41292619705200195 -0.01907147280871868
v -1.560368537902832 0.6180155277252197 -0.019071439281105995
v -1.4838218688964844 0.41292619705200195 -0.01907147280871868
v -1.542536735534668 0.6784764528274536 0.006803825031965971
v -1.52459716796875 0.6229112148284912 0.006803815718740225
v -1.52459716796875 0.6784764528274536 0.006803825031965971
v -1.542536735534668 0.6229112148284912 0.006803815718740225
v -1.52459716796875 0.6784764528274536 -0.0068039861507713795
v -1.542536735534668 0.6229112148284912 -0.006803995463997126
v -1.542536735534668 0.6784764528274536 -0.0068039861507713795
v -1.52459716796875 0.6229112148284912 -0.006803995463997126
v -1.560368537902832 0.41292619705200195 -0.01907147280871868
v -1.4838218688964844 0.41292619705200195 -0.01907147280871868
v -1.4838218688964844 0.41292619705200195 0.019071342423558235
v -1.560368537902832 0.41292619705200195 0.019071342423558235
v 0.39586400985717773 0.6678239107131958 -6.482484593561821e-8
v 0.3820211887359619 0.6619956493377686 0.019558118656277657
v 0.38982653617858887 0.6652820110321045 0.024447666481137276
v 0.38685131072998047 0.6640292406082153 -6.539896446611237e-8
v 0.39586400985717773 0.6678239107131958 -6.482484593561821e-8
v 0.3820211887359619 0.6619956493377686 -0.019558249041438103
v 0.38685131072998047 0.6640292406082153 -6.539896446611237e-8
v 0.38982653617858887 0.6652820110321045 -0.024447793141007423
v 1.620851755142212 -0.0474776029586792 0.0772971510887146
v 1.0805718898773193 0.10365629196166992 0.03348615765571594
v 1.6180169582366943 -0.08449941873550415 0.03348613530397415
v 1.7131189107894897 -0.08449941873550415 0.03348614647984505
v 1.7159535884857178 -0.047478437423706055 0.0772971510887146
v 1.6180169582366943 -0.08449941873550415 3.0002641437931743e-7
v 1.0805718898773193 0.10365629196166992 3.306808480374457e-7
v 1.0805718898773193 0.14175033569335938 0.07729717344045639
v 0.8913331031799316 0.1842961311340332 0.07729718089103699
v 0.8913331031799316 0.15445876121520996 0.03348616510629654
v 0.6932039260864258 0.15445876121520996 0.03348616510629654
v 0.6932039260864258 0.18013417720794678 0.07729718089103699
v 0.5389351844787598 0.15445876121520996 0.07729717344045639
v 0.5389351844787598 0.15445876121520996 0.03348616510629654
v 0.4456014633178711 0.6864312887191772 -0.03980885446071625
v 0.38316822052001953 0.6864312887191772 -0.03980885446071625
v 0.38316822052001953 0.626387357711792 -0.039808861911296844
v 0.4456014633178711 0.626387357711792 -0.039808861911296844
v 0.4849355220794678 0.6700130701065063 -0.03980885446071625
v 0.4456014633178711 0.6864312887191772 -0.03980885446071625
v 0.4456014633178711 0.626387357711792 -0.039808861911296844
v 0.4456014633178711 0.626387357711792 -0.039808861911296844
v 0.4990081787109375 0.626387357711792 -0.039808861911296844
v 0.4849355220794678 0.6700130701065063 -0.03980885446071625
v 0.4456014633178711 0.6864312887191772 0.0398087240755558
v 0.38316822052001953 0.626387357711792 0.039808712899684906
v 0.38316822052001953 0.6864312887191772 0.0398087240755558
v 0.4456014633178711 0.626387357711792 0.039808712899684906
v 0.4849355220794678 0.6700130701065063 0.039808716624975204
v 0.4456014633178711 0.626387357711792 0.039808712899684906
v 0.4456014633178711 0.6864312887191772 0.0398087240755558
v 0.4990081787109375 0.626387357711792 0.039808712899684906
v -1.4486651420593262 0.40069305896759033 0.0379951074719429
v -1.7571344375610352 0.3787565231323242 0.043872956186532974
v -1.4486651420593262 0.3787565231323242 0.043872978538274765
v -1.7571344375610352 0.40069305896759033 0.03799508512020111
v -1.4486651420593262 0.4167516231536865 0.02193646878004074
v -1.7571344375610352 0.4167516231536865 0.0219364482909441
v -1.7571344375610352 0.4226294755935669 -5.993327079067967e-8
v -1.4486651420593262 0.42262959480285645 -3.9333372114924714e-8
v -1.7571344375610352 0.4167516231536865 -0.02193656750023365
v -1.4486651420593262 0.4167516231536865 -0.02193654701113701
v -1.7571344375610352 0.40069305896759033 -0.03799520432949066
v -1.4486651420593262 0.40069305896759033 -0.03799518570303917
v -1.7571344375610352 0.3787565231323242 -0.043873075395822525
v -1.4486651420593262 0.3787565231323242 -0.043873049318790436
v -1.7571344375610352 0.3568199872970581 -0.03799520432949066
v -1.4486651420593262 0.3568199872970581 -0.03799518197774887
v -1.7571344375610352 0.3407614231109619 -0.0219365656375885
v -1.4486651420593262 0.3407614231109619 -0.02193654514849186
v -1.4486651420593262 0.33488357067108154 -3.671833326279739e-8
v -1.7571344375610352 0.334883451461792 -5.7318231938552344e-8
v -1.4486651420593262 0.3407614231109619 0.02193647064268589
v -1.7571344375610352 0.3407614231109619 0.02193645015358925
v -1.4486651420593262 0.3568199872970581 0.0379951074719429
v -1.7571344375610352 0.3568199872970581 0.03799508884549141
v -1.4486651420593262 0.3787565231323242 0.043872978538274765
v -1.7571344375610352 0.3787565231323242 0.043872956186532974
v 0.38316822052001953 0.548725962638855 -0.05326070263981819
v 0.4456014633178711 0.548725962638855 -0.05326070263981819
v 0.4456014633178711 0.548725962638855 -0.03980887681245804
v 0.4990081787109375 0.548725962638855 -0.05326070263981819
v 0.4990081787109375 0.548725962638855 -0.03980887681245804
v 0.4990081787109375 0.548725962638855 -8.784220995039504e-8
v 0.4456014633178711 0.548725962638855 -8.784220995039504e-8
v 0.38316822052001953 0.548725962638855 -0.03980887681245804
v 0.38316822052001953 0.548725962638855 -8.784220995039504e-8
v 0.27037763595581055 0.548725962638855 -0.03980887681245804
v 0.27037763595581055 0.548725962638855 -0.05326070263981819
v 0.27037763595581055 0.548725962638855 -8.784220995039504e-8
v 0.38316822052001953 0.548725962638855 0.03980870172381401
v 0.27037763595581055 0.548725962638855 0.03980870172381401
v 0.38316822052001953 0.548725962638855 0.053260523825883865
v 0.27037763595581055 0.548725962638855 0.053260523825883865
v 0.4456014633178711 0.548725962638855 0.053260523825883865
v 0.38316822052001953 0.548725962638855 0.053260523825883865
v 0.4456014633178711 0.548725962638855 0.03980870172381401
v 0.38316822052001953 0.548725962638855 0.03980870172381401
v 0.4990081787109375 0.548725962638855 0.03980870172381401
v 0.4990081787109375 0.548725962638855 0.053260523825883865
v 0.4990081787109375 0.548725962638855 -8.784220995039504e-8
v 0.4456014633178711 0.548725962638855 -8.784220995039504e-8
v 0.38316822052001953 0.548725962638855 -8.784220995039504e-8
v -0.41551780700683594 0.2779834270477295 -0.05536176264286041
v -0.41551780700683594 0.2779834270477295 0.055361732840538025
v -0.25044751167297363 0.23727524280548096 0.05536172538995743
v -0.25044751167297363 0.23727524280548096 -0.05536177009344101
v 0.1681070327758789 0.032398343086242676 -0.06527989357709885
v 0.39331579208374023 -0.4746996760368347 -1.3792512731924944e-7
v 0.1681070327758789 0.032398343086242676 -5.530837654532661e-8
v 0.39331579208374023 -0.4746996760368347 -0.06975013017654419
v 0.1681070327758789 0.032398223876953125 0.06527978181838989
v 0.39331579208374023 -0.4746996760368347 0.0697498545050621
v -1.542536735534668 0.6229112148284912 -0.006803995463997126
v -1.52459716796875 0.6229112148284912 -0.006803995463997126
v -1.52459716796875 0.6229112148284912 0.006803815718740225
v -1.542536735534668 0.6229112148284912 0.006803815718740225
v -0.13596129417419434 0.06511986255645752 0.05536191910505295
v -0.07706809043884277 -0.09649413824081421 -0.05536158010363579
v -0.13596129417419434 0.06511986255645752 -0.05536157637834549
v -0.07706809043884277 -0.09649413824081421 0.05536191537976265
v -0.0360264778137207 -0.13110744953155518 -0.05536157637834549
v -0.0360264778137207 -0.13110750913619995 0.05536191910505295
v 0.14507269859313965 -0.13110750913619995 0.05536191910505295
v 0.14507269859313965 -0.13110750913619995 -0.05536157637834549
v -0.5415408611297607 0.4932645559310913 1.977626595817128e-8
v -0.5415408611297607 0.2449253797531128 -0.1329774558544159
v -0.5415408611297607 0.4414381980895996 -0.1329774260520935
v -0.5415408611297607 0.4932645559310913 -0.06984802335500717
v -0.5415408611297607 0.19281291961669922 -2.917350627740234e-8
v -0.5415408611297607 0.19281291961669922 -0.06984806805849075
v -0.5415408611297607 0.4932645559310913 1.977626595817128e-8
v -0.5415408611297607 0.4414381980895996 0.1329774558544159
v -0.5415408611297607 0.24492526054382324 0.1329774260520935
v -0.5415408611297607 0.4932645559310913 0.06984806060791016
v -0.5415408611297607 0.19281291961669922 -2.917350627740234e-8
v -0.5415408611297607 0.19281291961669922 0.06984800845384598
v -0.13596129417419434 0.06511986255645752 0.05536191910505295
v -0.17355847358703613 0.05141913890838623 -0.05536157637834549
v -0.17355847358703613 0.05141913890838623 0.05536191910505295
v -0.13596129417419434 0.06511986255645752 -0.05536157637834549
v -0.7157168388366699 0.5447820425033569 0.047109875828027725
v -1.5780525207519531 0.5175831317901611 0.054397765547037125
v -0.7157168388366699 0.5175830125808716 0.054397810250520706
v -1.5780525207519531 0.5447820425033569 0.04710983857512474
v -1.5780525207519531 0.5646930932998657 0.02719884179532528
v -0.7157168388366699 0.5646929740905762 0.027198879048228264
v -1.5780525207519531 0.5719809532165527 -8.54119690529842e-8
v -0.7157168388366699 0.5719809532165527 -4.616440207882988e-8
v -1.5780525207519531 0.5646930932998657 -0.02719901129603386
v -0.7157168388366699 0.5646929740905762 -0.027198970317840576
v -1.5780525207519531 0.5447820425033569 -0.04711000248789787
v -0.7157168388366699 0.5447819232940674 -0.04710996150970459
v -1.5780525207519531 0.5175831317901611 -0.054397933185100555
v -0.7157168388366699 0.5175830125808716 -0.05439789220690727
v -1.5780525207519531 0.49038422107696533 -0.047109998762607574
v -0.7157168388366699 0.4903841018676758 -0.04710996150970459
v -1.5780525207519531 0.47047317028045654 -0.02719900570809841
v -0.7157168388366699 0.47047317028045654 -0.02719896472990513
v -0.7157168388366699 0.46318519115448 -3.967967643347947e-8
v -1.5780525207519531 0.46318531036376953 -7.892722919677908e-8
v -0.7157168388366699 0.47047317028045654 0.02719888463616371
v -1.5780525207519531 0.47047317028045654 0.027198847383260727
v -0.7157168388366699 0.4903841018676758 0.047109879553318024
v -1.5780525207519531 0.49038422107696533 0.04710983857512474
v -0.7157168388366699 0.5175830125808716 0.054397810250520706
v -1.5780525207519531 0.5175831317901611 0.054397765547037125
v -0.7157168388366699 0.47047317028045654 0.02719888463616371
v -0.7157168388366699 0.5447820425033569 0.047109875828027725
v -0.7157168388366699 0.4903841018676758 0.047109879553318024
v -0.7157168388366699 0.5175830125808716 0.054397810250520706
v -0.7157168388366699 0.47047317028045654 -0.02719896472990513
v -0.7157168388366699 0.46318519115448 -3.967967643347947e-8
v -0.7157168388366699 0.4903841018676758 -0.04710996150970459
v -0.7157168388366699 0.5447819232940674 -0.04710996150970459
v -0.7157168388366699 0.5175830125808716 -0.05439789220690727
v -0.7157168388366699 0.5646929740905762 0.027198879048228264
v -0.7157168388366699 0.5646929740905762 -0.027198970317840576
v -0.7157168388366699 0.5719809532165527 -4.616440207882988e-8
v 0.27037763595581055 0.5903570652008057 -0.053260695189237595
v 0.27037763595581055 0.548725962638855 -0.03980887681245804
v 0.27037763595581055 0.5903570652008057 -0.03980886936187744
v 0.27037763595581055 0.548725962638855 -0.05326070263981819
v 0.27037763595581055 0.548725962638855 -8.784220995039504e-8
v 0.27037763595581055 0.5903570652008057 -8.105963900106872e-8
v 0.27037763595581055 0.5903570652008057 0.03980870544910431
v 0.27037763595581055 0.548725962638855 0.03980870172381401
v 0.27037763595581055 0.5903570652008057 0.05326053127646446
v 0.27037763595581055 0.548725962638855 0.053260523825883865
v 0.27037763595581055 0.548725962638855 -8.784220995039504e-8
v 0.27037763595581055 0.5903570652008057 -8.105963900106872e-8
v 0.38316822052001953 0.6864312887191772 -0.0532606802880764
v 0.38316822052001953 0.626387357711792 -0.053260687738657
v 0.38316822052001953 0.6864312887191772 -0.03980885446071625
v 0.38316822052001953 0.626387357711792 -0.039808861911296844
v 0.38316822052001953 0.6864312887191772 0.0398087240755558
v 0.38316822052001953 0.626387357711792 0.05326053872704506
v 0.38316822052001953 0.6864312887191772 0.053260546177625656
v 0.38316822052001953 0.626387357711792 0.039808712899684906
v 0.3697209358215332 0.6039104461669922 0.04889542609453201
v 0.36264944076538086 0.6837100982666016 0.04234463348984718
v 0.3401172161102295 0.6742234230041504 0.04889538139104843
v 0.39225292205810547 0.6133970022201538 0.04234467074275017
v 0.38982653617858887 0.6652820110321045 0.024447666481137276
v 0.40874767303466797 0.6203417778015137 0.024447690695524216
v 0.41478514671325684 0.622883677482605 -4.0564543724030955e-8
v 0.39586400985717773 0.6678239107131958 -6.482484593561821e-8
v 0.40874767303466797 0.6203416585922241 -0.024447768926620483
v 0.38982653617858887 0.6652820110321045 -0.024447793141007423
v 0.39225292205810547 0.6133970022201538 -0.04234475642442703
v 0.36264944076538086 0.683709979057312 -0.04234479367733002
v 0.3697209358215332 0.6039104461669922 -0.04889550432562828
v 0.3401172161102295 0.6742234230041504 -0.048895541578531265
v 0.34718871116638184 0.594423770904541 -0.04234476014971733
v 0.3175852298736572 0.6647368669509888 -0.042344797402620316
v 0.3010904788970947 0.6577920913696289 -0.024447817355394363
v 0.33069419860839844 0.5874791145324707 -0.02444777637720108
v 0.29505300521850586 0.6552501916885376 -8.613564261850115e-8
v 0.32465672492980957 0.5849372148513794 -4.81782649330853e-8
v 0.3010904788970947 0.6577922105789185 0.024447645992040634
v 0.33069419860839844 0.5874791145324707 0.02444768324494362
v 0.3175852298736572 0.6647368669509888 0.042344629764556885
v 0.34718871116638184 0.5944238901138306 0.04234466701745987
v 0.3401172161102295 0.6742234230041504 0.04889538139104843
v 0.3697209358215332 0.6039104461669922 0.04889542609453201
v 0.2642552852630615 -0.09161365032196045 0.05536191910505295
v 0.14507269859313965 -0.13110750913619995 -0.05536157637834549
v 0.14507269859313965 -0.13110750913619995 0.05536191910505295
v 0.2642552852630615 -0.09161365032196045 -0.05536157637834549
v 0.499739408493042 0.5234657526016235 -0.05529390275478363
v 0.499739408493042 0.43209731578826904 -3.3942185950763815e-8
v 0.499739408493042 0.5234657526016235 -1.9056400901718007e-8
v 0.499739408493042 0.4320974349975586 -0.12942060828208923
v 0.499739408493042 0.28028690814971924 -5.8675254877016414e-8
v 0.499739408493042 0.2338804006576538 -0.06191349774599075
v 0.499739408493042 0.23388028144836426 0.0035636196844279766
v 0.499739408493042 0.31445133686065674 -0.12942063808441162
v 0.499739408493042 0.43209731578826904 -3.3942185950763815e-8
v 0.499739408493042 0.31445133686065674 -0.12942063808441162
v 0.499739408493042 0.28028690814971924 -5.8675254877016414e-8
v 0.499739408493042 0.4320974349975586 -0.12942060828208923
v 0.499739408493042 0.5234657526016235 -1.9056400901718007e-8
v 0.499739408493042 0.43209731578826904 -3.3942185950763815e-8
v 0.499739408493042 0.5234657526016235 0.055293865501880646
v 0.499739408493042 0.43209731578826904 0.12942054867744446
v 0.499739408493042 0.28028690814971924 -5.8675254877016414e-8
v 0.499739408493042 0.23388028144836426 0.06191336363554001
v 0.499739408493042 0.31445133686065674 0.12942051887512207
v 0.499739408493042 0.23388028144836426 -0.0035637521650642157
v 0.499739408493042 0.43209731578826904 -3.3942185950763815e-8
v 0.499739408493042 0.31445133686065674 0.12942051887512207
v 0.499739408493042 0.43209731578826904 0.12942054867744446
v 0.499739408493042 0.28028690814971924 -5.8675254877016414e-8
v 0.5389351844787598 0.5716900825500488 -0.0772964283823967
v 0.5389351844787598 0.15445876121520996 3.3895764772751136e-7
v 0.5389351844787598 0.6103767156600952 4.1323610844301584e-7
v 0.5389351844787598 0.6103767156600952 -0.03348541259765625
v 0.5389351844787598 0.15445876121520996 -0.03348548710346222
v 0.5389351844787598 0.15445876121520996 -0.07729649543762207
v 0.5389351844787598 0.5716900825500488 0.07729724049568176
v 0.5389351844787598 0.15445876121520996 0.03348616510629654
v 0.5389351844787598 0.15445876121520996 0.07729717344045639
v 0.5389351844787598 0.15445876121520996 3.3895764772751136e-7
v 0.5389351844787598 0.6103767156600952 4.1323610844301584e-7
v 0.5389351844787598 0.6103767156600952 0.03348623961210251
v -1.505103588104248 0.6821929216384888 0.056812793016433716
v -1.5635781288146973 0.7105993032455444 0.04920127987861633
v -1.505103588104248 0.7105993032455444 0.049201298505067825
v -1.5635781288146973 0.6821929216384888 0.05681276321411133
v -1.5635781288146973 0.7313942909240723 0.028406335040926933
v -1.505103588104248 0.7313942909240723 0.028406353667378426
v -1.505103588104248 0.7390058040618896 -6.636133775828057e-8
v -1.5635781288146973 0.7390058040618896 -8.373818616291828e-8
v -1.505103588104248 0.7313942909240723 -0.028406484052538872
v -1.5635781288146973 0.7313942909240723 -0.028406500816345215
v -1.505103588104248 0.7105993032455444 -0.04920142516493797
v -1.5635781288146973 0.7105993032455444 -0.049201443791389465
v -1.505103588104248 0.6821929216384888 -0.05681290477514267
v -1.5635781288146973 0.6821929216384888 -0.056812915951013565
v -1.505103588104248 0.6537865400314331 -0.049201421439647675
v -1.5635781288146973 0.6537865400314331 -0.04920144006609917
v -1.5635781288146973 0.6329915523529053 -0.028406495228409767
v -1.505103588104248 0.6329915523529053 -0.028406478464603424
v -1.5635781288146973 0.6253800392150879 -7.724453610080673e-8
v -1.505103588104248 0.6253800392150879 -5.944922065737046e-8
v -1.5635781288146973 0.6329915523529053 0.02840634435415268
v -1.505103588104248 0.6329915523529053 0.028406359255313873
v -1.5635781288146973 0.6537865400314331 0.04920128360390663
v -1.505103588104248 0.6537865400314331 0.049201302230358124
v -1.5635781288146973 0.6821929216384888 0.05681276321411133
v -1.505103588104248 0.6821929216384888 0.056812793016433716
v -1.4486651420593262 0.3568199872970581 0.0379951074719429
v -1.4486651420593262 0.3787565231323242 -0.043873049318790436
v -1.4486651420593262 0.40069305896759033 0.0379951074719429
v -1.4486651420593262 0.3787565231323242 0.043872978538274765
v -1.4486651420593262 0.4167516231536865 0.02193646878004074
v -1.4486651420593262 0.3407614231109619 0.02193647064268589
v -1.4486651420593262 0.4167516231536865 -0.02193654701113701
v -1.4486651420593262 0.42262959480285645 -3.9333372114924714e-8
v -1.4486651420593262 0.40069305896759033 -0.03799518570303917
v -1.4486651420593262 0.3407614231109619 -0.02193654514849186
v -1.4486651420593262 0.33488357067108154 -3.671833326279739e-8
v -1.4486651420593262 0.3568199872970581 -0.03799518197774887
v -1.5073332786560059 0.6180155277252197 0.01907137595117092
v -1.4838218688964844 0.41292619705200195 -0.01907147280871868
v -1.5073332786560059 0.6180155277252197 -0.019071439281105995
v -1.4838218688964844 0.41292619705200195 0.019071342423558235
v -1.505103588104248 0.7177009582519531 0.0615016371011734
v -1.505103588104248 0.6821929216384888 0.07101599872112274
v -1.505103588104248 0.6821929216384888 0.056812793016433716
v -1.505103588104248 0.7105993032455444 0.049201298505067825
v -1.505103588104248 0.7313942909240723 0.028406353667378426
v -1.505103588104248 0.7177009582519531 0.0615016371011734
v -1.505103588104248 0.7105993032455444 0.049201298505067825
v -1.505103588104248 0.7436946630477905 0.03550795838236809
v -1.505103588104248 0.7532089948654175 -6.692893350646045e-8
v -1.505103588104248 0.7313942909240723 0.028406353667378426
v -1.505103588104248 0.7390058040618896 -6.636133775828057e-8
v -1.505103588104248 0.7436946630477905 0.03550795838236809
v -1.505103588104248 0.7390058040618896 -6.636133775828057e-8
v -1.505103588104248 0.7436946630477905 -0.035508088767528534
v -1.505103588104248 0.7532089948654175 -6.692893350646045e-8
v -1.505103588104248 0.7313942909240723 -0.028406484052538872
v -1.505103588104248 0.7177009582519531 -0.06150176748633385
v -1.505103588104248 0.7436946630477905 -0.035508088767528534
v -1.505103588104248 0.7313942909240723 -0.028406484052538872
v -1.505103588104248 0.7105993032455444 -0.04920142516493797
v -1.505103588104248 0.6821929216384888 -0.05681290477514267
v -1.505103588104248 0.7177009582519531 -0.06150176748633385
v -1.505103588104248 0.7105993032455444 -0.04920142516493797
v -1.505103588104248 0.6821929216384888 -0.0710161104798317
v -1.505103588104248 0.6466848850250244 -0.06150176376104355
v -1.505103588104248 0.6821929216384888 -0.05681290477514267
v -1.505103588104248 0.6537865400314331 -0.049201421439647675
v -1.505103588104248 0.6821929216384888 -0.0710161104798317
v -1.505103588104248 0.6537865400314331 -0.049201421439647675
v -1.505103588104248 0.620691180229187 -0.03550808131694794
v -1.505103588104248 0.6466848850250244 -0.06150176376104355
v -1.505103588104248 0.6329915523529053 -0.028406478464603424
v -1.505103588104248 0.620691180229187 -0.03550808131694794
v -1.505103588104248 0.6253800392150879 -5.944922065737046e-8
v -1.505103588104248 0.6111768484115601 -5.8463157870392024e-8
v -1.505103588104248 0.6329915523529053 -0.028406478464603424
v -1.505103588104248 0.6253800392150879 -5.944922065737046e-8
v -1.505103588104248 0.6329915523529053 0.028406359255313873
v -1.505103588104248 0.620691180229187 0.035507965832948685
v -1.505103588104248 0.6111768484115601 -5.8463157870392024e-8
v -1.505103588104248 0.6466848850250244 0.061501644551754
v -1.505103588104248 0.6329915523529053 0.028406359255313873
v -1.505103588104248 0.6537865400314331 0.049201302230358124
v -1.505103588104248 0.620691180229187 0.035507965832948685
v -1.505103588104248 0.6466848850250244 0.061501644551754
v -1.505103588104248 0.6821929216384888 0.056812793016433716
v -1.505103588104248 0.6821929216384888 0.07101599872112274
v -1.505103588104248 0.6537865400314331 0.049201302230358124
v -1.52459716796875 0.6784764528274536 0.006803825031965971
v -1.52459716796875 0.6229112148284912 -0.006803995463997126
v -1.52459716796875 0.6784764528274536 -0.0068039861507713795
v -1.52459716796875 0.6229112148284912 0.006803815718740225

vn 0.9960918426513672 -0.08939912170171738 0.0004885197849944234
vn 0.9960918426513672 -0.08939912170171738 0.0004885197849944234
vn 0.9960918426513672 -0.08939912170171738 0.0004885197849944234
vn 0.9960918426513672 -0.08939912170171738 0.0004885197849944234
vn 0.9960918426513672 -0.08939912170171738 0.0004885197849944234
vn 0.9960918426513672 -0.08939912170171738 0.0004885197849944234
vn 0.9960918426513672 -0.08939912170171738 -0.0004885197849944234
vn 0.9960918426513672 -0.08939912170171738 -0.0004885197849944234
vn 0.9960918426513672 -0.08939912170171738 -0.0004885197849944234
vn 0.9960918426513672 -0.08939912170171738 -0.0004885197849944234
vn 0.9960918426513672 -0.08939912170171738 -0.0004885197849944234
vn 0.9960918426513672 -0.08939912170171738 -0.0004885197849944234
vn -1 -0.0004885197849944234 -0.0004885197849944234
vn -1 -0.0004885197849944234 -0.0004885197849944234
vn -1 -0.0004885197849944234 -0.0004885197849944234
vn -1 -0.0004885197849944234 -0.0004885197849944234
vn -1 0.0004885197849944234 -0.0004885197849944234
vn -1 0.0004885197849944234 -0.0004885197849944234
vn -1 0.0004885197849944234 -0.0004885197849944234
vn -1 0.0004885197849944234 -0.0004885197849944234
vn -1 0.0004885197849944234 -0.0004885197849944234
vn -1 0.0004885197849944234 -0.0004885197849944234
vn -1 0.0004885197849944234 -0.0004885197849944234
vn -1 0.0004885197849944234 -0.0004885197849944234
vn -1 0.0004885197849944234 -0.0004885197849944234
vn -1 0.0004885197849944234 -0.0004885197849944234
vn -1 0.0004885197849944234 -0.0004885197849944234
vn -1 0.0004885197849944234 -0.0004885197849944234
vn -1 -0.0004885197849944234 0.0004885197849944234
vn -1 -0.0004885197849944234 0.0004885197849944234
vn -1 -0.0004885197849944234 0.0004885197849944234
vn -1 -0.0004885197849944234 0.0004885197849944234
vn -1 0.0004885197849944234 0.0004885197849944234
vn -1 0.0004885197849944234 0.0004885197849944234
vn -1 0.0004885197849944234 0.0004885197849944234
vn -1 0.0004885197849944234 0.0004885197849944234
vn -1 0.0004885197849944234 0.0004885197849944234
vn -1 0.0004885197849944234 0.0004885197849944234
vn -1 0.0004885197849944234 0.0004885197849944234
vn -1 0.0004885197849944234 0.0004885197849944234
vn -1 -0.0004885197849944234 0.0004885197849944234
vn -1 -0.0004885197849944234 0.0004885197849944234
vn -1 -0.0004885197849944234 0.0004885197849944234
vn -1 -0.0004885197849944234 0.0004885197849944234
vn -1 0.0004885197849944234 0.0004885197849944234
vn -1 0.0004885197849944234 0.0004885197849944234
vn -1 0.0004885197849944234 0.0004885197849944234
vn -1 0.0004885197849944234 0.0004885197849944234
vn -1 -0.0004885197849944234 0.0004885197849944234
vn -1 -0.0004885197849944234 0.0004885197849944234
vn -1 -0.0004885197849944234 0.0004885197849944234
vn -1 -0.0004885197849944234 0.0004885197849944234
vn -1 -0.0004885197849944234 -0.0004885197849944234
vn -1 -0.0004885197849944234 -0.0004885197849944234
vn -1 -0.0004885197849944234 -0.0004885197849944234
vn -1 -0.0004885197849944234 -0.0004885197849944234
vn -1 -0.0004885197849944234 -0.0004885197849944234
vn -1 -0.0004885197849944234 -0.0004885197849944234
vn -1 -0.0004885197849944234 -0.0004885197849944234
vn -1 -0.0004885197849944234 -0.0004885197849944234
vn -1 -0.0004885197849944234 -0.0004885197849944234
vn -1 -0.0004885197849944234 -0.0004885197849944234
vn -1 -0.0004885197849944234 -0.0004885197849944234
vn -1 -0.0004885197849944234 -0.0004885197849944234
vn -1 -0.0004885197849944234 -0.0004885197849944234
vn -1 -0.0004885197849944234 -0.0004885197849944234
vn -1 -0.0004885197849944234 -0.0004885197849944234
vn -1 -0.0004885197849944234 -0.0004885197849944234
vn -1 -0.0004885197849944234 -0.0004885197849944234
vn -1 -0.0004885197849944234 -0.0004885197849944234
vn -1 -0.0004885197849944234 -0.0004885197849944234
vn -1 -0.0004885197849944234 -0.0004885197849944234
vn -1 -0.0004885197849944234 -0.0004885197849944234
vn -1 -0.0004885197849944234 -0.0004885197849944234
vn -1 -0.0004885197849944234 -0.0004885197849944234
vn -1 -0.0004885197849944234 -0.0004885197849944234
vn -1 -0.0004885197849944234 -0.0004885197849944234
vn -1 -0.0004885197849944234 -0.0004885197849944234
vn -1 -0.0004885197849944234 -0.0004885197849944234
vn -1 -0.0004885197849944234 -0.0004885197849944234
vn -1 -0.0004885197849944234 -0.0004885197849944234
vn -1 -0.0004885197849944234 -0.0004885197849944234
vn -1 -0.0004885197849944234 -0.0004885197849944234
vn -1 -0.0004885197849944234 -0.0004885197849944234
vn -1 -0.0004885197849944234 -0.0004885197849944234
vn -1 -0.0004885197849944234 -0.0004885197849944234
vn -1 -0.0004885197849944234 -0.0004885197849944234
vn -1 -0.0004885197849944234 -0.0004885197849944234
vn -1 -0.0004885197849944234 -0.0004885197849944234
vn -1 -0.0004885197849944234 -0.0004885197849944234
vn -1 -0.0004885197849944234 -0.0004885197849944234
vn -1 -0.0004885197849944234 -0.0004885197849944234
vn -1 -0.0004885197849944234 -0.0004885197849944234
vn -1 -0.0004885197849944234 -0.0004885197849944234
vn -1 -0.0004885197849944234 -0.0004885197849944234
vn -1 -0.0004885197849944234 -0.0004885197849944234
vn -1 -0.0004885197849944234 -0.0004885197849944234
vn -1 -0.0004885197849944234 -0.0004885197849944234
vn -1 -0.0004885197849944234 -0.0004885197849944234
vn -1 -0.0004885197849944234 -0.0004885197849944234
vn -1 -0.0004885197849944234 -0.0004885197849944234
vn -1 -0.0004885197849944234 -0.0004885197849944234
vn -1 -0.0004885197849944234 -0.0004885197849944234
vn -1 -0.0004885197849944234 -0.0004885197849944234
vn -1 -0.0004885197849944234 -0.0004885197849944234
vn -1 -0.0004885197849944234 -0.0004885197849944234
vn -1 -0.0004885197849944234 -0.0004885197849944234
vn -1 -0.0004885197849944234 -0.0004885197849944234
vn -1 -0.0004885197849944234 -0.0004885197849944234
vn -1 -0.0004885197849944234 -0.0004885197849944234
vn -1 -0.0004885197849944234 -0.0004885197849944234
vn -1 -0.0004885197849944234 -0.0004885197849944234
vn -1 -0.0004885197849944234 -0.0004885197849944234
vn -1 -0.0004885197849944234 -0.0004885197849944234
vn -1 -0.0004885197849944234 -0.0004885197849944234
vn -1 -0.0004885197849944234 -0.0004885197849944234
vn -1 -0.0004885197849944234 -0.0004885197849944234
vn -1 -0.0004885197849944234 -0.0004885197849944234
vn -1 -0.0004885197849944234 -0.0004885197849944234
vn -1 -0.0004885197849944234 -0.0004885197849944234
vn -1 -0.0004885197849944234 -0.0004885197849944234
vn -1 -0.0004885197849944234 -0.0004885197849944234
vn -1 -0.0004885197849944234 -0.0004885197849944234
vn -1 -0.0004885197849944234 -0.0004885197849944234
vn -1 -0.0004885197849944234 -0.0004885197849944234
vn -1 -0.0004885197849944234 -0.0004885197849944234
vn -1 -0.0004885197849944234 -0.0004885197849944234
vn -1 -0.0004885197849944234 -0.0004885197849944234
vn -1 -0.0004885197849944234 -0.0004885197849944234
vn -1 -0.0004885197849944234 -0.0004885197849944234
vn -1 -0.0004885197849944234 -0.0004885197849944234
vn -1 -0.0004885197849944234 -0.0004885197849944234
vn -1 0.0004885197849944234 0.0004885197849944234
vn -1 0.0004885197849944234 0.0004885197849944234
vn -1 0.0004885197849944234 0.0004885197849944234
vn -1 0.0004885197849944234 0.0004885197849944234
vn -1 0.0004885197849944234 0.0004885197849944234
vn -1 0.0004885197849944234 0.0004885197849944234
vn -1 0.0004885197849944234 0.0004885197849944234
vn -1 0.0004885197849944234 0.0004885197849944234
vn -1 0.0004885197849944234 0.0004885197849944234
vn -1 0.0004885197849944234 0.0004885197849944234
vn -1 0.0004885197849944234 0.0004885197849944234
vn -1 0.0004885197849944234 0.0004885197849944234
vn -1 0.0004885197849944234 0.0004885197849944234
vn -1 0.0004885197849944234 0.0004885197849944234
vn -1 0.0004885197849944234 0.0004885197849944234
vn -1 0.0004885197849944234 0.0004885197849944234
vn -1 0.0004885197849944234 0.0004885197849944234
vn -1 0.0004885197849944234 0.0004885197849944234
vn -1 0.0004885197849944234 0.0004885197849944234
vn -1 0.0004885197849944234 0.0004885197849944234
vn -0.4479726552963257 -0.8935027122497559 0.0004885197849944234
vn -0.4479726552963257 -0.8935027122497559 0.0004885197849944234
vn -0.4479726552963257 -0.8935027122497559 0.0004885197849944234
vn -0.4479726552963257 -0.8935027122497559 0.0004885197849944234
vn 0.44113337993621826 -0.8974108695983887 -0.0004885197849944234
vn 0.44113337993621826 -0.8974108695983887 -0.0004885197849944234
vn 0.44113337993621826 -0.8974108695983887 -0.0004885197849944234
vn 0.44113337993621826 -0.8974108695983887 -0.0004885197849944234
vn 0.44113337993621826 -0.8974108695983887 -0.0004885197849944234
vn 0.44113337993621826 -0.8974108695983887 -0.0004885197849944234
vn 0.44113337993621826 -0.8974108695983887 -0.0004885197849944234
vn 0.44113337993621826 -0.8974108695983887 -0.0004885197849944234
vn 1 0.0004885197849944234 0.0004885197849944234
vn 1 0.0004885197849944234 0.0004885197849944234
vn 1 0.0004885197849944234 0.0004885197849944234
vn 1 0.0004885197849944234 0.0004885197849944234
vn 1 0.0004885197849944234 0.0004885197849944234
vn 1 0.0004885197849944234 0.0004885197849944234
vn 1 -0.0004885197849944234 -0.0004885197849944234
vn 1 -0.0004885197849944234 -0.0004885197849944234
vn 1 -0.0004885197849944234 -0.0004885197849944234
vn 1 -0.0004885197849944234 -0.0004885197849944234
vn 1 0.0004885197849944234 0.0004885197849944234
vn 1 0.0004885197849944234 0.0004885197849944234
vn 1 0.0004885197849944234 0.0004885197849944234
vn 1 0.0004885197849944234 0.0004885197849944234
vn 1 0.0004885197849944234 0.0004885197849944234
vn 1 0.0004885197849944234 0.0004885197849944234
vn 1 -0.0004885197849944234 0.0004885197849944234
vn 1 -0.0004885197849944234 0.0004885197849944234
vn 1 -0.0004885197849944234 0.0004885197849944234
vn 1 -0.0004885197849944234 0.0004885197849944234
vn 1 0.0004885197849944234 0.0004885197849944234
vn 1 0.0004885197849944234 0.0004885197849944234
vn 1 0.0004885197849944234 0.0004885197849944234
vn 1 0.0004885197849944234 0.0004885197849944234
vn 1 0.0004885197849944234 0.0004885197849944234
vn 1 0.0004885197849944234 0.0004885197849944234
vn 1 0.0004885197849944234 0.0004885197849944234
vn 1 0.0004885197849944234 0.0004885197849944234
vn 1 0.0004885197849944234 0.0004885197849944234
vn 1 0.0004885197849944234 0.0004885197849944234
vn 1 0.0004885197849944234 0.0004885197849944234
vn 1 0.0004885197849944234 0.0004885197849944234
vn 1 0.0004885197849944234 0.0004885197849944234
vn 1 0.0004885197849944234 0.0004885197849944234
vn 1 0.0004885197849944234 0.0004885197849944234
vn 1 0.0004885197849944234 0.0004885197849944234
vn 1 0.0004885197849944234 0.0004885197849944234
vn 1 0.0004885197849944234 0.0004885197849944234
vn 1 0.0004885197849944234 0.0004885197849944234
vn 1 0.0004885197849944234 0.0004885197849944234
vn 1 0.0004885197849944234 0.0004885197849944234
vn 1 0.0004885197849944234 0.0004885197849944234
vn 1 0.0004885197849944234 0.0004885197849944234
vn 1 0.0004885197849944234 0.0004885197849944234
vn 1 0.0004885197849944234 0.0004885197849944234
vn 1 0.0004885197849944234 0.0004885197849944234
vn 1 0.0004885197849944234 0.0004885197849944234
vn 1 0.0004885197849944234 0.0004885197849944234
vn 1 0.0004885197849944234 -0.0004885197849944234
vn 1 0.0004885197849944234 -0.0004885197849944234
vn 1 0.0004885197849944234 -0.0004885197849944234
vn 1 0.0004885197849944234 -0.0004885197849944234
vn 0.995114803314209 0.10307767242193222 0.0004885197849944234
vn 1 0.0004885197849944234 0.0004885197849944234
vn 0.9882755279541016 0.15486076474189758 0.0004885197849944234
vn 1 0.0004885197849944234 0.0004885197849944234
vn 0.748900830745697 0.6629213690757751 0.0004885197849944234
vn 0.748900830745697 0.6629213690757751 0.0004885197849944234
vn 1 0.0004885197849944234 0.0004885197849944234
vn 1 0.0004885197849944234 0.0004885197849944234
vn 0.19785051047801971 0.9804592132568359 0.0004885197849944234
vn 0.19785051047801971 0.9804592132568359 0.0004885197849944234
vn 0.0004885197849944234 1 0.0004885197849944234
vn 0.0004885197849944234 1 0.0004885197849944234
vn 0.9882755279541016 0.15486076474189758 0.0004885197849944234
vn 1 0.0004885197849944234 0.0004885197849944234
vn 0.995114803314209 0.10307767242193222 0.0004885197849944234
vn 1 0.0004885197849944234 0.0004885197849944234
vn 1 0.0004885197849944234 0.0004885197849944234
vn 1 0.0004885197849944234 0.0004885197849944234
vn 0.0004885197849944234 -0.0004885197849944234 -1
vn -0.3795798718929291 -0.1597459763288498 -0.9110894203186035
vn -0.4606741666793823 -0.1939423531293869 -0.8661455512046814
vn 0.0004885197849944234 -0.0004885197849944234 -1
vn -0.7703956961631775 -0.3248656690120697 -0.5486077070236206
vn -0.7977527976036072 -0.33561310172080994 -0.49975574016571045
vn -0.9218368530273438 -0.3883732259273529 -0.0004885197849944234
vn -0.9218368530273438 -0.3883732259273529 -0.0004885197849944234
vn -0.7977527976036072 -0.33561310172080994 0.49975574016571045
vn -0.7703956961631775 -0.3248656690120697 0.5486077070236206
vn -0.4606741666793823 -0.1939423531293869 0.8661455512046814
vn -0.3795798718929291 -0.1597459763288498 0.9110894203186035
vn -0.0004885197849944234 0.0004885197849944234 1
vn -0.0004885197849944234 0.0004885197849944234 1
vn 0.4606741666793823 0.1939423531293869 0.8661455512046814
vn 0.4606741666793823 0.1939423531293869 0.8661455512046814
vn 0.7977527976036072 0.33561310172080994 0.49975574016571045
vn 0.7977527976036072 0.33561310172080994 0.49975574016571045
vn 0.9218368530273438 0.3883732259273529 0.0004885197849944234
vn 0.9218368530273438 0.3883732259273529 0.0004885197849944234
vn 0.7977527976036072 0.33561310172080994 -0.49975574016571045
vn 0.7977527976036072 0.33561310172080994 -0.49975574016571045
vn 0.4606741666793823 0.1939423531293869 -0.8661455512046814
vn 0.4606741666793823 0.1939423531293869 -0.8661455512046814
vn 0.0004885197849944234 -0.0004885197849944234 -1
vn 0.0004885197849944234 -0.0004885197849944234 -1
vn 0.07767464220523834 -0.9970688819885254 -0.0004885197849944234
vn 0.3952125012874603 -0.9189057350158691 -0.0004885197849944234
vn 0.3952125012874603 -0.9189057350158691 -0.0004885197849944234
vn 0.07767464220523834 -0.9970688819885254 -0.0004885197849944234
vn 0.07767464220523834 -0.9970688819885254 -0.0004885197849944234
vn 0.3952125012874603 -0.9189057350158691 0.0004885197849944234
vn 0.8935027122497559 -0.4479726552963257 -0.0004885197849944234
vn 0.8935027122497559 -0.4479726552963257 -0.0004885197849944234
vn 0.8935027122497559 -0.4479726552963257 0.0004885197849944234
vn 0.9726428985595703 0.23106986284255981 0.0004885197849944234
vn 0.9726428985595703 0.23204690217971802 -0.0004885197849944234
vn 0.9726428985595703 0.23204690217971802 0.0004885197849944234
vn 0.8475818037986755 0.5300439596176147 0.0004885197849944234
vn 0.8475818037986755 0.5300439596176147 0.0004885197849944234
vn 0.8475818037986755 0.5300439596176147 0.0004885197849944234
vn 0.19785051047801971 0.9804592132568359 0.0004885197849944234
vn 0.0004885197849944234 1 0.0004885197849944234
vn 0.0004885197849944234 1 0.0004885197849944234
vn 0.19785051047801971 0.9804592132568359 0.0004885197849944234
vn 0.748900830745697 0.6629213690757751 0.0004885197849944234
vn 0.748900830745697 0.6629213690757751 0.0004885197849944234
vn 0.995114803314209 0.10307767242193222 0.0004885197849944234
vn 0.9882755279541016 0.15486076474189758 0.0004885197849944234
vn 0.748900830745697 0.6629213690757751 0.0004885197849944234
vn 0.19785051047801971 0.9804592132568359 0.0004885197849944234
vn 0.19785051047801971 0.9804592132568359 0.0004885197849944234
vn -1 0.0004885197849944234 0.0004885197849944234
vn -1 0.0004885197849944234 0.0004885197849944234
vn -1 0.0004885197849944234 0.0004885197849944234
vn -1 0.0004885197849944234 0.0004885197849944234
vn -1 0.0004885197849944234 0.0004885197849944234
vn -1 0.0004885197849944234 0.0004885197849944234
vn -1 0.0004885197849944234 0.0004885197849944234
vn -1 0.0004885197849944234 0.0004885197849944234
vn -1 0.0004885197849944234 0.0004885197849944234
vn -1 0.0004885197849944234 0.0004885197849944234
vn -1 0.0004885197849944234 0.0004885197849944234
vn -1 0.0004885197849944234 0.0004885197849944234
vn -1 0.0004885197849944234 0.0004885197849944234
vn -1 0.0004885197849944234 0.0004885197849944234
vn -1 0.0004885197849944234 0.0004885197849944234
vn -1 0.0004885197849944234 0.0004885197849944234
vn -1 0.0004885197849944234 0.0004885197849944234
vn -1 0.0004885197849944234 0.0004885197849944234
vn -1 0.0004885197849944234 0.0004885197849944234
vn -1 0.0004885197849944234 0.0004885197849944234
vn -1 0.0004885197849944234 0.0004885197849944234
vn -1 0.0004885197849944234 0.0004885197849944234
vn 0.1597459763288498 -0.9872984886169434 -0.0004885197849944234
vn 0.31509527564048767 -0.9491939544677734 -0.0004885197849944234
vn 0.1597459763288498 -0.9872984886169434 -0.0004885197849944234
vn 0.31509527564048767 -0.9491939544677734 -0.0004885197849944234
vn -0.34342941641807556 -0.9394235610961914 -0.0004885197849944234
vn -0.34342941641807556 -0.9394235610961914 -0.0004885197849944234
vn -0.8202247023582458 -0.5730336904525757 -0.0004885197849944234
vn -0.8202247023582458 -0.5730336904525757 -0.0004885197849944234
vn -0.9394235610961914 -0.34245237708091736 -0.0004885197849944234
vn -0.9394235610961914 -0.34245237708091736 -0.0004885197849944234
vn 0.0004885197849944234 -1 -0.0004885197849944234
vn 0.0004885197849944234 -1 -0.0004885197849944234
vn 0.0004885197849944234 -1 -0.0004885197849944234
vn 0.0004885197849944234 -1 -0.0004885197849944234
vn -0.33659014105796814 -0.9413776397705078 -0.0004885197849944234
vn -0.33659014105796814 -0.9413776397705078 -0.0004885197849944234
vn -0.33659014105796814 -0.9413776397705078 -0.0004885197849944234
vn -0.33659014105796814 -0.9413776397705078 -0.0004885197849944234
vn -0.33659014105796814 -0.9413776397705078 -0.0004885197849944234
vn -0.33659014105796814 -0.9413776397705078 -0.0004885197849944234
vn 0.0004885197849944234 -1 -0.0004885197849944234
vn 0.0004885197849944234 -1 -0.0004885197849944234
vn 0.0004885197849944234 -1 -0.0004885197849944234
vn 0.0004885197849944234 -1 -0.0004885197849944234
vn 0.3619931638240814 0.6980947852134705 -0.6170004606246948
vn 0.2300928235054016 0.9071812629699707 -0.3512457311153412
vn 0.160723015666008 0.7401074767112732 -0.6521739363670349
vn 0.20859794318675995 0.7322911620140076 -0.6482657790184021
vn 0.43917930126190186 0.8417195677757263 -0.31509527564048767
vn 0.22129946947097778 0.9218368530273438 -0.3170493543148041
vn 0.0004885197849944234 0.748900830745697 -0.6619443297386169
vn 0.0004885197849944234 0.9404006004333496 -0.33952125906944275
vn 0.0004885197849944234 1 0.0004885197849944234
vn 0.19785051047801971 0.9804592132568359 0.0004885197849944234
vn 0.19785051047801971 0.9804592132568359 0.0004885197849944234
vn 0.748900830745697 0.6629213690757751 0.0004885197849944234
vn 0.748900830745697 0.6629213690757751 0.0004885197849944234
vn -0.39912065863609314 -0.9169516563415527 -0.0004885197849944234
vn -0.6551050543785095 -0.7547630667686462 -0.0004885197849944234
vn -0.39912065863609314 -0.9169516563415527 -0.0004885197849944234
vn -0.6551050543785095 -0.7547630667686462 -0.0004885197849944234
vn -0.947239875793457 -0.3209575116634369 0.0004885197849944234
vn -1 0.0004885197849944234 0.0004885197849944234
vn -0.947239875793457 -0.3209575116634369 -0.0004885197849944234
vn -1 0.0004885197849944234 0.0004885197849944234
vn -0.4890083074569702 -0.8720077872276306 -0.0004885197849944234
vn -0.947239875793457 -0.3209575116634369 -0.0004885197849944234
vn -0.4890083074569702 -0.8720077872276306 0.0004885197849944234
vn -0.4890083074569702 -0.8720077872276306 -0.0004885197849944234
vn -0.39912065863609314 -0.9169516563415527 -0.0004885197849944234
vn -0.39912065863609314 -0.9169516563415527 -0.0004885197849944234
vn -0.39912065863609314 -0.9169516563415527 0.0004885197849944234
vn -0.6551050543785095 -0.7547630667686462 -0.0004885197849944234
vn -0.6551050543785095 -0.7547630667686462 -0.0004885197849944234
vn 0.2545188069343567 0.7987298369407654 -0.5446995496749878
vn 0.2545188069343567 0.7987298369407654 -0.5446995496749878
vn 0.2545188069343567 0.7987298369407654 -0.5446995496749878
vn 0.2545188069343567 0.7987298369407654 -0.5446995496749878
vn 0.2545188069343567 0.7987298369407654 0.5446995496749878
vn 0.2545188069343567 0.7987298369407654 0.5446995496749878
vn 0.2545188069343567 0.7987298369407654 0.5446995496749878
vn 0.2545188069343567 0.7987298369407654 0.5446995496749878
vn -1 0.0004885197849944234 0.0004885197849944234
vn -1 0.0004885197849944234 0.0004885197849944234
vn -1 0.0004885197849944234 0.0004885197849944234
vn -1 0.0004885197849944234 0.0004885197849944234
vn -1 -0.0004885197849944234 -0.0004885197849944234
vn -1 -0.0004885197849944234 -0.0004885197849944234
vn -1 -0.0004885197849944234 -0.0004885197849944234
vn -1 -0.0004885197849944234 -0.0004885197849944234
vn -1 0.0004885197849944234 -0.0004885197849944234
vn -1 0.0004885197849944234 -0.0004885197849944234
vn -1 0.0004885197849944234 -0.0004885197849944234
vn -1 0.0004885197849944234 -0.0004885197849944234
vn -1 0.0004885197849944234 0.0004885197849944234
vn -1 0.0004885197849944234 0.0004885197849944234
vn -1 0.0004885197849944234 0.0004885197849944234
vn -1 0.0004885197849944234 0.0004885197849944234
vn -1 -0.0004885197849944234 0.0004885197849944234
vn -1 -0.0004885197849944234 0.0004885197849944234
vn -1 -0.0004885197849944234 0.0004885197849944234
vn -1 -0.0004885197849944234 0.0004885197849944234
vn -1 0.0004885197849944234 0.0004885197849944234
vn -1 0.0004885197849944234 0.0004885197849944234
vn -1 0.0004885197849944234 0.0004885197849944234
vn -1 0.0004885197849944234 0.0004885197849944234
vn 0.9491939544677734 0.31411823630332947 0.0004885197849944234
vn 0.9491939544677734 0.31411823630332947 0.0004885197849944234
vn 0.9491939544677734 0.31411823630332947 0.0004885197849944234
vn 0.9491939544677734 0.31411823630332947 0.0004885197849944234
vn 0.04445530101656914 -0.9091353416442871 -0.4137762486934662
vn -0.08646800369024277 -0.8172935843467712 -0.5701025724411011
vn -0.11871030926704407 -0.9462628364562988 -0.29946261644363403
vn 0.07962872833013535 -0.9570102691650391 -0.27992182970046997
vn 0.02296043001115322 -0.9785051345825195 -0.20468978583812714
vn 0.2300928235054016 0.9071812629699707 -0.3512457311153412
vn -0.0004885197849944234 0.9413776397705078 -0.33854421973228455
vn -0.0004885197849944234 0.7508549094200134 -0.6599902510643005
vn -0.0004885197849944234 0.7518319487571716 -0.6590132117271423
vn -0.0004885197849944234 0.9433317184448242 -0.3317049443721771
vn 0.160723015666008 0.7401074767112732 -0.6521739363670349
vn 0.3619931638240814 0.6980947852134705 -0.6170004606246948
vn 0.43917930126190186 0.8417195677757263 -0.31509527564048767
vn 0.23400098085403442 0.9726428985595703 0.0004885197849944234
vn -0.0004885197849944234 0.9413776397705078 -0.33854421973228455
vn 0.4616512060165405 0.8866634368896484 0.0004885197849944234
vn -0.0004885197849944234 1 0.0004885197849944234
vn -0.0004885197849944234 1 0.0004885197849944234
vn -0.0004885197849944234 0.9433317184448242 -0.3317049443721771
vn -0.0004885197849944234 0.9413776397705078 0.33854421973228455
vn -0.0004885197849944234 0.9433317184448242 0.3317049443721771
vn 0.22129946947097778 0.9218368530273438 -0.3170493543148041
vn 0.43917930126190186 0.8417195677757263 0.31509527564048767
vn 0.2300928235054016 0.9071812629699707 0.3512457311153412
vn 0.3619931638240814 0.6980947852134705 0.6170004606246948
vn 0.160723015666008 0.7401074767112732 0.6521739363670349
vn 0.20859794318675995 0.7322911620140076 0.6482657790184021
vn 0.22129946947097778 0.9218368530273438 0.3170493543148041
vn 0.0004885197849944234 0.748900830745697 0.6619443297386169
vn 0.0004885197849944234 0.9404006004333496 0.33952125906944275
vn 0.24181729555130005 0.9706888198852539 0.0004885197849944234
vn 0.0004885197849944234 1 0.0004885197849944234
vn 0.0004885197849944234 0.9404006004333496 -0.33952125906944275
vn 0.0004885197849944234 1 0.0004885197849944234
vn 0.0004885197849944234 1 0.0004885197849944234
vn 0.0004885197849944234 1 0.0004885197849944234
vn 0.0004885197849944234 1 0.0004885197849944234
vn -0.947239875793457 -0.3209575116634369 -0.0004885197849944234
vn -0.947239875793457 -0.3209575116634369 -0.0004885197849944234
vn -1 0.0004885197849944234 0.0004885197849944234
vn -1 0.0004885197849944234 0.0004885197849944234
vn 0.21739129722118378 0.31411823630332947 -0.9237909317016602
vn 0.15681485831737518 0.6218856573104858 -0.7664875388145447
vn 0.4509037733078003 0.19980458915233612 -0.8700537085533142
vn 0.0004885197849944234 0.33463606238365173 -0.942354679107666
vn 0.0004885197849944234 0.6297020316123962 -0.7762579321861267
vn 0.0004885197849944234 -0.34147533774375916 -0.9394235610961914
vn 0.21641425788402557 -0.3209575116634369 -0.9218368530273438
vn 0.4518808126449585 -0.1910112351179123 -0.8710307478904724
vn 0.0004885197849944234 -0.6424035429954529 -0.7664875388145447
vn 0.1617000550031662 -0.633610188961029 -0.7567171454429626
vn 0.4518808126449585 -0.1910112351179123 -0.8710307478904724
vn 0.21739129722118378 0.31411823630332947 0.9237909317016602
vn 0.4509037733078003 0.19980458915233612 0.8700537085533142
vn 0.15681485831737518 0.6218856573104858 0.7664875388145447
vn 0.0004885197849944234 0.33463606238365173 0.942354679107666
vn 0.0004885197849944234 0.6297020316123962 0.7762579321861267
vn 0.0004885197849944234 -0.34147533774375916 0.9394235610961914
vn 0.21641425788402557 -0.3209575116634369 0.9218368530273438
vn 0.4518808126449585 -0.1910112351179123 0.8710307478904724
vn 0.0004885197849944234 -0.6424035429954529 0.7664875388145447
vn 0.1617000550031662 -0.633610188961029 0.7567171454429626
vn 0.4518808126449585 -0.1910112351179123 0.8710307478904724
vn 0.0004885197849944234 1 0.0004885197849944234
vn 0.0004885197849944234 1 0.0004885197849944234
vn 0.0004885197849944234 1 0.0004885197849944234
vn 0.0004885197849944234 1 0.0004885197849944234
vn 0.0004885197849944234 1 0.0004885197849944234
vn 0.0004885197849944234 1 0.0004885197849944234
vn 0.0004885197849944234 1 0.0004885197849944234
vn 0.0004885197849944234 1 0.0004885197849944234
vn 0.0004885197849944234 1 0.0004885197849944234
vn 0.0004885197849944234 1 0.0004885197849944234
vn 0.0004885197849944234 1 0.0004885197849944234
vn 0.0004885197849944234 1 0.0004885197849944234
vn 0.0004885197849944234 1 0.0004885197849944234
vn 0.0004885197849944234 1 0.0004885197849944234
vn 0.0004885197849944234 1 0.0004885197849944234
vn 0.0004885197849944234 1 0.0004885197849944234
vn 0.0004885197849944234 1 0.0004885197849944234
vn 0.0004885197849944234 1 0.0004885197849944234
vn 0.0004885197849944234 1 0.0004885197849944234
vn 0.0004885197849944234 1 0.0004885197849944234
vn 0.0004885197849944234 0.8475818037986755 0.531020998954773
vn 0.0004885197849944234 1 0.0004885197849944234
vn 0.0004885197849944234 0.8475818037986755 0.531020998954773
vn 0.0004885197849944234 1 0.0004885197849944234
vn -0.9706888198852539 0.23986321687698364 0.0004885197849944234
vn -0.9491939544677734 0.31509527564048767 0.0004885197849944234
vn -0.9491939544677734 0.31509527564048767 0.0004885197849944234
vn -0.9706888198852539 0.23986321687698364 0.0004885197849944234
vn -0.0649731308221817 -0.4469956159591675 -0.8915486335754395
vn -0.10405471175909042 -0.932584285736084 -0.34538349509239197
vn -0.06106497347354889 -0.40400585532188416 -0.9130434989929199
vn -0.10405471175909042 -0.937469482421875 -0.3317049443721771
vn -0.10503175109624863 -0.9941377639770508 -0.0004885197849944234
vn -0.10503175109624863 -0.9941377639770508 -0.0004885197849944234
vn -0.01905227079987526 0.42745479941368103 -0.9042501449584961
vn -0.0649731308221817 -0.4469956159591675 -0.8915486335754395
vn -0.01905227079987526 0.43038591742515564 -0.9022960662841797
vn -0.006350757088512182 0.9413776397705078 -0.33756718039512634
vn -0.006350757088512182 0.9404006004333496 -0.34049829840660095
vn 0.0004885197849944234 1 0.0004885197849944234
vn 0.0004885197849944234 1 0.0004885197849944234
vn -0.006350757088512182 0.9404006004333496 -0.34049829840660095
vn -0.0649731308221817 -0.4469956159591675 0.8915486335754395
vn -0.10405471175909042 -0.932584285736084 0.34538349509239197
vn -0.10405471175909042 -0.937469482421875 0.3317049443721771
vn -0.10503175109624863 -0.9941377639770508 -0.0004885197849944234
vn -0.10503175109624863 -0.9941377639770508 -0.0004885197849944234
vn -0.06106497347354889 -0.40400585532188416 0.9130434989929199
vn -0.01905227079987526 0.42745479941368103 0.9042501449584961
vn -0.0649731308221817 -0.4469956159591675 0.8915486335754395
vn -0.01905227079987526 0.43038591742515564 0.9022960662841797
vn -0.006350757088512182 0.9413776397705078 0.33756718039512634
vn -0.006350757088512182 0.9404006004333496 0.34049829840660095
vn 0.0004885197849944234 1 0.0004885197849944234
vn -0.006350757088512182 0.9404006004333496 0.34049829840660095
vn 0.0004885197849944234 1 0.0004885197849944234
vn 0.0004885197849944234 -1 -0.0004885197849944234
vn 0.0004885197849944234 -1 -0.0004885197849944234
vn 0.0004885197849944234 -1 -0.0004885197849944234
vn 0.0004885197849944234 -1 -0.0004885197849944234
vn 0.0004885197849944234 -1 -0.0004885197849944234
vn 0.0004885197849944234 -1 -0.0004885197849944234
vn 0.0004885197849944234 -1 -0.0004885197849944234
vn 0.0004885197849944234 -1 -0.0004885197849944234
vn 0.160723015666008 0.7401074767112732 0.6521739363670349
vn -0.0004885197849944234 0.7508549094200134 0.6599902510643005
vn 0.2300928235054016 0.9071812629699707 0.3512457311153412
vn -0.0004885197849944234 0.9413776397705078 0.33854421973228455
vn 0.3619931638240814 0.6980947852134705 0.6170004606246948
vn 0.43917930126190186 0.8417195677757263 0.31509527564048767
vn 0.20859794318675995 0.7322911620140076 0.6482657790184021
vn 0.22129946947097778 0.9218368530273438 0.3170493543148041
vn -0.0004885197849944234 0.9413776397705078 0.33854421973228455
vn 0.23400098085403442 0.9726428985595703 0.0004885197849944234
vn -0.0004885197849944234 1 0.0004885197849944234
vn -0.0004885197849944234 0.0004885197849944234 1
vn -0.0004885197849944234 0.49975574016571045 0.8661455512046814
vn -0.0004885197849944234 0.0004885197849944234 1
vn -0.0004885197849944234 0.49975574016571045 0.8661455512046814
vn -0.0004885197849944234 0.8661455512046814 0.49975574016571045
vn -0.0004885197849944234 0.8661455512046814 0.49975574016571045
vn -0.0004885197849944234 1 -0.0004885197849944234
vn -0.0004885197849944234 1 -0.0004885197849944234
vn -0.0004885197849944234 0.8661455512046814 -0.49975574016571045
vn -0.0004885197849944234 0.8661455512046814 -0.49975574016571045
vn 0.0004885197849944234 0.49975574016571045 -0.8661455512046814
vn 0.0004885197849944234 0.49975574016571045 -0.8661455512046814
vn 0.0004885197849944234 -0.0004885197849944234 -1
vn 0.0004885197849944234 -0.0004885197849944234 -1
vn 0.0004885197849944234 -0.49975574016571045 -0.8661455512046814
vn 0.0004885197849944234 -0.49975574016571045 -0.8661455512046814
vn 0.0004885197849944234 -0.8661455512046814 -0.49975574016571045
vn 0.0004885197849944234 -0.8661455512046814 -0.49975574016571045
vn 0.0004885197849944234 -1 0.0004885197849944234
vn 0.0004885197849944234 -1 0.0004885197849944234
vn 0.0004885197849944234 -0.8661455512046814 0.49975574016571045
vn 0.0004885197849944234 -0.8661455512046814 0.49975574016571045
vn -0.0004885197849944234 -0.49975574016571045 0.8661455512046814
vn -0.0004885197849944234 -0.49975574016571045 0.8661455512046814
vn -0.0004885197849944234 0.0004885197849944234 1
vn -0.0004885197849944234 0.0004885197849944234 1
vn -0.13434293866157532 -0.7528089880943298 -0.6453346610069275
vn -0.27796775102615356 -0.9062042236328125 -0.3190034329891205
vn -0.21934539079666138 -0.7567171454429626 -0.6160234212875366
vn -0.08646800369024277 -0.8172935843467712 -0.5701025724411011
vn -0.0004885197849944234 -0.7635564208030701 -0.6453346610069275
vn -0.0004885197849944234 -0.9413776397705078 -0.33659014105796814
vn -0.15681485831737518 -0.9355154037475586 -0.3180263936519623
vn 0.0004885197849944234 -1 -0.0004885197849944234
vn -0.16756229102611542 -0.9863214492797852 -0.0004885197849944234
vn -0.15681485831737518 -0.9355154037475586 0.3180263936519623
vn -0.0004885197849944234 -0.9413776397705078 0.33659014105796814
vn -0.294577419757843 -0.9550561904907227 -0.0004885197849944234
vn -0.11871030926704407 -0.9462628364562988 -0.29946261644363403
vn -0.1304347813129425 -0.9912066459655762 -0.0004885197849944234
vn -0.27796775102615356 -0.9062042236328125 0.3190034329891205
vn -0.11871030926704407 -0.9462628364562988 0.29946261644363403
vn -0.08646800369024277 -0.8172935843467712 0.5701025724411011
vn 0.04445530101656914 -0.9091353416442871 0.4137762486934662
vn 0.0004885197849944234 -1 -0.0004885197849944234
vn 0.02296043001115322 -0.9785051345825195 0.20468978583812714
vn 0.07962872833013535 -0.9570102691650391 0.27992182970046997
vn 0.0004885197849944234 -1 -0.0004885197849944234
vn 0.03957010433077812 -0.9892525672912598 0.14020517468452454
vn 0.02296043001115322 -0.9785051345825195 -0.20468978583812714
vn 0.04445530101656914 -0.9091353416442871 -0.4137762486934662
vn 0.03957010433077812 -0.9892525672912598 -0.14020517468452454
vn 0.07962872833013535 -0.9570102691650391 -0.27992182970046997
vn 0.0004885197849944234 0.8661455512046814 -0.49975574016571045
vn 0.0004885197849944234 0.8661455512046814 -0.49975574016571045
vn 0.0004885197849944234 0.49975574016571045 -0.8661455512046814
vn 0.0004885197849944234 0.49975574016571045 -0.8661455512046814
vn 0.0004885197849944234 0.0004885197849944234 -1
vn 0.0004885197849944234 -0.0004885197849944234 -1
vn 0.0004885197849944234 1 -0.0004885197849944234
vn 0.0004885197849944234 1 0.0004885197849944234
vn 0.0004885197849944234 0.8661455512046814 0.49975574016571045
vn 0.0004885197849944234 0.8661455512046814 0.49975574016571045
vn -0.0004885197849944234 0.49975574016571045 0.8661455512046814
vn -0.0004885197849944234 0.49975574016571045 0.8661455512046814
vn -0.0004885197849944234 0.0004885197849944234 1
vn -0.0004885197849944234 0.0004885197849944234 1
vn 0.0004885197849944234 -0.49975574016571045 0.8661455512046814
vn 0.0004885197849944234 -0.49975574016571045 0.8661455512046814
vn 0.0004885197849944234 -0.8661455512046814 0.49975574016571045
vn 0.0004885197849944234 -0.8661455512046814 0.49975574016571045
vn 0.0004885197849944234 -1 0.0004885197849944234
vn 0.0004885197849944234 -1 0.0004885197849944234
vn 0.0004885197849944234 -0.8661455512046814 -0.49975574016571045
vn 0.0004885197849944234 -0.8661455512046814 -0.49975574016571045
vn 0.0004885197849944234 -0.49975574016571045 -0.8661455512046814
vn 0.0004885197849944234 -0.49975574016571045 -0.8661455512046814
vn 0.0004885197849944234 -0.0004885197849944234 -1
vn 0.0004885197849944234 0.0004885197849944234 -1
vn 0.0004885197849944234 0.5964826345443726 -0.8026379942893982
vn 0.0004885197849944234 0.31411823630332947 -0.9491939544677734
vn 0.0004885197849944234 0.5964826345443726 -0.8026379942893982
vn 0.0004885197849944234 0.31411823630332947 -0.9491939544677734
vn 0.0004885197849944234 -0.3190034329891205 -0.947239875793457
vn 0.0004885197849944234 -0.3190034329891205 -0.947239875793457
vn 0.0004885197849944234 -0.6052759885787964 -0.7957987189292908
vn 0.0004885197849944234 -0.6052759885787964 -0.7957987189292908
vn 0.0004885197849944234 0.5964826345443726 0.8026379942893982
vn 0.0004885197849944234 0.5964826345443726 0.8026379942893982
vn 0.0004885197849944234 0.31411823630332947 0.9491939544677734
vn 0.0004885197849944234 0.31411823630332947 0.9491939544677734
vn 0.0004885197849944234 -0.3190034329891205 0.947239875793457
vn 0.0004885197849944234 -0.3190034329891205 0.947239875793457
vn 0.0004885197849944234 -0.6052759885787964 0.7957987189292908
vn 0.0004885197849944234 -0.6052759885787964 0.7957987189292908
vn 0.0004885197849944234 0.0004885197849944234 -1
vn 0.0004885197849944234 0.0004885197849944234 -1
vn 0.0004885197849944234 0.0004885197849944234 -1
vn 0.0004885197849944234 0.0004885197849944234 -1
vn 0.0004885197849944234 0.0004885197849944234 -1
vn 0.0004885197849944234 0.0004885197849944234 -1
vn 0.0004885197849944234 0.0004885197849944234 -1
vn 0.0004885197849944234 0.0004885197849944234 -1
vn 0.0004885197849944234 0.0004885197849944234 -1
vn 0.0004885197849944234 0.0004885197849944234 -1
vn 0.0004885197849944234 0.0004885197849944234 -1
vn 0.0004885197849944234 0.0004885197849944234 -1
vn 0.0004885197849944234 0.0004885197849944234 -1
vn 0.0004885197849944234 0.0004885197849944234 -1
vn 0.0004885197849944234 0.0004885197849944234 -1
vn 0.0004885197849944234 0.0004885197849944234 -1
vn 0.0004885197849944234 -0.0004885197849944234 1
vn 0.0004885197849944234 -0.0004885197849944234 1
vn 0.0004885197849944234 -0.0004885197849944234 1
vn 0.0004885197849944234 -0.0004885197849944234 1
vn 0.0004885197849944234 -0.0004885197849944234 1
vn 0.0004885197849944234 -0.0004885197849944234 1
vn 0.0004885197849944234 -0.0004885197849944234 1
vn 0.0004885197849944234 -0.0004885197849944234 1
vn 0.0004885197849944234 -0.0004885197849944234 1
vn 0.0004885197849944234 -0.0004885197849944234 1
vn 0.0004885197849944234 -0.0004885197849944234 1
vn 0.0004885197849944234 -0.0004885197849944234 1
vn 0.0004885197849944234 -0.0004885197849944234 1
vn 0.0004885197849944234 -0.0004885197849944234 1
vn 0.0004885197849944234 -0.0004885197849944234 1
vn 0.0004885197849944234 -0.0004885197849944234 1
vn 0.0004885197849944234 1 0.0004885197849944234
vn 0.0004885197849944234 1 0.0004885197849944234
vn 0.0004885197849944234 1 0.0004885197849944234
vn 0.0004885197849944234 1 0.0004885197849944234
vn 0.0004885197849944234 1 0.0004885197849944234
vn 0.0004885197849944234 1 0.0004885197849944234
vn 0.0004885197849944234 1 0.0004885197849944234
vn 0.0004885197849944234 1 0.0004885197849944234
vn 0.0004885197849944234 0.0004885197849944234 -1
vn 0.0004885197849944234 0.0004885197849944234 -1
vn 0.0004885197849944234 0.0004885197849944234 -1
vn 0.0004885197849944234 0.0004885197849944234 -1
vn 0.0004885197849944234 0.0004885197849944234 -1
vn 0.0004885197849944234 0.0004885197849944234 -1
vn 0.0004885197849944234 0.0004885197849944234 -1
vn 0.0004885197849944234 0.0004885197849944234 -1
vn 0.0004885197849944234 0.0004885197849944234 -1
vn 0.0004885197849944234 0.0004885197849944234 -1
vn 0.0004885197849944234 0.0004885197849944234 -1
vn 0.0004885197849944234 0.13629701733589172 -0.990229606628418
vn 0.0004885197849944234 0.13629701733589172 0.990229606628418
vn 0.0004885197849944234 -0.0004885197849944234 1
vn 0.0004885197849944234 0.13629701733589172 0.990229606628418
vn 0.0004885197849944234 -0.0004885197849944234 1
vn 0.0004885197849944234 -0.0004885197849944234 1
vn 0.0004885197849944234 -0.0004885197849944234 1
vn 0.0004885197849944234 -0.0004885197849944234 1
vn 0.0004885197849944234 -0.0004885197849944234 1
vn 0.0004885197849944234 -0.0004885197849944234 1
vn 0.0004885197849944234 -0.0004885197849944234 1
vn 0.0004885197849944234 -0.0004885197849944234 1
vn 0.0004885197849944234 -0.0004885197849944234 1
vn 0.0004885197849944234 -0.0004885197849944234 1
vn 0.0004885197849944234 -0.0004885197849944234 1
vn 0.9706888198852539 -0.23986321687698364 -0.0004885197849944234
vn 0.9491939544677734 -0.31509527564048767 -0.0004885197849944234
vn 0.9706888198852539 -0.23986321687698364 -0.0004885197849944234
vn 0.9491939544677734 -0.31509527564048767 -0.0004885197849944234
vn 0.9081583023071289 -0.4186614453792572 -0.0004885197849944234
vn 0.9081583023071289 -0.4186614453792572 -0.0004885197849944234
vn 0.8935027122497559 -0.4479726552963257 -0.0004885197849944234
vn 0.8935027122497559 -0.4479726552963257 -0.0004885197849944234
vn -0.0024425990413874388 0.009281875565648079 -1
vn -0.0024425990413874388 0.009281875565648079 -1
vn -0.0024425990413874388 0.009281875565648079 -1
vn -0.0024425990413874388 0.009281875565648079 -1
vn -0.0024425990413874388 0.009281875565648079 1
vn -0.0024425990413874388 0.009281875565648079 1
vn -0.0024425990413874388 0.009281875565648079 1
vn -0.0024425990413874388 0.009281875565648079 1
vn 0.0004885197849944234 0.4567660093307495 -0.889594554901123
vn 0.0004885197849944234 0.4567660093307495 -0.889594554901123
vn 0.0004885197849944234 0.13629701733589172 -0.990229606628418
vn 0.0004885197849944234 0.13629701733589172 -0.990229606628418
vn 0.0004885197849944234 0.0004885197849944234 -1
vn 0.0004885197849944234 0.8475818037986755 -0.531020998954773
vn 0.0004885197849944234 0.8475818037986755 -0.531020998954773
vn 0.0004885197849944234 1 0.0004885197849944234
vn 0.0004885197849944234 1 0.0004885197849944234
vn 0.0004885197849944234 0.8475818037986755 -0.531020998954773
vn 0.0004885197849944234 0.8475818037986755 0.531020998954773
vn 0.0004885197849944234 0.8475818037986755 0.531020998954773
vn 0.0004885197849944234 0.4567660093307495 0.889594554901123
vn 0.0004885197849944234 0.8475818037986755 0.531020998954773
vn 0.0004885197849944234 0.4567660093307495 0.889594554901123
vn 0.0004885197849944234 1 0.0004885197849944234
vn 0.0004885197849944234 0.13629701733589172 0.990229606628418
vn 0.0004885197849944234 0.13629701733589172 0.990229606628418
vn 0.0004885197849944234 -0.0004885197849944234 1
vn 0.0004885197849944234 -0.0004885197849944234 1
vn 0.0004885197849944234 -0.0004885197849944234 1
vn 0.0004885197849944234 -0.0004885197849944234 1
vn 0.0004885197849944234 -0.0004885197849944234 1
vn 0.0004885197849944234 -0.0004885197849944234 1
vn 0.0004885197849944234 -0.0004885197849944234 1
vn 0.0004885197849944234 -0.0004885197849944234 1
vn 0.0004885197849944234 -0.0004885197849944234 1
vn 0.0004885197849944234 -0.0004885197849944234 1
vn 0.0004885197849944234 -0.0004885197849944234 1
vn 0.0004885197849944234 -0.0004885197849944234 1
vn 0.0004885197849944234 -0.0004885197849944234 1
vn 0.0004885197849944234 -0.0004885197849944234 1
vn 0.0004885197849944234 -0.0004885197849944234 1
vn 0.0004885197849944234 0.13629701733589172 0.990229606628418
vn 0.0004885197849944234 0.13629701733589172 0.990229606628418
vn 0.0004885197849944234 0.4567660093307495 0.889594554901123
vn 0.0004885197849944234 0.4567660093307495 0.889594554901123
vn 0.0004885197849944234 0.8475818037986755 0.531020998954773
vn 0.0004885197849944234 0.8475818037986755 0.531020998954773
vn 0.0004885197849944234 0.8475818037986755 0.531020998954773
vn 0.0004885197849944234 0.4567660093307495 0.889594554901123
vn 0.0004885197849944234 0.13629701733589172 0.990229606628418
vn 0.0004885197849944234 0.8475818037986755 0.531020998954773
vn 0.0004885197849944234 0.4567660093307495 0.889594554901123
vn 0.0004885197849944234 1 0.0004885197849944234
vn 0.0004885197849944234 0.13629701733589172 0.990229606628418
vn 0.0004885197849944234 -0.0004885197849944234 1
vn -0.017098192125558853 0.8475818037986755 0.5300439596176147
vn 0.0004885197849944234 0.8475818037986755 -0.531020998954773
vn 0.0004885197849944234 1 0.0004885197849944234
vn 0.0004885197849944234 0.8475818037986755 -0.531020998954773
vn -0.009281875565648079 0.4587200880050659 0.8886175155639648
vn -0.033707864582538605 0.8446506857872009 0.5339521169662476
vn -0.018075231462717056 0.4528578519821167 0.8915486335754395
vn -0.020029311999678612 1 0.0004885197849944234
vn -0.03957010433077812 0.9990229606628418 0.0004885197849944234
vn -0.033707864582538605 0.8446506857872009 -0.5339521169662476
vn -0.0024425990413874388 0.13825109601020813 0.990229606628418
vn -0.005373717751353979 0.13336589932441711 0.9912066459655762
vn -0.017098192125558853 0.8475818037986755 -0.5300439596176147
vn 0.0004885197849944234 -0.0004885197849944234 1
vn 0.0004885197849944234 -0.0004885197849944234 1
vn -0.009281875565648079 0.4587200880050659 -0.8886175155639648
vn 0.0004885197849944234 -0.0004885197849944234 1
vn 0.0004885197849944234 -0.0004885197849944234 1
vn 0.0004885197849944234 -0.0004885197849944234 1
vn 0.0004885197849944234 -0.0004885197849944234 1
vn -0.018075231462717056 0.4528578519821167 -0.8915486335754395
vn 0.0004885197849944234 -0.0004885197849944234 1
vn 0.0004885197849944234 -0.0004885197849944234 1
vn 0.0004885197849944234 -0.0004885197849944234 1
vn 0.0004885197849944234 -0.0004885197849944234 1
vn 0.0004885197849944234 -0.0004885197849944234 1
vn 0.0004885197849944234 -0.0004885197849944234 1
vn 0.0004885197849944234 -0.0004885197849944234 1
vn 0.0004885197849944234 -0.0004885197849944234 1
vn 0.0004885197849944234 -0.0004885197849944234 1
vn -0.0004885197849944234 -0.0004885197849944234 1
vn -0.0004885197849944234 -0.0004885197849944234 1
vn -0.0004885197849944234 -0.0004885197849944234 1
vn -0.0004885197849944234 -0.0004885197849944234 1
vn 0.0004885197849944234 0.0004885197849944234 -1
vn 0.0004885197849944234 0.0004885197849944234 -1
vn 0.0004885197849944234 0.0004885197849944234 -1
vn 0.0004885197849944234 0.0004885197849944234 -1
vn -0.0004885197849944234 0.0004885197849944234 -1
vn -0.0004885197849944234 0.0004885197849944234 -1
vn -0.0004885197849944234 0.0004885197849944234 -1
vn -0.0004885197849944234 0.0004885197849944234 -1
vn -0.0004885197849944234 0.0004885197849944234 -1
vn -0.0004885197849944234 0.0004885197849944234 -1
vn -0.0004885197849944234 -0.0004885197849944234 1
vn -0.0004885197849944234 -0.0004885197849944234 1
vn -0.0004885197849944234 -0.0004885197849944234 1
vn -0.0004885197849944234 -0.0004885197849944234 1
vn 0.0004885197849944234 0.0004885197849944234 -1
vn 0.0004885197849944234 0.0004885197849944234 -1
vn 0.0004885197849944234 0.0004885197849944234 -1
vn 0.0004885197849944234 0.0004885197849944234 -1
vn 0.0004885197849944234 -0.0004885197849944234 1
vn 0.0004885197849944234 -0.0004885197849944234 1
vn 0.0004885197849944234 -0.0004885197849944234 1
vn 0.0004885197849944234 -0.0004885197849944234 1
vn 0.0004885197849944234 0.0004885197849944234 -1
vn 0.0004885197849944234 0.0004885197849944234 -1
vn 0.0004885197849944234 0.0004885197849944234 -1
vn 0.0004885197849944234 0.0004885197849944234 -1
vn 0.0004885197849944234 0.0004885197849944234 1
vn 0.0004885197849944234 0.0004885197849944234 1
vn 0.0004885197849944234 0.0004885197849944234 1
vn 0.0004885197849944234 0.0004885197849944234 1
vn -0.0004885197849944234 -0.0004885197849944234 -1
vn -0.0004885197849944234 -0.0004885197849944234 -1
vn -0.0004885197849944234 -0.0004885197849944234 -1
vn -0.0004885197849944234 -0.0004885197849944234 -1
vn 0.0004885197849944234 0.0004885197849944234 1
vn 0.0004885197849944234 0.0004885197849944234 1
vn 0.0004885197849944234 0.0004885197849944234 1
vn 0.0004885197849944234 0.0004885197849944234 1
vn -0.0004885197849944234 -0.0004885197849944234 -1
vn -0.0004885197849944234 -0.0004885197849944234 -1
vn -0.0004885197849944234 -0.0004885197849944234 -1
vn -0.0004885197849944234 -0.0004885197849944234 -1
vn 0.0004885197849944234 0.0004885197849944234 1
vn 0.0004885197849944234 0.0004885197849944234 1
vn 0.0004885197849944234 0.0004885197849944234 1
vn 0.0004885197849944234 0.0004885197849944234 1
vn -0.0004885197849944234 -0.0004885197849944234 -1
vn -0.0004885197849944234 -0.0004885197849944234 -1
vn -0.0004885197849944234 -0.0004885197849944234 -1
vn -0.0004885197849944234 -0.0004885197849944234 -1
vn 0.0004885197849944234 0.0004885197849944234 -1
vn 0.0004885197849944234 0.0004885197849944234 -1
vn 0.0004885197849944234 0.0004885197849944234 -1
vn 0.0004885197849944234 0.0004885197849944234 -1
vn 0.0004885197849944234 0.0004885197849944234 -1
vn 0.0004885197849944234 0.0004885197849944234 -1
vn 0.0004885197849944234 0.0004885197849944234 -1
vn 0.0004885197849944234 0.0004885197849944234 -1
vn 0.0004885197849944234 0.0004885197849944234 -1
vn 0.0004885197849944234 0.0004885197849944234 -1
vn 0.0004885197849944234 0.0004885197849944234 -1
vn 0.0004885197849944234 0.0004885197849944234 -1
vn 0.0004885197849944234 0.0004885197849944234 -1
vn 0.0004885197849944234 0.0004885197849944234 -1
vn 0.0004885197849944234 -0.0004885197849944234 1
vn 0.0004885197849944234 -0.0004885197849944234 1
vn 0.0004885197849944234 -0.0004885197849944234 1
vn 0.0004885197849944234 -0.0004885197849944234 1
vn 0.0004885197849944234 -0.0004885197849944234 1
vn 0.0004885197849944234 -0.0004885197849944234 1
vn 0.0004885197849944234 -0.0004885197849944234 1
vn 0.0004885197849944234 -0.0004885197849944234 1
vn 0.0004885197849944234 -0.0004885197849944234 1
vn 0.0004885197849944234 -0.0004885197849944234 1
vn 0.0004885197849944234 -0.0004885197849944234 1
vn 0.0004885197849944234 -0.0004885197849944234 1
vn 0.0004885197849944234 -0.0004885197849944234 1
vn 0.0004885197849944234 -0.0004885197849944234 1
vn 0.0004885197849944234 -0.0004885197849944234 1
vn 0.0004885197849944234 -0.0004885197849944234 1
vn 0.0004885197849944234 -0.0004885197849944234 1
vn 0.3883732259273529 -0.9218368530273438 0.0004885197849944234
vn 0.3883732259273529 -0.9218368530273438 0.0004885197849944234
vn 0.3883732259273529 -0.9218368530273438 0.0004885197849944234
vn 0.3883732259273529 -0.9218368530273438 0.0004885197849944234
vn 0.3883732259273529 -0.9218368530273438 0.0004885197849944234
vn 0.3883732259273529 -0.9218368530273438 0.0004885197849944234
vn 0.3883732259273529 -0.9218368530273438 0.0004885197849944234
vn 0.3883732259273529 -0.9218368530273438 0.0004885197849944234
vn 0.3883732259273529 -0.9218368530273438 0.0004885197849944234
vn 0.3883732259273529 -0.9218368530273438 0.0004885197849944234
vn 0.3883732259273529 -0.9218368530273438 0.0004885197849944234
vn 0.3883732259273529 -0.9218368530273438 0.0004885197849944234
vn 0.3883732259273529 -0.9218368530273438 0.0004885197849944234
vn 0.3883732259273529 -0.9218368530273438 0.0004885197849944234
vn 0.3883732259273529 -0.9218368530273438 0.0004885197849944234
vn 0.3883732259273529 -0.9218368530273438 0.0004885197849944234
vn 0.3883732259273529 -0.9218368530273438 0.0004885197849944234
vn 0.3883732259273529 -0.9218368530273438 0.0004885197849944234
vn 0.3883732259273529 -0.9218368530273438 0.0004885197849944234
vn 0.3883732259273529 -0.9218368530273438 0.0004885197849944234
vn 0.3883732259273529 -0.9218368530273438 0.0004885197849944234
vn 0.3883732259273529 -0.9218368530273438 0.0004885197849944234
vn 0.3883732259273529 -0.9218368530273438 0.0004885197849944234
vn 0.3883732259273529 -0.9218368530273438 0.0004885197849944234
vn 0.3883732259273529 -0.9218368530273438 0.0004885197849944234
vn 0.3883732259273529 -0.9218368530273438 0.0004885197849944234
vn 0.3883732259273529 -0.9218368530273438 0.0004885197849944234
vn 0.3883732259273529 -0.9218368530273438 0.0004885197849944234
vn 0.3883732259273529 -0.9218368530273438 0.0004885197849944234
vn 0.3883732259273529 -0.9218368530273438 0.0004885197849944234
vn 0.3883732259273529 -0.9218368530273438 0.0004885197849944234
vn 0.3883732259273529 -0.9218368530273438 0.0004885197849944234
vn 0.3883732259273529 -0.9218368530273438 0.0004885197849944234
vn 0.3883732259273529 -0.9218368530273438 0.0004885197849944234
vn 0.3883732259273529 -0.9218368530273438 0.0004885197849944234
vn 0.3883732259273529 -0.9218368530273438 0.0004885197849944234
vn 0.3883732259273529 -0.9218368530273438 0.0004885197849944234
vn 0.3883732259273529 -0.9218368530273438 0.0004885197849944234
vn 0.3883732259273529 -0.9218368530273438 0.0004885197849944234
vn 0.3883732259273529 -0.9218368530273438 0.0004885197849944234
vn 0.3883732259273529 -0.9218368530273438 0.0004885197849944234
vn 0.3883732259273529 -0.9218368530273438 0.0004885197849944234
vn 0.3883732259273529 -0.9218368530273438 0.0004885197849944234
vn 0.3883732259273529 -0.9218368530273438 0.0004885197849944234
vn 0.3883732259273529 -0.9218368530273438 0.0004885197849944234
vn 0.3883732259273529 -0.9218368530273438 0.0004885197849944234
vn 0.3883732259273529 -0.9218368530273438 0.0004885197849944234
vn 0.3883732259273529 -0.9218368530273438 0.0004885197849944234
vn 0.3883732259273529 -0.9218368530273438 0.0004885197849944234
vn 0.3883732259273529 -0.9218368530273438 0.0004885197849944234
vn 0.0004885197849944234 -0.0004885197849944234 1
vn 0.0004885197849944234 -0.0004885197849944234 1
vn 0.0004885197849944234 -0.0004885197849944234 1
vn 0.0004885197849944234 -0.0004885197849944234 1
vn -0.0024425990413874388 0.13825109601020813 -0.990229606628418
vn -0.005373717751353979 0.13336589932441711 -0.9912066459655762
vn 0.0004885197849944234 0.13629701733589172 -0.990229606628418
vn 0.0004885197849944234 0.0004885197849944234 -1
vn 0.0004885197849944234 0.0004885197849944234 -1
vn 0.0004885197849944234 0.0004885197849944234 -1
vn 0.0004885197849944234 0.0004885197849944234 -1
vn 0.0004885197849944234 0.0004885197849944234 -1
vn 0.0004885197849944234 0.0004885197849944234 -1
vn 0.0004885197849944234 0.0004885197849944234 -1
vn 0.0004885197849944234 0.0004885197849944234 -1
vn 0.0004885197849944234 0.0004885197849944234 -1
vn 0.0004885197849944234 0.0004885197849944234 -1
vn 0.0004885197849944234 0.0004885197849944234 -1
vn 0.0004885197849944234 0.0004885197849944234 -1
vn 0.0004885197849944234 0.0004885197849944234 -1
vn 0.0004885197849944234 0.0004885197849944234 -1
vn 0.0004885197849944234 0.0004885197849944234 -1
vn 0.0004885197849944234 0.0004885197849944234 -1
vn 0.0004885197849944234 0.0004885197849944234 -1
vn 0.0004885197849944234 0.0004885197849944234 -1
vn 0.0004885197849944234 0.0004885197849944234 -1
vn 0.0004885197849944234 0.0004885197849944234 -1
vn 0.0004885197849944234 0.0004885197849944234 -1
vn 0.0004885197849944234 0.0004885197849944234 -1
vn 0.0004885197849944234 0.0004885197849944234 -1
vn 0.0004885197849944234 0.0004885197849944234 -1
vn 0.0004885197849944234 0.0004885197849944234 -1
vn 0.0004885197849944234 0.0004885197849944234 -1
vn 0.0004885197849944234 0.13629701733589172 -0.990229606628418
vn 0.0004885197849944234 0.13629701733589172 -0.990229606628418
vn 0.0004885197849944234 0.13629701733589172 -0.990229606628418
vn 0.0004885197849944234 0.4567660093307495 -0.889594554901123
vn 0.0004885197849944234 0.4567660093307495 -0.889594554901123
vn 0.0004885197849944234 0.8475818037986755 -0.531020998954773
vn 0.0004885197849944234 0.8475818037986755 -0.531020998954773
vn 0.0004885197849944234 0.4567660093307495 -0.889594554901123
vn 0.0004885197849944234 0.4567660093307495 -0.889594554901123
vn -0.3883732259273529 0.9218368530273438 -0.0004885197849944234
vn -0.3883732259273529 0.9218368530273438 -0.0004885197849944234
vn -0.3883732259273529 0.9218368530273438 -0.0004885197849944234
vn -0.3883732259273529 0.9218368530273438 -0.0004885197849944234
vn -0.3883732259273529 0.9218368530273438 -0.0004885197849944234
vn -0.3883732259273529 0.9218368530273438 -0.0004885197849944234
vn -0.3883732259273529 0.9218368530273438 -0.0004885197849944234
vn -0.3883732259273529 0.9218368530273438 -0.0004885197849944234
vn -0.3883732259273529 0.9218368530273438 -0.0004885197849944234
vn -0.3883732259273529 0.9218368530273438 -0.0004885197849944234
vn -0.3883732259273529 0.9218368530273438 -0.0004885197849944234
vn -0.3883732259273529 0.9218368530273438 -0.0004885197849944234
vn -0.3883732259273529 0.9218368530273438 -0.0004885197849944234
vn -0.3883732259273529 0.9218368530273438 -0.0004885197849944234
vn -0.3883732259273529 0.9218368530273438 -0.0004885197849944234
vn -0.3883732259273529 0.9218368530273438 -0.0004885197849944234
vn -0.3883732259273529 0.9218368530273438 -0.0004885197849944234
vn -0.3883732259273529 0.9218368530273438 -0.0004885197849944234
vn -0.3883732259273529 0.9218368530273438 -0.0004885197849944234
vn -0.3883732259273529 0.9218368530273438 -0.0004885197849944234
vn -0.3883732259273529 0.9218368530273438 -0.0004885197849944234
vn -0.3883732259273529 0.9218368530273438 -0.0004885197849944234
vn -0.3883732259273529 0.9218368530273438 -0.0004885197849944234
vn -0.3883732259273529 0.9218368530273438 -0.0004885197849944234
vn -0.3883732259273529 0.9218368530273438 -0.0004885197849944234
vn -0.3883732259273529 0.9218368530273438 -0.0004885197849944234
vn -0.3883732259273529 0.9218368530273438 -0.0004885197849944234
vn -0.3883732259273529 0.9218368530273438 -0.0004885197849944234
vn -0.3883732259273529 0.9218368530273438 -0.0004885197849944234
vn -0.3883732259273529 0.9218368530273438 -0.0004885197849944234
vn -0.3883732259273529 0.9218368530273438 -0.0004885197849944234
vn -0.3883732259273529 0.9218368530273438 -0.0004885197849944234
vn -0.30434781312942505 0.952125072479248 0.0004885197849944234
vn -0.30434781312942505 0.952125072479248 0.0004885197849944234
vn -0.30434781312942505 0.952125072479248 0.0004885197849944234
vn -0.30434781312942505 0.952125072479248 0.0004885197849944234
vn -0.30434781312942505 0.952125072479248 0.0004885197849944234
vn -0.30434781312942505 0.952125072479248 0.0004885197849944234
vn -0.30434781312942505 0.952125072479248 0.0004885197849944234
vn -0.30434781312942505 0.952125072479248 0.0004885197849944234
vn -0.30434781312942505 0.952125072479248 0.0004885197849944234
vn -0.30434781312942505 0.952125072479248 0.0004885197849944234
vn -0.30434781312942505 0.952125072479248 0.0004885197849944234
vn -0.30434781312942505 0.952125072479248 0.0004885197849944234
vn -0.30434781312942505 0.952125072479248 0.0004885197849944234
vn -0.30434781312942505 0.952125072479248 0.0004885197849944234
vn -0.0004885197849944234 0.7508549094200134 0.6599902510643005
vn -0.0004885197849944234 0.7518319487571716 0.6590132117271423
vn -0.0004885197849944234 0.9413776397705078 0.33854421973228455
vn -0.0004885197849944234 0.9433317184448242 0.3317049443721771
vn -0.8935027122497559 0.4479726552963257 -0.0004885197849944234
vn -0.9081583023071289 0.4186614453792572 0.0004885197849944234
vn -0.8935027122497559 0.4479726552963257 -0.0004885197849944234
vn -0.9081583023071289 0.4186614453792572 0.0004885197849944234
vn -0.9491939544677734 0.31509527564048767 0.0004885197849944234
vn -0.9491939544677734 0.31509527564048767 0.0004885197849944234
vn 0.0004885197849944234 -0.0004885197849944234 1
vn 0.0004885197849944234 -0.0004885197849944234 1
vn 0.0004885197849944234 -0.0004885197849944234 1
vn 0.0004885197849944234 -0.0004885197849944234 1
vn 0.0004885197849944234 0.0004885197849944234 -1
vn 0.0004885197849944234 0.0004885197849944234 -1
vn 0.0004885197849944234 0.0004885197849944234 -1
vn 0.0004885197849944234 0.0004885197849944234 -1
vn 0.0004885197849944234 -0.0004885197849944234 1
vn 0.0004885197849944234 -0.0004885197849944234 1
vn 0.0004885197849944234 -0.0004885197849944234 1
vn 0.0004885197849944234 -0.0004885197849944234 1
vn 0.0004885197849944234 0.0004885197849944234 -1
vn 0.0004885197849944234 0.0004885197849944234 -1
vn 0.0004885197849944234 0.0004885197849944234 -1
vn 0.0004885197849944234 0.0004885197849944234 -1
vn 0.0004885197849944234 -1 -0.0004885197849944234
vn 0.0004885197849944234 -1 -0.0004885197849944234
vn 0.0004885197849944234 -1 -0.0004885197849944234
vn 0.0004885197849944234 -1 -0.0004885197849944234
vn -0.3883732259273529 0.9218368530273438 -0.0004885197849944234
vn -0.3883732259273529 0.9218368530273438 -0.0004885197849944234
vn -0.3883732259273529 0.9218368530273438 -0.0004885197849944234
vn -0.3883732259273529 0.9218368530273438 -0.0004885197849944234
vn -0.3883732259273529 0.9218368530273438 -0.0004885197849944234
vn -0.3883732259273529 0.9218368530273438 -0.0004885197849944234
vn -0.3883732259273529 0.9218368530273438 -0.0004885197849944234
vn -0.3883732259273529 0.9218368530273438 -0.0004885197849944234
vn -0.13434293866157532 -0.7528089880943298 0.6453346610069275
vn -0.27796775102615356 -0.9062042236328125 0.3190034329891205
vn -0.15681485831737518 -0.9355154037475586 0.3180263936519623
vn -0.0004885197849944234 -0.9413776397705078 0.33659014105796814
vn -0.0004885197849944234 -0.7635564208030701 0.6453346610069275
vn -0.16756229102611542 -0.9863214492797852 -0.0004885197849944234
vn -0.294577419757843 -0.9550561904907227 -0.0004885197849944234
vn -0.21934539079666138 -0.7567171454429626 0.6160234212875366
vn -0.08646800369024277 -0.8172935843467712 0.5701025724411011
vn -0.11871030926704407 -0.9462628364562988 0.29946261644363403
vn 0.02296043001115322 -0.9785051345825195 0.20468978583812714
vn 0.04445530101656914 -0.9091353416442871 0.4137762486934662
vn 0.07962872833013535 -0.9570102691650391 0.27992182970046997
vn 0.03957010433077812 -0.9892525672912598 0.14020517468452454
vn 0.0004885197849944234 -0.0004885197849944234 1
vn 0.0004885197849944234 -0.0004885197849944234 1
vn 0.0004885197849944234 -0.0004885197849944234 1
vn 0.0004885197849944234 -0.0004885197849944234 1
vn -0.0004885197849944234 -0.0004885197849944234 1
vn -0.0004885197849944234 -0.0004885197849944234 1
vn -0.0004885197849944234 -0.0004885197849944234 1
vn -0.0004885197849944234 -0.0004885197849944234 1
vn -0.0004885197849944234 -0.0004885197849944234 1
vn -0.0004885197849944234 -0.0004885197849944234 1
vn 0.0004885197849944234 0.0004885197849944234 -1
vn 0.0004885197849944234 0.0004885197849944234 -1
vn 0.0004885197849944234 0.0004885197849944234 -1
vn 0.0004885197849944234 0.0004885197849944234 -1
vn -0.0004885197849944234 0.0004885197849944234 -1
vn -0.0004885197849944234 0.0004885197849944234 -1
vn -0.0004885197849944234 0.0004885197849944234 -1
vn -0.0004885197849944234 0.0004885197849944234 -1
vn -0.0004885197849944234 0.49975574016571045 0.8661455512046814
vn -0.0004885197849944234 0.0004885197849944234 1
vn -0.0004885197849944234 0.0004885197849944234 1
vn -0.0004885197849944234 0.49975574016571045 0.8661455512046814
vn -0.0004885197849944234 0.8661455512046814 0.49975574016571045
vn -0.0004885197849944234 0.8661455512046814 0.49975574016571045
vn -0.0004885197849944234 1 0.0004885197849944234
vn -0.0004885197849944234 1 -0.0004885197849944234
vn 0.0004885197849944234 0.8661455512046814 -0.49975574016571045
vn 0.0004885197849944234 0.8661455512046814 -0.49975574016571045
vn 0.0004885197849944234 0.49975574016571045 -0.8661455512046814
vn 0.0004885197849944234 0.49975574016571045 -0.8661455512046814
vn 0.0004885197849944234 0.0004885197849944234 -1
vn 0.0004885197849944234 -0.0004885197849944234 -1
vn 0.0004885197849944234 -0.49975574016571045 -0.8661455512046814
vn 0.0004885197849944234 -0.49975574016571045 -0.8661455512046814
vn 0.0004885197849944234 -0.8661455512046814 -0.49975574016571045
vn 0.0004885197849944234 -0.8661455512046814 -0.49975574016571045
vn 0.0004885197849944234 -1 0.0004885197849944234
vn 0.0004885197849944234 -1 0.0004885197849944234
vn 0.0004885197849944234 -0.8661455512046814 0.49975574016571045
vn 0.0004885197849944234 -0.8661455512046814 0.49975574016571045
vn 0.0004885197849944234 -0.49975574016571045 0.8661455512046814
vn 0.0004885197849944234 -0.49975574016571045 0.8661455512046814
vn -0.0004885197849944234 0.0004885197849944234 1
vn -0.0004885197849944234 0.0004885197849944234 1
vn 0.0004885197849944234 -1 -0.0004885197849944234
vn 0.0004885197849944234 -1 -0.0004885197849944234
vn 0.0004885197849944234 -1 -0.0004885197849944234
vn 0.0004885197849944234 -1 -0.0004885197849944234
vn 0.0004885197849944234 -1 -0.0004885197849944234
vn 0.0004885197849944234 -1 -0.0004885197849944234
vn 0.0004885197849944234 -1 -0.0004885197849944234
vn 0.0004885197849944234 -1 -0.0004885197849944234
vn 0.0004885197849944234 -1 -0.0004885197849944234
vn 0.0004885197849944234 -1 -0.0004885197849944234
vn 0.0004885197849944234 -1 -0.0004885197849944234
vn 0.0004885197849944234 -1 -0.0004885197849944234
vn 0.0004885197849944234 -1 -0.0004885197849944234
vn 0.0004885197849944234 -1 -0.0004885197849944234
vn 0.0004885197849944234 -1 -0.0004885197849944234
vn 0.0004885197849944234 -1 -0.0004885197849944234
vn 0.0004885197849944234 -1 -0.0004885197849944234
vn 0.0004885197849944234 -1 -0.0004885197849944234
vn 0.0004885197849944234 -1 -0.0004885197849944234
vn 0.0004885197849944234 -1 -0.0004885197849944234
vn 0.0004885197849944234 -1 -0.0004885197849944234
vn 0.0004885197849944234 -1 -0.0004885197849944234
vn 0.0004885197849944234 -1 -0.0004885197849944234
vn 0.0004885197849944234 -1 -0.0004885197849944234
vn 0.0004885197849944234 -1 -0.0004885197849944234
vn 0.23986321687698364 0.9706888198852539 -0.0004885197849944234
vn 0.23986321687698364 0.9706888198852539 -0.0004885197849944234
vn 0.23986321687698364 0.9706888198852539 -0.0004885197849944234
vn 0.23986321687698364 0.9706888198852539 -0.0004885197849944234
vn -0.9140205383300781 -0.40595993399620056 -0.0004885197849944234
vn -0.9140205383300781 -0.40595993399620056 -0.0004885197849944234
vn -0.9140205383300781 -0.40595993399620056 -0.0004885197849944234
vn -0.9140205383300781 -0.40595993399620056 -0.0004885197849944234
vn -0.9140205383300781 -0.40595993399620056 -0.0004885197849944234
vn -0.9140205383300781 -0.40595993399620056 -0.0004885197849944234
vn 0.0004885197849944234 -1 -0.0004885197849944234
vn 0.0004885197849944234 -1 -0.0004885197849944234
vn 0.0004885197849944234 -1 -0.0004885197849944234
vn 0.0004885197849944234 -1 -0.0004885197849944234
vn 0.9394235610961914 0.34245237708091736 0.0004885197849944234
vn 0.8202247023582458 0.5730336904525757 0.0004885197849944234
vn 0.9394235610961914 0.34245237708091736 0.0004885197849944234
vn 0.8202247023582458 0.5730336904525757 0.0004885197849944234
vn 0.34342941641807556 0.9394235610961914 0.0004885197849944234
vn 0.34342941641807556 0.9394235610961914 0.0004885197849944234
vn -0.1597459763288498 0.9872984886169434 0.0004885197849944234
vn -0.1597459763288498 0.9872984886169434 0.0004885197849944234
vn 1 0.0004885197849944234 0.0004885197849944234
vn 1 0.0004885197849944234 0.0004885197849944234
vn 1 0.0004885197849944234 0.0004885197849944234
vn 1 0.0004885197849944234 0.0004885197849944234
vn 1 0.0004885197849944234 0.0004885197849944234
vn 1 0.0004885197849944234 0.0004885197849944234
vn 1 0.0004885197849944234 0.0004885197849944234
vn 1 0.0004885197849944234 0.0004885197849944234
vn 1 0.0004885197849944234 0.0004885197849944234
vn 1 0.0004885197849944234 0.0004885197849944234
vn 1 0.0004885197849944234 0.0004885197849944234
vn 1 0.0004885197849944234 0.0004885197849944234
vn -0.34245237708091736 0.9394235610961914 0.0004885197849944234
vn -0.34245237708091736 0.9394235610961914 0.0004885197849944234
vn -0.34245237708091736 0.9394235610961914 0.0004885197849944234
vn -0.34245237708091736 0.9394235610961914 0.0004885197849944234
vn 0.0004885197849944234 0.49975574016571045 0.8661455512046814
vn -0.0004885197849944234 0.0004885197849944234 1
vn -0.0004885197849944234 0.0004885197849944234 1
vn 0.0004885197849944234 0.49975574016571045 0.8661455512046814
vn 0.0004885197849944234 0.8661455512046814 0.49975574016571045
vn 0.0004885197849944234 0.8661455512046814 0.49975574016571045
vn 0.0004885197849944234 1 -0.0004885197849944234
vn 0.0004885197849944234 1 -0.0004885197849944234
vn 0.0004885197849944234 0.8661455512046814 -0.49975574016571045
vn 0.0004885197849944234 0.8661455512046814 -0.49975574016571045
vn 0.0004885197849944234 0.49975574016571045 -0.8661455512046814
vn 0.0004885197849944234 0.49975574016571045 -0.8661455512046814
vn 0.0004885197849944234 0.0004885197849944234 -1
vn 0.0004885197849944234 -0.0004885197849944234 -1
vn 0.0004885197849944234 -0.49975574016571045 -0.8661455512046814
vn 0.0004885197849944234 -0.49975574016571045 -0.8661455512046814
vn -0.0004885197849944234 -0.8661455512046814 -0.49975574016571045
vn -0.0004885197849944234 -0.8661455512046814 -0.49975574016571045
vn -0.0004885197849944234 -1 0.0004885197849944234
vn -0.0004885197849944234 -1 0.0004885197849944234
vn -0.0004885197849944234 -0.8661455512046814 0.49975574016571045
vn -0.0004885197849944234 -0.8661455512046814 0.49975574016571045
vn -0.0004885197849944234 -0.49975574016571045 0.8661455512046814
vn -0.0004885197849944234 -0.49975574016571045 0.8661455512046814
vn -0.0004885197849944234 0.0004885197849944234 1
vn -0.0004885197849944234 0.0004885197849944234 1
vn 1 -0.0004885197849944234 0.0004885197849944234
vn 1 -0.0004885197849944234 0.0004885197849944234
vn 1 -0.0004885197849944234 0.0004885197849944234
vn 1 -0.0004885197849944234 0.0004885197849944234
vn 1 -0.0004885197849944234 0.0004885197849944234
vn 1 -0.0004885197849944234 0.0004885197849944234
vn 1 -0.0004885197849944234 0.0004885197849944234
vn 1 -0.0004885197849944234 0.0004885197849944234
vn 1 -0.0004885197849944234 0.0004885197849944234
vn 1 -0.0004885197849944234 0.0004885197849944234
vn 1 -0.0004885197849944234 0.0004885197849944234
vn 1 -0.0004885197849944234 0.0004885197849944234
vn -1 0.0004885197849944234 0.0004885197849944234
vn -1 0.0004885197849944234 0.0004885197849944234
vn -1 0.0004885197849944234 0.0004885197849944234
vn -1 0.0004885197849944234 0.0004885197849944234
vn -1 0.0004885197849944234 0.0004885197849944234
vn -1 0.0004885197849944234 0.0004885197849944234
vn -1 0.0004885197849944234 0.0004885197849944234
vn -1 0.0004885197849944234 0.0004885197849944234
vn -1 0.0004885197849944234 0.0004885197849944234
vn -1 0.0004885197849944234 0.0004885197849944234
vn -1 0.0004885197849944234 0.0004885197849944234
vn -1 0.0004885197849944234 0.0004885197849944234
vn -1 0.0004885197849944234 0.0004885197849944234
vn -1 0.0004885197849944234 0.0004885197849944234
vn -1 0.0004885197849944234 0.0004885197849944234
vn -1 0.0004885197849944234 0.0004885197849944234
vn -1 0.0004885197849944234 0.0004885197849944234
vn -1 0.0004885197849944234 0.0004885197849944234
vn -1 0.0004885197849944234 0.0004885197849944234
vn -1 0.0004885197849944234 0.0004885197849944234
vn -0.0004885197849944234 0.0004885197849944234 1
vn 0.3942354619503021 0.165608212351799 0.9042501449584961
vn -0.0004885197849944234 0.0004885197849944234 1
vn 0.4606741666793823 0.1939423531293869 0.8661455512046814
vn 0.7733268141746521 0.3258427083492279 0.5437225103378296
vn 0.7977527976036072 0.33561310172080994 0.49975574016571045
vn 0.9218368530273438 0.3883732259273529 0.0004885197849944234
vn 0.9218368530273438 0.3883732259273529 0.0004885197849944234
vn 0.7977527976036072 0.33561310172080994 -0.49975574016571045
vn 0.7733268141746521 0.3258427083492279 -0.5437225103378296
vn 0.4606741666793823 0.1939423531293869 -0.8661455512046814
vn 0.3942354619503021 0.165608212351799 -0.9042501449584961
vn 0.0004885197849944234 -0.0004885197849944234 -1
vn 0.0004885197849944234 -0.0004885197849944234 -1
vn -0.4606741666793823 -0.1939423531293869 -0.8661455512046814
vn -0.4606741666793823 -0.1939423531293869 -0.8661455512046814
vn -0.7977527976036072 -0.33561310172080994 -0.49975574016571045
vn -0.7977527976036072 -0.33561310172080994 -0.49975574016571045
vn -0.9218368530273438 -0.3883732259273529 -0.0004885197849944234
vn -0.9218368530273438 -0.3883732259273529 -0.0004885197849944234
vn -0.7977527976036072 -0.33561310172080994 0.49975574016571045
vn -0.7977527976036072 -0.33561310172080994 0.49975574016571045
vn -0.4606741666793823 -0.1939423531293869 0.8661455512046814
vn -0.4606741666793823 -0.1939423531293869 0.8661455512046814
vn -0.0004885197849944234 0.0004885197849944234 1
vn -0.0004885197849944234 0.0004885197849944234 1
vn -0.31411823630332947 0.9491939544677734 0.0004885197849944234
vn -0.1597459763288498 0.9872984886169434 0.0004885197849944234
vn -0.1597459763288498 0.9872984886169434 0.0004885197849944234
vn -0.31411823630332947 0.9491939544677734 0.0004885197849944234
vn -1 0.0004885197849944234 0.0004885197849944234
vn -1 0.0004885197849944234 0.0004885197849944234
vn -1 0.0004885197849944234 0.0004885197849944234
vn -1 0.0004885197849944234 0.0004885197849944234
vn -1 -0.0004885197849944234 -0.0004885197849944234
vn -1 -0.0004885197849944234 -0.0004885197849944234
vn -1 -0.0004885197849944234 -0.0004885197849944234
vn -1 -0.0004885197849944234 -0.0004885197849944234
vn -1 0.0004885197849944234 0.0004885197849944234
vn -1 0.0004885197849944234 0.0004885197849944234
vn -1 0.0004885197849944234 0.0004885197849944234
vn -1 0.0004885197849944234 0.0004885197849944234
vn -1 0.0004885197849944234 0.0004885197849944234
vn -1 0.0004885197849944234 0.0004885197849944234
vn -1 0.0004885197849944234 0.0004885197849944234
vn -1 0.0004885197849944234 0.0004885197849944234
vn -1 -0.0004885197849944234 0.0004885197849944234
vn -1 -0.0004885197849944234 0.0004885197849944234
vn -1 -0.0004885197849944234 0.0004885197849944234
vn -1 -0.0004885197849944234 0.0004885197849944234
vn -1 0.0004885197849944234 0.0004885197849944234
vn -1 0.0004885197849944234 0.0004885197849944234
vn -1 0.0004885197849944234 0.0004885197849944234
vn -1 0.0004885197849944234 0.0004885197849944234
vn -1 0.0004885197849944234 0.0004885197849944234
vn -1 0.0004885197849944234 0.0004885197849944234
vn -1 0.0004885197849944234 0.0004885197849944234
vn -1 0.0004885197849944234 0.0004885197849944234
vn -1 0.0004885197849944234 0.0004885197849944234
vn -1 0.0004885197849944234 0.0004885197849944234
vn -1 0.0004885197849944234 -0.0004885197849944234
vn -1 0.0004885197849944234 -0.0004885197849944234
vn -1 0.0004885197849944234 -0.0004885197849944234
vn -1 0.0004885197849944234 -0.0004885197849944234
vn -1 0.0004885197849944234 -0.0004885197849944234
vn -1 0.0004885197849944234 -0.0004885197849944234
vn 0.0004885197849944234 -0.0004885197849944234 -1
vn 0.0004885197849944234 -0.49975574016571045 -0.8661455512046814
vn 0.0004885197849944234 -0.49975574016571045 -0.8661455512046814
vn 0.0004885197849944234 0.0004885197849944234 -1
vn 0.0004885197849944234 -0.8661455512046814 -0.49975574016571045
vn 0.0004885197849944234 -0.8661455512046814 -0.49975574016571045
vn 0.0004885197849944234 -1 0.0004885197849944234
vn 0.0004885197849944234 -1 0.0004885197849944234
vn 0.0004885197849944234 -0.8661455512046814 0.49975574016571045
vn 0.0004885197849944234 -0.8661455512046814 0.49975574016571045
vn -0.0004885197849944234 -0.49975574016571045 0.8661455512046814
vn -0.0004885197849944234 -0.49975574016571045 0.8661455512046814
vn -0.0004885197849944234 0.0004885197849944234 1
vn -0.0004885197849944234 0.0004885197849944234 1
vn -0.0004885197849944234 0.49975574016571045 0.8661455512046814
vn -0.0004885197849944234 0.49975574016571045 0.8661455512046814
vn -0.0004885197849944234 0.8661455512046814 0.49975574016571045
vn -0.0004885197849944234 0.8661455512046814 0.49975574016571045
vn -0.0004885197849944234 1 -0.0004885197849944234
vn -0.0004885197849944234 1 -0.0004885197849944234
vn -0.0004885197849944234 0.8661455512046814 -0.49975574016571045
vn -0.0004885197849944234 0.8661455512046814 -0.49975574016571045
vn 0.0004885197849944234 0.49975574016571045 -0.8661455512046814
vn 0.0004885197849944234 0.49975574016571045 -0.8661455512046814
vn 0.0004885197849944234 0.0004885197849944234 -1
vn 0.0004885197849944234 -0.0004885197849944234 -1
vn 1 0.0004885197849944234 0.0004885197849944234
vn 1 0.0004885197849944234 0.0004885197849944234
vn 1 0.0004885197849944234 0.0004885197849944234
vn 1 0.0004885197849944234 0.0004885197849944234
vn 1 0.0004885197849944234 0.0004885197849944234
vn 1 0.0004885197849944234 0.0004885197849944234
vn 1 0.0004885197849944234 0.0004885197849944234
vn 1 0.0004885197849944234 0.0004885197849944234
vn 1 0.0004885197849944234 0.0004885197849944234
vn 1 0.0004885197849944234 0.0004885197849944234
vn 1 0.0004885197849944234 0.0004885197849944234
vn 1 0.0004885197849944234 0.0004885197849944234
vn 0.9931607246398926 0.11382511258125305 0.0004885197849944234
vn 0.9931607246398926 0.11382511258125305 0.0004885197849944234
vn 0.9931607246398926 0.11382511258125305 0.0004885197849944234
vn 0.9931607246398926 0.11382511258125305 0.0004885197849944234
vn 1 0.0004885197849944234 0.0004885197849944234
vn 1 0.0004885197849944234 0.0004885197849944234
vn 1 0.0004885197849944234 0.0004885197849944234
vn 1 0.0004885197849944234 0.0004885197849944234
vn 1 0.0004885197849944234 0.0004885197849944234
vn 1 0.0004885197849944234 0.0004885197849944234
vn 1 0.0004885197849944234 0.0004885197849944234
vn 1 0.0004885197849944234 0.0004885197849944234
vn 1 0.0004885197849944234 0.0004885197849944234
vn 1 0.0004885197849944234 0.0004885197849944234
vn 1 0.0004885197849944234 0.0004885197849944234
vn 1 0.0004885197849944234 0.0004885197849944234
vn 1 0.0004885197849944234 0.0004885197849944234
vn 1 0.0004885197849944234 0.0004885197849944234
vn 1 0.0004885197849944234 0.0004885197849944234
vn 1 0.0004885197849944234 0.0004885197849944234
vn 1 -0.0004885197849944234 0.0004885197849944234
vn 1 -0.0004885197849944234 0.0004885197849944234
vn 1 -0.0004885197849944234 0.0004885197849944234
vn 1 -0.0004885197849944234 0.0004885197849944234
vn 1 0.0004885197849944234 0.0004885197849944234
vn 1 0.0004885197849944234 0.0004885197849944234
vn 1 0.0004885197849944234 0.0004885197849944234
vn 1 0.0004885197849944234 0.0004885197849944234
vn 1 0.0004885197849944234 0.0004885197849944234
vn 1 0.0004885197849944234 0.0004885197849944234
vn 1 0.0004885197849944234 0.0004885197849944234
vn 1 0.0004885197849944234 0.0004885197849944234
vn 1 0.0004885197849944234 0.0004885197849944234
vn 1 0.0004885197849944234 0.0004885197849944234
vn 1 0.0004885197849944234 0.0004885197849944234
vn 1 0.0004885197849944234 0.0004885197849944234
vn 1 -0.0004885197849944234 0.0004885197849944234
vn 1 -0.0004885197849944234 0.0004885197849944234
vn 1 -0.0004885197849944234 0.0004885197849944234
vn 1 -0.0004885197849944234 0.0004885197849944234
vn 1 0.0004885197849944234 0.0004885197849944234
vn 1 0.0004885197849944234 0.0004885197849944234
vn 1 0.0004885197849944234 0.0004885197849944234
vn 1 0.0004885197849944234 0.0004885197849944234
vn 1 0.0004885197849944234 0.0004885197849944234
vn 1 0.0004885197849944234 0.0004885197849944234
vn 1 0.0004885197849944234 0.0004885197849944234
vn 1 0.0004885197849944234 0.0004885197849944234
vn 1 0.0004885197849944234 0.0004885197849944234
vn 1 0.0004885197849944234 0.0004885197849944234
vn 1 0.0004885197849944234 0.0004885197849944234
vn 1 0.0004885197849944234 0.0004885197849944234
vn 1 0.0004885197849944234 0.0004885197849944234
vn 1 0.0004885197849944234 0.0004885197849944234
vn 1 0.0004885197849944234 0.0004885197849944234
vn 1 0.0004885197849944234 0.0004885197849944234

vt 0.4175403118133545 0.14328300952911377
vt 0.42560505867004395 0.20365369319915771
vt 0.30486375093460083 0.20365369319915771
vt 0.42560505867004395 0.17750048637390137
vt 0.31263989210128784 0.14328300952911377
vt 0.30486375093460083 0.17750048637390137
vt 0.4175403118133545 0.14328300952911377
vt 0.30486375093460083 0.20365369319915771
vt 0.42560505867004395 0.20365369319915771
vt 0.42560505867004395 0.17750048637390137
vt 0.31263989210128784 0.14328300952911377
vt 0.30486375093460083 0.17750048637390137
vt 0.32498735189437866 0.3847656846046448
vt 0.3652344346046448 0.3847656846046448
vt 0.3652344346046448 0.3847656846046448
vt 0.32498735189437866 0.3847656846046448
vt 0.3652344346046448 0.3847656846046448
vt 0.4054815173149109 0.3847656846046448
vt 0.4054815173149109 0.3847656846046448
vt 0.3652344346046448 0.3847656846046448
vt 0.4457286596298218 0.3847656846046448
vt 0.4054815173149109 0.3847656846046448
vt 0.4054815173149109 0.3847656846046448
vt 0.4457286596298218 0.3847656846046448
vt 0.4859757423400879 0.3847656846046448
vt 0.4457286596298218 0.3847656846046448
vt 0.4457286596298218 0.3847656846046448
vt 0.4859757423400879 0.3847656846046448
vt 0.16399885714054108 0.3847656846046448
vt 0.12375177443027496 0.3847656846046448
vt 0.16399885714054108 0.3847656846046448
vt 0.12375177443027496 0.3847656846046448
vt 0.5664699077606201 0.3847656846046448
vt 0.606717050075531 0.3847656846046448
vt 0.606717050075531 0.3847656846046448
vt 0.5664699077606201 0.3847656846046448
vt 0.4859757423400879 0.3847656846046448
vt 0.526222825050354 0.3847656846046448
vt 0.4859757423400879 0.3847656846046448
vt 0.526222825050354 0.3847656846046448
vt 0.16399885714054108 0.3847656846046448
vt 0.20424599945545197 0.3847656846046448
vt 0.16399885714054108 0.3847656846046448
vt 0.20424599945545197 0.3847656846046448
vt 0.5664699077606201 0.3847656846046448
vt 0.526222825050354 0.3847656846046448
vt 0.526222825050354 0.3847656846046448
vt 0.5664699077606201 0.3847656846046448
vt 0.24449311196804047 0.3847656846046448
vt 0.20424599945545197 0.3847656846046448
vt 0.20424599945545197 0.3847656846046448
vt 0.24449311196804047 0.3847656846046448
vt 0.2847402095794678 0.3847656846046448
vt 0.24449311196804047 0.3847656846046448
vt 0.24449311196804047 0.3847656846046448
vt 0.2847402095794678 0.3847656846046448
vt 0.32498735189437866 0.3847656846046448
vt 0.2847402095794678 0.3847656846046448
vt 0.2847402095794678 0.3847656846046448
vt 0.32498735189437866 0.3847656846046448
vt 0.4280198812484741 0.16364187002182007
vt 0.37006402015686035 0.2640243172645569
vt 0.3855932354927063 0.32198017835617065
vt 0.3855932354927063 0.2060685157775879
vt 0.4859756827354431 0.3799360394477844
vt 0.4280198812484741 0.3644068241119385
vt 0.6018874049186707 0.2640243172645569
vt 0.5863581895828247 0.32198017835617065
vt 0.5439315438270569 0.3644068241119385
vt 0.5439315438270569 0.16364187002182007
vt 0.4859756827354431 0.14811265468597412
vt 0.5863581895828247 0.2060685157775879
vt 0.526222825050354 0.3847656846046448
vt 0.32498735189437866 0.3847656846046448
vt 0.20424599945545197 0.3847656846046448
vt 0.24449311196804047 0.3847656846046448
vt 0.2847402095794678 0.3847656846046448
vt 0.16399885714054108 0.3847656846046448
vt 0.12375177443027496 0.3847656846046448
vt 0.5664699077606201 0.3847656846046448
vt 0.4054815173149109 0.3847656846046448
vt 0.3652344346046448 0.3847656846046448
vt 0.4457286596298218 0.3847656846046448
vt 0.4859757423400879 0.3847656846046448
vt 0.606717050075531 0.3847656846046448
vt 0.5664699077606201 0.3847656846046448
vt 0.5664699077606201 0.3847656846046448
vt 0.606717050075531 0.3847656846046448
vt 0.5664699077606201 0.3847656846046448
vt 0.526222825050354 0.3847656846046448
vt 0.526222825050354 0.3847656846046448
vt 0.5664699077606201 0.3847656846046448
vt 0.4859757423400879 0.3847656846046448
vt 0.526222825050354 0.3847656846046448
vt 0.526222825050354 0.3847656846046448
vt 0.4859757423400879 0.3847656846046448
vt 0.4859757423400879 0.3847656846046448
vt 0.4457286596298218 0.3847656846046448
vt 0.4859757423400879 0.3847656846046448
vt 0.4457286596298218 0.3847656846046448
vt 0.4054815173149109 0.3847656846046448
vt 0.4457286596298218 0.3847656846046448
vt 0.4457286596298218 0.3847656846046448
vt 0.4054815173149109 0.3847656846046448
vt 0.4054815173149109 0.3847656846046448
vt 0.3652344346046448 0.3847656846046448
vt 0.3652344346046448 0.3847656846046448
vt 0.4054815173149109 0.3847656846046448
vt 0.32498735189437866 0.3847656846046448
vt 0.3652344346046448 0.3847656846046448
vt 0.32498735189437866 0.3847656846046448
vt 0.3652344346046448 0.3847656846046448
vt 0.32498735189437866 0.3847656846046448
vt 0.2847402095794678 0.3847656846046448
vt 0.2847402095794678 0.3847656846046448
vt 0.32498735189437866 0.3847656846046448
vt 0.2847402095794678 0.3847656846046448
vt 0.24449311196804047 0.3847656846046448
vt 0.24449311196804047 0.3847656846046448
vt 0.2847402095794678 0.3847656846046448
vt 0.20424599945545197 0.3847656846046448
vt 0.24449311196804047 0.3847656846046448
vt 0.24449311196804047 0.3847656846046448
vt 0.20424599945545197 0.3847656846046448
vt 0.16399885714054108 0.3847656846046448
vt 0.20424599945545197 0.3847656846046448
vt 0.20424599945545197 0.3847656846046448
vt 0.16399885714054108 0.3847656846046448
vt 0.16399885714054108 0.3847656846046448
vt 0.12375177443027496 0.3847656846046448
vt 0.12375177443027496 0.3847656846046448
vt 0.16399885714054108 0.3847656846046448
vt 0.42560505867004395 0.5055069923400879
vt 0.30486375093460083 0.3847656846046448
vt 0.42560505867004395 0.3847656846046448
vt 0.30486375093460083 0.5055069923400879
vt 0.42560505867004395 0.5055069923400879
vt 0.30486375093460083 0.3847656846046448
vt 0.42560505867004395 0.3847656846046448
vt 0.30486375093460083 0.5055069923400879
vt 0.42560505867004395 0.44513630867004395
vt 0.3255305290222168 0.5055069923400879
vt 0.30486375093460083 0.44513630867004395
vt 0.30486375093460083 0.47684675455093384
vt 0.3947749733924866 0.5055069923400879
vt 0.42560505867004395 0.48640018701553345
vt 0.42560505867004395 0.44513630867004395
vt 0.3947749733924866 0.5055069923400879
vt 0.42560505867004395 0.48640018701553345
vt 0.3255305290222168 0.5055069923400879
vt 0.30486375093460083 0.44513630867004395
vt 0.30486375093460083 0.47684675455093384
vt 0.6679624915122986 0.9137269854545593
vt 0.8665358424186707 0.9137269854545593
vt 0.8665358424186707 0.9137269854545593
vt 0.6679624915122986 0.9137269854545593
vt 0.18412239849567413 0.5055069923400879
vt 0.18412239849567413 0.44513630867004395
vt 0.18412239849567413 0.44513630867004395
vt 0.18412239849567413 0.5055069923400879
vt 0.18412239849567413 0.44513630867004395
vt 0.18412239849567413 0.5055069923400879
vt 0.18412239849567413 0.44513630867004395
vt 0.18412239849567413 0.5055069923400879
vt 0.38535791635513306 0.20365369319915771
vt 0.42560505867004395 0.14328300952911377
vt 0.42560505867004395 0.20365369319915771
vt 0.38535791635513306 0.14328300952911377
vt 0.34511083364486694 0.14328300952911377
vt 0.34511083364486694 0.20365369319915771
vt 0.34511083364486694 0.14328300952911377
vt 0.34511083364486694 0.20365369319915771
vt 0.30486375093460083 0.14328300952911377
vt 0.30486375093460083 0.20365369319915771
vt 0.42560505867004395 0.14328300952911377
vt 0.38535791635513306 0.20365369319915771
vt 0.42560505867004395 0.20365369319915771
vt 0.38535791635513306 0.14328300952911377
vt 0.34511083364486694 0.14328300952911377
vt 0.34511083364486694 0.20365369319915771
vt 0.34511083364486694 0.20365369319915771
vt 0.34511083364486694 0.14328300952911377
vt 0.30486375093460083 0.14328300952911377
vt 0.30486375093460083 0.20365369319915771
vt 0.42560505867004395 0.20365369319915771
vt 0.41051238775253296 0.14328300952911377
vt 0.42560505867004395 0.14328300952911377
vt 0.42560505867004395 0.14328300952911377
vt 0.42560505867004395 0.20365369319915771
vt 0.42560505867004395 0.14328300952911377
vt 0.42560505867004395 0.14328300952911377
vt 0.41051238775253296 0.20365369319915771
vt 0.395419716835022 0.14328300952911377
vt 0.395419716835022 0.20365369319915771
vt 0.365234375 0.14328300952911377
vt 0.365234375 0.20365369319915771
vt 0.30486375093460083 0.14328300952911377
vt 0.30486375093460083 0.20365369319915771
vt 0.42560505867004395 0.14328300952911377
vt 0.42560505867004395 0.20365369319915771
vt 0.42560505867004395 0.20365369319915771
vt 0.42560505867004395 0.14328300952911377
vt 0.42560505867004395 0.20365369319915771
vt 0.42560505867004395 0.14328300952911377
vt 0.41051238775253296 0.14328300952911377
vt 0.41051238775253296 0.20365369319915771
vt 0.395419716835022 0.14328300952911377
vt 0.395419716835022 0.20365369319915771
vt 0.365234375 0.14328300952911377
vt 0.365234375 0.20365369319915771
vt 0.30486375093460083 0.14328300952911377
vt 0.30486375093460083 0.20365369319915771
vt 0.42560505867004395 0.14328300952911377
vt 0.42560505867004395 0.20365369319915771
vt 0.42560505867004395 0.20365369319915771
vt 0.42560505867004395 0.14328300952911377
vt 0.42560505867004395 0.17346835136413574
vt 0.30486375093460083 0.14328300952911377
vt 0.42560505867004395 0.14328300952911377
vt 0.30486375093460083 0.17346835136413574
vt 0.42560505867004395 0.14328300952911377
vt 0.42560505867004395 0.17346835136413574
vt 0.42560505867004395 0.20365369319915771
vt 0.30486375093460083 0.20365369319915771
vt 0.27467840909957886 0.35693246126174927
vt 0.42560505867004395 0.57058185338974
vt 0.42560505867004395 0.4753216505050659
vt 0.42560505867004395 0.5055069923400879
vt 0.42560505867004395 0.14328300952911377
vt 0.30486375093460083 0.14328300952911377
vt 0.42560505867004395 0.17346835136413574
vt 0.30486375093460083 0.17346835136413574
vt 0.42560505867004395 0.20365369319915771
vt 0.30486375093460083 0.20365369319915771
vt 0.606717050075531 0.626248300075531
vt 0.5664699077606201 0.3847656846046448
vt 0.5664699077606201 0.626248300075531
vt 0.606717050075531 0.3847656846046448
vt 0.5262228846549988 0.4719057083129883
vt 0.526222825050354 0.626248300075531
vt 0.4859757423400879 0.626248300075531
vt 0.4859757423400879 0.4719057083129883
vt 0.4457286596298218 0.626248300075531
vt 0.4457286596298218 0.4719057083129883
vt 0.4054815173149109 0.626248300075531
vt 0.4054815173149109 0.3847656846046448
vt 0.3652344346046448 0.626248300075531
vt 0.3652344346046448 0.3847656846046448
vt 0.32498735189437866 0.626248300075531
vt 0.32498735189437866 0.3847656846046448
vt 0.2847402095794678 0.3847656846046448
vt 0.2847402095794678 0.626248300075531
vt 0.24449311196804047 0.3847656846046448
vt 0.24449311196804047 0.626248300075531
vt 0.20424599945545197 0.3847656846046448
vt 0.20424599945545197 0.626248300075531
vt 0.16399885714054108 0.3847656846046448
vt 0.16399885714054108 0.626248300075531
vt 0.12375177443027496 0.3847656846046448
vt 0.12375177443027496 0.626248300075531
vt 0.18412239849567413 0.5055069923400879
vt 0.18412239849567413 0.44513630867004395
vt 0.18412239849567413 0.5055069923400879
vt 0.18412239849567413 0.44513630867004395
vt 0.18412239849567413 0.5055069923400879
vt 0.18412239849567413 0.5055069923400879
vt 0.18412239849567413 0.44513630867004395
vt 0.18412239849567413 0.5055069923400879
vt 0.18412239849567413 0.5055069923400879
vt 0.18412239849567413 0.44513630867004395
vt 0.18412239849567413 0.5055069923400879
vt 0.18412239849567413 0.5055069923400879
vt 0.18412239849567413 0.44513630867004395
vt 0.18412239849567413 0.5055069923400879
vt 0.18412239849567413 0.5055069923400879
vt 0.42560505867004395 0.57058185338974
vt 0.42560505867004395 0.4753216505050659
vt 0.42560505867004395 0.5055069923400879
vt 0.27467840909957886 0.35693246126174927
vt 0.42560505867004395 0.14328300952911377
vt 0.42560505867004395 0.17346835136413574
vt 0.42560505867004395 0.17346835136413574
vt 0.42560505867004395 0.14328300952911377
vt 0.42560505867004395 0.14328300952911377
vt 0.27467840909957886 0.35693246126174927
vt 0.42560505867004395 0.57058185338974
vt 0.42560505867004395 0.5055069923400879
vt 0.42560505867004395 0.44513630867004395
vt 0.42560505867004395 0.44513630867004395
vt 0.42560505867004395 0.5055069923400879
vt 0.41051238775253296 0.44513630867004395
vt 0.41051238775253296 0.5055069923400879
vt 0.395419716835022 0.44513630867004395
vt 0.395419716835022 0.5055069923400879
vt 0.42560505867004395 0.5055069923400879
vt 0.42560505867004395 0.5055069923400879
vt 0.42560505867004395 0.5055069923400879
vt 0.42560505867004395 0.44513630867004395
vt 0.42560505867004395 0.5055069923400879
vt 0.42560505867004395 0.44513630867004395
vt 0.42560505867004395 0.44513630867004395
vt 0.42560505867004395 0.5055069923400879
vt 0.42560505867004395 0.5055069923400879
vt 0.42560505867004395 0.44513630867004395
vt 0.41051238775253296 0.44513630867004395
vt 0.41051238775253296 0.5055069923400879
vt 0.395419716835022 0.44513630867004395
vt 0.395419716835022 0.5055069923400879
vt 0.2952273488044739 0.54442298412323
vt 0.18412239849567413 0.3847656846046448
vt 0.2952273488044739 0.3458496332168579
vt 0.18412239849567413 0.5055069923400879
vt 0.2952273488044739 0.54442298412323
vt 0.2952273488044739 0.3458496332168579
vt 0.2952273488044739 0.3458496332168579
vt 0.2952273488044739 0.54442298412323
vt 0.2952273488044739 0.3458496332168579
vt 0.2952273488044739 0.54442298412323
vt 0.30486375093460083 0.5055069923400879
vt 0.18412239849567413 0.5055069923400879
vt 0.18412239849567413 0.44513630867004395
vt 0.30486375093460083 0.44513630867004395
vt 0.30486375093460083 0.44513630867004395
vt 0.30486375093460083 0.44513630867004395
vt 0.30486375093460083 0.5055069923400879
vt 0.30486375093460083 0.5055069923400879
vt 0.30486375093460083 0.5055069923400879
vt 0.30486375093460083 0.5055069923400879
vt 0.18412239849567413 0.5055069923400879
vt 0.30486375093460083 0.5055069923400879
vt 0.18412239849567413 0.44513630867004395
vt 0.30486375093460083 0.44513630867004395
vt 0.4122377038002014 0.5055069923400879
vt 0.42560505867004395 0.4798438549041748
vt 0.40975797176361084 0.5055069923400879
vt 0.41534173488616943 0.5055069923400879
vt 0.42560505867004395 0.4712895154953003
vt 0.42560505867004395 0.4712895154953003
vt 0.41535961627960205 0.5055069923400879
vt 0.42560505867004395 0.4712895154953003
vt 0.42560505867004395 0.4753216505050659
vt 0.27467840909957886 0.35693246126174927
vt 0.42560505867004395 0.57058185338974
vt 0.42560505867004395 0.17346835136413574
vt 0.42560505867004395 0.14328300952911377
vt 0.365234375 0.5055069923400879
vt 0.395419716835022 0.5055069923400879
vt 0.365234375 0.44513630867004395
vt 0.395419716835022 0.44513630867004395
vt 0.365234375 0.5055069923400879
vt 0.30486375093460083 0.44513630867004395
vt 0.365234375 0.44513630867004395
vt 0.30486375093460083 0.5055069923400879
vt 0.365234375 0.44513630867004395
vt 0.365234375 0.5055069923400879
vt 0.365234375 0.5055069923400879
vt 0.365234375 0.5055069923400879
vt 0.365234375 0.44513630867004395
vt 0.365234375 0.5055069923400879
vt 0.365234375 0.5055069923400879
vt 0.395419716835022 0.5055069923400879
vt 0.395419716835022 0.44513630867004395
vt 0.5664699077606201 0.3847656846046448
vt 0.526222825050354 0.4719057083129883
vt 0.5262228846549988 0.4719057083129883
vt 0.5664699077606201 0.3847656846046448
vt 0.4054815173149109 0.3847656846046448
vt 0.4457286596298218 0.4719057083129883
vt 0.4457286596298218 0.4719057083129883
vt 0.4054815173149109 0.3847656846046448
vt 0.42560505867004395 0.5055069923400879
vt 0.38535791635513306 0.44513630867004395
vt 0.42560505867004395 0.44513630867004395
vt 0.38535791635513306 0.5055069923400879
vt 0.34511083364486694 0.44513630867004395
vt 0.30486375093460083 0.5055069923400879
vt 0.30486375093460083 0.44513630867004395
vt 0.34511083364486694 0.5055069923400879
vt 0.38535791635513306 0.44513630867004395
vt 0.34511083364486694 0.5055069923400879
vt 0.34511083364486694 0.44513630867004395
vt 0.38535791635513306 0.5055069923400879
vt 0.42560505867004395 0.5055069923400879
vt 0.42560505867004395 0.44513630867004395
vt 0.38535791635513306 0.44513630867004395
vt 0.38535791635513306 0.5055069923400879
vt 0.34511083364486694 0.44513630867004395
vt 0.30486375093460083 0.5055069923400879
vt 0.34511083364486694 0.5055069923400879
vt 0.30486375093460083 0.44513630867004395
vt 0.38535791635513306 0.44513630867004395
vt 0.34511083364486694 0.5055069923400879
vt 0.38535791635513306 0.5055069923400879
vt 0.34511083364486694 0.44513630867004395
vt 0.18412239849567413 0.5055069923400879
vt 0.18412239849567413 0.3847656846046448
vt 0.18412239849567413 0.3847656846046448
vt 0.18412239849567413 0.5055069923400879
vt 0.3148893713951111 0.5055069923400879
vt 0.3179395794868469 0.5055069923400879
vt 0.30486375093460083 0.4712895154953003
vt 0.3148806691169739 0.5055069923400879
vt 0.30486375093460083 0.4712895154953003
vt 0.42560505867004395 0.4798438549041748
vt 0.42560505867004395 0.626248300075531
vt 0.4175286293029785 0.626248300075531
vt 0.4175403118133545 0.626248300075531
vt 0.42560505867004395 0.626248300075531
vt 0.40975797176361084 0.5055069923400879
vt 0.4122377038002014 0.5055069923400879
vt 0.42560505867004395 0.4712895154953003
vt 0.42560505867004395 0.44513630867004395
vt 0.5463463664054871 0.4712895154953003
vt 0.42560505867004395 0.44513630867004395
vt 0.5463463664054871 0.44513630867004395
vt 0.5463463664054871 0.44513630867004395
vt 0.5463463664054871 0.4712895154953003
vt 0.5463463664054871 0.4712895154953003
vt 0.5463463664054871 0.4712895154953003
vt 0.42560505867004395 0.4712895154953003
vt 0.42560505867004395 0.4712895154953003
vt 0.42560505867004395 0.4798438549041748
vt 0.4122377038002014 0.5055069923400879
vt 0.40975797176361084 0.5055069923400879
vt 0.41534173488616943 0.5055069923400879
vt 0.42560505867004395 0.4712895154953003
vt 0.41535961627960205 0.5055069923400879
vt 0.42560505867004395 0.4712895154953003
vt 0.42560505867004395 0.44513630867004395
vt 0.42560505867004395 0.44513630867004395
vt 0.42560505867004395 0.4712895154953003
vt 0.5463463664054871 0.3847656846046448
vt 0.5463463664054871 0.5055069923400879
vt 0.42560505867004395 0.3847656846046448
vt 0.42560505867004395 0.5055069923400879
vt 0.365234375 0.5055069923400879
vt 0.365234375 0.44513630867004395
vt 0.30486375093460083 0.44513630867004395
vt 0.30486375093460083 0.5055069923400879
vt 0.38535791635513306 0.589174211025238
vt 0.42560505867004395 0.589174211025238
vt 0.38535791635513306 0.626248300075531
vt 0.38535791635513306 0.5055069923400879
vt 0.42560505867004395 0.5055069923400879
vt 0.34511083364486694 0.5055069923400879
vt 0.34511083364486694 0.589174211025238
vt 0.34511083364486694 0.626248300075531
vt 0.30486375093460083 0.5055069923400879
vt 0.30486375093460083 0.589174211025238
vt 0.30486375093460083 0.626248300075531
vt 0.38535791635513306 0.589174211025238
vt 0.38535791635513306 0.626248300075531
vt 0.42560505867004395 0.589174211025238
vt 0.38535791635513306 0.5055069923400879
vt 0.42560505867004395 0.5055069923400879
vt 0.34511083364486694 0.5055069923400879
vt 0.34511083364486694 0.589174211025238
vt 0.34511083364486694 0.626248300075531
vt 0.30486375093460083 0.5055069923400879
vt 0.30486375093460083 0.589174211025238
vt 0.30486375093460083 0.626248300075531
vt 0.42560505867004395 0.20365369319915771
vt 0.42560505867004395 0.17346835136413574
vt 0.12375171482563019 0.14328300952911377
vt 0.42560505867004395 0.17346835136413574
vt 0.27467840909957886 0.35693246126174927
vt 0.27467840909957886 0.35693246126174927
vt 0.42560505867004395 0.44513630867004395
vt 0.42560505867004395 0.4753216505050659
vt 0.12375171482563019 0.14328300952911377
vt 0.42560505867004395 0.17346835136413574
vt 0.27467840909957886 0.35693246126174927
vt 0.42560505867004395 0.17346835136413574
vt 0.42560505867004395 0.20365369319915771
vt 0.42560505867004395 0.44513630867004395
vt 0.27467840909957886 0.35693246126174927
vt 0.42560505867004395 0.4753216505050659
vt 0.5463463664054871 0.5055069923400879
vt 0.42560505867004395 0.3847656846046448
vt 0.5463463664054871 0.3847656846046448
vt 0.42560505867004395 0.5055069923400879
vt 0.5463463664054871 0.5055069923400879
vt 0.42560505867004395 0.44513630867004395
vt 0.42560505867004395 0.5055069923400879
vt 0.5463463664054871 0.44513630867004395
vt 0.8276197910308838 0.8026220798492432
vt 0.6679624915122986 0.9137269854545593
vt 0.8665358424186707 0.9137269854545593
vt 0.7068784832954407 0.8026220798492432
vt 0.184828981757164 0.5055069923400879
vt 0.30486375093460083 0.47684675455093384
vt 0.3255305290222168 0.5055069923400879
vt 0.18412239849567413 0.47684675455093384
vt 0.18412239849567413 0.44513630867004395
vt 0.30486375093460083 0.44513630867004395
vt 0.40477776527404785 0.626248300075531
vt 0.3258059024810791 0.626248300075531
vt 0.3947749733924866 0.5055069923400879
vt 0.42560505867004395 0.48640018701553345
vt 0.42560505867004395 0.626248300075531
vt 0.5463463664054871 0.44513630867004395
vt 0.42560505867004395 0.44513630867004395
vt 0.5463463664054871 0.47684675455093384
vt 0.184828981757164 0.5055069923400879
vt 0.30486375093460083 0.47684675455093384
vt 0.18412239849567413 0.47684675455093384
vt 0.18412239849567413 0.44513630867004395
vt 0.30486375093460083 0.44513630867004395
vt 0.3255305290222168 0.5055069923400879
vt 0.40477776527404785 0.626248300075531
vt 0.3258059024810791 0.626248300075531
vt 0.3947749733924866 0.5055069923400879
vt 0.42560505867004395 0.48640018701553345
vt 0.42560505867004395 0.626248300075531
vt 0.5463463664054871 0.44513630867004395
vt 0.5463463664054871 0.47684675455093384
vt 0.42560505867004395 0.44513630867004395
vt 0.18412239849567413 0.5055069923400879
vt 0.30486375093460083 0.44513630867004395
vt 0.30486375093460083 0.5055069923400879
vt 0.18412239849567413 0.44513630867004395
vt 0.18412239849567413 0.5055069923400879
vt 0.30486375093460083 0.44513630867004395
vt 0.18412239849567413 0.44513630867004395
vt 0.30486375093460083 0.5055069923400879
vt 0.40975797176361084 0.5055069923400879
vt 0.4175286293029785 0.626248300075531
vt 0.42560505867004395 0.4798438549041748
vt 0.42560505867004395 0.626248300075531
vt 0.4122377038002014 0.5055069923400879
vt 0.42560505867004395 0.4712895154953003
vt 0.41534173488616943 0.5055069923400879
vt 0.42560505867004395 0.4712895154953003
vt 0.5463463664054871 0.4712895154953003
vt 0.42560505867004395 0.44513630867004395
vt 0.5463463664054871 0.44513630867004395
vt 0.606717050075531 0.626248300075531
vt 0.5664699077606201 0.3847656846046448
vt 0.606717050075531 0.3847656846046448
vt 0.5664699077606201 0.626248300075531
vt 0.526222825050354 0.3847656846046448
vt 0.526222825050354 0.626248300075531
vt 0.4859757423400879 0.626248300075531
vt 0.4859757423400879 0.3847656846046448
vt 0.4457286596298218 0.626248300075531
vt 0.4457286596298218 0.3847656846046448
vt 0.4054815173149109 0.626248300075531
vt 0.4054815173149109 0.3847656846046448
vt 0.3652344346046448 0.626248300075531
vt 0.3652344346046448 0.3847656846046448
vt 0.32498735189437866 0.626248300075531
vt 0.32498735189437866 0.3847656846046448
vt 0.2847402095794678 0.3847656846046448
vt 0.2847402095794678 0.626248300075531
vt 0.24449311196804047 0.3847656846046448
vt 0.24449311196804047 0.626248300075531
vt 0.20424599945545197 0.3847656846046448
vt 0.20424599945545197 0.626248300075531
vt 0.16399885714054108 0.3847656846046448
vt 0.16399885714054108 0.626248300075531
vt 0.12375177443027496 0.3847656846046448
vt 0.12375177443027496 0.626248300075531
vt 0.18505312502384186 0.5055069923400879
vt 0.30486375093460083 0.4712895154953003
vt 0.31618213653564453 0.5055069923400879
vt 0.3179395794868469 0.5055069923400879
vt 0.18412239849567413 0.5055069923400879
vt 0.18412239849567413 0.4712895154953003
vt 0.18412239849567413 0.4712895154953003
vt 0.18412239849567413 0.44513630867004395
vt 0.18412239849567413 0.44513630867004395
vt 0.18412239849567413 0.4712895154953003
vt 0.18412239849567413 0.4712895154953003
vt 0.30486375093460083 0.44513630867004395
vt 0.30486375093460083 0.4712895154953003
vt 0.30486375093460083 0.44513630867004395
vt 0.30486375093460083 0.4712895154953003
vt 0.30486375093460083 0.4712895154953003
vt 0.3179395794868469 0.5055069923400879
vt 0.3148893713951111 0.5055069923400879
vt 0.30486375093460083 0.44513630867004395
vt 0.30486375093460083 0.4712895154953003
vt 0.3148806691169739 0.5055069923400879
vt 0.30486375093460083 0.44513630867004395
vt 0.30486375093460083 0.4712895154953003
vt 0.30486375093460083 0.4712895154953003
vt 0.3148893713951111 0.5055069923400879
vt 0.30486375093460083 0.4712895154953003
vt 0.3148806691169739 0.5055069923400879
vt 0.20424599945545197 0.3847656846046448
vt 0.20424599945545197 0.3847656846046448
vt 0.16399885714054108 0.3847656846046448
vt 0.16399885714054108 0.3847656846046448
vt 0.12375177443027496 0.3847656846046448
vt 0.12375177443027496 0.3847656846046448
vt 0.24449311196804047 0.3847656846046448
vt 0.24449311196804047 0.3847656846046448
vt 0.2847402095794678 0.3847656846046448
vt 0.2847402095794678 0.3847656846046448
vt 0.32498735189437866 0.3847656846046448
vt 0.32498735189437866 0.3847656846046448
vt 0.3652344346046448 0.3847656846046448
vt 0.3652344346046448 0.3847656846046448
vt 0.4054815173149109 0.3847656846046448
vt 0.4054815173149109 0.3847656846046448
vt 0.4457286596298218 0.3847656846046448
vt 0.4457286596298218 0.3847656846046448
vt 0.4859757423400879 0.3847656846046448
vt 0.4859757423400879 0.3847656846046448
vt 0.526222825050354 0.3847656846046448
vt 0.526222825050354 0.3847656846046448
vt 0.5664699077606201 0.3847656846046448
vt 0.5664699077606201 0.3847656846046448
vt 0.606717050075531 0.3847656846046448
vt 0.606717050075531 0.3847656846046448
vt 0.42560505867004395 0.626248300075531
vt 0.38535791635513306 0.5055069923400879
vt 0.42560505867004395 0.5055069923400879
vt 0.38535791635513306 0.626248300075531
vt 0.34511083364486694 0.5055069923400879
vt 0.34511083364486694 0.626248300075531
vt 0.30486375093460083 0.5055069923400879
vt 0.30486375093460083 0.626248300075531
vt 0.42560505867004395 0.626248300075531
vt 0.42560505867004395 0.5055069923400879
vt 0.38535791635513306 0.5055069923400879
vt 0.38535791635513306 0.626248300075531
vt 0.34511083364486694 0.5055069923400879
vt 0.34511083364486694 0.626248300075531
vt 0.30486375093460083 0.5055069923400879
vt 0.30486375093460083 0.626248300075531
vt 0.4175286293029785 0.626248300075531
vt 0.31618213653564453 0.5055069923400879
vt 0.40975797176361084 0.5055069923400879
vt 0.3126400113105774 0.626248300075531
vt 0.31263989210128784 0.626248300075531
vt 0.4175286293029785 0.626248300075531
vt 0.4175403118133545 0.626248300075531
vt 0.3126400113105774 0.626248300075531
vt 0.4122377038002014 0.5055069923400879
vt 0.40975797176361084 0.5055069923400879
vt 0.3179395794868469 0.5055069923400879
vt 0.31618213653564453 0.5055069923400879
vt 0.3148893713951111 0.5055069923400879
vt 0.41534173488616943 0.5055069923400879
vt 0.41535961627960205 0.5055069923400879
vt 0.3148806691169739 0.5055069923400879
vt 0.4175286293029785 0.626248300075531
vt 0.40975797176361084 0.5055069923400879
vt 0.31618213653564453 0.5055069923400879
vt 0.3126400113105774 0.626248300075531
vt 0.4175286293029785 0.626248300075531
vt 0.31263989210128784 0.626248300075531
vt 0.4175403118133545 0.626248300075531
vt 0.3126400113105774 0.626248300075531
vt 0.4122377038002014 0.5055069923400879
vt 0.3179395794868469 0.5055069923400879
vt 0.40975797176361084 0.5055069923400879
vt 0.31618213653564453 0.5055069923400879
vt 0.3148893713951111 0.5055069923400879
vt 0.41534173488616943 0.5055069923400879
vt 0.41535961627960205 0.5055069923400879
vt 0.3148806691169739 0.5055069923400879
vt 0.42560505867004395 0.44513630867004395
vt 0.5463463664054871 0.44513630867004395
vt 0.5463463664054871 0.5055069923400879
vt 0.42560505867004395 0.5055069923400879
vt 0.5463463664054871 0.5055069923400879
vt 0.42560505867004395 0.44513630867004395
vt 0.42560505867004395 0.5055069923400879
vt 0.5463463664054871 0.44513630867004395
vt 0.365234375 0.626248300075531
vt 0.30486375093460083 0.626248300075531
vt 0.365234375 0.626248300075531
vt 0.30486375093460083 0.626248300075531
vt 0.4557904005050659 0.32439500093460083
vt 0.365234375 0.14328300952911377
vt 0.4557904005050659 0.5658776760101318
vt 0.365234375 0.626248300075531
vt 0.18412239849567413 0.5055069923400879
vt 0.5010683536529541 0.5356923341751099
vt 0.5010683536529541 0.414950966835022
vt 0.5463463664054871 0.5055069923400879
vt 0.42560505867004395 0.5055069923400879
vt 0.41051238775253296 0.626248300075531
vt 0.42560505867004395 0.626248300075531
vt 0.41051238775253296 0.5055069923400879
vt 0.395419716835022 0.626248300075531
vt 0.395419716835022 0.5055069923400879
vt 0.365234375 0.626248300075531
vt 0.365234375 0.5055069923400879
vt 0.30486375093460083 0.626248300075531
vt 0.30486375093460083 0.5055069923400879
vt 0.365234375 0.626248300075531
vt 0.365234375 0.626248300075531
vt 0.30486375093460083 0.626248300075531
vt 0.30486375093460083 0.626248300075531
vt 0.8276197910308838 0.8026220798492432
vt 0.6679624915122986 0.9137269854545593
vt 0.7068784832954407 0.8026220798492432
vt 0.8665358424186707 0.9137269854545593
vt 0.6679624915122986 0.9137269854545593
vt 0.8665358424186707 0.9137269854545593
vt 0.8665358424186707 0.9137269854545593
vt 0.6679624915122986 0.9137269854545593
vt 0.30486375093460083 0.626248300075531
vt 0.30486375093460083 0.626248300075531
vt 0.30486375093460083 0.626248300075531
vt 0.30486375093460083 0.626248300075531
vt 0.30486375093460083 0.626248300075531
vt 0.30486375093460083 0.626248300075531
vt 0.30486375093460083 0.626248300075531
vt 0.30486375093460083 0.626248300075531
vt 0.5463463664054871 0.5055069923400879
vt 0.5463463664054871 0.5055069923400879
vt 0.5463463664054871 0.5055069923400879
vt 0.5463463664054871 0.5055069923400879
vt 0.5010683536529541 0.414950966835022
vt 0.5463463664054871 0.5055069923400879
vt 0.5463463664054871 0.5055069923400879
vt 0.5463463664054871 0.44513630867004395
vt 0.5463463664054871 0.44513630867004395
vt 0.5463463664054871 0.5055069923400879
vt 0.5463463664054871 0.5055069923400879
vt 0.5463463664054871 0.5055069923400879
vt 0.5463463664054871 0.5055069923400879
vt 0.5463463664054871 0.5055069923400879
vt 0.5463463664054871 0.5055069923400879
vt 0.5463463664054871 0.44513630867004395
vt 0.5463463664054871 0.5055069923400879
vt 0.5463463664054871 0.5055069923400879
vt 0.5010683536529541 0.414950966835022
vt 0.5010683536529541 0.5356923341751099
vt 0.4557904005050659 0.32439500093460083
vt 0.4557904005050659 0.5658776760101318
vt 0.365234375 0.14328300952911377
vt 0.365234375 0.626248300075531
vt 0.18412239849567413 0.5055069923400879
vt 0.18412239849567413 0.5055069923400879
vt 0.18412239849567413 0.5055069923400879
vt 0.18412239849567413 0.5055069923400879
vt 0.395419716835022 0.626248300075531
vt 0.365234375 0.626248300075531
vt 0.395419716835022 0.626248300075531
vt 0.41051238775253296 0.626248300075531
vt 0.41051238775253296 0.626248300075531
vt 0.42560505867004395 0.626248300075531
vt 0.42560505867004395 0.626248300075531
vt 0.42560505867004395 0.626248300075531
vt 0.42560505867004395 0.626248300075531
vt 0.42560505867004395 0.626248300075531
vt 0.42560505867004395 0.626248300075531
vt 0.42560505867004395 0.5055069923400879
vt 0.42560505867004395 0.5055069923400879
vt 0.42560505867004395 0.5055069923400879
vt 0.42560505867004395 0.5055069923400879
vt 0.42560505867004395 0.5055069923400879
vt 0.42560505867004395 0.44513630867004395
vt 0.42560505867004395 0.5055069923400879
vt 0.41051238775253296 0.5055069923400879
vt 0.42560505867004395 0.5055069923400879
vt 0.42560505867004395 0.5055069923400879
vt 0.42560505867004395 0.44513630867004395
vt 0.42560505867004395 0.5055069923400879
vt 0.42560505867004395 0.5055069923400879
vt 0.42560505867004395 0.5055069923400879
vt 0.42560505867004395 0.5055069923400879
vt 0.42560505867004395 0.44513630867004395
vt 0.42560505867004395 0.44513630867004395
vt 0.42560505867004395 0.5055069923400879
vt 0.42560505867004395 0.5055069923400879
vt 0.42560505867004395 0.5055069923400879
vt 0.42560505867004395 0.5055069923400879
vt 0.41051238775253296 0.5055069923400879
vt 0.41051238775253296 0.5055069923400879
vt 0.42560505867004395 0.5055069923400879
vt 0.395419716835022 0.5055069923400879
vt 0.395419716835022 0.5055069923400879
vt 0.365234375 0.5055069923400879
vt 0.365234375 0.5055069923400879
vt 0.42560505867004395 0.5055069923400879
vt 0.41051238775253296 0.5055069923400879
vt 0.395419716835022 0.5055069923400879
vt 0.395419716835022 0.5055069923400879
vt 0.2952273488044739 0.3458496332168579
vt 0.18412239849567413 0.3847656846046448
vt 0.18412239849567413 0.3847656846046448
vt 0.18412239849567413 0.3847656846046448
vt 0.2952273488044739 0.3458496332168579
vt 0.2952273488044739 0.3458496332168579
vt 0.2952273488044739 0.3458496332168579
vt 0.2952273488044739 0.3458496332168579
vt 0.2952273488044739 0.3458496332168579
vt 0.2952273488044739 0.3458496332168579
vt 0.2952273488044739 0.54442298412323
vt 0.2952273488044739 0.54442298412323
vt 0.2952273488044739 0.54442298412323
vt 0.2952273488044739 0.54442298412323
vt 0.18412239849567413 0.5055069923400879
vt 0.2952273488044739 0.54442298412323
vt 0.18412239849567413 0.5055069923400879
vt 0.2952273488044739 0.54442298412323
vt 0.18412239849567413 0.5055069923400879
vt 0.2952273488044739 0.54442298412323
vt 0.2952273488044739 0.3458496332168579
vt 0.2952273488044739 0.3458496332168579
vt 0.2952273488044739 0.3458496332168579
vt 0.2952273488044739 0.3458496332168579
vt 0.2952273488044739 0.54442298412323
vt 0.2952273488044739 0.54442298412323
vt 0.2952273488044739 0.54442298412323
vt 0.2952273488044739 0.54442298412323
vt 0.2952273488044739 0.3458496332168579
vt 0.2952273488044739 0.3458496332168579
vt 0.2952273488044739 0.3458496332168579
vt 0.2952273488044739 0.3458496332168579
vt 0.2952273488044739 0.54442298412323
vt 0.2952273488044739 0.54442298412323
vt 0.2952273488044739 0.54442298412323
vt 0.2952273488044739 0.54442298412323
vt 0.8665358424186707 0.9137269854545593
vt 0.8276197910308838 0.8026220798492432
vt 0.8276197910308838 0.8026220798492432
vt 0.8665358424186707 0.9137269854545593
vt 0.6679624915122986 0.9137269854545593
vt 0.7068784832954407 0.8026220798492432
vt 0.7068784832954407 0.8026220798492432
vt 0.6679624915122986 0.9137269854545593
vt 0.8665358424186707 0.9137269854545593
vt 0.8665358424186707 0.9137269854545593
vt 0.8665358424186707 0.9137269854545593
vt 0.8665358424186707 0.9137269854545593
vt 0.6679624915122986 0.9137269854545593
vt 0.6679624915122986 0.9137269854545593
vt 0.6679624915122986 0.9137269854545593
vt 0.6679624915122986 0.9137269854545593
vt 0.8665358424186707 0.9137269854545593
vt 0.8665358424186707 0.9137269854545593
vt 0.8665358424186707 0.9137269854545593
vt 0.8665358424186707 0.9137269854545593
vt 0.6679624915122986 0.9137269854545593
vt 0.6679624915122986 0.9137269854545593
vt 0.6679624915122986 0.9137269854545593
vt 0.6679624915122986 0.9137269854545593
vt 0.42560505867004395 0.626248300075531
vt 0.30486375093460083 0.57058185338974
vt 0.42560505867004395 0.57058185338974
vt 0.30486375093460083 0.626248300075531
vt 0.30486375093460083 0.5055069923400879
vt 0.42560505867004395 0.5055069923400879
vt 0.42560505867004395 0.5055069923400879
vt 0.30486375093460083 0.5055069923400879
vt 0.42560505867004395 0.5055069923400879
vt 0.42560505867004395 0.57058185338974
vt 0.42560505867004395 0.626248300075531
vt 0.42560505867004395 0.57058185338974
vt 0.42560505867004395 0.57058185338974
vt 0.42560505867004395 0.626248300075531
vt 0.42560505867004395 0.626248300075531
vt 0.42560505867004395 0.57058185338974
vt 0.30486375093460083 0.57058185338974
vt 0.30486375093460083 0.626248300075531
vt 0.30486375093460083 0.5055069923400879
vt 0.42560505867004395 0.5055069923400879
vt 0.42560505867004395 0.5055069923400879
vt 0.30486375093460083 0.5055069923400879
vt 0.42560505867004395 0.5055069923400879
vt 0.30486375093460083 0.5055069923400879
vt 0.42560505867004395 0.57058185338974
vt 0.42560505867004395 0.5055069923400879
vt 0.42560505867004395 0.57058185338974
vt 0.42560505867004395 0.57058185338974
vt 0.42560505867004395 0.626248300075531
vt 0.42560505867004395 0.57058185338974
vt 0.42560505867004395 0.626248300075531
vt 0.5664699077606201 0.626248300075531
vt 0.606717050075531 0.626248300075531
vt 0.606717050075531 0.626248300075531
vt 0.5664699077606201 0.626248300075531
vt 0.526222825050354 0.626248300075531
vt 0.5664699077606201 0.626248300075531
vt 0.5664699077606201 0.626248300075531
vt 0.526222825050354 0.626248300075531
vt 0.4859756827354431 0.626248300075531
vt 0.526222825050354 0.626248300075531
vt 0.4859757423400879 0.626248300075531
vt 0.526222825050354 0.626248300075531
vt 0.4859757423400879 0.626248300075531
vt 0.4457286596298218 0.626248300075531
vt 0.4859756827354431 0.626248300075531
vt 0.4457286596298218 0.626248300075531
vt 0.4457286596298218 0.626248300075531
vt 0.4054815173149109 0.626248300075531
vt 0.4054815173149109 0.626248300075531
vt 0.4457286596298218 0.626248300075531
vt 0.3652344346046448 0.626248300075531
vt 0.4054815173149109 0.626248300075531
vt 0.4054815173149109 0.626248300075531
vt 0.3652344346046448 0.626248300075531
vt 0.3249872922897339 0.626248300075531
vt 0.3652344346046448 0.626248300075531
vt 0.32498735189437866 0.626248300075531
vt 0.3652344346046448 0.626248300075531
vt 0.3249872922897339 0.626248300075531
vt 0.2847402095794678 0.626248300075531
vt 0.2847402095794678 0.626248300075531
vt 0.32498735189437866 0.626248300075531
vt 0.2847402095794678 0.626248300075531
vt 0.24449311196804047 0.626248300075531
vt 0.24449308216571808 0.626248300075531
vt 0.2847402095794678 0.626248300075531
vt 0.24449311196804047 0.626248300075531
vt 0.20424599945545197 0.626248300075531
vt 0.20424599945545197 0.626248300075531
vt 0.24449308216571808 0.626248300075531
vt 0.16399888694286346 0.6262483596801758
vt 0.20424599945545197 0.626248300075531
vt 0.16399885714054108 0.626248300075531
vt 0.20424599945545197 0.626248300075531
vt 0.16399888694286346 0.6262483596801758
vt 0.12375177443027496 0.626248300075531
vt 0.12375177443027496 0.626248300075531
vt 0.12375177443027496 0.626248300075531
vt 0.16399888694286346 0.6262483596801758
vt 0.16399885714054108 0.626248300075531
vt 0.365234375 0.5055069923400879
vt 0.365234375 0.5055069923400879
vt 0.30486375093460083 0.5055069923400879
vt 0.30486375093460083 0.5055069923400879
vt 0.42560505867004395 0.5055069923400879
vt 0.42560505867004395 0.5055069923400879
vt 0.42560505867004395 0.5055069923400879
vt 0.41051238775253296 0.5055069923400879
vt 0.41051238775253296 0.5055069923400879
vt 0.395419716835022 0.5055069923400879
vt 0.395419716835022 0.5055069923400879
vt 0.365234375 0.5055069923400879
vt 0.365234375 0.5055069923400879
vt 0.41051238775253296 0.5055069923400879
vt 0.395419716835022 0.5055069923400879
vt 0.365234375 0.5055069923400879
vt 0.365234375 0.5055069923400879
vt 0.30486375093460083 0.5055069923400879
vt 0.30486375093460083 0.5055069923400879
vt 0.30486375093460083 0.626248300075531
vt 0.365234375 0.626248300075531
vt 0.395419716835022 0.5055069923400879
vt 0.41051238775253296 0.5055069923400879
vt 0.395419716835022 0.626248300075531
vt 0.395419716835022 0.626248300075531
vt 0.365234375 0.626248300075531
vt 0.41051238775253296 0.626248300075531
vt 0.18412239849567413 0.5055069923400879
vt 0.18412239849567413 0.5055069923400879
vt 0.18412239849567413 0.5055069923400879
vt 0.365234375 0.14328300952911377
vt 0.18412239849567413 0.5055069923400879
vt 0.41051238775253296 0.626248300075531
vt 0.42560505867004395 0.626248300075531
vt 0.42560505867004395 0.5055069923400879
vt 0.42560505867004395 0.626248300075531
vt 0.42560505867004395 0.626248300075531
vt 0.42560505867004395 0.626248300075531
vt 0.42560505867004395 0.626248300075531
vt 0.42560505867004395 0.626248300075531
vt 0.42560505867004395 0.5055069923400879
vt 0.42560505867004395 0.5055069923400879
vt 0.606717050075531 0.3847656846046448
vt 0.5664699077606201 0.3847656846046448
vt 0.5664699077606201 0.3847656846046448
vt 0.606717050075531 0.3847656846046448
vt 0.4054815173149109 0.3847656846046448
vt 0.3652344346046448 0.3847656846046448
vt 0.3652344346046448 0.3847656846046448
vt 0.4054815173149109 0.3847656846046448
vt 0.32498735189437866 0.3847656846046448
vt 0.3652344346046448 0.3847656846046448
vt 0.32498735189437866 0.3847656846046448
vt 0.3652344346046448 0.3847656846046448
vt 0.32498735189437866 0.3847656846046448
vt 0.2847402095794678 0.3847656846046448
vt 0.2847402095794678 0.3847656846046448
vt 0.32498735189437866 0.3847656846046448
vt 0.2847402095794678 0.3847656846046448
vt 0.24449311196804047 0.3847656846046448
vt 0.24449311196804047 0.3847656846046448
vt 0.2847402095794678 0.3847656846046448
vt 0.20424599945545197 0.3847656846046448
vt 0.24449311196804047 0.3847656846046448
vt 0.24449311196804047 0.3847656846046448
vt 0.20424599945545197 0.3847656846046448
vt 0.16399885714054108 0.3847656846046448
vt 0.20424599945545197 0.3847656846046448
vt 0.20424599945545197 0.3847656846046448
vt 0.16399885714054108 0.3847656846046448
vt 0.16399885714054108 0.3847656846046448
vt 0.12375177443027496 0.3847656846046448
vt 0.12375177443027496 0.3847656846046448
vt 0.16399885714054108 0.3847656846046448
vt 0.42560505867004395 0.5055069923400879
vt 0.42560505867004395 0.5055069923400879
vt 0.42560505867004395 0.4753216505050659
vt 0.42560505867004395 0.4753216505050659
vt 0.42560505867004395 0.4753216505050659
vt 0.42560505867004395 0.4753216505050659
vt 0.42560505867004395 0.44513630867004395
vt 0.42560505867004395 0.44513630867004395
vt 0.42560505867004395 0.4753216505050659
vt 0.42560505867004395 0.4753216505050659
vt 0.42560505867004395 0.5055069923400879
vt 0.42560505867004395 0.5055069923400879
vt 0.42560505867004395 0.4753216505050659
vt 0.42560505867004395 0.4753216505050659
vt 0.4175286293029785 0.626248300075531
vt 0.4175403118133545 0.626248300075531
vt 0.42560505867004395 0.626248300075531
vt 0.42560505867004395 0.626248300075531
vt 0.8665358424186707 0.9137269854545593
vt 0.6679624915122986 0.9137269854545593
vt 0.6679624915122986 0.9137269854545593
vt 0.8665358424186707 0.9137269854545593
vt 0.6679624915122986 0.9137269854545593
vt 0.8665358424186707 0.9137269854545593
vt 0.30486375093460083 0.3847656846046448
vt 0.42560505867004395 0.2640243172645569
vt 0.42560505867004395 0.3847656846046448
vt 0.30486375093460083 0.2640243172645569
vt 0.42560505867004395 0.626248300075531
vt 0.30486375093460083 0.5055069923400879
vt 0.42560505867004395 0.5055069923400879
vt 0.30486375093460083 0.626248300075531
vt 0.42560505867004395 0.3847656846046448
vt 0.30486375093460083 0.2640243172645569
vt 0.42560505867004395 0.2640243172645569
vt 0.30486375093460083 0.3847656846046448
vt 0.42560505867004395 0.626248300075531
vt 0.30486375093460083 0.5055069923400879
vt 0.42560505867004395 0.5055069923400879
vt 0.30486375093460083 0.626248300075531
vt 0.30486375093460083 0.5055069923400879
vt 0.18412239849567413 0.5055069923400879
vt 0.18412239849567413 0.3847656846046448
vt 0.30486375093460083 0.3847656846046448
vt 0.4859756827354431 0.4719057083129883
vt 0.5262228846549988 0.4719057083129883
vt 0.526222825050354 0.4719057083129883
vt 0.4859757423400879 0.4719057083129883
vt 0.4859756827354431 0.4719057083129883
vt 0.4457286596298218 0.4719057083129883
vt 0.4859757423400879 0.4719057083129883
vt 0.4457286596298218 0.4719057083129883
vt 0.18505312502384186 0.5055069923400879
vt 0.30486375093460083 0.4712895154953003
vt 0.18412239849567413 0.4712895154953003
vt 0.18412239849567413 0.4712895154953003
vt 0.18412239849567413 0.5055069923400879
vt 0.18412239849567413 0.44513630867004395
vt 0.30486375093460083 0.44513630867004395
vt 0.31618213653564453 0.5055069923400879
vt 0.3179395794868469 0.5055069923400879
vt 0.30486375093460083 0.4712895154953003
vt 0.30486375093460083 0.4712895154953003
vt 0.3148893713951111 0.5055069923400879
vt 0.3148806691169739 0.5055069923400879
vt 0.30486375093460083 0.4712895154953003
vt 0.27467840909957886 0.35693246126174927
vt 0.42560505867004395 0.4753216505050659
vt 0.42560505867004395 0.4753216505050659
vt 0.27467840909957886 0.35693246126174927
vt 0.42560505867004395 0.17346835136413574
vt 0.27467840909957886 0.35693246126174927
vt 0.27467840909957886 0.35693246126174927
vt 0.27467840909957886 0.35693246126174927
vt 0.42560505867004395 0.17346835136413574
vt 0.42560505867004395 0.17346835136413574
vt 0.27467840909957886 0.35693246126174927
vt 0.42560505867004395 0.4753216505050659
vt 0.42560505867004395 0.4753216505050659
vt 0.27467840909957886 0.35693246126174927
vt 0.42560505867004395 0.17346835136413574
vt 0.27467840909957886 0.35693246126174927
vt 0.27467840909957886 0.35693246126174927
vt 0.42560505867004395 0.17346835136413574
vt 0.5664699077606201 0.626248300075531
vt 0.606717050075531 0.3847656846046448
vt 0.606717050075531 0.626248300075531
vt 0.5664699077606201 0.3847656846046448
vt 0.526222825050354 0.626248300075531
vt 0.526222825050354 0.3847656846046448
vt 0.4859757423400879 0.3847656846046448
vt 0.4859757423400879 0.626248300075531
vt 0.4457286596298218 0.3847656846046448
vt 0.4457286596298218 0.626248300075531
vt 0.4054815173149109 0.3847656846046448
vt 0.4054815173149109 0.626248300075531
vt 0.3652344346046448 0.3847656846046448
vt 0.3652344346046448 0.626248300075531
vt 0.32498735189437866 0.3847656846046448
vt 0.32498735189437866 0.626248300075531
vt 0.2847402095794678 0.3847656846046448
vt 0.2847402095794678 0.626248300075531
vt 0.24449311196804047 0.626248300075531
vt 0.24449311196804047 0.3847656846046448
vt 0.20424599945545197 0.626248300075531
vt 0.20424599945545197 0.3847656846046448
vt 0.16399885714054108 0.626248300075531
vt 0.16399885714054108 0.3847656846046448
vt 0.12375177443027496 0.626248300075531
vt 0.12375177443027496 0.3847656846046448
vt 0.30486375093460083 0.5055069923400879
vt 0.23978884518146515 0.5055069923400879
vt 0.23978884518146515 0.4753216505050659
vt 0.18412239849567413 0.5055069923400879
vt 0.18412239849567413 0.4753216505050659
vt 0.18412239849567413 0.44513630867004395
vt 0.23978884518146515 0.44513630867004395
vt 0.30486375093460083 0.4753216505050659
vt 0.30486375093460083 0.44513630867004395
vt 0.30486375093460083 0.4753216505050659
vt 0.30486375093460083 0.5055069923400879
vt 0.30486375093460083 0.44513630867004395
vt 0.30486375093460083 0.4753216505050659
vt 0.30486375093460083 0.4753216505050659
vt 0.30486375093460083 0.5055069923400879
vt 0.30486375093460083 0.5055069923400879
vt 0.23978884518146515 0.5055069923400879
vt 0.30486375093460083 0.5055069923400879
vt 0.23978884518146515 0.4753216505050659
vt 0.30486375093460083 0.4753216505050659
vt 0.18412239849567413 0.4753216505050659
vt 0.18412239849567413 0.5055069923400879
vt 0.18412239849567413 0.44513630867004395
vt 0.23978884518146515 0.44513630867004395
vt 0.30486375093460083 0.44513630867004395
vt 0.7068784832954407 0.8026220798492432
vt 0.8276197910308838 0.8026220798492432
vt 0.8276197910308838 0.8026220798492432
vt 0.7068784832954407 0.8026220798492432
vt 0.18412239849567413 0.5055069923400879
vt 0.18412239849567413 0.44513630867004395
vt 0.18412239849567413 0.44513630867004395
vt 0.18412239849567413 0.5055069923400879
vt 0.18412239849567413 0.5055069923400879
vt 0.18412239849567413 0.5055069923400879
vt 0.30486375093460083 0.5055069923400879
vt 0.18412239849567413 0.5055069923400879
vt 0.18412239849567413 0.3847656846046448
vt 0.30486375093460083 0.3847656846046448
vt 0.2952273488044739 0.3458496332168579
vt 0.2952273488044739 0.54442298412323
vt 0.2952273488044739 0.54442298412323
vt 0.2952273488044739 0.3458496332168579
vt 0.2952273488044739 0.54442298412323
vt 0.2952273488044739 0.3458496332168579
vt 0.2952273488044739 0.3458496332168579
vt 0.2952273488044739 0.54442298412323
vt 0.42560505867004395 0.20365369319915771
vt 0.3258059024810791 0.14328300952911377
vt 0.40477776527404785 0.14328300952911377
vt 0.42560505867004395 0.17194324731826782
vt 0.30486375093460083 0.20365369319915771
vt 0.30486375093460083 0.17194324731826782
vt 0.42560505867004395 0.20365369319915771
vt 0.40477776527404785 0.14328300952911377
vt 0.3258059024810791 0.14328300952911377
vt 0.42560505867004395 0.17194324731826782
vt 0.30486375093460083 0.20365369319915771
vt 0.30486375093460083 0.17194324731826782
vt 0.2952273488044739 0.3458496332168579
vt 0.2952273488044739 0.54442298412323
vt 0.2952273488044739 0.3458496332168579
vt 0.2952273488044739 0.54442298412323
vt 0.5664699077606201 0.626248300075531
vt 0.606717050075531 0.3847656846046448
vt 0.606717050075531 0.626248300075531
vt 0.5664699077606201 0.3847656846046448
vt 0.526222825050354 0.3847656846046448
vt 0.526222825050354 0.626248300075531
vt 0.4859757423400879 0.3847656846046448
vt 0.4859757423400879 0.626248300075531
vt 0.4457286596298218 0.3847656846046448
vt 0.4457286596298218 0.626248300075531
vt 0.4054815173149109 0.3847656846046448
vt 0.4054815173149109 0.626248300075531
vt 0.3652344346046448 0.3847656846046448
vt 0.3652344346046448 0.626248300075531
vt 0.32498735189437866 0.3847656846046448
vt 0.32498735189437866 0.626248300075531
vt 0.2847402095794678 0.3847656846046448
vt 0.2847402095794678 0.626248300075531
vt 0.24449311196804047 0.626248300075531
vt 0.24449311196804047 0.3847656846046448
vt 0.20424599945545197 0.626248300075531
vt 0.20424599945545197 0.3847656846046448
vt 0.16399885714054108 0.626248300075531
vt 0.16399885714054108 0.3847656846046448
vt 0.12375177443027496 0.626248300075531
vt 0.12375177443027496 0.3847656846046448
vt 0.14411060512065887 0.32198017835617065
vt 0.3024488687515259 0.3644068241119385
vt 0.1865372210741043 0.3644068241119385
vt 0.2444930523633957 0.3799360394477844
vt 0.14411060512065887 0.2060685157775879
vt 0.12858135998249054 0.2640243172645569
vt 0.1865372210741043 0.16364187002182007
vt 0.3024488687515259 0.16364187002182007
vt 0.2444930523633957 0.14811265468597412
vt 0.3448755145072937 0.32198017835617065
vt 0.3448755145072937 0.2060685157775879
vt 0.36040472984313965 0.2640243172645569
vt 0.42560505867004395 0.5055069923400879
vt 0.30486375093460083 0.4753216505050659
vt 0.42560505867004395 0.4753216505050659
vt 0.30486375093460083 0.5055069923400879
vt 0.30486375093460083 0.44513630867004395
vt 0.42560505867004395 0.44513630867004395
vt 0.42560505867004395 0.4753216505050659
vt 0.30486375093460083 0.4753216505050659
vt 0.42560505867004395 0.5055069923400879
vt 0.30486375093460083 0.5055069923400879
vt 0.30486375093460083 0.44513630867004395
vt 0.42560505867004395 0.44513630867004395
vt 0.42560505867004395 0.5055069923400879
vt 0.42560505867004395 0.5055069923400879
vt 0.42560505867004395 0.4753216505050659
vt 0.42560505867004395 0.4753216505050659
vt 0.42560505867004395 0.4753216505050659
vt 0.42560505867004395 0.5055069923400879
vt 0.42560505867004395 0.5055069923400879
vt 0.42560505867004395 0.4753216505050659
vt 0.606717050075531 0.626248300075531
vt 0.5664699077606201 0.3847656846046448
vt 0.606717050075531 0.3847656846046448
vt 0.5664699077606201 0.626248300075531
vt 0.526222825050354 0.4719057083129883
vt 0.526222825050354 0.626248300075531
vt 0.4859756827354431 0.626248300075531
vt 0.4859756827354431 0.4719057083129883
vt 0.4457286596298218 0.626248300075531
vt 0.4457286596298218 0.4719057083129883
vt 0.4054815173149109 0.626248300075531
vt 0.4054815173149109 0.3847656846046448
vt 0.3652344346046448 0.626248300075531
vt 0.3652344346046448 0.3847656846046448
vt 0.3249872922897339 0.626248300075531
vt 0.32498735189437866 0.3847656846046448
vt 0.2847402095794678 0.3847656846046448
vt 0.2847402095794678 0.626248300075531
vt 0.24449311196804047 0.3847656846046448
vt 0.24449308216571808 0.626248300075531
vt 0.20424599945545197 0.3847656846046448
vt 0.20424599945545197 0.626248300075531
vt 0.16399885714054108 0.3847656846046448
vt 0.16399888694286346 0.6262483596801758
vt 0.12375177443027496 0.3847656846046448
vt 0.12375177443027496 0.626248300075531
vt 0.18412239849567413 0.3847656846046448
vt 0.2952273488044739 0.54442298412323
vt 0.2952273488044739 0.3458496332168579
vt 0.18412239849567413 0.5055069923400879
vt 0.42560505867004395 0.5055069923400879
vt 0.38535791635513306 0.44513630867004395
vt 0.42560505867004395 0.44513630867004395
vt 0.38535791635513306 0.5055069923400879
vt 0.34511083364486694 0.44513630867004395
vt 0.30486375093460083 0.5055069923400879
vt 0.30486375093460083 0.44513630867004395
vt 0.34511083364486694 0.5055069923400879
vt 0.38535791635513306 0.44513630867004395
vt 0.34511083364486694 0.5055069923400879
vt 0.34511083364486694 0.44513630867004395
vt 0.38535791635513306 0.5055069923400879
vt 0.42560505867004395 0.44513630867004395
vt 0.38535791635513306 0.44513630867004395
vt 0.42560505867004395 0.5055069923400879
vt 0.38535791635513306 0.5055069923400879
vt 0.34511083364486694 0.44513630867004395
vt 0.30486375093460083 0.5055069923400879
vt 0.34511083364486694 0.5055069923400879
vt 0.30486375093460083 0.44513630867004395
vt 0.38535791635513306 0.44513630867004395
vt 0.34511083364486694 0.5055069923400879
vt 0.38535791635513306 0.5055069923400879
vt 0.34511083364486694 0.44513630867004395
vt 0.41535961627960205 0.5055069923400879
vt 0.30486375093460083 0.44513630867004395
vt 0.42560505867004395 0.44513630867004395
vt 0.42560505867004395 0.4712895154953003
vt 0.30486375093460083 0.4712895154953003
vt 0.3148806691169739 0.5055069923400879
vt 0.41535961627960205 0.5055069923400879
vt 0.30486375093460083 0.4712895154953003
vt 0.3148806691169739 0.5055069923400879
vt 0.30486375093460083 0.44513630867004395
vt 0.42560505867004395 0.44513630867004395
vt 0.42560505867004395 0.4712895154953003
vt 0.606717050075531 0.626248300075531
vt 0.5664699077606201 0.3847656846046448
vt 0.5664699077606201 0.626248300075531
vt 0.606717050075531 0.3847656846046448
vt 0.526222825050354 0.3847656846046448
vt 0.526222825050354 0.626248300075531
vt 0.4859757423400879 0.626248300075531
vt 0.4859757423400879 0.3847656846046448
vt 0.4457286596298218 0.626248300075531
vt 0.4457286596298218 0.3847656846046448
vt 0.4054815173149109 0.626248300075531
vt 0.4054815173149109 0.3847656846046448
vt 0.3652344346046448 0.626248300075531
vt 0.3652344346046448 0.3847656846046448
vt 0.32498735189437866 0.626248300075531
vt 0.32498735189437866 0.3847656846046448
vt 0.2847402095794678 0.3847656846046448
vt 0.2847402095794678 0.626248300075531
vt 0.24449311196804047 0.3847656846046448
vt 0.24449311196804047 0.626248300075531
vt 0.20424599945545197 0.3847656846046448
vt 0.20424599945545197 0.626248300075531
vt 0.16399885714054108 0.3847656846046448
vt 0.16399885714054108 0.626248300075531
vt 0.12375177443027496 0.3847656846046448
vt 0.12375177443027496 0.626248300075531
vt 0.1865372210741043 0.3644068241119385
vt 0.2444930523633957 0.14811265468597412
vt 0.3024488687515259 0.3644068241119385
vt 0.2444930523633957 0.3799360394477844
vt 0.3448755145072937 0.32198017835617065
vt 0.14411060512065887 0.32198017835617065
vt 0.3448755145072937 0.2060685157775879
vt 0.36040472984313965 0.2640243172645569
vt 0.3024488687515259 0.16364187002182007
vt 0.14411060512065887 0.2060685157775879
vt 0.12858135998249054 0.2640243172645569
vt 0.1865372210741043 0.16364187002182007
vt 0.42560505867004395 0.2640243172645569
vt 0.30486375093460083 0.14328300952911377
vt 0.42560505867004395 0.14328300952911377
vt 0.30486375093460083 0.2640243172645569
vt 0.5664699077606201 0.626248300075531
vt 0.606717050075531 0.626248300075531
vt 0.606717050075531 0.626248300075531
vt 0.5664699077606201 0.626248300075531
vt 0.526222825050354 0.626248300075531
vt 0.5664699077606201 0.626248300075531
vt 0.5664699077606201 0.626248300075531
vt 0.526222825050354 0.626248300075531
vt 0.4859757423400879 0.626248300075531
vt 0.526222825050354 0.626248300075531
vt 0.4859757423400879 0.626248300075531
vt 0.526222825050354 0.626248300075531
vt 0.4859757423400879 0.626248300075531
vt 0.4457286596298218 0.626248300075531
vt 0.4859757423400879 0.626248300075531
vt 0.4457286596298218 0.626248300075531
vt 0.4054815173149109 0.626248300075531
vt 0.4457286596298218 0.626248300075531
vt 0.4457286596298218 0.626248300075531
vt 0.4054815173149109 0.626248300075531
vt 0.3652344346046448 0.626248300075531
vt 0.4054815173149109 0.626248300075531
vt 0.4054815173149109 0.626248300075531
vt 0.3652344346046448 0.626248300075531
vt 0.32498735189437866 0.626248300075531
vt 0.3652344346046448 0.626248300075531
vt 0.32498735189437866 0.626248300075531
vt 0.3652344346046448 0.626248300075531
vt 0.32498735189437866 0.626248300075531
vt 0.2847402095794678 0.626248300075531
vt 0.32498735189437866 0.626248300075531
vt 0.2847402095794678 0.626248300075531
vt 0.2847402095794678 0.626248300075531
vt 0.24449311196804047 0.626248300075531
vt 0.24449311196804047 0.626248300075531
vt 0.2847402095794678 0.626248300075531
vt 0.24449311196804047 0.626248300075531
vt 0.20424599945545197 0.626248300075531
vt 0.20424599945545197 0.626248300075531
vt 0.24449311196804047 0.626248300075531
vt 0.16399885714054108 0.626248300075531
vt 0.20424599945545197 0.626248300075531
vt 0.16399885714054108 0.626248300075531
vt 0.20424599945545197 0.626248300075531
vt 0.16399885714054108 0.626248300075531
vt 0.12375177443027496 0.626248300075531
vt 0.12375177443027496 0.626248300075531
vt 0.16399885714054108 0.626248300075531
vt 0.42560505867004395 0.2640243172645569
vt 0.30486375093460083 0.14328300952911377
vt 0.42560505867004395 0.14328300952911377
vt 0.30486375093460083 0.2640243172645569

f 1/1/1 2/2/2 3/3/3
f 2/2/2 1/1/1 4/4/4
f 1/1/1 3/3/3 5/5/5
f 5/5/5 3/3/3 6/6/6
f 7/7/7 8/8/8 9/9/9
f 7/7/7 9/9/9 10/10/10
f 8/8/8 7/7/7 11/11/11
f 8/8/8 11/11/11 12/12/12
f 13/13/13 14/14/14 15/15/15
f 14/14/14 13/13/13 16/16/16
f 17/17/17 18/18/18 19/19/19
f 18/18/18 17/17/17 20/20/20
f 21/21/21 22/22/22 23/23/23
f 22/22/22 21/21/21 24/24/24
f 25/25/25 26/26/26 27/27/27
f 26/26/26 25/25/25 28/28/28
f 29/29/29 30/30/30 31/31/31
f 30/30/30 29/29/29 32/32/32
f 33/33/33 34/34/34 35/35/35
f 35/35/35 36/36/36 33/33/33
f 37/37/37 38/38/38 39/39/39
f 38/38/38 37/37/37 40/40/40
f 41/41/41 42/42/42 43/43/43
f 42/42/42 41/41/41 44/44/44
f 45/45/45 46/46/46 47/47/47
f 45/45/45 47/47/47 48/48/48
f 49/49/49 50/50/50 51/51/51
f 49/49/49 51/51/51 52/52/52
f 53/53/53 54/54/54 55/55/55
f 54/54/54 53/53/53 56/56/56
f 57/57/57 58/58/58 59/59/59
f 58/58/58 57/57/57 60/60/60
f 61/61/61 62/62/62 63/63/63
f 62/62/62 61/61/61 64/64/64
f 65/65/65 61/61/61 63/63/63
f 65/65/65 63/63/63 66/66/66
f 67/67/67 61/61/61 65/65/65
f 67/67/67 65/65/65 68/68/68
f 68/68/68 65/65/65 69/69/69
f 70/70/70 61/61/61 67/67/67
f 61/61/61 70/70/70 71/71/71
f 70/70/70 67/67/67 72/72/72
f 73/73/73 74/74/74 75/75/75
f 74/74/74 76/76/76 75/75/75
f 76/76/76 74/74/74 77/77/77
f 78/78/78 73/73/73 75/75/75
f 73/73/73 78/78/78 79/79/79
f 73/73/73 79/79/79 80/80/80
f 74/74/74 73/73/73 81/81/81
f 74/74/74 81/81/81 82/82/82
f 73/73/73 83/83/83 81/81/81
f 83/83/83 73/73/73 84/84/84
f 85/85/85 86/86/86 87/87/87
f 86/86/86 85/85/85 88/88/88
f 89/89/89 90/90/90 91/91/91
f 89/89/89 91/91/91 92/92/92
f 93/93/93 94/94/94 95/95/95
f 94/94/94 93/93/93 96/96/96
f 97/97/97 98/98/98 99/99/99
f 98/98/98 97/97/97 100/100/100
f 101/101/101 102/102/102 103/103/103
f 103/103/103 104/104/104 101/101/101
f 105/105/105 106/106/106 107/107/107
f 105/105/105 107/107/107 108/108/108
f 109/109/109 110/110/110 111/111/111
f 110/110/110 109/109/109 112/112/112
f 113/113/113 114/114/114 115/115/115
f 114/114/114 113/113/113 116/116/116
f 117/117/117 118/118/118 119/119/119
f 118/118/118 117/117/117 120/120/120
f 121/121/121 122/122/122 123/123/123
f 122/122/122 121/121/121 124/124/124
f 125/125/125 126/126/126 127/127/127
f 126/126/126 125/125/125 128/128/128
f 129/129/129 130/130/130 131/131/131
f 130/130/130 129/129/129 132/132/132
f 133/133/133 134/134/134 135/135/135
f 134/134/134 133/133/133 136/136/136
f 137/137/137 138/138/138 139/139/139
f 138/138/138 137/137/137 140/140/140
f 141/141/141 142/142/142 143/143/143
f 143/143/143 142/142/142 144/144/144
f 142/142/142 141/141/141 145/145/145
f 145/145/145 141/141/141 146/146/146
f 147/147/147 148/148/148 149/149/149
f 148/148/148 147/147/147 150/150/150
f 151/151/151 150/150/150 147/147/147
f 150/150/150 151/151/151 152/152/152
f 153/153/153 154/154/154 155/155/155
f 154/154/154 153/153/153 156/156/156
f 157/157/157 158/158/158 159/159/159
f 158/158/158 157/157/157 160/160/160
f 161/161/161 162/162/162 163/163/163
f 162/162/162 161/161/161 164/164/164
f 165/165/165 166/166/166 167/167/167
f 166/166/166 165/165/165 168/168/168
f 165/165/165 169/169/169 168/168/168
f 169/169/169 165/165/165 170/170/170
f 171/171/171 172/172/172 173/173/173
f 173/173/173 172/172/172 174/174/174
f 175/175/175 176/176/176 177/177/177
f 176/176/176 175/175/175 178/178/178
f 176/176/176 178/178/178 179/179/179
f 176/176/176 179/179/179 180/180/180
f 181/181/181 182/182/182 183/183/183
f 183/183/183 184/184/184 181/181/181
f 185/185/185 186/186/186 187/187/187
f 185/185/185 187/187/187 188/188/188
f 188/188/188 189/189/189 185/185/185
f 190/190/190 185/185/185 189/189/189
f 185/185/185 190/190/190 191/191/191
f 186/186/186 185/185/185 192/192/192
f 192/192/192 193/193/193 186/186/186
f 193/193/193 192/192/192 194/194/194
f 194/194/194 195/195/195 193/193/193
f 195/195/195 194/194/194 196/196/196
f 196/196/196 197/197/197 195/195/195
f 197/197/197 196/196/196 198/198/198
f 199/199/199 200/200/200 201/201/201
f 201/201/201 202/202/202 199/199/199
f 203/203/203 204/204/204 205/205/205
f 203/203/203 205/205/205 206/206/206
f 206/206/206 205/205/205 207/207/207
f 206/206/206 207/207/207 208/208/208
f 207/207/207 209/209/209 208/208/208
f 208/208/208 209/209/209 210/210/210
f 210/210/210 209/209/209 211/211/211
f 210/210/210 211/211/211 212/212/212
f 213/213/213 214/214/214 215/215/215
f 214/214/214 213/213/213 216/216/216
f 217/217/217 218/218/218 219/219/219
f 218/218/218 217/217/217 220/220/220
f 221/221/221 217/217/217 219/219/219
f 222/222/222 217/217/217 221/221/221
f 223/223/223 220/220/220 217/217/217
f 220/220/220 223/223/223 224/224/224
f 225/225/225 221/221/221 226/226/226
f 227/227/227 226/226/226 228/228/228
f 229/229/229 230/230/230 231/231/231
f 231/231/231 230/230/230 232/232/232
f 233/233/233 231/231/231 232/232/232
f 233/233/233 232/232/232 234/234/234
f 235/235/235 236/236/236 237/237/237
f 236/236/236 235/235/235 238/238/238
f 239/239/239 237/237/237 236/236/236
f 237/237/237 239/239/239 240/240/240
f 240/240/240 239/239/239 241/241/241
f 241/241/241 239/239/239 242/242/242
f 241/241/241 242/242/242 243/243/243
f 243/243/243 242/242/242 244/244/244
f 243/243/243 244/244/244 245/245/245
f 246/246/246 245/245/245 244/244/244
f 245/245/245 246/246/246 247/247/247
f 247/247/247 246/246/246 248/248/248
f 247/247/247 248/248/248 249/249/249
f 249/249/249 248/248/248 250/250/250
f 251/251/251 249/249/249 250/250/250
f 249/249/249 251/251/251 252/252/252
f 253/253/253 252/252/252 251/251/251
f 252/252/252 253/253/253 254/254/254
f 255/255/255 254/254/254 253/253/253
f 254/254/254 255/255/255 256/256/256
f 257/257/257 256/256/256 255/255/255
f 256/256/256 257/257/257 258/258/258
f 259/259/259 258/258/258 257/257/257
f 258/258/258 259/259/259 260/260/260
f 261/261/261 262/262/262 263/263/263
f 262/262/262 261/261/261 264/264/264
f 264/264/264 265/265/265 262/262/262
f 262/262/262 265/265/265 266/266/266
f 267/267/267 263/263/263 262/262/262
f 262/262/262 266/266/266 267/267/267
f 263/263/263 267/267/267 268/268/268
f 267/267/267 266/266/266 269/269/269
f 268/268/268 267/267/267 270/270/270
f 269/269/269 270/270/270 267/267/267
f 268/268/268 270/270/270 271/271/271
f 270/270/270 269/269/269 272/272/272
f 270/270/270 273/273/273 271/271/271
f 273/273/273 270/270/270 272/272/272
f 271/271/271 273/273/273 274/274/274
f 272/272/272 275/275/275 273/273/273
f 276/276/276 277/277/277 278/278/278
f 277/277/277 276/276/276 279/279/279
f 279/279/279 280/280/280 281/281/281
f 280/280/280 282/282/282 281/281/281
f 282/282/282 280/280/280 283/283/283
f 284/284/284 285/285/285 286/286/286
f 287/287/287 288/288/288 289/289/289
f 288/288/288 287/287/287 290/290/290
f 290/290/290 291/291/291 288/288/288
f 291/291/291 290/290/290 292/292/292
f 292/292/292 293/293/293 291/291/291
f 293/293/293 292/292/292 294/294/294
f 288/288/288 295/295/295 289/289/289
f 295/295/295 288/288/288 296/296/296
f 297/297/297 289/289/289 295/295/295
f 289/289/289 297/297/297 298/298/298
f 299/299/299 300/300/300 301/301/301
f 300/300/300 299/299/299 302/302/302
f 303/303/303 304/304/304 305/305/305
f 303/303/303 305/305/305 306/306/306
f 306/306/306 305/305/305 307/307/307
f 306/306/306 307/307/307 308/308/308
f 309/309/309 310/310/310 311/311/311
f 310/310/310 309/309/309 312/312/312
f 313/313/313 309/309/309 311/311/311
f 313/313/313 311/311/311 314/314/314
f 315/315/315 313/313/313 314/314/314
f 313/313/313 315/315/315 316/316/316
f 317/317/317 316/316/316 315/315/315
f 316/316/316 317/317/317 318/318/318
f 319/319/319 320/320/320 321/321/321
f 319/319/319 321/321/321 322/322/322
f 323/323/323 324/324/324 325/325/325
f 326/326/326 325/325/325 324/324/324
f 324/324/324 323/323/323 327/327/327
f 324/324/324 327/327/327 328/328/328
f 329/329/329 330/330/330 331/331/331
f 332/332/332 331/331/331 330/330/330
f 333/333/333 334/334/334 335/335/335
f 336/336/336 337/337/337 333/333/333
f 337/337/337 336/336/336 338/338/338
f 339/339/339 338/338/338 336/336/336
f 338/338/338 339/339/339 340/340/340
f 341/341/341 342/342/342 343/343/343
f 342/342/342 344/344/344 345/345/345
f 346/346/346 347/347/347 348/348/348
f 349/349/349 348/348/348 347/347/347
f 350/350/350 351/351/351 352/352/352
f 351/351/351 350/350/350 353/353/353
f 354/354/354 350/350/350 352/352/352
f 355/355/355 354/354/354 352/352/352
f 354/354/354 356/356/356 350/350/350
f 354/354/354 355/355/355 357/357/357
f 356/356/356 354/354/354 358/358/358
f 358/358/358 354/354/354 357/357/357
f 358/358/358 357/357/357 359/359/359
f 360/360/360 356/356/356 358/358/358
f 361/361/361 360/360/360 358/358/358
f 361/361/361 358/358/358 362/362/362
f 363/363/363 364/364/364 365/365/365
f 363/363/363 365/365/365 366/366/366
f 367/367/367 368/368/368 369/369/369
f 369/369/369 370/370/370 367/367/367
f 371/371/371 372/372/372 373/373/373
f 372/372/372 371/371/371 374/374/374
f 375/375/375 376/376/376 377/377/377
f 376/376/376 375/375/375 378/378/378
f 379/379/379 380/380/380 381/381/381
f 380/380/380 379/379/379 382/382/382
f 383/383/383 384/384/384 385/385/385
f 385/385/385 386/386/386 383/383/383
f 387/387/387 388/388/388 389/389/389
f 388/388/388 387/387/387 390/390/390
f 391/391/391 392/392/392 393/393/393
f 392/392/392 391/391/391 394/394/394
f 395/395/395 396/396/396 397/397/397
f 395/395/395 397/397/397 398/398/398
f 399/399/399 400/400/400 401/401/401
f 402/402/402 399/399/399 403/403/403
f 404/404/404 405/405/405 406/406/406
f 405/405/405 407/407/407 406/406/406
f 405/405/405 408/408/408 407/407/407
f 404/404/404 406/406/406 409/409/409
f 404/404/404 410/410/410 411/411/411
f 404/404/404 411/411/411 412/412/412
f 412/412/412 413/413/413 404/404/404
f 414/414/414 412/412/412 411/411/411
f 412/412/412 415/415/415 413/413/413
f 416/416/416 413/413/413 415/415/415
f 413/413/413 416/416/416 417/417/417
f 418/418/418 416/416/416 415/415/415
f 418/418/418 419/419/419 416/416/416
f 411/411/411 420/420/420 414/414/414
f 421/421/421 412/412/412 414/414/414
f 421/421/421 422/422/422 412/412/412
f 422/422/422 423/423/423 424/424/424
f 421/421/421 425/425/425 423/423/423
f 426/426/426 421/421/421 414/414/414
f 426/426/426 427/427/427 425/425/425
f 427/427/427 426/426/426 428/428/428
f 426/426/426 414/414/414 429/429/429
f 428/428/428 426/426/426 429/429/429
f 429/429/429 414/414/414 420/420/420
f 428/428/428 429/429/429 430/430/430
f 420/420/420 431/431/431 429/429/429
f 430/430/430 429/429/429 431/431/431
f 432/432/432 433/433/433 434/434/434
f 434/434/434 433/433/433 435/435/435
f 436/436/436 437/437/437 438/438/438
f 436/436/436 438/438/438 439/439/439
f 440/440/440 441/441/441 442/442/442
f 443/443/443 441/441/441 440/440/440
f 441/441/441 443/443/443 444/444/444
f 440/440/440 445/445/445 443/443/443
f 442/442/442 446/446/446 440/440/440
f 445/445/445 440/440/440 446/446/446
f 446/446/446 442/442/442 447/447/447
f 446/446/446 448/448/448 445/445/445
f 448/448/448 446/446/446 449/449/449
f 449/449/449 446/446/446 450/450/450
f 451/451/451 452/452/452 453/453/453
f 453/453/453 454/454/454 451/451/451
f 453/453/453 455/455/455 454/454/454
f 451/451/451 454/454/454 456/456/456
f 452/452/452 451/451/451 457/457/457
f 451/451/451 456/456/456 457/457/457
f 452/452/452 457/457/457 458/458/458
f 457/457/457 456/456/456 459/459/459
f 457/457/457 459/459/459 460/460/460
f 460/460/460 461/461/461 457/457/457
f 462/462/462 463/463/463 464/464/464
f 465/465/465 464/464/464 466/466/466
f 464/464/464 467/467/467 468/468/468
f 468/468/468 467/467/467 469/469/469
f 470/470/470 471/471/471 472/472/472
f 470/470/470 473/473/473 474/474/474
f 475/475/475 476/476/476 470/470/470
f 476/476/476 475/475/475 477/477/477
f 478/478/478 479/479/479 480/480/480
f 479/479/479 478/478/478 481/481/481
f 482/482/482 483/483/483 484/484/484
f 483/483/483 482/482/482 485/485/485
f 486/486/486 487/487/487 488/488/488
f 487/487/487 486/486/486 489/489/489
f 490/490/490 491/491/491 492/492/492
f 491/491/491 490/490/490 493/493/493
f 491/491/491 493/493/493 494/494/494
f 491/491/491 494/494/494 495/495/495
f 492/492/492 496/496/496 497/497/497
f 496/496/496 492/492/492 498/498/498
f 499/499/499 496/496/496 498/498/498
f 499/499/499 500/500/500 496/496/496
f 501/501/501 499/499/499 502/502/502
f 499/499/499 501/501/501 503/503/503
f 504/504/504 505/505/505 506/506/506
f 506/506/506 505/505/505 507/507/507
f 508/508/508 507/507/507 505/505/505
f 505/505/505 504/504/504 509/509/509
f 510/510/510 509/509/509 511/511/511
f 510/510/510 512/512/512 509/509/509
f 512/512/512 510/510/510 513/513/513
f 514/514/514 513/513/513 510/510/510
f 515/515/515 513/513/513 516/516/516
f 513/513/513 515/515/515 517/517/517
f 518/518/518 519/519/519 520/520/520
f 519/519/519 518/518/518 521/521/521
f 522/522/522 523/523/523 524/524/524
f 523/523/523 522/522/522 525/525/525
f 526/526/526 527/527/527 528/528/528
f 529/529/529 528/528/528 527/527/527
f 530/530/530 528/528/528 531/531/531
f 532/532/532 531/531/531 533/533/533
f 534/534/534 535/535/535 528/528/528
f 535/535/535 534/534/534 536/536/536
f 537/537/537 538/538/538 539/539/539
f 538/538/538 537/537/537 540/540/540
f 540/540/540 541/541/541 538/538/538
f 541/541/541 540/540/540 542/542/542
f 543/543/543 541/541/541 542/542/542
f 541/541/541 543/543/543 544/544/544
f 545/545/545 544/544/544 543/543/543
f 544/544/544 545/545/545 546/546/546
f 547/547/547 546/546/546 545/545/545
f 546/546/546 547/547/547 548/548/548
f 549/549/549 548/548/548 547/547/547
f 548/548/548 549/549/549 550/550/550
f 551/551/551 550/550/550 549/549/549
f 550/550/550 551/551/551 552/552/552
f 551/551/551 553/553/553 552/552/552
f 553/553/553 551/551/551 554/554/554
f 554/554/554 555/555/555 553/553/553
f 555/555/555 554/554/554 556/556/556
f 556/556/556 557/557/557 555/555/555
f 557/557/557 556/556/556 558/558/558
f 558/558/558 559/559/559 557/557/557
f 559/559/559 558/558/558 560/560/560
f 560/560/560 561/561/561 559/559/559
f 561/561/561 560/560/560 562/562/562
f 563/563/563 564/564/564 565/565/565
f 566/566/566 565/565/565 564/564/564
f 563/563/563 567/567/567 568/568/568
f 563/563/563 568/568/568 569/569/569
f 564/564/564 563/563/563 569/569/569
f 570/570/570 569/569/569 568/568/568
f 569/569/569 570/570/570 571/571/571
f 564/564/564 569/569/569 571/571/571
f 570/570/570 572/572/572 571/571/571
f 572/572/572 570/570/570 573/573/573
f 564/564/564 571/571/571 574/574/574
f 566/566/566 564/564/564 575/575/575
f 574/574/574 576/576/576 564/564/564
f 575/575/575 564/564/564 576/576/576
f 576/576/576 574/574/574 577/577/577
f 576/576/576 577/577/577 578/578/578
f 579/579/579 580/580/580 578/578/578
f 581/581/581 576/576/576 578/578/578
f 576/576/576 581/581/581 575/575/575
f 581/581/581 578/578/578 582/582/582
f 583/583/583 582/582/582 580/580/580
f 584/584/584 581/581/581 582/582/582
f 584/584/584 582/582/582 585/585/585
f 586/586/586 575/575/575 581/581/581
f 581/581/581 584/584/584 586/586/586
f 587/587/587 575/575/575 586/586/586
f 588/588/588 586/586/586 584/584/584
f 589/589/589 586/586/586 588/588/588
f 590/590/590 591/591/591 592/592/592
f 592/592/592 591/591/591 593/593/593
f 592/592/592 593/593/593 594/594/594
f 594/594/594 593/593/593 595/595/595
f 590/590/590 596/596/596 591/591/591
f 597/597/597 596/596/596 590/590/590
f 597/597/597 598/598/598 596/596/596
f 599/599/599 598/598/598 597/597/597
f 600/600/600 598/598/598 599/599/599
f 598/598/598 600/600/600 601/601/601
f 602/602/602 601/601/601 600/600/600
f 601/601/601 602/602/602 603/603/603
f 604/604/604 603/603/603 602/602/602
f 603/603/603 604/604/604 605/605/605
f 606/606/606 605/605/605 604/604/604
f 605/605/605 606/606/606 607/607/607
f 608/608/608 607/607/607 606/606/606
f 607/607/607 608/608/608 609/609/609
f 610/610/610 609/609/609 608/608/608
f 609/609/609 610/610/610 611/611/611
f 612/612/612 611/611/611 610/610/610
f 611/611/611 612/612/612 613/613/613
f 612/612/612 614/614/614 613/613/613
f 615/615/615 614/614/614 612/612/612
f 616/616/616 617/617/617 618/618/618
f 617/617/617 616/616/616 619/619/619
f 619/619/619 620/620/620 617/617/617
f 620/620/620 619/619/619 621/621/621
f 621/621/621 622/622/622 620/620/620
f 622/622/622 621/621/621 623/623/623
f 624/624/624 625/625/625 626/626/626
f 624/624/624 626/626/626 627/627/627
f 627/627/627 626/626/626 628/628/628
f 627/627/627 628/628/628 629/629/629
f 629/629/629 628/628/628 630/630/630
f 629/629/629 630/630/630 631/631/631
f 632/632/632 633/633/633 634/634/634
f 633/633/633 632/632/632 635/635/635
f 636/636/636 637/637/637 638/638/638
f 637/637/637 636/636/636 639/639/639
f 640/640/640 641/641/641 642/642/642
f 641/641/641 643/643/643 642/642/642
f 640/640/640 642/642/642 644/644/644
f 645/645/645 640/640/640 644/644/644
f 644/644/644 646/646/646 645/645/645
f 646/646/646 644/644/644 647/647/647
f 648/648/648 649/649/649 650/650/650
f 648/648/648 650/650/650 651/651/651
f 652/652/652 653/653/653 654/654/654
f 653/653/653 652/652/652 655/655/655
f 656/656/656 657/657/657 658/658/658
f 658/658/658 657/657/657 659/659/659
f 656/656/656 660/660/660 657/657/657
f 661/661/661 660/660/660 656/656/656
f 662/662/662 660/660/660 661/661/661
f 660/660/660 662/662/662 663/663/663
f 664/664/664 665/665/665 666/666/666
f 664/664/664 666/666/666 667/667/667
f 668/668/668 669/669/669 670/670/670
f 669/669/669 668/668/668 671/671/671
f 672/672/672 673/673/673 674/674/674
f 673/673/673 672/672/672 675/675/675
f 676/676/676 677/677/677 678/678/678
f 678/678/678 677/677/677 679/679/679
f 677/677/677 680/680/680 679/679/679
f 681/681/681 676/676/676 678/678/678
f 676/676/676 681/681/681 682/682/682
f 683/683/683 682/682/682 681/681/681
f 684/684/684 685/685/685 686/686/686
f 685/685/685 684/684/684 687/687/687
f 687/687/687 688/688/688 685/685/685
f 688/688/688 687/687/687 689/689/689
f 689/689/689 690/690/690 688/688/688
f 690/690/690 689/689/689 691/691/691
f 691/691/691 692/692/692 690/690/690
f 692/692/692 691/691/691 693/693/693
f 694/694/694 695/695/695 696/696/696
f 694/694/694 696/696/696 697/697/697
f 698/698/698 699/699/699 700/700/700
f 699/699/699 698/698/698 701/701/701
f 702/702/702 699/699/699 701/701/701
f 702/702/702 701/701/701 703/703/703
f 704/704/704 702/702/702 703/703/703
f 702/702/702 704/704/704 705/705/705
f 706/706/706 707/707/707 708/708/708
f 707/707/707 706/706/706 709/709/709
f 710/710/710 711/711/711 712/712/712
f 711/711/711 710/710/710 713/713/713
f 714/714/714 715/715/715 716/716/716
f 714/714/714 716/716/716 717/717/717
f 718/718/718 717/717/717 716/716/716
f 719/719/719 715/715/715 714/714/714
f 719/719/719 720/720/720 715/715/715
f 721/721/721 720/720/720 719/719/719
f 720/720/720 721/721/721 722/722/722
f 723/723/723 721/721/721 719/719/719
f 721/721/721 724/724/724 722/722/722
f 724/724/724 721/721/721 725/725/725
f 724/724/724 725/725/725 726/726/726
f 727/727/727 725/725/725 721/721/721
f 728/728/728 726/726/726 725/725/725
f 727/727/727 721/721/721 729/729/729
f 721/721/721 723/723/723 729/729/729
f 728/728/728 730/730/730 726/726/726
f 730/730/730 728/728/728 731/731/731
f 730/730/730 731/731/731 732/732/732
f 733/733/733 732/732/732 731/731/731
f 732/732/732 733/733/733 734/734/734
f 735/735/735 734/734/734 733/733/733
f 734/734/734 735/735/735 736/736/736
f 735/735/735 737/737/737 736/736/736
f 738/738/738 736/736/736 737/737/737
f 736/736/736 738/738/738 739/739/739
f 738/738/738 737/737/737 740/740/740
f 737/737/737 741/741/741 740/740/740
f 742/742/742 743/743/743 737/737/737
f 742/742/742 744/744/744 743/743/743
f 745/745/745 744/744/744 742/742/742
f 745/745/745 746/746/746 744/744/744
f 747/747/747 746/746/746 745/745/745
f 747/747/747 748/748/748 746/746/746
f 747/747/747 749/749/749 748/748/748
f 749/749/749 747/747/747 750/750/750
f 749/749/749 750/750/750 751/751/751
f 752/752/752 751/751/751 750/750/750
f 751/751/751 753/753/753 749/749/749
f 754/754/754 748/748/748 749/749/749
f 754/754/754 749/749/749 753/753/753
f 748/748/748 754/754/754 755/755/755
f 753/753/753 756/756/756 754/754/754
f 757/757/757 755/755/755 754/754/754
f 757/757/757 754/754/754 756/756/756
f 756/756/756 753/753/753 758/758/758
f 755/755/755 757/757/757 759/759/759
f 759/759/759 760/760/760 755/755/755
f 757/757/757 756/756/756 761/761/761
f 758/758/758 729/729/729 723/723/723
f 758/758/758 723/723/723 762/762/762
f 756/756/756 758/758/758 763/763/763
f 756/756/756 763/763/763 761/761/761
f 762/762/762 764/764/764 758/758/758
f 763/763/763 758/758/758 764/764/764
f 765/765/765 757/757/757 761/761/761
f 765/765/765 759/759/759 757/757/757
f 761/761/761 766/766/766 765/765/765
f 767/767/767 765/765/765 766/766/766
f 766/766/766 761/761/761 768/768/768
f 761/761/761 763/763/763 768/768/768
f 766/766/766 768/768/768 769/769/769
f 769/769/769 768/768/768 770/770/770
f 767/767/767 771/771/771 765/765/765
f 759/759/759 765/765/765 771/771/771
f 771/771/771 767/767/767 772/772/772
f 773/773/773 768/768/768 763/763/763
f 773/773/773 770/770/770 768/768/768
f 763/763/763 764/764/764 773/773/773
f 772/772/772 774/774/774 771/771/771
f 771/771/771 774/774/774 759/759/759
f 774/774/774 772/772/772 775/775/775
f 770/770/770 773/773/773 776/776/776
f 775/775/775 777/777/777 774/774/774
f 777/777/777 775/775/775 778/778/778
f 779/779/779 777/777/777 778/778/778
f 777/777/777 779/779/779 780/780/780
f 770/770/770 776/776/776 781/781/781
f 774/774/774 777/777/777 782/782/782
f 759/759/759 774/774/774 782/782/782
f 760/760/760 759/759/759 782/782/782
f 782/782/782 783/783/783 760/760/760
f 784/784/784 782/782/782 777/777/777
f 783/783/783 782/782/782 784/784/784
f 777/777/777 780/780/780 784/784/784
f 785/785/785 786/786/786 787/787/787
f 788/788/788 789/789/789 790/790/790
f 791/791/791 792/792/792 793/793/793
f 791/791/791 793/793/793 794/794/794
f 795/795/795 796/796/796 797/797/797
f 796/796/796 795/795/795 798/798/798
f 799/799/799 800/800/800 801/801/801
f 802/802/802 803/803/803 804/804/804
f 805/805/805 806/806/806 807/807/807
f 805/805/805 807/807/807 808/808/808
f 809/809/809 810/810/810 811/811/811
f 810/810/810 809/809/809 812/812/812
f 813/813/813 814/814/814 815/815/815
f 814/814/814 813/813/813 816/816/816
f 817/817/817 818/818/818 819/819/819
f 819/819/819 820/820/820 817/817/817
f 821/821/821 822/822/822 823/823/823
f 822/822/822 821/821/821 824/824/824
f 825/825/825 826/826/826 827/827/827
f 825/825/825 827/827/827 828/828/828
f 829/829/829 830/830/830 831/831/831
f 829/829/829 831/831/831 832/832/832
f 833/833/833 834/834/834 835/835/835
f 834/834/834 833/833/833 836/836/836
f 837/837/837 838/838/838 839/839/839
f 837/837/837 839/839/839 840/840/840
f 841/841/841 842/842/842 843/843/843
f 842/842/842 841/841/841 844/844/844
f 845/845/845 846/846/846 847/847/847
f 846/846/846 845/845/845 848/848/848
f 849/849/849 847/847/847 846/846/846
f 847/847/847 849/849/849 850/850/850
f 849/849/849 851/851/851 850/850/850
f 851/851/851 849/849/849 852/852/852
f 853/853/853 847/847/847 850/850/850
f 853/853/853 854/854/854 847/847/847
f 855/855/855 856/856/856 857/857/857
f 856/856/856 855/855/855 858/858/858
f 859/859/859 860/860/860 861/861/861
f 859/859/859 861/861/861 862/862/862
f 860/860/860 863/863/863 861/861/861
f 860/860/860 864/864/864 863/863/863
f 865/865/865 866/866/866 867/867/867
f 866/866/866 865/865/865 868/868/868
f 869/869/869 870/870/870 867/867/867
f 870/870/870 869/869/869 871/871/871
f 872/872/872 873/873/873 874/874/874
f 873/873/873 872/872/872 875/875/875
f 876/876/876 877/877/877 878/878/878
f 876/876/876 878/878/878 879/879/879
f 880/880/880 881/881/881 882/882/882
f 881/881/881 880/880/880 883/883/883
f 884/884/884 885/885/885 886/886/886
f 885/885/885 884/884/884 887/887/887
f 888/888/888 889/889/889 890/890/890
f 889/889/889 888/888/888 891/891/891
f 892/892/892 893/893/893 894/894/894
f 893/893/893 892/892/892 895/895/895
f 896/896/896 897/897/897 898/898/898
f 897/897/897 896/896/896 899/899/899
f 900/900/900 901/901/901 902/902/902
f 901/901/901 900/900/900 903/903/903
f 904/904/904 905/905/905 906/906/906
f 905/905/905 904/904/904 907/907/907
f 908/908/908 909/909/909 910/910/910
f 909/909/909 908/908/908 911/911/911
f 912/912/912 913/913/913 914/914/914
f 914/914/914 915/915/915 912/912/912
f 916/916/916 917/917/917 918/918/918
f 917/917/917 916/916/916 919/919/919
f 920/920/920 921/921/921 922/922/922
f 923/923/923 924/924/924 925/925/925
f 784/784/784 926/926/926 783/783/783
f 927/927/927 784/784/784 780/780/780
f 926/926/926 784/784/784 927/927/927
f 928/928/928 926/926/926 927/927/927
f 926/926/926 928/928/928 929/929/929
f 781/781/781 776/776/776 930/930/930
f 781/781/781 930/930/930 931/931/931
f 776/776/776 932/932/932 930/930/930
f 933/933/933 931/931/931 930/930/930
f 933/933/933 930/930/930 932/932/932
f 931/931/931 933/933/933 934/934/934
f 935/935/935 934/934/934 933/933/933
f 934/934/934 935/935/935 936/936/936
f 937/937/937 936/936/936 935/935/935
f 935/935/935 938/938/938 937/937/937
f 935/935/935 933/933/933 939/939/939
f 932/932/932 939/939/939 933/933/933
f 938/938/938 935/935/935 940/940/940
f 939/939/939 940/940/940 935/935/935
f 940/940/940 941/941/941 938/938/938
f 940/940/940 942/942/942 941/941/941
f 941/941/941 942/942/942 943/943/943
f 944/944/944 943/943/943 942/942/942
f 942/942/942 945/945/945 944/944/944
f 945/945/945 942/942/942 946/946/946
f 942/942/942 940/940/940 947/947/947
f 939/939/939 947/947/947 940/940/940
f 947/947/947 946/946/946 942/942/942
f 947/947/947 939/939/939 948/948/948
f 932/932/932 948/948/948 939/939/939
f 946/946/946 947/947/947 949/949/949
f 948/948/948 949/949/949 947/947/947
f 950/950/950 946/946/946 949/949/949
f 946/946/946 950/950/950 951/951/951
f 949/949/949 952/952/952 950/950/950
f 953/953/953 951/951/951 954/954/954
f 951/951/951 955/955/955 954/954/954
f 955/955/955 956/956/956 957/957/957
f 952/952/952 949/949/949 958/958/958
f 949/949/949 948/948/948 958/958/958
f 958/958/958 959/959/959 952/952/952
f 960/960/960 958/958/958 948/948/948
f 948/948/948 932/932/932 960/960/960
f 959/959/959 958/958/958 961/961/961
f 958/958/958 960/960/960 961/961/961
f 962/962/962 959/959/959 961/961/961
f 962/962/962 963/963/963 959/959/959
f 964/964/964 963/963/963 962/962/962
f 964/964/964 965/965/965 963/963/963
f 762/762/762 964/964/964 962/962/962
f 966/966/966 962/962/962 961/961/961
f 762/762/762 962/962/962 966/966/966
f 966/966/966 961/961/961 960/960/960
f 764/764/764 762/762/762 966/966/966
f 967/967/967 966/966/966 960/960/960
f 764/764/764 966/966/966 967/967/967
f 967/967/967 960/960/960 932/932/932
f 773/773/773 764/764/764 967/967/967
f 776/776/776 967/967/967 932/932/932
f 773/773/773 967/967/967 776/776/776
f 968/968/968 969/969/969 970/970/970
f 969/969/969 968/968/968 971/971/971
f 972/972/972 973/973/973 974/974/974
f 972/972/972 974/974/974 975/975/975
f 976/976/976 977/977/977 978/978/978
f 977/977/977 976/976/976 979/979/979
f 980/980/980 981/981/981 982/982/982
f 981/981/981 980/980/980 983/983/983
f 984/984/984 985/985/985 986/986/986
f 985/985/985 984/984/984 987/987/987
f 988/988/988 989/989/989 990/990/990
f 989/989/989 988/988/988 991/991/991
f 992/992/992 993/993/993 994/994/994
f 993/993/993 992/992/992 995/995/995
f 996/996/996 997/997/997 998/998/998
f 997/997/997 996/996/996 999/999/999
f 1000/1000/1000 1001/1001/1001 1002/1002/1002
f 1003/1003/1003 1002/1002/1002 1001/1001/1001
f 1004/1004/1004 1005/1005/1005 1006/1006/1006
f 1007/1007/1007 1006/1006/1006 1005/1005/1005
f 1008/1008/1008 1006/1006/1006 1007/1007/1007
f 1008/1008/1008 1009/1009/1009 1006/1006/1006
f 1010/1010/1010 1011/1011/1011 1012/1012/1012
f 1010/1010/1010 1012/1012/1012 1013/1013/1013
f 1014/1014/1014 1015/1015/1015 1016/1016/1016
f 1017/1017/1017 1016/1016/1016 1015/1015/1015
f 1018/1018/1018 1019/1019/1019 1020/1020/1020
f 1019/1019/1019 1018/1018/1018 1021/1021/1021
f 1021/1021/1021 1022/1022/1022 1019/1019/1019
f 1022/1022/1022 1021/1021/1021 1023/1023/1023
f 1024/1024/1024 1025/1025/1025 1026/1026/1026
f 1025/1025/1025 1024/1024/1024 1027/1027/1027
f 1028/1028/1028 1029/1029/1029 1030/1030/1030
f 1029/1029/1029 1028/1028/1028 1031/1031/1031
f 1032/1032/1032 1033/1033/1033 1034/1034/1034
f 1033/1033/1033 1032/1032/1032 1035/1035/1035
f 1036/1036/1036 1037/1037/1037 1038/1038/1038
f 1037/1037/1037 1036/1036/1036 1039/1039/1039
f 1040/1040/1040 1041/1041/1041 1042/1042/1042
f 1040/1040/1040 1042/1042/1042 1043/1043/1043
f 1044/1044/1044 1045/1045/1045 1046/1046/1046
f 1045/1045/1045 1044/1044/1044 1047/1047/1047
f 1048/1048/1048 1049/1049/1049 1050/1050/1050
f 1049/1049/1049 1048/1048/1048 1051/1051/1051
f 1052/1052/1052 1053/1053/1053 1054/1054/1054
f 1055/1055/1055 1052/1052/1052 1054/1054/1054
f 1052/1052/1052 1055/1055/1055 1056/1056/1056
f 1054/1054/1054 1053/1053/1053 1057/1057/1057
f 1058/1058/1058 1057/1057/1057 1053/1053/1053
f 1053/1053/1053 1052/1052/1052 1059/1059/1059
f 1059/1059/1059 1060/1060/1060 1053/1053/1053
f 1061/1061/1061 1053/1053/1053 1060/1060/1060
f 1062/1062/1062 1061/1061/1061 1063/1063/1063
f 1062/1062/1062 1064/1064/1064 1065/1065/1065
f 1066/1066/1066 1067/1067/1067 1068/1068/1068
f 1066/1066/1066 1068/1068/1068 1069/1069/1069
f 1070/1070/1070 1071/1071/1071 1072/1072/1072
f 1073/1073/1073 1074/1074/1074 1075/1075/1075
f 1076/1076/1076 1077/1077/1077 1078/1078/1078
f 1077/1077/1077 1076/1076/1076 1079/1079/1079
f 1080/1080/1080 1081/1081/1081 1082/1082/1082
f 1081/1081/1081 1080/1080/1080 1083/1083/1083
f 1084/1084/1084 1085/1085/1085 1086/1086/1086
f 1085/1085/1085 1084/1084/1084 1087/1087/1087
f 1088/1088/1088 1087/1087/1087 1084/1084/1084
f 1087/1087/1087 1088/1088/1088 1089/1089/1089
f 1088/1088/1088 1090/1090/1090 1089/1089/1089
f 1090/1090/1090 1088/1088/1088 1091/1091/1091
f 1091/1091/1091 1092/1092/1092 1090/1090/1090
f 1092/1092/1092 1091/1091/1091 1093/1093/1093
f 1093/1093/1093 1094/1094/1094 1092/1092/1092
f 1094/1094/1094 1093/1093/1093 1095/1095/1095
f 1095/1095/1095 1096/1096/1096 1094/1094/1094
f 1096/1096/1096 1095/1095/1095 1097/1097/1097
f 1097/1097/1097 1098/1098/1098 1096/1096/1096
f 1098/1098/1098 1097/1097/1097 1099/1099/1099
f 1099/1099/1099 1100/1100/1100 1098/1098/1098
f 1100/1100/1100 1099/1099/1099 1101/1101/1101
f 1102/1102/1102 1100/1100/1100 1101/1101/1101
f 1100/1100/1100 1102/1102/1102 1103/1103/1103
f 1104/1104/1104 1103/1103/1103 1102/1102/1102
f 1103/1103/1103 1104/1104/1104 1105/1105/1105
f 1106/1106/1106 1105/1105/1105 1104/1104/1104
f 1105/1105/1105 1106/1106/1106 1107/1107/1107
f 1108/1108/1108 1107/1107/1107 1106/1106/1106
f 1107/1107/1107 1108/1108/1108 1109/1109/1109
f 1110/1110/1110 1111/1111/1111 1112/1112/1112
f 1111/1111/1111 1113/1113/1113 1114/1114/1114
f 1111/1111/1111 1114/1114/1114 1112/1112/1112
f 1112/1112/1112 1114/1114/1114 1115/1115/1115
f 1112/1112/1112 1115/1115/1115 1116/1116/1116
f 1117/1117/1117 1112/1112/1112 1116/1116/1116
f 1110/1110/1110 1112/1112/1112 1117/1117/1117
f 1117/1117/1117 1116/1116/1116 1118/1118/1118
f 1117/1117/1117 1119/1119/1119 1110/1110/1110
f 1120/1120/1120 1110/1110/1110 1119/1119/1119
f 1119/1119/1119 1117/1117/1117 1121/1121/1121
f 1118/1118/1118 1121/1121/1121 1117/1117/1117
f 1121/1121/1121 1118/1118/1118 1122/1122/1122
f 1121/1121/1121 1122/1122/1122 1123/1123/1123
f 1123/1123/1123 1122/1122/1122 1124/1124/1124
f 1123/1123/1123 1124/1124/1124 1125/1125/1125
f 1126/1126/1126 1127/1127/1127 1128/1128/1128
f 1129/1129/1129 1128/1128/1128 1127/1127/1127
f 1128/1128/1128 1130/1130/1130 1126/1126/1126
f 1131/1131/1131 1126/1126/1126 1130/1130/1130
f 1132/1132/1132 1130/1130/1130 1128/1128/1128
f 1133/1133/1133 1132/1132/1132 1128/1128/1128
f 1133/1133/1133 1128/1128/1128 1129/1129/1129
f 1134/1134/1134 1133/1133/1133 1129/1129/1129
f 1135/1135/1135 1136/1136/1136 1137/1137/1137
f 1135/1135/1135 1137/1137/1137 1138/1138/1138
f 1139/1139/1139 1140/1140/1140 1141/1141/1141
f 1140/1140/1140 1139/1139/1139 1142/1142/1142
f 1140/1140/1140 1143/1143/1143 1141/1141/1141
f 1143/1143/1143 1140/1140/1140 1144/1144/1144
f 1145/1145/1145 1146/1146/1146 1147/1147/1147
f 1145/1145/1145 1147/1147/1147 1148/1148/1148
f 1149/1149/1149 1150/1150/1150 1151/1151/1151
f 1150/1150/1150 1149/1149/1149 1152/1152/1152
f 1152/1152/1152 1153/1153/1153 1150/1150/1150
f 1153/1153/1153 1152/1152/1152 1154/1154/1154
f 1155/1155/1155 1153/1153/1153 1154/1154/1154
f 1153/1153/1153 1155/1155/1155 1156/1156/1156
f 1157/1157/1157 1158/1158/1158 1159/1159/1159
f 1157/1157/1157 1159/1159/1159 1160/1160/1160
f 1158/1158/1158 1157/1157/1157 1161/1161/1161
f 1158/1158/1158 1161/1161/1161 1162/1162/1162
f 1163/1163/1163 1164/1164/1164 1165/1165/1165
f 1164/1164/1164 1163/1163/1163 1166/1166/1166
f 1163/1163/1163 1165/1165/1165 1167/1167/1167
f 1167/1167/1167 1165/1165/1165 1168/1168/1168
f 1169/1169/1169 1170/1170/1170 1171/1171/1171
f 1170/1170/1170 1169/1169/1169 1172/1172/1172
f 1173/1173/1173 1174/1174/1174 1175/1175/1175
f 1174/1174/1174 1173/1173/1173 1176/1176/1176
f 1173/1173/1173 1177/1177/1177 1176/1176/1176
f 1177/1177/1177 1173/1173/1173 1178/1178/1178
f 1178/1178/1178 1179/1179/1179 1177/1177/1177
f 1179/1179/1179 1178/1178/1178 1180/1180/1180
f 1180/1180/1180 1181/1181/1181 1179/1179/1179
f 1181/1181/1181 1180/1180/1180 1182/1182/1182
f 1182/1182/1182 1183/1183/1183 1181/1181/1181
f 1183/1183/1183 1182/1182/1182 1184/1184/1184
f 1184/1184/1184 1185/1185/1185 1183/1183/1183
f 1185/1185/1185 1184/1184/1184 1186/1186/1186
f 1186/1186/1186 1187/1187/1187 1185/1185/1185
f 1187/1187/1187 1186/1186/1186 1188/1188/1188
f 1188/1188/1188 1189/1189/1189 1187/1187/1187
f 1189/1189/1189 1188/1188/1188 1190/1190/1190
f 1191/1191/1191 1189/1189/1189 1190/1190/1190
f 1189/1189/1189 1191/1191/1191 1192/1192/1192
f 1193/1193/1193 1192/1192/1192 1191/1191/1191
f 1192/1192/1192 1193/1193/1193 1194/1194/1194
f 1195/1195/1195 1194/1194/1194 1193/1193/1193
f 1194/1194/1194 1195/1195/1195 1196/1196/1196
f 1197/1197/1197 1196/1196/1196 1195/1195/1195
f 1196/1196/1196 1197/1197/1197 1198/1198/1198
f 1199/1199/1199 1200/1200/1200 1201/1201/1201
f 1201/1201/1201 1200/1200/1200 1202/1202/1202
f 1203/1203/1203 1199/1199/1199 1204/1204/1204
f 1205/1205/1205 1199/1199/1199 1203/1203/1203
f 1199/1199/1199 1206/1206/1206 1200/1200/1200
f 1206/1206/1206 1199/1199/1199 1205/1205/1205
f 1206/1206/1206 1205/1205/1205 1207/1207/1207
f 1206/1206/1206 1208/1208/1208 1200/1200/1200
f 1208/1208/1208 1206/1206/1206 1209/1209/1209
f 1208/1208/1208 1209/1209/1209 1210/1210/1210
f 1211/1211/1211 1212/1212/1212 1213/1213/1213
f 1212/1212/1212 1211/1211/1211 1214/1214/1214
f 1215/1215/1215 1213/1213/1213 1212/1212/1212
f 1213/1213/1213 1215/1215/1215 1216/1216/1216
f 1217/1217/1217 1218/1218/1218 1219/1219/1219
f 1219/1219/1219 1218/1218/1218 1220/1220/1220
f 1217/1217/1217 1221/1221/1221 1218/1218/1218
f 1217/1217/1217 1222/1222/1222 1221/1221/1221
f 1223/1223/1223 1224/1224/1224 1225/1225/1225
f 1225/1225/1225 1224/1224/1224 1226/1226/1226
f 1227/1227/1227 1228/1228/1228 1229/1229/1229
f 1228/1228/1228 1227/1227/1227 1230/1230/1230
f 1231/1231/1231 1232/1232/1232 1233/1233/1233
f 1232/1232/1232 1231/1231/1231 1234/1234/1234
f 1234/1234/1234 1235/1235/1235 1232/1232/1232
f 1235/1235/1235 1234/1234/1234 1236/1236/1236
f 1237/1237/1237 1235/1235/1235 1236/1236/1236
f 1235/1235/1235 1237/1237/1237 1238/1238/1238
f 1239/1239/1239 1238/1238/1238 1237/1237/1237
f 1238/1238/1238 1239/1239/1239 1240/1240/1240
f 1241/1241/1241 1240/1240/1240 1239/1239/1239
f 1241/1241/1241 1242/1242/1242 1240/1240/1240
f 1243/1243/1243 1242/1242/1242 1241/1241/1241
f 1242/1242/1242 1243/1243/1243 1244/1244/1244
f 1245/1245/1245 1244/1244/1244 1243/1243/1243
f 1244/1244/1244 1245/1245/1245 1246/1246/1246
f 1245/1245/1245 1247/1247/1247 1246/1246/1246
f 1247/1247/1247 1245/1245/1245 1248/1248/1248
f 1248/1248/1248 1249/1249/1249 1247/1247/1247
f 1249/1249/1249 1248/1248/1248 1250/1250/1250
f 1250/1250/1250 1251/1251/1251 1249/1249/1249
f 1251/1251/1251 1250/1250/1250 1252/1252/1252
f 1252/1252/1252 1253/1253/1253 1251/1251/1251
f 1253/1253/1253 1252/1252/1252 1254/1254/1254
f 1254/1254/1254 1255/1255/1255 1253/1253/1253
f 1255/1255/1255 1254/1254/1254 1256/1256/1256
f 1257/1257/1257 1258/1258/1258 1259/1259/1259
f 1258/1258/1258 1257/1257/1257 1260/1260/1260
f 1261/1261/1261 1262/1262/1262 1263/1263/1263
f 1262/1262/1262 1261/1261/1261 1264/1264/1264
f 1265/1265/1265 1266/1266/1266 1267/1267/1267
f 1266/1266/1266 1265/1265/1265 1268/1268/1268
f 1269/1269/1269 1270/1270/1270 1271/1271/1271
f 1270/1270/1270 1269/1269/1269 1272/1272/1272
f 1273/1273/1273 1274/1274/1274 1275/1275/1275
f 1274/1274/1274 1276/1276/1276 1275/1275/1275
f 1277/1277/1277 1278/1278/1278 1279/1279/1279
f 1278/1278/1278 1277/1277/1277 1280/1280/1280
f 1281/1281/1281 1282/1282/1282 1283/1283/1283
f 1282/1282/1282 1281/1281/1281 1284/1284/1284
f 1285/1285/1285 1286/1286/1286 1287/1287/1287
f 1285/1285/1285 1287/1287/1287 1288/1288/1288
f 1286/1286/1286 1285/1285/1285 1289/1289/1289
f 1289/1289/1289 1285/1285/1285 1290/1290/1290
f 1291/1291/1291 1292/1292/1292 1293/1293/1293
f 1291/1291/1291 1294/1294/1294 1292/1292/1292
f 1294/1294/1294 1291/1291/1291 1295/1295/1295
f 1295/1295/1295 1291/1291/1291 1296/1296/1296
f 1297/1297/1297 1298/1298/1298 1299/1299/1299
f 1298/1298/1298 1297/1297/1297 1300/1300/1300
f 1301/1301/1301 1299/1299/1299 1298/1298/1298
f 1299/1299/1299 1301/1301/1301 1302/1302/1302
f 1302/1302/1302 1301/1301/1301 1303/1303/1303
f 1303/1303/1303 1301/1301/1301 1304/1304/1304
f 1303/1303/1303 1304/1304/1304 1305/1305/1305
f 1305/1305/1305 1304/1304/1304 1306/1306/1306
f 1305/1305/1305 1306/1306/1306 1307/1307/1307
f 1307/1307/1307 1306/1306/1306 1308/1308/1308
f 1307/1307/1307 1308/1308/1308 1309/1309/1309
f 1309/1309/1309 1308/1308/1308 1310/1310/1310
f 1309/1309/1309 1310/1310/1310 1311/1311/1311
f 1311/1311/1311 1310/1310/1310 1312/1312/1312
f 1313/1313/1313 1311/1311/1311 1312/1312/1312
f 1311/1311/1311 1313/1313/1313 1314/1314/1314
f 1315/1315/1315 1314/1314/1314 1313/1313/1313
f 1314/1314/1314 1315/1315/1315 1316/1316/1316
f 1317/1317/1317 1316/1316/1316 1315/1315/1315
f 1316/1316/1316 1317/1317/1317 1318/1318/1318
f 1319/1319/1319 1318/1318/1318 1317/1317/1317
f 1318/1318/1318 1319/1319/1319 1320/1320/1320
f 1321/1321/1321 1320/1320/1320 1319/1319/1319
f 1320/1320/1320 1321/1321/1321 1322/1322/1322
f 1323/1323/1323 1324/1324/1324 1325/1325/1325
f 1323/1323/1323 1325/1325/1325 1326/1326/1326
f 1324/1324/1324 1327/1327/1327 1325/1325/1325
f 1324/1324/1324 1323/1323/1323 1328/1328/1328
f 1327/1327/1327 1324/1324/1324 1329/1329/1329
f 1327/1327/1327 1329/1329/1329 1330/1330/1330
f 1329/1329/1329 1324/1324/1324 1331/1331/1331
f 1324/1324/1324 1328/1328/1328 1332/1332/1332
f 1332/1332/1332 1328/1328/1328 1333/1333/1333
f 1324/1324/1324 1332/1332/1332 1334/1334/1334
f 1335/1335/1335 1336/1336/1336 1337/1337/1337
f 1336/1336/1336 1335/1335/1335 1338/1338/1338
f 1339/1339/1339 1340/1340/1340 1341/1341/1341
f 1339/1339/1339 1341/1341/1341 1342/1342/1342
f 1343/1343/1343 1344/1344/1344 1345/1345/1345
f 1344/1344/1344 1343/1343/1343 1346/1346/1346
f 1347/1347/1347 1348/1348/1348 1349/1349/1349
f 1348/1348/1348 1347/1347/1347 1350/1350/1350
f 1351/1351/1351 1352/1352/1352 1353/1353/1353
f 1352/1352/1352 1351/1351/1351 1354/1354/1354
f 1355/1355/1355 1356/1356/1356 1357/1357/1357
f 1355/1355/1355 1357/1357/1357 1358/1358/1358
f 1359/1359/1359 1360/1360/1360 1361/1361/1361
f 1360/1360/1360 1359/1359/1359 1362/1362/1362
f 1363/1363/1363 1364/1364/1364 1365/1365/1365
f 1364/1364/1364 1363/1363/1363 1366/1366/1366
f 1367/1367/1367 1368/1368/1368 1369/1369/1369
f 1368/1368/1368 1367/1367/1367 1370/1370/1370
f 1371/1371/1371 1372/1372/1372 1373/1373/1373
f 1372/1372/1372 1371/1371/1371 1374/1374/1374
f 1375/1375/1375 1376/1376/1376 1377/1377/1377
f 1377/1377/1377 1378/1378/1378 1375/1375/1375
f 1379/1379/1379 1380/1380/1380 1381/1381/1381
f 1380/1380/1380 1379/1379/1379 1382/1382/1382
f 1383/1383/1383 1384/1384/1384 1385/1385/1385
f 1384/1384/1384 1383/1383/1383 1386/1386/1386
f 1387/1387/1387 1388/1388/1388 1389/1389/1389
f 1388/1388/1388 1387/1387/1387 1390/1390/1390