o Mesh
v -1.2902175188064575 -3.79390549659729 -24.733325958251953
v -0.7117883563041687 1.1491329669952393 -24.999998092651367
v -0.7117883563041687 -4.694079875946045 -24.68476104736328
v -1.2902175188064575 0.4117516577243805 -24.960216522216797
v -0.4225738048553467 1.1491329669952393 -24.999998092651367
v -0.7117883563041687 -4.694079875946045 -24.68476104736328
v -0.7117883563041687 1.1491329669952393 -24.999998092651367
v -0.4225738048553467 -4.694079875946045 -24.68476104736328
v -0.13335922360420227 1.1491329669952393 -24.999998092651367
v 0.44506990909576416 -3.79390549659729 -24.733325958251953
v -0.13335922360420227 -4.694079875946045 -24.68476104736328
v 0.44506990909576416 0.4117516577243805 -24.960216522216797
v -0.13335922360420227 1.1491329669952393 -24.999998092651367
v -0.13335922360420227 -4.694079875946045 -24.68476104736328
v -0.4225738048553467 1.1491329669952393 -24.999998092651367
v -0.4225738048553467 -4.694079875946045 -24.68476104736328
v -0.812315046787262 3.3475122451782227 25
v -0.9548468589782715 3.4298019409179688 25
v -0.8726087808609009 3.1224920749664307 25
v -1.0371904373168945 3.1224920749664307 25
v -0.03282424807548523 2.897473096847534 25
v -0.19755005836486816 2.7327470779418945 25
v -0.11525927484035492 2.590214967727661 25
v 0.10970757156610489 2.815181016921997 25
v -0.6475892663002014 2.7327470779418945 25
v -0.4225696623325348 2.507871150970459 25
v -0.4225696623325348 2.672452926635742 25
v -0.7298800945281982 2.590214967727661 25
v -0.03282424807548523 3.3475122451782227 25
v -0.11525927484035492 3.6547691822052 25
v -0.19755005836486816 3.512237310409546 25
v 0.10970757156610489 3.4298019409179688 25
v -0.812315046787262 3.3475122451782227 25
v -0.6475892663002014 3.512237310409546 25
v -0.7298800945281982 3.6547691822052 25
v -0.9548468589782715 3.4298019409179688 25
v -0.19755005836486816 2.7327470779418945 25
v -0.4225696623325348 2.672452926635742 25
v -0.4225696623325348 2.507871150970459 25
v -0.11525927484035492 2.590214967727661 25
v -0.812315046787262 2.897473096847534 25
v -0.7298800945281982 2.590214967727661 25
v -0.6475892663002014 2.7327470779418945 25
v -0.9548468589782715 2.815181016921997 25
v 0.02746954746544361 3.1224920749664307 25
v 0.10970757156610489 3.4298019409179688 25
v -0.03282424807548523 3.3475122451782227 25
v 0.19205114245414734 3.1224920749664307 25
v -0.6475892663002014 3.512237310409546 25
v -0.4225696623325348 3.7371129989624023 25
v -0.7298800945281982 3.6547691822052 25
v -0.4225696623325348 3.572531223297119 25
v -0.9548468589782715 2.815181016921997 25
v -0.8726087808609009 3.1224920749664307 25
v -1.0371904373168945 3.1224920749664307 25
v -0.812315046787262 2.897473096847534 25
v 0.19205114245414734 3.1224920749664307 25
v 0.02746954746544361 3.1224920749664307 25
v 0.10970757156610489 2.815181016921997 25
v -0.03282424807548523 2.897473096847534 25
v -0.4225696623325348 3.7371129989624023 25
v -0.19755005836486816 3.512237310409546 25
v -0.11525927484035492 3.6547691822052 25
v -0.4225696623325348 3.572531223297119 25
v -0.5074840784072876 4.036395072937012 24.779359817504883
v -0.337663471698761 3.605109691619873 24.779359817504883
v -0.337663471698761 4.036395072937012 24.779359817504883
v -0.5074840784072876 3.605109691619873 24.779359817504883
v -0.4681897461414337 4.209201812744141 24.612323760986328
v -0.37695783376693726 3.9166128635406494 24.612323760986328
v -0.37695783376693726 4.209201812744141 24.612323760986328
v -0.4681897461414337 3.9166128635406494 24.612323760986328
v -1.160732626914978 1.8971524238586426 23.052064895629883
v -1.160732626914978 1.0448005199432373 23.052064895629883
v -0.8487499356269836 0.7328175902366638 23.052064895629883
v -1.2749261856079102 1.4709758758544922 23.052064895629883
v -0.8487499356269836 2.2091352939605713 23.052064895629883
v -0.4225738048553467 2.323328971862793 23.052064895629883
v -0.4225738048553467 0.6186240911483765 23.052064895629883
v 0.0036024150904268026 0.7328175902366638 23.052064895629883
v 0.0036024150904268026 2.2091352939605713 23.052064895629883
v 0.31558504700660706 1.8971524238586426 23.052064895629883
v 0.31558504700660706 1.0448005199432373 23.052064895629883
v 0.4297786355018616 1.4709758758544922 23.052064895629883
v -0.4225738048553467 2.5881834030151367 22.1823787689209
v -0.7920079231262207 1.7556296586990356 22.1823787689209
v -0.4225738048553467 1.7556296586990356 22.1823787689209
v -0.7920079231262207 2.675436019897461 22.1823787689209
v -0.05313967168331146 1.7556296586990356 22.1823787689209
v -0.05313967168331146 2.675436019897461 22.1823787689209
v -0.4225738048553467 0.7594155073165894 21.084558486938477
v -0.7783544063568115 2.0872061252593994 21.084558486938477
v -0.7783544063568115 0.8547467589378357 21.084558486938477
v -1.0388039350509644 1.1151962280273438 21.084558486938477
v -1.0388039350509644 1.8267567157745361 21.084558486938477
v -1.1341350078582764 1.4709758758544922 21.084558486938477
v -0.4225738048553467 2.18253755569458 21.084558486938477
v -0.06679317355155945 0.8547467589378357 21.084558486938477
v -0.06679317355155945 2.0872061252593994 21.084558486938477
v 0.1936563402414322 1.1151962280273438 21.084558486938477
v 0.1936563402414322 1.8267567157745361 21.084558486938477
v 0.2889874279499054 1.4709758758544922 21.084558486938477
v -0.4225696623325348 2.6724541187286377 20.605667114257812
v -0.6475892663002014 3.5122385025024414 20.605667114257812
v -0.6475892663002014 2.7327470779418945 20.605667114257812
v -0.812315046787262 2.897473096847534 20.605667114257812
v -0.812315046787262 3.3475122451782227 20.605667114257812
v -0.8726087808609009 3.122493267059326 20.605667114257812
v -0.4225696623325348 3.5725324153900146 20.605667114257812
v -0.19755005836486816 3.5122385025024414 20.605667114257812
v -0.19755005836486816 2.7327470779418945 20.605667114257812
v -0.03282424807548523 2.897473096847534 20.605667114257812
v -0.03282424807548523 3.3475122451782227 20.605667114257812
v 0.02746954746544361 3.122493267059326 20.605667114257812
v -0.8487499356269836 0.7328163385391235 20.92193603515625
v -0.4225738048553467 0.6186240911483765 23.052064895629883
v -0.8487499356269836 0.7328175902366638 23.052064895629883
v -0.4225738048553467 0.6186228394508362 20.92193603515625
v -1.160732626914978 1.0448005199432373 23.052064895629883
v -1.160732626914978 1.0447993278503418 20.92193603515625
v -1.2749261856079102 1.4709758758544922 20.92193603515625
v -1.2749261856079102 1.4709758758544922 23.052064895629883
v -1.160732626914978 1.8971524238586426 20.92193603515625
v -1.160732626914978 1.8971524238586426 23.052064895629883
v -0.8487499356269836 2.2091352939605713 23.052064895629883
v -0.8487499356269836 2.209134101867676 20.92193603515625
v -0.4225738048553467 2.323328971862793 23.052064895629883
v -0.4225738048553467 2.3233277797698975 20.92193603515625
v 0.0036024150904268026 2.2091352939605713 23.052064895629883
v 0.0036024150904268026 2.209134101867676 20.92193603515625
v 0.31558504700660706 1.8971524238586426 23.052064895629883
v 0.31558504700660706 1.8971524238586426 20.92193603515625
v 0.4297786355018616 1.4709758758544922 23.052064895629883
v 0.4297786355018616 1.4709758758544922 20.92193603515625
v 0.31558504700660706 1.0448005199432373 23.052064895629883
v 0.31558504700660706 1.0447993278503418 20.92193603515625
v 0.0036024150904268026 0.7328175902366638 23.052064895629883
v 0.0036024150904268026 0.7328163385391235 20.92193603515625
v -0.4225738048553467 0.6186228394508362 20.92193603515625
v -0.4225738048553467 0.6186240911483765 23.052064895629883
v -0.4225738048553467 0.3045167922973633 14.380234718322754
v -1.1937638521194458 2.5142812728881836 14.380229949951172
v -1.432755708694458 2.0542030334472656 14.380234718322754
v -0.4225738048553467 3.0672502517700195 14.380234718322754
v -1.1248033046722412 2.9384045600891113 14.380234718322754
v -1.0058025121688843 0.46079277992248535 14.380234718322754
v -1.432755708694458 0.8877463340759277 14.380234718322754
v -1.5890313386917114 1.4709746837615967 14.380234718322754
v -0.4225738048553467 0.3045167922973633 14.380234718322754
v 0.5876080393791199 2.0542030334472656 14.380234718322754
v 0.34861624240875244 2.5142812728881836 14.380229949951172
v -0.4225738048553467 3.0672502517700195 14.380234718322754
v 0.279655784368515 2.9384045600891113 14.380234718322754
v 0.1606549620628357 0.46079277992248535 14.380234718322754
v 0.5876080393791199 0.8877463340759277 14.380234718322754
v 0.7438836693763733 1.4709746837615967 14.380234718322754
v -0.7298842072486877 2.5902185440063477 6.642745018005371
v -0.7881528735160828 2.489295244216919 -0.5714221596717834
v -0.4225738048553467 2.3913381099700928 -0.5714221596717834
v -0.4225738048553467 2.5078747272491455 6.642745018005371
v -0.7298800945281982 2.590214967727661 25
v -0.4225696623325348 2.507871150970459 25
v -0.9548468589782715 2.815181016921997 25
v -0.954850971698761 2.815185785293579 6.642745018005371
v -1.0557752847671509 2.7569174766540527 -0.5714221596717834
v -1.0371904373168945 3.1224920749664307 25
v -1.1537319421768188 3.1224968433380127 -0.5714221596717834
v -1.0371944904327393 3.122495651245117 6.642745018005371
v -0.9548468589782715 3.4298019409179688 25
v -0.954850971698761 3.429806709289551 6.642745018005371
v -1.0557752847671509 3.4880762100219727 -0.5714221596717834
v -0.7881528735160828 3.7556986808776855 -0.5714221596717834
v -0.7298842072486877 3.6547727584838867 6.642745018005371
v -0.7298800945281982 3.6547691822052 25
v -0.4225738048553467 3.853654623031616 -0.5714221596717834
v -0.4225738048553467 3.737116575241089 6.642745018005371
v -0.4225696623325348 3.7371129989624023 25
v -0.11526340991258621 3.6547727584838867 6.642745018005371
v -0.05699472874403 3.7556986808776855 -0.5714221596717834
v -0.11525927484035492 3.6547691822052 25
v 0.10970339924097061 3.429806709289551 6.642745018005371
v 0.21062766015529633 3.4880762100219727 -0.5714221596717834
v 0.10970757156610489 3.4298019409179688 25
v 0.3085843324661255 3.1224968433380127 -0.5714221596717834
v 0.19204697012901306 3.122495651245117 6.642745018005371
v 0.19205114245414734 3.1224920749664307 25
v 0.10970339924097061 2.815185785293579 6.642745018005371
v 0.21062766015529633 2.7569174766540527 -0.5714221596717834
v 0.10970757156610489 2.815181016921997 25
v -0.05699472874403 2.489295244216919 -0.5714221596717834
v -0.11525927484035492 2.590214967727661 25
v -0.11526340991258621 2.5902185440063477 6.642745018005371
v -0.4225738048553467 2.3913381099700928 -0.5714221596717834
v -0.4225696623325348 2.507871150970459 25
v -0.4225738048553467 2.5078747272491455 6.642745018005371
v -0.05313963443040848 0.7260754704475403 -10.888840675354004
v -0.05313963443040848 -0.4835619330406189 -10.383225440979004
v -0.7920079231262207 0.7260754704475403 -10.888840675354004
v -0.7920079231262207 -0.4835619330406189 -10.383225440979004
v -0.05313963443040848 -0.4835619330406189 -10.383225440979004
v -0.05313963443040848 -1.0111838579177856 -9.929658889770508
v -0.7920079231262207 -0.4835619330406189 -10.383225440979004
v -0.7920079231262207 -1.0111838579177856 -9.929658889770508
v -0.05313963443040848 0.13394224643707275 -7.7550811767578125
v -0.05313963443040848 -0.43306294083595276 -7.757670879364014
v -0.7920079231262207 0.13394224643707275 -7.7550811767578125
v -0.7920079231262207 -0.43306294083595276 -7.757670879364014
v -0.05313963443040848 0.6715204119682312 -8.135673522949219
v -0.05313963443040848 0.13394224643707275 -7.7550811767578125
v -0.7920079231262207 0.6715204119682312 -8.135673522949219
v -0.7920079231262207 0.13394224643707275 -7.7550811767578125
v 1.5890313386917114 3.025777578353882 -6.574277877807617
v 0.3548729121685028 1.7556284666061401 -7.082496166229248
v 0.3548729121685028 3.025777578353882 -7.082496166229248
v 1.5890313386917114 1.7556284666061401 -6.574277877807617
v 0.18832287192344666 4.345320224761963 -5.7728471755981445
v -1.0334703922271729 4.072829723358154 -5.7728471755981445
v -1.0334703922271729 4.345320224761963 -5.7728471755981445
v 0.18832287192344666 4.072829723358154 -5.7728471755981445
v -1.0334703922271729 3.668355703353882 -5.7728471755981445
v 0.18832287192344666 3.668355703353882 -5.7728471755981445
v -0.4225738048553467 4.694079875946045 -5.38907527923584
v -0.48769134283065796 4.616464614868164 -5.38907527923584
v -0.5177748799324036 4.668571949005127 -5.38907527923584
v -0.4225738048553467 4.633913516998291 -5.38907527923584
v -0.5353606343269348 4.568795680999756 -5.38907527923584
v -0.5177748799324036 4.668571949005127 -5.38907527923584
v -0.48769134283065796 4.616464614868164 -5.38907527923584
v -0.587466835975647 4.598879814147949 -5.38907527923584
v -0.5528088212013245 4.503678321838379 -5.38907527923584
v -0.587466835975647 4.598879814147949 -5.38907527923584
v -0.5353606343269348 4.568795680999756 -5.38907527923584
v -0.6129758954048157 4.503678321838379 -5.38907527923584
v -0.3273726999759674 4.338785171508789 -5.38907527923584
v -0.4225738048553467 4.373443126678467 -5.38907527923584
v -0.3574562668800354 4.390891075134277 -5.38907527923584
v -0.4225738048553467 4.3132758140563965 -5.38907527923584
v -0.4225738048553467 4.373443126678467 -5.38907527923584
v -0.5177748799324036 4.338785171508789 -5.38907527923584
v -0.48769134283065796 4.390891075134277 -5.38907527923584
v -0.4225738048553467 4.3132758140563965 -5.38907527923584
v -0.6129758954048157 4.503678321838379 -5.38907527923584
v -0.5353606343269348 4.438560962677002 -5.38907527923584
v -0.587466835975647 4.408476829528809 -5.38907527923584
v -0.5528088212013245 4.503678321838379 -5.38907527923584
v -0.3574562668800354 4.390891075134277 -5.38907527923584
v -0.2576807141304016 4.408476829528809 -5.38907527923584
v -0.3273726999759674 4.338785171508789 -5.38907527923584
v -0.30978691577911377 4.438560962677002 -5.38907527923584
v -0.587466835975647 4.408476829528809 -5.38907527923584
v -0.48769134283065796 4.390891075134277 -5.38907527923584
v -0.5177748799324036 4.338785171508789 -5.38907527923584
v -0.5353606343269348 4.438560962677002 -5.38907527923584
v -0.2321716696023941 4.503678321838379 -5.38907527923584
v -0.2576807141304016 4.408476829528809 -5.38907527923584
v -0.30978691577911377 4.438560962677002 -5.38907527923584
v -0.2923387587070465 4.503678321838379 -5.38907527923584
v -0.2923387587070465 4.503678321838379 -5.38907527923584
v -0.30978691577911377 4.568795680999756 -5.38907527923584
v -0.2576807141304016 4.598879814147949 -5.38907527923584
v -0.2321716696023941 4.503678321838379 -5.38907527923584
v -0.3273726999759674 4.668571949005127 -5.38907527923584
v -0.30978691577911377 4.568795680999756 -5.38907527923584
v -0.3574562668800354 4.616464614868164 -5.38907527923584
v -0.2576807141304016 4.598879814147949 -5.38907527923584
v -0.3574562668800354 4.616464614868164 -5.38907527923584
v -0.4225738048553467 4.694079875946045 -5.38907527923584
v -0.3273726999759674 4.668571949005127 -5.38907527923584
v -0.4225738048553467 4.633913516998291 -5.38907527923584
v -0.4225738048553467 4.3132758140563965 -5.25205135345459
v -0.5177748799324036 4.338785171508789 -5.38907527923584
v -0.4225738048553467 4.3132758140563965 -5.38907527923584
v -0.5177748799324036 4.338785171508789 -5.25205135345459
v -0.587466835975647 4.408476829528809 -5.38907527923584
v -0.587466835975647 4.408476829528809 -5.25205135345459
v -0.6129758954048157 4.503678321838379 -5.38907527923584
v -0.6129758954048157 4.503678321838379 -5.25205135345459
v -0.587466835975647 4.598879814147949 -5.38907527923584
v -0.587466835975647 4.598879814147949 -5.25205135345459
v -0.5177748799324036 4.668571949005127 -5.25205135345459
v -0.5177748799324036 4.668571949005127 -5.38907527923584
v -0.4225738048553467 4.694080829620361 -5.25205135345459
v -0.4225738048553467 4.694079875946045 -5.38907527923584
v -0.3273726999759674 4.668571949005127 -5.25205135345459
v -0.3273726999759674 4.668571949005127 -5.38907527923584
v -0.2576807141304016 4.598879814147949 -5.25205135345459
v -0.2576807141304016 4.598879814147949 -5.38907527923584
v -0.2321716696023941 4.503678321838379 -5.25205135345459
v -0.2321716696023941 4.503678321838379 -5.38907527923584
v -0.2576807141304016 4.408476829528809 -5.25205135345459
v -0.2576807141304016 4.408476829528809 -5.38907527923584
v -0.3273726999759674 4.338785171508789 -5.25205135345459
v -0.3273726999759674 4.338785171508789 -5.38907527923584
v -0.4225738048553467 4.3132758140563965 -5.38907527923584
v -0.4225738048553467 4.3132758140563965 -5.25205135345459
v -0.7783544063568115 0.8547467589378357 21.084558486938477
v -0.7783544063568115 0.8547491431236267 -0.5418050289154053
v -0.4225738048553467 0.7594190835952759 -0.5418050289154053
v -0.4225738048553467 0.7594155073165894 21.084558486938477
v -1.0388039350509644 1.1151962280273438 21.084558486938477
v -1.0388039350509644 1.1151999235153198 -0.5418050289154053
v -1.1341350078582764 1.4709758758544922 21.084558486938477
v -1.1341350078582764 1.4709794521331787 -0.5418050289154053
v -1.0388039350509644 1.8267567157745361 21.084558486938477
v -1.0388039350509644 1.8267602920532227 -0.5418050289154053
v -0.7783544063568115 2.0872061252593994 21.084558486938477
v -0.7783544063568115 2.087209939956665 -0.5418050289154053
v -0.4225738048553467 2.1825411319732666 -0.5418050289154053
v -0.4225738048553467 2.18253755569458 21.084558486938477
v -0.06679317355155945 2.087209939956665 -0.5418050289154053
v -0.06679317355155945 2.0872061252593994 21.084558486938477
v 0.1936563402414322 1.8267567157745361 21.084558486938477
v 0.1936563402414322 1.8267602920532227 -0.5418050289154053
v 0.2889874279499054 1.4709758758544922 21.084558486938477
v 0.2889874279499054 1.4709794521331787 -0.5418050289154053
v 0.1936563402414322 1.1151962280273438 21.084558486938477
v 0.1936563402414322 1.1151999235153198 -0.5418050289154053
v -0.06679317355155945 0.8547467589378357 21.084558486938477
v -0.06679317355155945 0.8547491431236267 -0.5418050289154053
v -0.4225738048553467 0.7594155073165894 21.084558486938477
v -0.4225738048553467 0.7594190835952759 -0.5418050289154053
v 0.18832287192344666 4.072829723358154 -4.379288196563721
v -1.0334703922271729 4.072829723358154 -4.379288196563721
v 0.05331946536898613 4.248937606811523 -4.379288196563721
v -0.898466944694519 4.248937606811523 -4.379288196563721
v 1.0048558712005615 1.4216713905334473 -5.570894241333008
v 1.3769972324371338 0.9087039828300476 -5.725039958953857
v 1.3769972324371338 1.4216713905334473 -5.725039958953857
v 1.531143307685852 0.9087039828300476 -6.097182273864746
v 1.531143307685852 1.4216713905334473 -6.097182273864746
v 1.0048558712005615 0.9087039828300476 -5.570894241333008
v 0.6327145099639893 1.4216713905334473 -5.725039958953857
v 0.6327145099639893 0.9087039828300476 -5.725039958953857
v 0.47856849431991577 1.4216713905334473 -6.097182273864746
v 0.47856849431991577 0.9087039828300476 -6.097182273864746
v 0.6327145099639893 1.4216713905334473 -6.469324588775635
v 0.6327145099639893 0.9087039828300476 -6.469324588775635
v 1.0048558712005615 1.4216713905334473 -6.623470306396484
v 1.0048558712005615 0.9087039828300476 -6.623470306396484
v 1.3769972324371338 1.4216713905334473 -6.469324588775635
v 1.3769972324371338 0.9087039828300476 -6.469324588775635
v 1.531143307685852 1.4216713905334473 -6.097182273864746
v -0.7117883563041687 1.605513572692871 -15.25305461883545
v -1.2902175188064575 1.1620986461639404 -15.189419746398926
v -1.2902175188064575 1.4137227535247803 -14.618170738220215
v 0.18832287192344666 4.072829723358154 -3.7004854679107666
v -1.0334703922271729 4.072829723358154 -3.7004854679107666
v 0.05331946536898613 4.248937606811523 -3.7004854679107666
v -0.898466944694519 4.248937606811523 -3.7004854679107666
v 1.0048558712005615 1.4216713905334473 -4.262246131896973
v 1.3769972324371338 0.9087039828300476 -4.416391849517822
v 1.3769972324371338 1.4216713905334473 -4.416391849517822
v 1.531143307685852 0.9087039828300476 -4.788534164428711
v 1.531143307685852 1.4216713905334473 -4.788534164428711
v 1.0048558712005615 0.9087039828300476 -4.262246131896973
v 0.6327145099639893 1.4216713905334473 -4.416391849517822
v 0.6327145099639893 0.9087039828300476 -4.416391849517822
v 0.47856849431991577 1.4216713905334473 -4.788534164428711
v 0.47856849431991577 0.9087039828300476 -4.788534164428711
v 0.6327145099639893 1.4216713905334473 -5.1606764793396
v 0.6327145099639893 0.9087039828300476 -5.1606764793396
v 1.0048558712005615 1.4216713905334473 -5.314822196960449
v 1.0048558712005615 0.9087039828300476 -5.314822196960449
v 1.3769972324371338 1.4216713905334473 -5.1606764793396
v 1.3769972324371338 0.9087039828300476 -5.1606764793396
v 1.531143307685852 1.4216713905334473 -4.788534164428711
v -0.7117883563041687 3.9079678058624268 -8.719059944152832
v -0.7117883563041687 3.0040836334228516 -11.56977367401123
v -1.2902175188064575 3.488675355911255 -8.719059944152832
v -0.7920079231262207 3.0257811546325684 4.464165210723877
v -0.05313967168331146 1.7556332349777222 4.464162826538086
v -0.05313967168331146 3.0257811546325684 4.464165210723877
v -0.7920079231262207 1.7556332349777222 4.464162826538086
v -1.0334703922271729 4.072829723358154 -3.0216829776763916
v 0.05331946536898613 4.248937606811523 -3.0216829776763916
v 0.18832287192344666 4.072829723358154 -3.0216829776763916
v 0.05331946536898613 4.248937606811523 -3.0216829776763916
v -1.0334703922271729 4.072829723358154 -3.0216829776763916
v -0.898466944694519 4.248937606811523 -3.0216829776763916
v -0.7920079231262207 -1.0111838579177856 -9.929658889770508
v -0.05313963443040848 -1.0111838579177856 -9.929658889770508
v -0.05313963443040848 -1.0111850500106812 -8.158975601196289
v -0.7920079231262207 -1.0111850500106812 -8.158975601196289
v 1.0048558712005615 1.4216713905334473 -2.9536004066467285
v 1.3769972324371338 0.9087039828300476 -3.107746124267578
v 1.3769972324371338 1.4216713905334473 -3.107746124267578
v 1.531143307685852 0.9087039828300476 -3.479888439178467
v 1.531143307685852 1.4216713905334473 -3.479888439178467
v 1.0048558712005615 0.9087039828300476 -2.9536004066467285
v 0.6327145099639893 1.4216713905334473 -3.107746124267578
v 0.6327145099639893 0.9087039828300476 -3.107746124267578
v 0.47856849431991577 1.4216713905334473 -3.479888439178467
v 0.47856849431991577 0.9087039828300476 -3.479888439178467
v 0.6327145099639893 1.4216713905334473 -3.8520305156707764
v 0.6327145099639893 0.9087039828300476 -3.8520305156707764
v 1.0048558712005615 1.4216713905334473 -4.006176471710205
v 1.0048558712005615 0.9087039828300476 -4.006176471710205
v 1.3769972324371338 1.4216713905334473 -3.8520305156707764
v 1.3769972324371338 0.9087039828300476 -3.8520305156707764
v 1.531143307685852 1.4216713905334473 -3.479888439178467
v -0.7920079231262207 -0.43306294083595276 -7.757670879364014
v -0.05313963443040848 -0.43306294083595276 -7.757670879364014
v -0.05313963443040848 -0.7774080634117126 -8.158975601196289
v -0.7920079231262207 -0.7774080634117126 -8.158975601196289
v -1.0334703922271729 4.072829723358154 -2.3428828716278076
v 0.053319428116083145 4.248937606811523 -2.3428828716278076
v 0.18832287192344666 4.072829723358154 -2.3428828716278076
v 0.053319428116083145 4.248937606811523 -2.3428828716278076
v -1.0334703922271729 4.072829723358154 -2.3428828716278076
v -0.8984668850898743 4.248937606811523 -2.3428828716278076
v 1.0048558712005615 1.4216713905334473 -1.6449545621871948
v 1.3769972324371338 0.9087039828300476 -1.7991002798080444
v 1.3769972324371338 1.4216713905334473 -1.7991002798080444
v 1.531143307685852 0.9087039828300476 -2.1712424755096436
v 1.531143307685852 1.4216713905334473 -2.1712424755096436
v 1.0048558712005615 0.9087039828300476 -1.6449545621871948
v 0.6327145099639893 1.4216713905334473 -1.7991002798080444
v 0.6327145099639893 0.9087039828300476 -1.7991002798080444
v 0.47856849431991577 1.4216713905334473 -2.1712424755096436
v 0.47856849431991577 0.9087039828300476 -2.1712424755096436
v 0.6327145099639893 1.4216713905334473 -2.5433847904205322
v 0.6327145099639893 0.9087039828300476 -2.5433847904205322
v 1.0048558712005615 1.4216713905334473 -2.697530508041382
v 1.0048558712005615 0.9087039828300476 -2.697530508041382
v 1.3769972324371338 1.4216713905334473 -2.5433847904205322
v 1.3769972324371338 0.9087039828300476 -2.5433847904205322
v 1.531143307685852 1.4216713905334473 -2.1712424755096436
v 0.18832287192344666 4.072829723358154 -1.6641740798950195
v -1.0334703922271729 4.072829723358154 -1.6641740798950195
v -0.898466944694519 4.248937606811523 -1.6641740798950195
v 0.05331946536898613 4.248937606811523 -1.6641740798950195
v 0.18832287192344666 4.345320224761963 -5.7728471755981445
v -1.0334703922271729 4.345320224761963 -5.150411128997803
v 0.18832287192344666 4.345320224761963 -5.150411128997803
v -1.0334703922271729 4.345320224761963 -5.7728471755981445
v 0.18832287192344666 4.345320224761963 -4.718690395355225
v 0.18832287192344666 4.345320224761963 -5.150411128997803
v -1.0334703922271729 4.345320224761963 -4.718690395355225
v -1.0334703922271729 4.345320224761963 -5.150411128997803
v -0.4225738048553467 4.375157356262207 -5.25205135345459
v -0.4225738048553467 4.373443126678467 -5.38907527923584
v -0.48683449625968933 4.392375469207764 -5.25205135345459
v -0.48769134283065796 4.390891075134277 -5.38907527923584
v 0.05331946536898613 4.248937606811523 -2.0034801959991455
v 0.053319428116083145 4.248937606811523 -2.3428828716278076
v -0.898466944694519 4.248937606811523 -2.0034801959991455
v -0.8984668850898743 4.248937606811523 -2.3428828716278076
v 0.05331946536898613 4.248937606811523 -2.6822829246520996
v 0.05331946536898613 4.248937606811523 -3.0216829776763916
v -0.898466944694519 4.248937606811523 -2.6822829246520996
v -0.898466944694519 4.248937606811523 -3.0216829776763916
v 0.05331946536898613 4.248937606811523 -3.3610854148864746
v 0.05331946536898613 4.248937606811523 -3.7004854679107666
v -0.898466944694519 4.248937606811523 -3.3610854148864746
v -0.898466944694519 4.248937606811523 -3.7004854679107666
v 0.05331946536898613 4.248937606811523 -4.03988790512085
v 0.05331946536898613 4.248937606811523 -4.379288196563721
v -0.898466944694519 4.248937606811523 -4.03988790512085
v -0.898466944694519 4.248937606811523 -4.379288196563721
v 0.05331946536898613 4.248937606811523 -1.3233160972595215
v 0.05331946536898613 4.248937606811523 -1.6641740798950195
v -0.898466944694519 4.248937606811523 -1.3233160972595215
v -0.898466944694519 4.248937606811523 -1.6641740798950195
v -0.37695783376693726 4.209201812744141 24.612323760986328
v -0.37695783376693726 4.209201812744141 24.441997528076172
v -0.4681897461414337 4.209201812744141 24.612323760986328
v -0.4681897461414337 4.209201812744141 24.441997528076172
v -0.8984668850898743 4.248937606811523 -2.3428828716278076
v -1.0334703922271729 4.072829723358154 -2.0034801959991455
v -0.898466944694519 4.248937606811523 -2.0034801959991455
v -1.0334703922271729 4.072829723358154 -2.3428828716278076
v -0.898466944694519 4.248937606811523 -3.0216829776763916
v -1.0334703922271729 4.072829723358154 -2.6822829246520996
v -0.898466944694519 4.248937606811523 -2.6822829246520996
v -1.0334703922271729 4.072829723358154 -3.0216829776763916
v -0.898466944694519 4.248937606811523 -3.3610854148864746
v -1.0334703922271729 4.072829723358154 -3.7004854679107666
v -1.0334703922271729 4.072829723358154 -3.3610854148864746
v -0.898466944694519 4.248937606811523 -3.7004854679107666
v -0.898466944694519 4.248937606811523 -4.03988790512085
v -0.898466944694519 4.248937606811523 -4.379288196563721
v -1.0334703922271729 4.072829723358154 -4.03988790512085
v -1.0334703922271729 4.072829723358154 -4.379288196563721
v -1.0334703922271729 4.072829723358154 -1.3233160972595215
v -0.898466944694519 4.248937606811523 -1.6641740798950195
v -1.0334703922271729 4.072829723358154 -1.6641740798950195
v -0.898466944694519 4.248937606811523 -1.3233160972595215
v 1.5890313386917114 3.0257763862609863 -1.6747592687606812
v 1.5890313386917114 1.7556284666061401 -6.574277877807617
v 1.5890313386917114 3.025777578353882 -6.574277877807617
v 1.5890313386917114 1.7556272745132446 -1.6747592687606812
v 0.18832287192344666 4.072829723358154 -3.0216829776763916
v 0.18832287192344666 4.072829723358154 -3.3610854148864746
v -1.0334703922271729 4.072829723358154 -3.0216829776763916
v -1.0334703922271729 4.072829723358154 -3.3610854148864746
v 0.18832287192344666 4.072829723358154 -2.3428828716278076
v 0.18832287192344666 4.072829723358154 -2.6822829246520996
v -1.0334703922271729 4.072829723358154 -2.3428828716278076
v -1.0334703922271729 4.072829723358154 -2.6822829246520996
v 0.18832287192344666 4.072829723358154 -3.7004854679107666
v 0.18832287192344666 4.072829723358154 -4.03988790512085
v -1.0334703922271729 4.072829723358154 -3.7004854679107666
v -1.0334703922271729 4.072829723358154 -4.03988790512085
v 0.18832287192344666 4.072829723358154 -4.379288196563721
v 0.18832287192344666 4.072829723358154 -4.718690395355225
v -1.0334703922271729 4.072829723358154 -4.379288196563721
v -1.0334703922271729 4.072829723358154 -4.718690395355225
v 0.18832287192344666 4.072829723358154 -1.6641740798950195
v 0.18832287192344666 4.072829723358154 -2.0034801959991455
v -1.0334703922271729 4.072829723358154 -1.6641740798950195
v -1.0334703922271729 4.072829723358154 -2.0034801959991455
v -1.2902175188064575 1.3134392499923706 -17.295434951782227
v -0.7117883563041687 1.800270676612854 -17.17288589477539
v -0.7117883563041687 1.1491329669952393 -24.999998092651367
v -0.4225738048553467 1.1491329669952393 -24.999998092651367
v -0.7117883563041687 1.605513572692871 -15.25305461883545
v -1.2902175188064575 1.1620986461639404 -15.189419746398926
v -0.4225738048553467 1.800270676612854 -17.17288589477539
v -0.13335922360420227 1.800270676612854 -17.17288589477539
v -0.13335922360420227 1.1491329669952393 -24.999998092651367
v 0.44506990909576416 1.3134392499923706 -17.295434951782227
v 0.44506990909576416 0.4117516577243805 -24.960216522216797
v -0.13335922360420227 1.605513572692871 -15.25305461883545
v 0.44506990909576416 1.1620986461639404 -15.189419746398926
v 0.44506990909576416 1.4137227535247803 -14.618170738220215
v -0.4225738048553467 1.605513572692871 -15.25305461883545
v -0.13335922360420227 1.6614795923233032 -14.75585651397705
v 0.4450699985027313 2.6988561153411865 -11.56977367401123
v -0.7117883563041687 1.6614795923233032 -14.75585651397705
v -1.2902175188064575 1.4137227535247803 -14.618170738220215
v -1.2902175188064575 2.6988561153411865 -11.56977367401123
v -0.4225738048553467 1.6614795923233032 -14.75585651397705
v -0.13335922360420227 3.0040836334228516 -11.56977367401123
v -0.7117883563041687 3.0040836334228516 -11.56977367401123
v -1.2902175188064575 3.488675355911255 -8.719059944152832
v -0.4225738048553467 3.0040836334228516 -11.56977367401123
v -0.7117883563041687 3.9079678058624268 -8.719059944152832
v -1.2902175188064575 3.4886741638183594 -0.14360131323337555
v -0.7117883563041687 3.9079666137695312 -0.14360131323337555
v -0.4225738048553467 3.9079678058624268 -8.719059944152832
v -0.4225738048553467 3.9079666137695312 -0.14360131323337555
v -0.13335922360420227 3.9079678058624268 -8.719059944152832
v 0.4450699985027313 3.488675355911255 -8.719059944152832
v -0.337663471698761 4.036395072937012 24.779359817504883
v -0.337663471698761 4.036395072937012 23.509214401245117
v -0.5074840784072876 4.036395072937012 24.779359817504883
v -0.5074840784072876 4.036395072937012 23.509214401245117
v -1.2902175188064575 0.4117516577243805 -24.960216522216797
v -1.2902175188064575 1.3134392499923706 -17.295434951782227
v -0.7117883563041687 1.1491329669952393 -24.999998092651367
v -0.13335922360420227 1.6614795923233032 -14.75585651397705
v -0.13335922360420227 3.0040836334228516 -11.56977367401123
v 0.4450699985027313 2.6988561153411865 -11.56977367401123
v 0.4450699985027313 3.488675355911255 -8.719059944152832
v -0.13335922360420227 3.9079678058624268 -8.719059944152832
v 0.4450699985027313 3.4886741638183594 -0.14360131323337555
v -0.13335922360420227 3.9079666137695312 -0.14360131323337555
v -0.4225738048553467 3.9079678058624268 -8.719059944152832
v -0.4225738048553467 3.9079666137695312 -0.14360131323337555
v 0.4450699985027313 1.0972373485565186 -8.719060897827148
v 0.4450699985027313 1.097236156463623 -0.14360131323337555
v -0.13335922360420227 0.5853754878044128 -0.14360131323337555
v -0.13335922360420227 0.5853766798973083 -8.719060897827148
v -0.4225738048553467 0.5853754878044128 -0.14360131323337555
v -0.4225738048553467 0.5853766798973083 -8.719060897827148
v 0.6327145099639893 0.9087039828300476 -2.5433847904205322
v 0.6327145099639893 0.9087039828300476 -1.7991002798080444
v 0.47856849431991577 0.9087039828300476 -2.1712424755096436
v 1.3769972324371338 0.9087039828300476 -2.5433847904205322
v 1.0048558712005615 0.9087039828300476 -2.697530508041382
v 1.3769972324371338 0.9087039828300476 -1.7991002798080444
v 1.0048558712005615 0.9087039828300476 -1.6449545621871948
v 1.531143307685852 0.9087039828300476 -2.1712424755096436
v 0.6327145099639893 0.9087039828300476 -3.8520305156707764
v 0.6327145099639893 0.9087039828300476 -3.107746124267578
v 0.47856849431991577 0.9087039828300476 -3.479888439178467
v 1.3769972324371338 0.9087039828300476 -3.8520305156707764
v 1.0048558712005615 0.9087039828300476 -4.006176471710205
v 1.3769972324371338 0.9087039828300476 -3.107746124267578
v 1.0048558712005615 0.9087039828300476 -2.9536004066467285
v 1.531143307685852 0.9087039828300476 -3.479888439178467
v 0.6327145099639893 0.9087039828300476 -5.1606764793396
v 0.6327145099639893 0.9087039828300476 -4.416391849517822
v 0.47856849431991577 0.9087039828300476 -4.788534164428711
v 1.3769972324371338 0.9087039828300476 -5.1606764793396
v 1.0048558712005615 0.9087039828300476 -5.314822196960449
v 1.3769972324371338 0.9087039828300476 -4.416391849517822
v 1.0048558712005615 0.9087039828300476 -4.262246131896973
v 1.531143307685852 0.9087039828300476 -4.788534164428711
v 0.6327145099639893 0.9087039828300476 -6.469324588775635
v 0.6327145099639893 0.9087039828300476 -5.725039958953857
v 0.47856849431991577 0.9087039828300476 -6.097182273864746
v 1.3769972324371338 0.9087039828300476 -6.469324588775635
v 1.0048558712005615 0.9087039828300476 -6.623470306396484
v 1.3769972324371338 0.9087039828300476 -5.725039958953857
v 1.0048558712005615 0.9087039828300476 -5.570894241333008
v 1.531143307685852 0.9087039828300476 -6.097182273864746
v -0.7920079231262207 0.8962951302528381 -10.259300231933594
v -0.05313963443040848 0.8962951302528381 -10.259300231933594
v -0.05313963443040848 0.7260754704475403 -10.888840675354004
v -0.7920079231262207 0.7260754704475403 -10.888840675354004
v 1.3769972324371338 3.7910943031311035 -2.5433847904205322
v 0.6327145099639893 3.7910943031311035 -1.7991002798080444
v 1.3769972324371338 3.7910943031311035 -1.7991002798080444
v 1.0048558712005615 3.7910943031311035 -1.6449545621871948
v 1.531143307685852 3.7910943031311035 -2.1712424755096436
v 0.6327145099639893 3.7910943031311035 -2.5433847904205322
v 0.47856849431991577 3.7910943031311035 -2.1712424755096436
v 1.0048558712005615 3.7910943031311035 -2.697530508041382
v 1.3769972324371338 3.7910943031311035 -3.8520305156707764
v 0.6327145099639893 3.7910943031311035 -3.107746124267578
v 1.3769972324371338 3.7910943031311035 -3.107746124267578
v 1.0048558712005615 3.7910943031311035 -2.9536004066467285
v 1.531143307685852 3.7910943031311035 -3.479888439178467
v 0.6327145099639893 3.7910943031311035 -3.8520305156707764
v 0.47856849431991577 3.7910943031311035 -3.479888439178467
v 1.0048558712005615 3.7910943031311035 -4.006176471710205
v 1.3769972324371338 3.7910943031311035 -5.1606764793396
v 0.6327145099639893 3.7910943031311035 -4.416391849517822
v 1.3769972324371338 3.7910943031311035 -4.416391849517822
v 1.0048558712005615 3.7910943031311035 -4.262246131896973
v 1.531143307685852 3.7910943031311035 -4.788534164428711
v 0.6327145099639893 3.7910943031311035 -5.1606764793396
v 0.47856849431991577 3.7910943031311035 -4.788534164428711
v 1.0048558712005615 3.7910943031311035 -5.314822196960449
v 1.3769972324371338 3.7910943031311035 -6.469324588775635
v 0.6327145099639893 3.7910943031311035 -5.725039958953857
v 1.3769972324371338 3.7910943031311035 -5.725039958953857
v 1.0048558712005615 3.7910943031311035 -5.570894241333008
v 1.531143307685852 3.7910943031311035 -6.097182273864746
v 0.6327145099639893 3.7910943031311035 -6.469324588775635
v 0.47856849431991577 3.7910943031311035 -6.097182273864746
v 1.0048558712005615 3.7910943031311035 -6.623470306396484
v 0.18832287192344666 4.072829723358154 -2.0034801959991455
v 0.18832287192344666 4.072829723358154 -2.3428828716278076
v 0.05331946536898613 4.248937606811523 -2.0034801959991455
v 0.053319428116083145 4.248937606811523 -2.3428828716278076
v 0.18832287192344666 4.072829723358154 -4.03988790512085
v 0.05331946536898613 4.248937606811523 -4.379288196563721
v 0.05331946536898613 4.248937606811523 -4.03988790512085
v 0.18832287192344666 4.072829723358154 -4.379288196563721
v 0.18832287192344666 4.072829723358154 -3.3610854148864746
v 0.05331946536898613 4.248937606811523 -3.7004854679107666
v 0.05331946536898613 4.248937606811523 -3.3610854148864746
v 0.18832287192344666 4.072829723358154 -3.7004854679107666
v 0.18832287192344666 4.072829723358154 -2.6822829246520996
v 0.18832287192344666 4.072829723358154 -3.0216829776763916
v 0.05331946536898613 4.248937606811523 -2.6822829246520996
v 0.05331946536898613 4.248937606811523 -3.0216829776763916
v 0.05331946536898613 4.248937606811523 -1.6641740798950195
v 0.05331946536898613 4.248937606811523 -1.3233160972595215
v 0.18832287192344666 4.072829723358154 -1.3233160972595215
v 0.18832287192344666 4.072829723358154 -1.6641740798950195
v -0.05313967168331146 3.025782346725464 -0.6318881511688232
v -0.7920079231262207 1.7556332349777222 -0.6318881511688232
v -0.7920079231262207 3.025782346725464 -0.6318881511688232
v -0.05313967168331146 1.7556332349777222 -0.6318881511688232
v -1.0557752847671509 2.7569174766540527 -0.5714221596717834
v -1.0557752847671509 3.4880762100219727 -0.5714221596717834
v -0.7881528735160828 3.7556986808776855 -0.5714221596717834
v -1.1537319421768188 3.1224968433380127 -0.5714221596717834
v -0.7881528735160828 2.489295244216919 -0.5714221596717834
v -0.4225738048553467 3.853654623031616 -0.5714221596717834
v -0.4225738048553467 2.3913381099700928 -0.5714221596717834
v -0.05699472874403 2.489295244216919 -0.5714221596717834
v -0.05699472874403 3.7556986808776855 -0.5714221596717834
v 0.21062766015529633 2.7569174766540527 -0.5714221596717834
v 0.21062766015529633 3.4880762100219727 -0.5714221596717834
v 0.3085843324661255 3.1224968433380127 -0.5714221596717834
v -1.0388039350509644 1.1151999235153198 -0.5418050289154053
v -1.0388039350509644 1.8267602920532227 -0.5418050289154053
v -0.7783544063568115 2.087209939956665 -0.5418050289154053
v -1.1341350078582764 1.4709794521331787 -0.5418050289154053
v -0.7783544063568115 0.8547491431236267 -0.5418050289154053
v -0.4225738048553467 0.7594190835952759 -0.5418050289154053
v -0.4225738048553467 2.1825411319732666 -0.5418050289154053
v -0.06679317355155945 2.087209939956665 -0.5418050289154053
v -0.06679317355155945 0.8547491431236267 -0.5418050289154053
v 0.1936563402414322 1.1151999235153198 -0.5418050289154053
v 0.1936563402414322 1.8267602920532227 -0.5418050289154053
v 0.2889874279499054 1.4709794521331787 -0.5418050289154053
v -1.2902175188064575 3.488675355911255 -8.719059944152832
v -1.2902175188064575 1.097236156463623 -0.14360131323337555
v -1.2902175188064575 3.4886741638183594 -0.14360131323337555
v -1.2902175188064575 1.0972373485565186 -8.719060897827148
v -1.2902175188064575 1.4137227535247803 -14.618170738220215
v -1.2902175188064575 0.0006363195134326816 -13.83288288116455
v -1.2902175188064575 0.9579904675483704 -11.56977367401123
v -1.2902175188064575 2.6988561153411865 -11.56977367401123
v -1.2902175188064575 2.6988561153411865 -11.56977367401123
v -1.2902175188064575 0.9579904675483704 -11.56977367401123
v -1.2902175188064575 1.0972373485565186 -8.719060897827148
v -1.2902175188064575 3.488675355911255 -8.719059944152832
v -1.2902175188064575 1.1620986461639404 -15.189419746398926
v -1.2902175188064575 -1.366916537284851 -14.826473236083984
v -1.2902175188064575 0.0006363195134326816 -13.83288288116455
v -1.2902175188064575 0.0006363195134326816 -13.83288288116455
v -1.2902175188064575 1.4137227535247803 -14.618170738220215
v -1.2902175188064575 1.1620986461639404 -15.189419746398926
v -1.2902175188064575 1.1620986461639404 -15.189419746398926
v -1.2902175188064575 -1.463210105895996 -17.99437713623047
v -1.2902175188064575 -1.366916537284851 -14.826473236083984
v -1.2902175188064575 1.3134392499923706 -17.295434951782227
v -1.2902175188064575 0.4117516577243805 -24.960216522216797
v -1.2902175188064575 -3.79390549659729 -24.733325958251953
v -1.2902175188064575 -1.463210105895996 -17.99437713623047
v -1.2902175188064575 1.3134392499923706 -17.295434951782227
v -0.4225738048553467 0.3045167922973633 14.380234718322754
v -0.4225738048553467 0.3045167922973633 4.3725905418396
v 0.1606549620628357 0.46079277992248535 14.380234718322754
v 0.1606549620628357 0.46079277992248535 4.3725905418396
v 0.5876080393791199 0.8877463340759277 4.3725905418396
v 0.5876080393791199 0.8877463340759277 14.380234718322754
v 0.7438836693763733 1.4709746837615967 4.3725905418396
v 0.7438836693763733 1.4709746837615967 14.380234718322754
v 0.5876080393791199 2.0542030334472656 4.3725905418396
v 0.5876080393791199 2.0542030334472656 14.380234718322754
v 0.34861624240875244 2.5142812728881836 14.380229949951172
v 0.34861624240875244 2.5142812728881836 4.372585773468018
v -1.0334703922271729 4.345320224761963 -5.150411128997803
v -1.0334703922271729 4.345320224761963 -5.7728471755981445
v -1.0334703922271729 4.072829723358154 -5.150411128997803
v -1.0334703922271729 4.072829723358154 -5.7728471755981445
v -1.0334703922271729 4.072829723358154 -4.718690395355225
v -1.0334703922271729 4.345320224761963 -4.718690395355225
v -1.0334703922271729 3.668355703353882 -4.718690395355225
v -1.0334703922271729 3.668355703353882 -5.150411128997803
v -1.0334703922271729 3.668355703353882 -5.7728471755981445
v -1.0334703922271729 4.072829723358154 -4.379288196563721
v -1.0334703922271729 4.072829723358154 -4.718690395355225
v -1.0334703922271729 3.668355703353882 -4.379288196563721
v -1.0334703922271729 3.668355703353882 -4.718690395355225
v -1.0334703922271729 4.072829723358154 -4.03988790512085
v -1.0334703922271729 3.668355703353882 -4.379288196563721
v -1.0334703922271729 3.668355703353882 -4.03988790512085
v -1.0334703922271729 4.072829723358154 -4.379288196563721
v -1.0334703922271729 4.072829723358154 -3.7004854679107666
v -1.0334703922271729 3.668355703353882 -4.03988790512085
v -1.0334703922271729 3.668355703353882 -3.7004854679107666
v -1.0334703922271729 4.072829723358154 -4.03988790512085
v -1.0334703922271729 4.072829723358154 -3.3610854148864746
v -1.0334703922271729 4.072829723358154 -3.7004854679107666
v -1.0334703922271729 3.668355703353882 -3.3610854148864746
v -1.0334703922271729 3.668355703353882 -3.7004854679107666
v -1.0334703922271729 3.668355703353882 -3.0216853618621826
v -1.0334703922271729 4.072829723358154 -3.0216829776763916
v -1.0334703922271729 3.6683545112609863 -2.6822829246520996
v -1.0334703922271729 4.072829723358154 -2.6822829246520996
v -1.0334703922271729 3.6683545112609863 -2.3428828716278076
v -1.0334703922271729 4.072829723358154 -2.3428828716278076
v -1.0334703922271729 3.6683545112609863 -2.0034801959991455
v -1.0334703922271729 4.072829723358154 -2.0034801959991455
v -1.0334703922271729 3.6683545112609863 -1.6641740798950195
v -1.0334703922271729 4.072829723358154 -1.6641740798950195
v -1.0334703922271729 3.6683545112609863 -1.3233160972595215
v -1.0334703922271729 4.072829723358154 -1.3233160972595215
v -0.7920079231262207 -0.7774068713188171 -9.801653861999512
v -0.7920079231262207 -1.0111850500106812 -8.158975601196289
v -0.7920079231262207 -0.7774080634117126 -8.158975601196289
v -0.7920079231262207 -1.0111838579177856 -9.929658889770508
v -0.7920079231262207 -0.4835619330406189 -10.383225440979004
v -0.7920079231262207 -0.42820215225219727 -10.12251091003418
v -0.7920079231262207 0.7260754704475403 -10.888840675354004
v -0.7920079231262207 -0.4835619330406189 -10.383225440979004
v -0.7920079231262207 0.11261412501335144 -10.122509956359863
v -0.7920079231262207 -0.42820215225219727 -10.12251091003418
v -0.7920079231262207 0.11261412501335144 -10.122509956359863
v -0.7920079231262207 0.67836594581604 -9.669614791870117
v -0.7920079231262207 0.7260754704475403 -10.888840675354004
v -0.7920079231262207 0.8962951302528381 -10.259300231933594
v -0.7920079231262207 0.6715204119682312 -8.135673522949219
v -0.7920079231262207 0.13394224643707275 -7.7550811767578125
v -0.7920079231262207 0.6665260791778564 -6.507154941558838
v -0.7920079231262207 0.10423491150140762 -7.16774845123291
v -0.7920079231262207 -0.43306294083595276 -7.757670879364014
v -0.7920079231262207 -0.5270301699638367 -7.573847770690918
v -0.7920079231262207 -1.0111850500106812 -8.158975601196289
v -0.7920079231262207 -0.5270301699638367 -7.573847770690918
v -0.7920079231262207 -0.7774080634117126 -8.158975601196289
v -0.7920079231262207 -0.43306294083595276 -7.757670879364014
v -0.7920079231262207 2.675436019897461 20.9122257232666
v -0.7920079231262207 1.7556296586990356 22.1823787689209
v -0.7920079231262207 2.675436019897461 22.1823787689209
v -0.7920079231262207 1.7556296586990356 20.9122257232666
v -0.7920079231262207 3.025782346725464 -0.6318881511688232
v -0.7920079231262207 1.7556332349777222 4.464162826538086
v -0.7920079231262207 3.0257811546325684 4.464165210723877
v -0.7920079231262207 1.7556332349777222 -0.6318881511688232
v 0.3548729121685028 1.7556284666061401 -7.082496166229248
v 1.5890313386917114 1.7556284666061401 -6.574277877807617
v 1.5890313386917114 1.7556272745132446 -1.6747592687606812
v 0.3548729121685028 1.7556272745132446 -1.1665408611297607
v 1.5890313386917114 3.025777578353882 -6.574277877807617
v 0.3548729121685028 3.0257763862609863 -1.1665408611297607
v 1.5890313386917114 3.0257763862609863 -1.6747592687606812
v 0.3548729121685028 3.025777578353882 -7.082496166229248
v -0.4225738048553467 1.7556296586990356 20.9122257232666
v -0.4225738048553467 1.7556296586990356 22.1823787689209
v -0.7920079231262207 1.7556296586990356 20.9122257232666
v -0.7920079231262207 1.7556296586990356 22.1823787689209
v -0.05313967168331146 1.7556296586990356 22.1823787689209
v -0.05313967168331146 1.7556296586990356 20.9122257232666
v -0.05313967168331146 1.7556332349777222 -0.6318881511688232
v -0.05313967168331146 1.7556332349777222 4.464162826538086
v -0.7920079231262207 1.7556332349777222 -0.6318881511688232
v -0.7920079231262207 1.7556332349777222 4.464162826538086
v -0.05313967168331146 3.025782346725464 -0.6318881511688232
v -0.7920079231262207 3.0257811546325684 4.464165210723877
v -0.05313967168331146 3.0257811546325684 4.464165210723877
v -0.7920079231262207 3.025782346725464 -0.6318881511688232
v 0.4450699985027313 3.4886741638183594 -0.14360131323337555
v 0.4450699985027313 1.097236156463623 -0.14360131323337555
v 0.4450699985027313 3.488675355911255 -8.719059944152832
v 0.4450699985027313 1.0972373485565186 -8.719060897827148
v 0.44506990909576416 0.0006363195134326816 -13.83288288116455
v 0.44506990909576416 1.4137227535247803 -14.618170738220215
v 0.4450699985027313 0.9579904675483704 -11.56977367401123
v 0.44506990909576416 1.4137227535247803 -14.618170738220215
v 0.4450699985027313 2.6988561153411865 -11.56977367401123
v 0.4450699985027313 0.9579904675483704 -11.56977367401123
v 0.4450699985027313 3.488675355911255 -8.719059944152832
v 0.4450699985027313 1.0972373485565186 -8.719060897827148
v 0.4450699985027313 2.6988561153411865 -11.56977367401123
v 0.4450699985027313 0.9579904675483704 -11.56977367401123
v 0.44506990909576416 1.4137227535247803 -14.618170738220215
v 0.44506990909576416 0.0006363195134326816 -13.83288288116455
v 0.44506990909576416 1.1620986461639404 -15.189419746398926
v 0.44506990909576416 -1.366916537284851 -14.826473236083984
v 0.44506990909576416 1.1620986461639404 -15.189419746398926
v 0.44506990909576416 0.0006363195134326816 -13.83288288116455
v 0.44506990909576416 1.1620986461639404 -15.189419746398926
v 0.44506990909576416 -1.463210105895996 -17.99437713623047
v 0.44506990909576416 1.3134392499923706 -17.295434951782227
v 0.44506990909576416 -1.366916537284851 -14.826473236083984
v 0.44506990909576416 1.3134392499923706 -17.295434951782227
v 0.44506990909576416 -1.463210105895996 -17.99437713623047
v 0.44506990909576416 0.4117516577243805 -24.960216522216797
v 0.44506990909576416 -3.79390549659729 -24.733325958251953
v -1.0058025121688843 0.46079277992248535 14.380234718322754
v -0.4225738048553467 0.3045167922973633 4.3725905418396
v -0.4225738048553467 0.3045167922973633 14.380234718322754
v -1.0058025121688843 0.46079277992248535 4.3725905418396
v -1.432755708694458 0.8877463340759277 4.3725905418396
v -1.432755708694458 0.8877463340759277 14.380234718322754
v -1.5890313386917114 1.4709746837615967 4.3725905418396
v -1.5890313386917114 1.4709746837615967 14.380234718322754
v -1.432755708694458 2.0542030334472656 4.3725905418396
v -1.432755708694458 2.0542030334472656 14.380234718322754
v -1.1937638521194458 2.5142812728881836 14.380229949951172
v -1.1937638521194458 2.5142812728881836 4.372585773468018
v -1.1248033046722412 2.9384045600891113 4.372592926025391
v -1.1248033046722412 2.9384045600891113 14.380234718322754
v -0.4225738048553467 3.0672502517700195 14.380234718322754
v -0.4225738048553467 3.0672502517700195 4.372592926025391
v 0.279655784368515 2.9384045600891113 4.372592926025391
v 0.279655784368515 2.9384045600891113 14.380234718322754
v 0.34861624240875244 2.5142812728881836 14.380229949951172
v 0.34861624240875244 2.5142812728881836 4.372585773468018
v -0.5074840784072876 4.036395072937012 23.509214401245117
v -0.5074840784072876 3.605109691619873 24.779359817504883
v -0.5074840784072876 4.036395072937012 24.779359817504883
v -0.5074840784072876 3.6051108837127686 23.509214401245117
v -0.4681897461414337 4.209201812744141 24.441997528076172
v -0.4681897461414337 3.9166128635406494 24.612323760986328
v -0.4681897461414337 4.209201812744141 24.612323760986328
v -0.4681897461414337 3.9166128635406494 24.441997528076172
v 0.18832287192344666 4.072829723358154 -5.150411128997803
v 0.18832287192344666 4.345320224761963 -5.7728471755981445
v 0.18832287192344666 4.345320224761963 -5.150411128997803
v 0.18832287192344666 4.072829723358154 -5.7728471755981445
v 0.18832287192344666 3.668355703353882 -5.150411128997803
v 0.18832287192344666 3.668355703353882 -5.7728471755981445
v 0.18832287192344666 4.072829723358154 -4.718690395355225
v 0.18832287192344666 3.668355703353882 -4.718690395355225
v 0.18832287192344666 3.668355703353882 -4.379288196563721
v 0.18832287192344666 4.072829723358154 -4.379288196563721
v 0.18832287192344666 4.072829723358154 -4.718690395355225
v 0.18832287192344666 4.345320224761963 -5.150411128997803
v 0.18832287192344666 4.345320224761963 -4.718690395355225
v 0.18832287192344666 4.072829723358154 -5.150411128997803
v 0.18832287192344666 3.6683545112609863 -2.3428828716278076
v 0.18832287192344666 3.6683545112609863 -2.6822829246520996
v 0.18832287192344666 4.072829723358154 -2.3428828716278076
v 0.18832287192344666 4.072829723358154 -2.6822829246520996
v 0.18832287192344666 4.072829723358154 -2.0034801959991455
v 0.18832287192344666 3.668355703353882 -3.0216853618621826
v 0.18832287192344666 3.6683545112609863 -2.0034801959991455
v 0.18832287192344666 4.072829723358154 -3.0216829776763916
v 0.18832287192344666 4.072829723358154 -3.3610854148864746
v 0.18832287192344666 3.668355703353882 -3.3610854148864746
v 0.18832287192344666 3.6683545112609863 -1.6641740798950195
v 0.18832287192344666 4.072829723358154 -1.6641740798950195
v 0.18832287192344666 4.072829723358154 -1.3233160972595215
v 0.18832287192344666 3.6683545112609863 -1.3233160972595215
v 0.18832287192344666 3.668355703353882 -3.3610854148864746
v 0.18832287192344666 4.072829723358154 -3.7004854679107666
v 0.18832287192344666 4.072829723358154 -3.3610854148864746
v 0.18832287192344666 3.668355703353882 -3.7004854679107666
v 0.18832287192344666 3.668355703353882 -3.7004854679107666
v 0.18832287192344666 4.072829723358154 -4.03988790512085
v 0.18832287192344666 4.072829723358154 -3.7004854679107666
v 0.18832287192344666 3.668355703353882 -4.03988790512085
v 0.18832287192344666 3.668355703353882 -4.03988790512085
v 0.18832287192344666 3.668355703353882 -4.379288196563721
v 0.18832287192344666 4.072829723358154 -4.03988790512085
v 0.18832287192344666 4.072829723358154 -4.379288196563721
v -0.05313967168331146 2.675436019897461 20.9122257232666
v -0.4225738048553467 2.5881834030151367 22.1823787689209
v -0.05313967168331146 2.675436019897461 22.1823787689209
v -0.4225738048553467 2.5881834030151367 20.9122257232666
v -0.4225738048553467 2.5881834030151367 20.9122257232666
v -0.7920079231262207 2.675436019897461 22.1823787689209
v -0.4225738048553467 2.5881834030151367 22.1823787689209
v -0.7920079231262207 2.675436019897461 20.9122257232666
v -0.05313963443040848 -0.7774068713188171 -9.801653861999512
v -0.05313963443040848 -1.0111850500106812 -8.158975601196289
v -0.05313963443040848 -1.0111838579177856 -9.929658889770508
v -0.05313963443040848 -0.7774080634117126 -8.158975601196289
v -0.05313963443040848 -0.4835619330406189 -10.383225440979004
v -0.05313963443040848 -0.42820215225219727 -10.122509956359863
v -0.05313963443040848 -0.4835619330406189 -10.383225440979004
v -0.05313963443040848 0.11261412501335144 -10.122509956359863
v -0.05313963443040848 -0.42820215225219727 -10.122509956359863
v -0.05313963443040848 0.7260754704475403 -10.888840675354004
v -0.05313963443040848 0.7260754704475403 -10.888840675354004
v -0.05313963443040848 0.67836594581604 -9.669614791870117
v -0.05313963443040848 0.11261412501335144 -10.122509956359863
v -0.05313963443040848 0.8962951302528381 -10.259300231933594
v -0.05313963443040848 -0.5270301699638367 -7.573847770690918
v -0.05313963443040848 -1.0111850500106812 -8.158975601196289
v -0.05313963443040848 -0.7774080634117126 -8.158975601196289
v -0.05313963443040848 -0.43306294083595276 -7.757670879364014
v -0.05313963443040848 0.10423491150140762 -7.16774845123291
v -0.05313963443040848 0.13394224643707275 -7.7550811767578125
v -0.05313963443040848 0.6665260791778564 -6.507154941558838
v -0.05313963443040848 0.6715204119682312 -8.135673522949219
v -0.05313963443040848 0.10423491150140762 -7.16774845123291
v -0.05313963443040848 -0.5270301699638367 -7.573847770690918
v -0.05313963443040848 -0.43306294083595276 -7.757670879364014
v -0.05313967168331146 2.675436019897461 22.1823787689209
v -0.05313967168331146 1.7556296586990356 20.9122257232666
v -0.05313967168331146 2.675436019897461 20.9122257232666
v -0.05313967168331146 1.7556296586990356 22.1823787689209
v -0.05313967168331146 3.0257811546325684 4.464165210723877
v -0.05313967168331146 1.7556332349777222 -0.6318881511688232
v -0.05313967168331146 3.025782346725464 -0.6318881511688232
v -0.05313967168331146 1.7556332349777222 4.464162826538086
v -1.2902175188064575 1.0972373485565186 -8.719060897827148
v -0.7117883563041687 0.5853754878044128 -0.14360131323337555
v -1.2902175188064575 1.097236156463623 -0.14360131323337555
v -0.7117883563041687 0.5853766798973083 -8.719060897827148
v -0.4225738048553467 0.5853754878044128 -0.14360131323337555
v -1.2902175188064575 0.9579904675483704 -11.56977367401123
v -0.4225738048553467 0.5853766798973083 -8.719060897827148
v -0.7117883563041687 0.5853766798973083 -11.56977367401123
v -1.2902175188064575 0.0006363195134326816 -13.83288288116455
v -0.7117883563041687 -0.30181995034217834 -13.664800643920898
v -1.2902175188064575 -1.366916537284851 -14.826473236083984
v -0.4225738048553467 0.5853766798973083 -11.56977367401123
v -0.13335922360420227 0.5853766798973083 -11.56977367401123
v -0.13335922360420227 0.5853766798973083 -8.719060897827148
v 0.4450699985027313 0.9579904675483704 -11.56977367401123
v 0.4450699985027313 1.0972373485565186 -8.719060897827148
v 0.44506990909576416 0.0006363195134326816 -13.83288288116455
v -0.13335922360420227 -0.30181995034217834 -13.664800643920898
v 0.44506990909576416 -1.366916537284851 -14.826473236083984
v -0.4225738048553467 -0.30181995034217834 -13.664800643920898
v -0.13335922360420227 -1.9082248210906982 -14.748788833618164
v 0.44506990909576416 -1.463210105895996 -17.99437713623047
v -0.7117883563041687 -1.9082248210906982 -14.748788833618164
v -1.2902175188064575 -1.463210105895996 -17.99437713623047
v -0.4225738048553467 -1.9082248210906982 -14.748788833618164
v -0.7117883563041687 -2.0575218200683594 -18.143978118896484
v -1.2902175188064575 -3.79390549659729 -24.733325958251953
v -0.7117883563041687 -4.694079875946045 -24.68476104736328
v -0.13335922360420227 -2.0575218200683594 -18.143978118896484
v 0.44506990909576416 -3.79390549659729 -24.733325958251953
v -0.4225738048553467 -2.0575218200683594 -18.143978118896484
v -0.4225738048553467 -4.694079875946045 -24.68476104736328
v -0.13335922360420227 -4.694079875946045 -24.68476104736328
v -0.337663471698761 4.036395072937012 24.779359817504883
v -0.337663471698761 3.6051108837127686 23.509214401245117
v -0.337663471698761 4.036395072937012 23.509214401245117
v -0.337663471698761 3.605109691619873 24.779359817504883
v -0.37695783376693726 4.209201812744141 24.612323760986328
v -0.37695783376693726 3.9166128635406494 24.441997528076172
v -0.37695783376693726 4.209201812744141 24.441997528076172
v -0.37695783376693726 3.9166128635406494 24.612323760986328
v 0.3548729121685028 3.025777578353882 -7.082496166229248
v 0.3548729121685028 1.7556272745132446 -1.1665408611297607
v 0.3548729121685028 3.0257763862609863 -1.1665408611297607
v 0.3548729121685028 1.7556284666061401 -7.082496166229248
v -0.7117883563041687 0.5853754878044128 -0.14360131323337555
v -0.7117883563041687 3.9079666137695312 -0.14360131323337555
v -1.2902175188064575 1.097236156463623 -0.14360131323337555
v -1.2902175188064575 3.4886741638183594 -0.14360131323337555
v -0.4225738048553467 0.5853754878044128 -0.14360131323337555
v -0.4225738048553467 3.9079666137695312 -0.14360131323337555
v -0.13335922360420227 3.9079666137695312 -0.14360131323337555
v 0.4450699985027313 1.097236156463623 -0.14360131323337555
v 0.4450699985027313 3.4886741638183594 -0.14360131323337555
v -0.13335922360420227 0.5853754878044128 -0.14360131323337555
v -0.4225738048553467 0.5853754878044128 -0.14360131323337555
v -0.4225738048553467 3.9079666137695312 -0.14360131323337555
v -0.5510952472686768 4.503678321838379 -5.25205135345459
v -0.5528088212013245 4.503678321838379 -5.38907527923584
v -0.5338765978813171 4.567939281463623 -5.25205135345459
v -0.5338765978813171 4.439417362213135 -5.25205135345459
v -0.5353606343269348 4.568795680999756 -5.38907527923584
v -0.5353606343269348 4.438560962677002 -5.38907527923584
v -0.48769134283065796 4.390891075134277 -5.38907527923584
v -0.48683449625968933 4.392375469207764 -5.25205135345459
v -0.48683449625968933 4.614981174468994 -5.25205135345459
v -0.48769134283065796 4.616464614868164 -5.38907527923584
v -0.4225738048553467 4.633913516998291 -5.38907527923584
v -0.4225738048553467 4.632199287414551 -5.25205135345459
v -0.35831308364868164 4.614981174468994 -5.25205135345459
v -0.3574562668800354 4.616464614868164 -5.38907527923584
v -0.30978691577911377 4.568795680999756 -5.38907527923584
v -0.31127098202705383 4.567939281463623 -5.25205135345459
v -0.2923387587070465 4.503678321838379 -5.38907527923584
v -0.2940523624420166 4.503678321838379 -5.25205135345459
v -0.31127098202705383 4.439417362213135 -5.25205135345459
v -0.30978691577911377 4.438560962677002 -5.38907527923584
v -0.3574562668800354 4.390891075134277 -5.38907527923584
v -0.35831308364868164 4.392375469207764 -5.25205135345459
v -0.4225738048553467 4.373443126678467 -5.38907527923584
v -0.4225738048553467 4.375157356262207 -5.25205135345459
v -0.337663471698761 3.6051108837127686 23.509214401245117
v -0.337663471698761 3.605109691619873 24.779359817504883
v -0.5074840784072876 3.6051108837127686 23.509214401245117
v -0.5074840784072876 3.605109691619873 24.779359817504883
v -1.0334703922271729 3.668355703353882 -5.7728471755981445
v 0.18832287192344666 3.668355703353882 -5.150411128997803
v -1.0334703922271729 3.668355703353882 -5.150411128997803
v 0.18832287192344666 3.668355703353882 -5.7728471755981445
v 0.18832287192344666 3.668355703353882 -4.718690395355225
v -1.0334703922271729 3.668355703353882 -4.718690395355225
v -1.0334703922271729 3.668355703353882 -4.379288196563721
v 0.18832287192344666 3.668355703353882 -4.379288196563721
v 0.18832287192344666 3.668355703353882 -4.03988790512085
v -1.0334703922271729 3.668355703353882 -4.03988790512085
v 0.18832287192344666 3.668355703353882 -3.7004854679107666
v -1.0334703922271729 3.668355703353882 -3.7004854679107666
v -1.0334703922271729 3.6683545112609863 -2.0034801959991455
v -1.0334703922271729 3.6683545112609863 -2.3428828716278076
v 0.18832287192344666 3.6683545112609863 -2.0034801959991455
v 0.18832287192344666 3.6683545112609863 -2.3428828716278076
v 0.18832287192344666 3.6683545112609863 -1.6641740798950195
v -1.0334703922271729 3.6683545112609863 -2.6822829246520996
v -1.0334703922271729 3.6683545112609863 -1.6641740798950195
v 0.18832287192344666 3.6683545112609863 -1.3233160972595215
v -1.0334703922271729 3.6683545112609863 -1.3233160972595215
v 0.18832287192344666 3.6683545112609863 -2.6822829246520996
v -1.0334703922271729 3.668355703353882 -3.0216853618621826
v 0.18832287192344666 3.668355703353882 -3.0216853618621826
v -1.0334703922271729 3.668355703353882 -3.3610854148864746
v 0.18832287192344666 3.668355703353882 -3.3610854148864746
v -1.0334703922271729 3.668355703353882 -3.3610854148864746
v -1.0334703922271729 3.668355703353882 -3.7004854679107666
v 0.18832287192344666 3.668355703353882 -3.3610854148864746
v 0.18832287192344666 3.668355703353882 -3.7004854679107666
v 1.5890313386917114 3.0257763862609863 -1.6747592687606812
v 0.3548729121685028 1.7556272745132446 -1.1665408611297607
v 1.5890313386917114 1.7556272745132446 -1.6747592687606812
v 0.3548729121685028 3.0257763862609863 -1.1665408611297607
v -0.4681897461414337 3.9166128635406494 24.441997528076172
v -0.37695783376693726 3.9166128635406494 24.441997528076172
v -0.37695783376693726 3.9166128635406494 24.612323760986328
v -0.4681897461414337 3.9166128635406494 24.612323760986328
v -0.13335922360420227 -2.0575218200683594 -18.143978118896484
v -0.13335922360420227 -4.694079875946045 -24.68476104736328
v 0.44506990909576416 -3.79390549659729 -24.733325958251953
v -0.7920079231262207 0.6665260791778564 -6.507154941558838
v -0.05313963443040848 0.6665260791778564 -6.507154941558838
v -0.05313963443040848 0.6715204119682312 -8.135673522949219
v -0.7920079231262207 0.6715204119682312 -8.135673522949219
v 0.18832287192344666 4.072829723358154 -1.3233160972595215
v -1.0334703922271729 4.072829723358154 -1.3233160972595215
v 0.18832287192344666 3.6683545112609863 -1.3233160972595215
v -1.0334703922271729 3.6683545112609863 -1.3233160972595215
v 0.05331946536898613 4.248937606811523 -1.3233160972595215
v -0.898466944694519 4.248937606811523 -1.3233160972595215
v -0.898466944694519 4.248937606811523 -2.0034801959991455
v 0.18832287192344666 4.072829723358154 -2.0034801959991455
v 0.05331946536898613 4.248937606811523 -2.0034801959991455
v -1.0334703922271729 4.072829723358154 -2.0034801959991455
v 0.6327145099639893 3.7910943031311035 -1.7991002798080444
v 1.0048558712005615 1.4216713905334473 -1.6449545621871948
v 1.0048558712005615 3.7910943031311035 -1.6449545621871948
v 1.3769972324371338 1.4216713905334473 -1.7991002798080444
v 0.6327145099639893 1.4216713905334473 -1.7991002798080444
v 1.3769972324371338 3.7910943031311035 -1.7991002798080444
v 0.47856849431991577 3.7910943031311035 -2.1712424755096436
v 1.531143307685852 1.4216713905334473 -2.1712424755096436
v 0.47856849431991577 1.4216713905334473 -2.1712424755096436
v 1.531143307685852 3.7910943031311035 -2.1712424755096436
v 0.6327145099639893 3.7910943031311035 -2.5433847904205322
v 1.3769972324371338 1.4216713905334473 -2.5433847904205322
v 0.6327145099639893 1.4216713905334473 -2.5433847904205322
v 1.3769972324371338 3.7910943031311035 -2.5433847904205322
v 1.0048558712005615 3.7910943031311035 -2.697530508041382
v 1.0048558712005615 1.4216713905334473 -2.697530508041382
v -0.7920079231262207 -0.5270301699638367 -7.573847770690918
v -0.7920079231262207 -1.0111850500106812 -8.158975601196289
v -0.05313963443040848 -0.5270301699638367 -7.573847770690918
v -0.05313963443040848 -1.0111850500106812 -8.158975601196289
v -0.05313963443040848 -0.7774080634117126 -8.158975601196289
v -0.05313963443040848 -0.7774068713188171 -9.801653861999512
v -0.7920079231262207 -0.7774080634117126 -8.158975601196289
v -0.7920079231262207 -0.7774068713188171 -9.801653861999512
v -0.7920079231262207 0.6665260791778564 -6.507154941558838
v -0.7920079231262207 0.10423491150140762 -7.16774845123291
v -0.05313963443040848 0.6665260791778564 -6.507154941558838
v -0.05313963443040848 0.10423491150140762 -7.16774845123291
v 0.05331946536898613 4.248937606811523 -2.6822829246520996
v -1.0334703922271729 4.072829723358154 -2.6822829246520996
v 0.18832287192344666 4.072829723358154 -2.6822829246520996
v -1.0334703922271729 4.072829723358154 -2.6822829246520996
v 0.05331946536898613 4.248937606811523 -2.6822829246520996
v -0.898466944694519 4.248937606811523 -2.6822829246520996
v -1.1937638521194458 2.5142812728881836 4.372585773468018
v -0.4225738048553467 3.0672502517700195 4.372592926025391
v -0.4225738048553467 0.3045167922973633 4.3725905418396
v -1.1248033046722412 2.9384045600891113 4.372592926025391
v -1.432755708694458 2.0542030334472656 4.3725905418396
v -1.0058025121688843 0.46079277992248535 4.3725905418396
v -1.432755708694458 0.8877463340759277 4.3725905418396
v -1.5890313386917114 1.4709746837615967 4.3725905418396
v 0.34861624240875244 2.5142812728881836 4.372585773468018
v -0.4225738048553467 0.3045167922973633 4.3725905418396
v -0.4225738048553467 3.0672502517700195 4.372592926025391
v 0.279655784368515 2.9384045600891113 4.372592926025391
v 0.5876080393791199 2.0542030334472656 4.3725905418396
v 0.1606549620628357 0.46079277992248535 4.3725905418396
v 0.5876080393791199 0.8877463340759277 4.3725905418396
v 0.7438836693763733 1.4709746837615967 4.3725905418396
v -1.0334703922271729 4.072829723358154 -3.3610854148864746
v 0.18832287192344666 4.072829723358154 -3.3610854148864746
v 0.05331946536898613 4.248937606811523 -3.3610854148864746
v -1.0334703922271729 4.072829723358154 -3.3610854148864746
v 0.05331946536898613 4.248937606811523 -3.3610854148864746
v -0.898466944694519 4.248937606811523 -3.3610854148864746
v 0.6327145099639893 3.7910943031311035 -3.107746124267578
v 1.0048558712005615 1.4216713905334473 -2.9536004066467285
v 1.0048558712005615 3.7910943031311035 -2.9536004066467285
v 1.3769972324371338 1.4216713905334473 -3.107746124267578
v 0.6327145099639893 1.4216713905334473 -3.107746124267578
v 1.3769972324371338 3.7910943031311035 -3.107746124267578
v 0.47856849431991577 3.7910943031311035 -3.479888439178467
v 1.531143307685852 1.4216713905334473 -3.479888439178467
v 0.47856849431991577 1.4216713905334473 -3.479888439178467
v 1.531143307685852 3.7910943031311035 -3.479888439178467
v 0.6327145099639893 3.7910943031311035 -3.8520305156707764
v 1.3769972324371338 1.4216713905334473 -3.8520305156707764
v 0.6327145099639893 1.4216713905334473 -3.8520305156707764
v 1.3769972324371338 3.7910943031311035 -3.8520305156707764
v 1.0048558712005615 3.7910943031311035 -4.006176471710205
v 1.0048558712005615 1.4216713905334473 -4.006176471710205
v -1.0334703922271729 4.072829723358154 -4.03988790512085
v 0.18832287192344666 4.072829723358154 -4.03988790512085
v -0.898466944694519 4.248937606811523 -4.03988790512085
v 0.05331946536898613 4.248937606811523 -4.03988790512085
v -0.05313963443040848 0.8962951302528381 -10.259300231933594
v -0.7920079231262207 0.8962951302528381 -10.259300231933594
v -0.05313963443040848 0.67836594581604 -9.669614791870117
v -0.7920079231262207 0.67836594581604 -9.669614791870117
v -0.7920079231262207 0.10423491150140762 -7.16774845123291
v -0.7920079231262207 -0.5270301699638367 -7.573847770690918
v -0.05313963443040848 0.10423491150140762 -7.16774845123291
v -0.05313963443040848 -0.5270301699638367 -7.573847770690918
v 0.18832287192344666 4.072829723358154 -4.718690395355225
v -1.0334703922271729 4.345320224761963 -4.718690395355225
v -1.0334703922271729 4.072829723358154 -4.718690395355225
v 0.18832287192344666 4.345320224761963 -4.718690395355225
v 0.6327145099639893 3.7910943031311035 -4.416391849517822
v 1.0048558712005615 1.4216713905334473 -4.262246131896973
v 1.0048558712005615 3.7910943031311035 -4.262246131896973
v 1.3769972324371338 1.4216713905334473 -4.416391849517822
v 0.6327145099639893 1.4216713905334473 -4.416391849517822
v 1.3769972324371338 3.7910943031311035 -4.416391849517822
v 0.47856849431991577 3.7910943031311035 -4.788534164428711
v 1.531143307685852 1.4216713905334473 -4.788534164428711
v 0.47856849431991577 1.4216713905334473 -4.788534164428711
v 1.531143307685852 3.7910943031311035 -4.788534164428711
v 0.6327145099639893 3.7910943031311035 -5.1606764793396
v 1.3769972324371338 1.4216713905334473 -5.1606764793396
v 0.6327145099639893 1.4216713905334473 -5.1606764793396
v 1.3769972324371338 3.7910943031311035 -5.1606764793396
v 1.0048558712005615 3.7910943031311035 -5.314822196960449
v 1.0048558712005615 1.4216713905334473 -5.314822196960449
v -0.2321716696023941 4.503678321838379 -5.25205135345459
v -0.2576807141304016 4.598879814147949 -5.25205135345459
v -0.31127098202705383 4.567939281463623 -5.25205135345459
v -0.2940523624420166 4.503678321838379 -5.25205135345459
v -0.35831308364868164 4.614981174468994 -5.25205135345459
v -0.2576807141304016 4.598879814147949 -5.25205135345459
v -0.3273726999759674 4.668571949005127 -5.25205135345459
v -0.31127098202705383 4.567939281463623 -5.25205135345459
v -0.35831308364868164 4.614981174468994 -5.25205135345459
v -0.4225738048553467 4.694080829620361 -5.25205135345459
v -0.4225738048553467 4.632199287414551 -5.25205135345459
v -0.3273726999759674 4.668571949005127 -5.25205135345459
v -0.48683449625968933 4.614981174468994 -5.25205135345459
v -0.4225738048553467 4.632199287414551 -5.25205135345459
v -0.4225738048553467 4.694080829620361 -5.25205135345459
v -0.5177748799324036 4.668571949005127 -5.25205135345459
v -0.587466835975647 4.598879814147949 -5.25205135345459
v -0.48683449625968933 4.614981174468994 -5.25205135345459
v -0.5177748799324036 4.668571949005127 -5.25205135345459
v -0.5338765978813171 4.567939281463623 -5.25205135345459
v -0.6129758954048157 4.503678321838379 -5.25205135345459
v -0.5338765978813171 4.567939281463623 -5.25205135345459
v -0.587466835975647 4.598879814147949 -5.25205135345459
v -0.5510952472686768 4.503678321838379 -5.25205135345459
v -0.3273726999759674 4.338785171508789 -5.25205135345459
v -0.4225738048553467 4.375157356262207 -5.25205135345459
v -0.4225738048553467 4.3132758140563965 -5.25205135345459
v -0.35831308364868164 4.392375469207764 -5.25205135345459
v -0.5177748799324036 4.338785171508789 -5.25205135345459
v -0.4225738048553467 4.3132758140563965 -5.25205135345459
v -0.4225738048553467 4.375157356262207 -5.25205135345459
v -0.48683449625968933 4.392375469207764 -5.25205135345459
v -0.5510952472686768 4.503678321838379 -5.25205135345459
v -0.587466835975647 4.408476829528809 -5.25205135345459
v -0.5338765978813171 4.439417362213135 -5.25205135345459
v -0.6129758954048157 4.503678321838379 -5.25205135345459
v -0.5177748799324036 4.338785171508789 -5.25205135345459
v -0.48683449625968933 4.392375469207764 -5.25205135345459
v -0.3273726999759674 4.338785171508789 -5.25205135345459
v -0.31127098202705383 4.439417362213135 -5.25205135345459
v -0.35831308364868164 4.392375469207764 -5.25205135345459
v -0.2576807141304016 4.408476829528809 -5.25205135345459
v -0.2940523624420166 4.503678321838379 -5.25205135345459
v -0.31127098202705383 4.439417362213135 -5.25205135345459
v -0.2576807141304016 4.408476829528809 -5.25205135345459
v -0.2321716696023941 4.503678321838379 -5.25205135345459
v 0.6327145099639893 3.7910943031311035 -5.725039958953857
v 1.0048558712005615 1.4216713905334473 -5.570894241333008
v 1.0048558712005615 3.7910943031311035 -5.570894241333008
v 1.3769972324371338 1.4216713905334473 -5.725039958953857
v 0.6327145099639893 1.4216713905334473 -5.725039958953857
v 1.3769972324371338 3.7910943031311035 -5.725039958953857
v 0.47856849431991577 3.7910943031311035 -6.097182273864746
v 1.531143307685852 1.4216713905334473 -6.097182273864746
v 0.47856849431991577 1.4216713905334473 -6.097182273864746
v 1.531143307685852 3.7910943031311035 -6.097182273864746
v 0.6327145099639893 3.7910943031311035 -6.469324588775635
v 1.3769972324371338 1.4216713905334473 -6.469324588775635
v 0.6327145099639893 1.4216713905334473 -6.469324588775635
v 1.3769972324371338 3.7910943031311035 -6.469324588775635
v 1.0048558712005615 3.7910943031311035 -6.623470306396484
v 1.0048558712005615 1.4216713905334473 -6.623470306396484
v -0.7920079231262207 0.67836594581604 -9.669614791870117
v -0.7920079231262207 0.11261412501335144 -10.122509956359863
v -0.05313963443040848 0.67836594581604 -9.669614791870117
v -0.05313963443040848 0.11261412501335144 -10.122509956359863
v -0.7920079231262207 -0.7774080634117126 -8.158975601196289
v -0.05313963443040848 -1.0111850500106812 -8.158975601196289
v -0.05313963443040848 -0.7774080634117126 -8.158975601196289
v -0.7920079231262207 -1.0111850500106812 -8.158975601196289
v -0.05313963443040848 -0.42820215225219727 -10.122509956359863
v -0.7920079231262207 -0.42820215225219727 -10.12251091003418
v -0.7920079231262207 -0.7774068713188171 -9.801653861999512
v -0.05313963443040848 -0.7774068713188171 -9.801653861999512
v -0.7920079231262207 0.11261412501335144 -10.122509956359863
v -0.7920079231262207 -0.42820215225219727 -10.12251091003418
v -0.05313963443040848 0.11261412501335144 -10.122509956359863
v -0.05313963443040848 -0.42820215225219727 -10.122509956359863
v -0.03282424807548523 3.3475122451782227 20.605667114257812
v -0.03282424807548523 3.3475122451782227 25
v -0.19755005836486816 3.5122385025024414 20.605667114257812
v -0.19755005836486816 3.512237310409546 25
v 0.02746954746544361 3.1224920749664307 25
v -0.4225696623325348 3.5725324153900146 20.605667114257812
v 0.02746954746544361 3.122493267059326 20.605667114257812
v -0.4225696623325348 3.572531223297119 25
v -0.03282424807548523 2.897473096847534 25
v -0.6475892663002014 3.5122385025024414 20.605667114257812
v -0.03282424807548523 2.897473096847534 20.605667114257812
v -0.6475892663002014 3.512237310409546 25
v -0.19755005836486816 2.7327470779418945 25
v -0.812315046787262 3.3475122451782227 20.605667114257812
v -0.19755005836486816 2.7327470779418945 20.605667114257812
v -0.4225696623325348 2.672452926635742 25
v -0.4225696623325348 2.6724541187286377 20.605667114257812
v -0.812315046787262 3.3475122451782227 25
v -0.8726087808609009 3.122493267059326 20.605667114257812
v -0.8726087808609009 3.1224920749664307 25
v -0.812315046787262 2.897473096847534 20.605667114257812
v -0.812315046787262 2.897473096847534 25
v -0.6475892663002014 2.7327470779418945 20.605667114257812
v -0.6475892663002014 2.7327470779418945 25
v -0.4225696623325348 2.6724541187286377 20.605667114257812
v -0.4225696623325348 2.672452926635742 25
v -0.4225738048553467 2.5881834030151367 20.9122257232666
v -0.05313967168331146 1.7556296586990356 20.9122257232666
v -0.4225738048553467 1.7556296586990356 20.9122257232666
v -0.05313967168331146 2.675436019897461 20.9122257232666
v -0.7920079231262207 1.7556296586990356 20.9122257232666
v -0.7920079231262207 2.675436019897461 20.9122257232666
v -1.160732626914978 1.0447993278503418 20.92193603515625
v -1.160732626914978 1.8971524238586426 20.92193603515625
v -0.8487499356269836 2.209134101867676 20.92193603515625
v -1.2749261856079102 1.4709758758544922 20.92193603515625
v -0.8487499356269836 0.7328163385391235 20.92193603515625
v -0.4225738048553467 0.6186228394508362 20.92193603515625
v -0.4225738048553467 2.3233277797698975 20.92193603515625
v 0.0036024150904268026 0.7328163385391235 20.92193603515625
v 0.0036024150904268026 2.209134101867676 20.92193603515625
v 0.31558504700660706 1.0447993278503418 20.92193603515625
v 0.31558504700660706 1.8971524238586426 20.92193603515625
v 0.4297786355018616 1.4709758758544922 20.92193603515625
v -0.337663471698761 4.036395072937012 23.509214401245117
v -0.5074840784072876 3.6051108837127686 23.509214401245117
v -0.5074840784072876 4.036395072937012 23.509214401245117
v -0.337663471698761 3.6051108837127686 23.509214401245117
v -0.37695783376693726 4.209201812744141 24.441997528076172
v -0.4681897461414337 3.9166128635406494 24.441997528076172
v -0.4681897461414337 4.209201812744141 24.441997528076172
v -0.37695783376693726 3.9166128635406494 24.441997528076172

vn -0.0004885197849944234 -0.05422569438815117 -0.9990229606628418
vn -0.0004885197849944234 -0.05422569438815117 -0.9990229606628418
vn -0.0004885197849944234 -0.05422569438815117 -0.9990229606628418
vn -0.0004885197849944234 -0.05422569438815117 -0.9990229606628418
vn 0.0004885197849944234 -0.05422569438815117 -0.9990229606628418
vn 0.0004885197849944234 -0.05422569438815117 -0.9990229606628418
vn 0.0004885197849944234 -0.05422569438815117 -0.9990229606628418
vn 0.0004885197849944234 -0.05422569438815117 -0.9990229606628418
vn 0.0004885197849944234 -0.05422569438815117 -0.9990229606628418
vn 0.0004885197849944234 -0.05422569438815117 -0.9990229606628418
vn 0.0004885197849944234 -0.05422569438815117 -0.9990229606628418
vn 0.0004885197849944234 -0.05422569438815117 -0.9990229606628418
vn 0.0004885197849944234 -0.05422569438815117 -0.9990229606628418
vn 0.0004885197849944234 -0.05422569438815117 -0.9990229606628418
vn 0.0004885197849944234 -0.05422569438815117 -0.9990229606628418
vn 0.0004885197849944234 -0.05422569438815117 -0.9990229606628418
vn -0.0004885197849944234 0.0004885197849944234 1
vn -0.0004885197849944234 0.0004885197849944234 1
vn -0.0004885197849944234 0.0004885197849944234 1
vn -0.0004885197849944234 0.0004885197849944234 1
vn 0.0004885197849944234 -0.0004885197849944234 1
vn 0.0004885197849944234 -0.0004885197849944234 1
vn 0.0004885197849944234 -0.0004885197849944234 1
vn 0.0004885197849944234 -0.0004885197849944234 1
vn -0.0004885197849944234 -0.0004885197849944234 1
vn -0.0004885197849944234 -0.0004885197849944234 1
vn -0.0004885197849944234 -0.0004885197849944234 1
vn -0.0004885197849944234 -0.0004885197849944234 1
vn 0.0004885197849944234 0.0004885197849944234 1
vn 0.0004885197849944234 0.0004885197849944234 1
vn 0.0004885197849944234 0.0004885197849944234 1
vn 0.0004885197849944234 0.0004885197849944234 1
vn -0.0004885197849944234 0.0004885197849944234 1
vn -0.0004885197849944234 0.0004885197849944234 1
vn -0.0004885197849944234 0.0004885197849944234 1
vn -0.0004885197849944234 0.0004885197849944234 1
vn 0.0004885197849944234 -0.0004885197849944234 1
vn 0.0004885197849944234 -0.0004885197849944234 1
vn 0.0004885197849944234 -0.0004885197849944234 1
vn 0.0004885197849944234 -0.0004885197849944234 1
vn -0.0004885197849944234 -0.0004885197849944234 1
vn -0.0004885197849944234 -0.0004885197849944234 1
vn -0.0004885197849944234 -0.0004885197849944234 1
vn -0.0004885197849944234 -0.0004885197849944234 1
vn 0.0004885197849944234 0.0004885197849944234 1
vn 0.0004885197849944234 0.0004885197849944234 1
vn 0.0004885197849944234 0.0004885197849944234 1
vn 0.0004885197849944234 0.0004885197849944234 1
vn -0.0004885197849944234 0.0004885197849944234 1
vn -0.0004885197849944234 0.0004885197849944234 1
vn -0.0004885197849944234 0.0004885197849944234 1
vn -0.0004885197849944234 0.0004885197849944234 1
vn -0.0004885197849944234 -0.0004885197849944234 1
vn -0.0004885197849944234 -0.0004885197849944234 1
vn -0.0004885197849944234 -0.0004885197849944234 1
vn -0.0004885197849944234 -0.0004885197849944234 1
vn 0.0004885197849944234 -0.0004885197849944234 1
vn 0.0004885197849944234 -0.0004885197849944234 1
vn 0.0004885197849944234 -0.0004885197849944234 1
vn 0.0004885197849944234 -0.0004885197849944234 1
vn 0.0004885197849944234 0.0004885197849944234 1
vn 0.0004885197849944234 0.0004885197849944234 1
vn 0.0004885197849944234 0.0004885197849944234 1
vn 0.0004885197849944234 0.0004885197849944234 1
vn 0.0004885197849944234 -0.0004885197849944234 1
vn 0.0004885197849944234 -0.0004885197849944234 1
vn 0.0004885197849944234 -0.0004885197849944234 1
vn 0.0004885197849944234 -0.0004885197849944234 1
vn 0.0004885197849944234 -0.0004885197849944234 1
vn 0.0004885197849944234 -0.0004885197849944234 1
vn 0.0004885197849944234 -0.0004885197849944234 1
vn 0.0004885197849944234 -0.0004885197849944234 1
vn 0.0004885197849944234 -0.0004885197849944234 1
vn 0.0004885197849944234 -0.0004885197849944234 1
vn 0.0004885197849944234 -0.0004885197849944234 1
vn 0.0004885197849944234 -0.0004885197849944234 1
vn 0.0004885197849944234 -0.0004885197849944234 1
vn 0.0004885197849944234 -0.0004885197849944234 1
vn 0.0004885197849944234 -0.0004885197849944234 1
vn 0.0004885197849944234 -0.0004885197849944234 1
vn 0.0004885197849944234 -0.0004885197849944234 1
vn 0.0004885197849944234 -0.0004885197849944234 1
vn 0.0004885197849944234 -0.0004885197849944234 1
vn 0.0004885197849944234 -0.0004885197849944234 1
vn 0.0004885197849944234 -0.0004885197849944234 1
vn 0.0004885197849944234 -0.0004885197849944234 1
vn 0.0004885197849944234 -0.0004885197849944234 1
vn 0.0004885197849944234 -0.0004885197849944234 1
vn 0.0004885197849944234 -0.0004885197849944234 1
vn 0.0004885197849944234 -0.0004885197849944234 1
vn 0.0004885197849944234 -0.0004885197849944234 1
vn 0.0004885197849944234 -0.0004885197849944234 1
vn 0.0004885197849944234 -0.0004885197849944234 1
vn 0.0004885197849944234 -0.0004885197849944234 1
vn 0.0004885197849944234 -0.0004885197849944234 1
vn 0.0004885197849944234 -0.0004885197849944234 1
vn 0.0004885197849944234 -0.0004885197849944234 1
vn 0.0004885197849944234 -0.0004885197849944234 1
vn 0.0004885197849944234 -0.0004885197849944234 1
vn 0.0004885197849944234 -0.0004885197849944234 1
vn 0.0004885197849944234 -0.0004885197849944234 1
vn 0.0004885197849944234 -0.0004885197849944234 1
vn 0.0004885197849944234 -0.0004885197849944234 1
vn 0.0004885197849944234 -0.0004885197849944234 1
vn 0.0004885197849944234 -0.0004885197849944234 1
vn 0.0004885197849944234 -0.0004885197849944234 1
vn 0.0004885197849944234 -0.0004885197849944234 1
vn 0.0004885197849944234 -0.0004885197849944234 1
vn 0.0004885197849944234 -0.0004885197849944234 1
vn 0.0004885197849944234 -0.0004885197849944234 1
vn 0.0004885197849944234 -0.0004885197849944234 1
vn 0.0004885197849944234 -0.0004885197849944234 1
vn 0.0004885197849944234 -0.0004885197849944234 1
vn 0.0004885197849944234 -0.0004885197849944234 1
vn -0.531020998954773 -0.8475818037986755 0.0004885197849944234
vn 0.0004885197849944234 -1 0.0004885197849944234
vn -0.531020998954773 -0.8475818037986755 0.0004885197849944234
vn 0.0004885197849944234 -1 0.0004885197849944234
vn -0.9032731056213379 -0.42843183875083923 0.0004885197849944234
vn -0.9032731056213379 -0.42843183875083923 0.0004885197849944234
vn -1 -0.0004885197849944234 0.0004885197849944234
vn -1 -0.0004885197849944234 0.0004885197849944234
vn -0.9032731056213379 0.42843183875083923 -0.0004885197849944234
vn -0.9032731056213379 0.42843183875083923 -0.0004885197849944234
vn -0.531020998954773 0.8475818037986755 -0.0004885197849944234
vn -0.531020998954773 0.8475818037986755 -0.0004885197849944234
vn 0.0004885197849944234 1 -0.0004885197849944234
vn 0.0004885197849944234 1 -0.0004885197849944234
vn 0.531020998954773 0.8475818037986755 -0.0004885197849944234
vn 0.531020998954773 0.8475818037986755 -0.0004885197849944234
vn 0.9032731056213379 0.42843183875083923 -0.0004885197849944234
vn 0.9032731056213379 0.42843183875083923 -0.0004885197849944234
vn 1 -0.0004885197849944234 0.0004885197849944234
vn 1 -0.0004885197849944234 0.0004885197849944234
vn 0.9032731056213379 -0.42843183875083923 0.0004885197849944234
vn 0.9032731056213379 -0.42843183875083923 0.0004885197849944234
vn 0.531020998954773 -0.8475818037986755 0.0004885197849944234
vn 0.531020998954773 -0.8475818037986755 0.0004885197849944234
vn 0.0004885197849944234 -1 0.0004885197849944234
vn 0.0004885197849944234 -1 0.0004885197849944234
vn -0.0004885197849944234 -0.0004885197849944234 1
vn -0.0004885197849944234 -0.0004885197849944234 1
vn -0.0004885197849944234 -0.0004885197849944234 1
vn -0.0004885197849944234 -0.0004885197849944234 1
vn -0.0004885197849944234 -0.0004885197849944234 1
vn -0.0004885197849944234 -0.0004885197849944234 1
vn -0.0004885197849944234 -0.0004885197849944234 1
vn -0.0004885197849944234 -0.0004885197849944234 1
vn 0.0004885197849944234 -0.0004885197849944234 1
vn 0.0004885197849944234 -0.0004885197849944234 1
vn 0.0004885197849944234 -0.0004885197849944234 1
vn 0.0004885197849944234 -0.0004885197849944234 1
vn 0.0004885197849944234 -0.0004885197849944234 1
vn 0.0004885197849944234 -0.0004885197849944234 1
vn 0.0004885197849944234 -0.0004885197849944234 1
vn 0.0004885197849944234 -0.0004885197849944234 1
vn -0.5300439596176147 -0.8475818037986755 0.008304836228489876
vn -0.5319980382919312 -0.8466047644615173 0.01612115278840065
vn 0.0004885197849944234 -1 0.01612115278840065
vn 0.0004885197849944234 -1 0.008304836228489876
vn -0.531020998954773 -0.8475818037986755 -0.0004885197849944234
vn 0.0004885197849944234 -1 -0.0004885197849944234
vn -0.9032731056213379 -0.42843183875083923 0.0004885197849944234
vn -0.9032731056213379 -0.42940887808799744 0.008304836228489876
vn -0.9042501449584961 -0.42745479941368103 0.01612115278840065
vn -1 0.0004885197849944234 0.0004885197849944234
vn -1 0.0004885197849944234 0.01612115278840065
vn -1 0.0004885197849944234 0.008304836228489876
vn -0.9032731056213379 0.42843183875083923 0.0004885197849944234
vn -0.9032731056213379 0.42940887808799744 0.008304836228489876
vn -0.9042501449584961 0.42745479941368103 0.01612115278840065
vn -0.5319980382919312 0.8466047644615173 0.01612115278840065
vn -0.5300439596176147 0.8475818037986755 0.008304836228489876
vn -0.531020998954773 0.8475818037986755 0.0004885197849944234
vn 0.0004885197849944234 1 0.01612115278840065
vn 0.0004885197849944234 1 0.008304836228489876
vn 0.0004885197849944234 1 0.0004885197849944234
vn 0.5300439596176147 0.8475818037986755 0.008304836228489876
vn 0.5319980382919312 0.8466047644615173 0.01612115278840065
vn 0.531020998954773 0.8475818037986755 0.0004885197849944234
vn 0.9032731056213379 0.42940887808799744 0.008304836228489876
vn 0.9042501449584961 0.42745479941368103 0.01612115278840065
vn 0.9032731056213379 0.42843183875083923 -0.0004885197849944234
vn 1 0.0004885197849944234 0.01612115278840065
vn 1 0.0004885197849944234 0.008304836228489876
vn 1 0.0004885197849944234 -0.0004885197849944234
vn 0.9032731056213379 -0.42940887808799744 0.008304836228489876
vn 0.9042501449584961 -0.42745479941368103 0.01612115278840065
vn 0.9032731056213379 -0.42843183875083923 -0.0004885197849944234
vn 0.5319980382919312 -0.8466047644615173 0.01612115278840065
vn 0.531020998954773 -0.8475818037986755 -0.0004885197849944234
vn 0.5300439596176147 -0.8475818037986755 0.008304836228489876
vn 0.0004885197849944234 -1 0.01612115278840065
vn 0.0004885197849944234 -1 -0.0004885197849944234
vn 0.0004885197849944234 -1 0.008304836228489876
vn 0.0004885197849944234 -0.3854421079158783 -0.922813892364502
vn 0.0004885197849944234 -0.3854421079158783 -0.922813892364502
vn 0.0004885197849944234 -0.3854421079158783 -0.922813892364502
vn 0.0004885197849944234 -0.3854421079158783 -0.922813892364502
vn 0.0004885197849944234 -0.6521739363670349 -0.758671224117279
vn 0.0004885197849944234 -0.6521739363670349 -0.758671224117279
vn 0.0004885197849944234 -0.6521739363670349 -0.758671224117279
vn 0.0004885197849944234 -0.6521739363670349 -0.758671224117279
vn 0.0004885197849944234 0.004396677948534489 -1
vn 0.0004885197849944234 0.004396677948534489 -1
vn 0.0004885197849944234 0.004396677948534489 -1
vn 0.0004885197849944234 0.004396677948534489 -1
vn 0.0004885197849944234 -0.5779188871383667 -0.816316545009613
vn 0.0004885197849944234 -0.5779188871383667 -0.816316545009613
vn 0.0004885197849944234 -0.5779188871383667 -0.816316545009613
vn 0.0004885197849944234 -0.5779188871383667 -0.816316545009613
vn 0.3805569112300873 0.0004885197849944234 -0.9247679710388184
vn 0.3805569112300873 0.0004885197849944234 -0.9247679710388184
vn 0.3805569112300873 0.0004885197849944234 -0.9247679710388184
vn 0.3805569112300873 0.0004885197849944234 -0.9247679710388184
vn 0.0004885197849944234 0.0004885197849944234 -1
vn 0.0004885197849944234 0.0004885197849944234 -1
vn 0.0004885197849944234 0.0004885197849944234 -1
vn 0.0004885197849944234 0.0004885197849944234 -1
vn 0.0004885197849944234 0.0004885197849944234 -1
vn 0.0004885197849944234 0.0004885197849944234 -1
vn 0.0004885197849944234 0.0004885197849944234 -1
vn 0.0004885197849944234 0.0004885197849944234 -1
vn 0.0004885197849944234 0.0004885197849944234 -1
vn 0.0004885197849944234 0.0004885197849944234 -1
vn 0.0004885197849944234 0.0004885197849944234 -1
vn 0.0004885197849944234 0.0004885197849944234 -1
vn 0.0004885197849944234 0.0004885197849944234 -1
vn 0.0004885197849944234 0.0004885197849944234 -1
vn 0.0004885197849944234 0.0004885197849944234 -1
vn 0.0004885197849944234 0.0004885197849944234 -1
vn 0.0004885197849944234 0.0004885197849944234 -1
vn 0.0004885197849944234 0.0004885197849944234 -1
vn 0.0004885197849944234 0.0004885197849944234 -1
vn 0.0004885197849944234 0.0004885197849944234 -1
vn 0.0004885197849944234 0.0004885197849944234 -1
vn 0.0004885197849944234 0.0004885197849944234 -1
vn 0.0004885197849944234 0.0004885197849944234 -1
vn 0.0004885197849944234 0.0004885197849944234 -1
vn 0.0004885197849944234 0.0004885197849944234 -1
vn 0.0004885197849944234 0.0004885197849944234 -1
vn 0.0004885197849944234 0.0004885197849944234 -1
vn 0.0004885197849944234 0.0004885197849944234 -1
vn 0.0004885197849944234 0.0004885197849944234 -1
vn 0.0004885197849944234 0.0004885197849944234 -1
vn 0.0004885197849944234 0.0004885197849944234 -1
vn 0.0004885197849944234 0.0004885197849944234 -1
vn 0.0004885197849944234 0.0004885197849944234 -1
vn 0.0004885197849944234 0.0004885197849944234 -1
vn 0.0004885197849944234 0.0004885197849944234 -1
vn 0.0004885197849944234 0.0004885197849944234 -1
vn 0.0004885197849944234 0.0004885197849944234 -1
vn 0.0004885197849944234 0.0004885197849944234 -1
vn 0.0004885197849944234 0.0004885197849944234 -1
vn 0.0004885197849944234 0.0004885197849944234 -1
vn 0.0004885197849944234 0.0004885197849944234 -1
vn 0.0004885197849944234 0.0004885197849944234 -1
vn -0.0004885197849944234 0.0004885197849944234 -1
vn -0.0004885197849944234 0.0004885197849944234 -1
vn -0.0004885197849944234 0.0004885197849944234 -1
vn -0.0004885197849944234 0.0004885197849944234 -1
vn 0.0004885197849944234 0.0004885197849944234 -1
vn 0.0004885197849944234 0.0004885197849944234 -1
vn 0.0004885197849944234 0.0004885197849944234 -1
vn 0.0004885197849944234 0.0004885197849944234 -1
vn -0.0004885197849944234 0.0004885197849944234 -1
vn -0.0004885197849944234 0.0004885197849944234 -1
vn -0.0004885197849944234 0.0004885197849944234 -1
vn -0.0004885197849944234 0.0004885197849944234 -1
vn 0.0004885197849944234 -1 0.0004885197849944234
vn -0.49975574016571045 -0.8661455512046814 0.0004885197849944234
vn 0.0004885197849944234 -1 0.0004885197849944234
vn -0.49975574016571045 -0.8661455512046814 0.0004885197849944234
vn -0.8661455512046814 -0.49975574016571045 0.0004885197849944234
vn -0.8661455512046814 -0.49975574016571045 0.0004885197849944234
vn -1 0.0004885197849944234 0.0004885197849944234
vn -1 0.0004885197849944234 0.0004885197849944234
vn -0.8661455512046814 0.49975574016571045 -0.0004885197849944234
vn -0.8661455512046814 0.49975574016571045 -0.0004885197849944234
vn -0.49975574016571045 0.8661455512046814 -0.0004885197849944234
vn -0.49975574016571045 0.8661455512046814 -0.0004885197849944234
vn 0.0004885197849944234 1 -0.0004885197849944234
vn 0.0004885197849944234 1 -0.0004885197849944234
vn 0.49975574016571045 0.8661455512046814 -0.0004885197849944234
vn 0.49975574016571045 0.8661455512046814 -0.0004885197849944234
vn 0.8661455512046814 0.49975574016571045 -0.0004885197849944234
vn 0.8661455512046814 0.49975574016571045 -0.0004885197849944234
vn 1 0.0004885197849944234 0.0004885197849944234
vn 1 0.0004885197849944234 0.0004885197849944234
vn 0.8661455512046814 -0.49975574016571045 0.0004885197849944234
vn 0.8661455512046814 -0.49975574016571045 0.0004885197849944234
vn 0.49975574016571045 -0.8661455512046814 0.0004885197849944234
vn 0.49975574016571045 -0.8661455512046814 0.0004885197849944234
vn 0.0004885197849944234 -1 0.0004885197849944234
vn 0.0004885197849944234 -1 0.0004885197849944234
vn -0.531020998954773 -0.8475818037986755 -0.0004885197849944234
vn -0.531020998954773 -0.8475818037986755 -0.0004885197849944234
vn 0.0004885197849944234 -1 -0.0004885197849944234
vn 0.0004885197849944234 -1 -0.0004885197849944234
vn -0.9032731056213379 -0.42843183875083923 -0.0004885197849944234
vn -0.9032731056213379 -0.42843183875083923 -0.0004885197849944234
vn -1 -0.0004885197849944234 0.0004885197849944234
vn -1 -0.0004885197849944234 0.0004885197849944234
vn -0.9032731056213379 0.42843183875083923 0.0004885197849944234
vn -0.9032731056213379 0.42843183875083923 0.0004885197849944234
vn -0.531020998954773 0.8475818037986755 0.0004885197849944234
vn -0.531020998954773 0.8475818037986755 0.0004885197849944234
vn 0.0004885197849944234 1 0.0004885197849944234
vn 0.0004885197849944234 1 0.0004885197849944234
vn 0.531020998954773 0.8475818037986755 0.0004885197849944234
vn 0.531020998954773 0.8475818037986755 0.0004885197849944234
vn 0.9032731056213379 0.42843183875083923 0.0004885197849944234
vn 0.9032731056213379 0.42843183875083923 0.0004885197849944234
vn 1 -0.0004885197849944234 0.0004885197849944234
vn 1 -0.0004885197849944234 0.0004885197849944234
vn 0.9032731056213379 -0.42843183875083923 -0.0004885197849944234
vn 0.9032731056213379 -0.42843183875083923 -0.0004885197849944234
vn 0.531020998954773 -0.8475818037986755 -0.0004885197849944234
vn 0.531020998954773 -0.8475818037986755 -0.0004885197849944234
vn 0.0004885197849944234 -1 -0.0004885197849944234
vn 0.0004885197849944234 -1 -0.0004885197849944234
vn 0.0004885197849944234 0.0004885197849944234 -1
vn 0.0004885197849944234 0.0004885197849944234 -1
vn 0.0004885197849944234 0.0004885197849944234 -1
vn 0.0004885197849944234 0.0004885197849944234 -1
vn 0.0004885197849944234 -0.0004885197849944234 1
vn 0.7068881392478943 -0.0004885197849944234 0.7068881392478943
vn 0.7068881392478943 -0.0004885197849944234 0.7068881392478943
vn 1 0.0004885197849944234 0.0004885197849944234
vn 1 0.0004885197849944234 0.0004885197849944234
vn 0.0004885197849944234 -0.0004885197849944234 1
vn -0.7068881392478943 -0.0004885197849944234 0.7068881392478943
vn -0.7068881392478943 -0.0004885197849944234 0.7068881392478943
vn -1 0.0004885197849944234 0.0004885197849944234
vn -1 0.0004885197849944234 0.0004885197849944234
vn -0.7068881392478943 0.0004885197849944234 -0.7068881392478943
vn -0.7068881392478943 0.0004885197849944234 -0.7068881392478943
vn 0.0004885197849944234 0.0004885197849944234 -1
vn 0.0004885197849944234 0.0004885197849944234 -1
vn 0.7068881392478943 0.0004885197849944234 -0.7068881392478943
vn 0.7068881392478943 0.0004885197849944234 -0.7068881392478943
vn 1 0.0004885197849944234 0.0004885197849944234
vn -0.27601367235183716 0.9609184265136719 -0.0327308252453804
vn -0.6072300672531128 0.7948216795921326 -0.013190033845603466
vn -0.5124572515487671 0.8192476630210876 -0.2564728856086731
vn 0.0004885197849944234 -0.0004885197849944234 -1
vn 0.0004885197849944234 -0.0004885197849944234 -1
vn 0.0004885197849944234 -0.0004885197849944234 -1
vn 0.0004885197849944234 -0.0004885197849944234 -1
vn 0.0004885197849944234 -0.0004885197849944234 1
vn 0.7068881392478943 -0.0004885197849944234 0.7068881392478943
vn 0.7068881392478943 -0.0004885197849944234 0.7068881392478943
vn 1 0.0004885197849944234 0.0004885197849944234
vn 1 0.0004885197849944234 0.0004885197849944234
vn 0.0004885197849944234 -0.0004885197849944234 1
vn -0.7068881392478943 -0.0004885197849944234 0.7068881392478943
vn -0.7068881392478943 -0.0004885197849944234 0.7068881392478943
vn -1 0.0004885197849944234 0.0004885197849944234
vn -1 0.0004885197849944234 0.0004885197849944234
vn -0.7068881392478943 0.0004885197849944234 -0.7068881392478943
vn -0.7068881392478943 0.0004885197849944234 -0.7068881392478943
vn 0.0004885197849944234 0.0004885197849944234 -1
vn 0.0004885197849944234 0.0004885197849944234 -1
vn 0.7068881392478943 0.0004885197849944234 -0.7068881392478943
vn 0.7068881392478943 0.0004885197849944234 -0.7068881392478943
vn 1 0.0004885197849944234 0.0004885197849944234
vn -0.18808011710643768 0.9794821739196777 -0.07181240618228912
vn -0.26917439699172974 0.9120664596557617 -0.31021004915237427
vn -0.5525158643722534 0.8231558203697205 -0.1323888599872589
vn 0.0004885197849944234 -0.0004885197849944234 1
vn 0.0004885197849944234 -0.0004885197849944234 1
vn 0.0004885197849944234 -0.0004885197849944234 1
vn 0.0004885197849944234 -0.0004885197849944234 1
vn 0.0004885197849944234 0.0004885197849944234 -1
vn 0.0004885197849944234 0.0004885197849944234 -1
vn 0.0004885197849944234 0.0004885197849944234 -1
vn 0.0004885197849944234 0.0004885197849944234 -1
vn 0.0004885197849944234 0.0004885197849944234 -1
vn 0.0004885197849944234 0.0004885197849944234 -1
vn 0.0004885197849944234 -1 -0.0004885197849944234
vn 0.0004885197849944234 -1 -0.0004885197849944234
vn 0.0004885197849944234 -1 -0.0004885197849944234
vn 0.0004885197849944234 -1 -0.0004885197849944234
vn 0.0004885197849944234 -0.0004885197849944234 1
vn 0.7068881392478943 -0.0004885197849944234 0.7068881392478943
vn 0.7068881392478943 -0.0004885197849944234 0.7068881392478943
vn 1 0.0004885197849944234 0.0004885197849944234
vn 1 0.0004885197849944234 0.0004885197849944234
vn 0.0004885197849944234 -0.0004885197849944234 1
vn -0.7068881392478943 -0.0004885197849944234 0.7068881392478943
vn -0.7068881392478943 -0.0004885197849944234 0.7068881392478943
vn -1 0.0004885197849944234 0.0004885197849944234
vn -1 0.0004885197849944234 0.0004885197849944234
vn -0.7068881392478943 0.0004885197849944234 -0.7068881392478943
vn -0.7068881392478943 0.0004885197849944234 -0.7068881392478943
vn 0.0004885197849944234 0.0004885197849944234 -1
vn 0.0004885197849944234 0.0004885197849944234 -1
vn 0.7068881392478943 0.0004885197849944234 -0.7068881392478943
vn 0.7068881392478943 0.0004885197849944234 -0.7068881392478943
vn 1 0.0004885197849944234 0.0004885197849944234
vn 0.0004885197849944234 0.758671224117279 -0.6511968970298767
vn 0.0004885197849944234 0.758671224117279 -0.6511968970298767
vn 0.0004885197849944234 0.758671224117279 -0.6511968970298767
vn 0.0004885197849944234 0.758671224117279 -0.6511968970298767
vn 0.0004885197849944234 0.0004885197849944234 -1
vn 0.0004885197849944234 0.0004885197849944234 -1
vn 0.0004885197849944234 0.0004885197849944234 -1
vn 0.0004885197849944234 0.0004885197849944234 -1
vn 0.0004885197849944234 0.0004885197849944234 -1
vn 0.0004885197849944234 0.0004885197849944234 -1
vn 0.0004885197849944234 -0.0004885197849944234 1
vn 0.7068881392478943 -0.0004885197849944234 0.7068881392478943
vn 0.7068881392478943 -0.0004885197849944234 0.7068881392478943
vn 1 0.0004885197849944234 0.0004885197849944234
vn 1 0.0004885197849944234 0.0004885197849944234
vn 0.0004885197849944234 -0.0004885197849944234 1
vn -0.7068881392478943 -0.0004885197849944234 0.7068881392478943
vn -0.7068881392478943 -0.0004885197849944234 0.7068881392478943
vn -1 0.0004885197849944234 0.0004885197849944234
vn -1 0.0004885197849944234 0.0004885197849944234
vn -0.7068881392478943 0.0004885197849944234 -0.7068881392478943
vn -0.7068881392478943 0.0004885197849944234 -0.7068881392478943
vn 0.0004885197849944234 0.0004885197849944234 -1
vn 0.0004885197849944234 0.0004885197849944234 -1
vn 0.7068881392478943 0.0004885197849944234 -0.7068881392478943
vn 0.7068881392478943 0.0004885197849944234 -0.7068881392478943
vn 1 0.0004885197849944234 0.0004885197849944234
vn 0.0004885197849944234 0.0004885197849944234 -1
vn 0.0004885197849944234 0.0004885197849944234 -1
vn 0.0004885197849944234 0.0004885197849944234 -1
vn 0.0004885197849944234 0.0004885197849944234 -1
vn 0.0004885197849944234 1 0.0004885197849944234
vn 0.0004885197849944234 1 0.0004885197849944234
vn 0.0004885197849944234 1 0.0004885197849944234
vn 0.0004885197849944234 1 0.0004885197849944234
vn 0.0004885197849944234 1 0.0004885197849944234
vn 0.0004885197849944234 1 0.0004885197849944234
vn 0.0004885197849944234 1 0.0004885197849944234
vn 0.0004885197849944234 1 0.0004885197849944234
vn 0.0004885197849944234 1 -0.012212994508445263
vn 0.0004885197849944234 1 -0.012212994508445263
vn 0.49975574016571045 0.8661455512046814 -0.012212994508445263
vn 0.49975574016571045 0.8661455512046814 -0.012212994508445263
vn 0.0004885197849944234 1 0.0004885197849944234
vn 0.0004885197849944234 1 0.0004885197849944234
vn 0.0004885197849944234 1 0.0004885197849944234
vn 0.0004885197849944234 1 0.0004885197849944234
vn 0.0004885197849944234 1 0.0004885197849944234
vn 0.0004885197849944234 1 0.0004885197849944234
vn 0.0004885197849944234 1 0.0004885197849944234
vn 0.0004885197849944234 1 0.0004885197849944234
vn 0.0004885197849944234 1 0.0004885197849944234
vn 0.0004885197849944234 1 0.0004885197849944234
vn 0.0004885197849944234 1 0.0004885197849944234
vn 0.0004885197849944234 1 0.0004885197849944234
vn 0.0004885197849944234 1 0.0004885197849944234
vn 0.0004885197849944234 1 0.0004885197849944234
vn 0.0004885197849944234 1 0.0004885197849944234
vn 0.0004885197849944234 1 0.0004885197849944234
vn 0.0004885197849944234 1 0.0004885197849944234
vn 0.0004885197849944234 1 0.0004885197849944234
vn 0.0004885197849944234 1 0.0004885197849944234
vn 0.0004885197849944234 1 0.0004885197849944234
vn 0.0004885197849944234 1 0.0004885197849944234
vn 0.0004885197849944234 1 0.0004885197849944234
vn 0.0004885197849944234 1 0.0004885197849944234
vn 0.0004885197849944234 1 0.0004885197849944234
vn -0.7938446402549744 0.608207106590271 0.0004885197849944234
vn -0.7938446402549744 0.608207106590271 0.0004885197849944234
vn -0.7938446402549744 0.608207106590271 0.0004885197849944234
vn -0.7938446402549744 0.608207106590271 0.0004885197849944234
vn -0.7938446402549744 0.608207106590271 0.0004885197849944234
vn -0.7938446402549744 0.608207106590271 0.0004885197849944234
vn -0.7938446402549744 0.608207106590271 0.0004885197849944234
vn -0.7938446402549744 0.608207106590271 0.0004885197849944234
vn -0.7938446402549744 0.608207106590271 0.0004885197849944234
vn -0.7938446402549744 0.608207106590271 0.0004885197849944234
vn -0.7938446402549744 0.608207106590271 0.0004885197849944234
vn -0.7938446402549744 0.608207106590271 0.0004885197849944234
vn -0.7938446402549744 0.608207106590271 0.0004885197849944234
vn -0.7938446402549744 0.608207106590271 0.0004885197849944234
vn -0.7938446402549744 0.608207106590271 0.0004885197849944234
vn -0.7938446402549744 0.608207106590271 0.0004885197849944234
vn -0.7938446402549744 0.608207106590271 0.0004885197849944234
vn -0.7938446402549744 0.608207106590271 0.0004885197849944234
vn -0.7938446402549744 0.608207106590271 0.0004885197849944234
vn -0.7938446402549744 0.608207106590271 0.0004885197849944234
vn 1 0.0004885197849944234 0.0004885197849944234
vn 1 0.0004885197849944234 0.0004885197849944234
vn 1 0.0004885197849944234 0.0004885197849944234
vn 1 0.0004885197849944234 0.0004885197849944234
vn 0.0004885197849944234 1 0.0004885197849944234
vn 0.0004885197849944234 1 0.0004885197849944234
vn 0.0004885197849944234 1 0.0004885197849944234
vn 0.0004885197849944234 1 0.0004885197849944234
vn 0.0004885197849944234 1 0.0004885197849944234
vn 0.0004885197849944234 1 0.0004885197849944234
vn 0.0004885197849944234 1 0.0004885197849944234
vn 0.0004885197849944234 1 0.0004885197849944234
vn 0.0004885197849944234 1 0.0004885197849944234
vn 0.0004885197849944234 1 0.0004885197849944234
vn 0.0004885197849944234 1 0.0004885197849944234
vn 0.0004885197849944234 1 0.0004885197849944234
vn 0.0004885197849944234 1 0.0004885197849944234
vn 0.0004885197849944234 1 0.0004885197849944234
vn 0.0004885197849944234 1 0.0004885197849944234
vn 0.0004885197849944234 1 0.0004885197849944234
vn 0.0004885197849944234 1 0.0004885197849944234
vn 0.0004885197849944234 1 0.0004885197849944234
vn 0.0004885197849944234 1 0.0004885197849944234
vn 0.0004885197849944234 1 0.0004885197849944234
vn -0.6785539984703064 0.7352222800254822 -0.0014655593549832702
vn -0.17635564506053925 0.9843673706054688 0.004396677948534489
vn -0.3229115903377533 0.942354679107666 -0.08353688567876816
vn 0.0004885197849944234 0.9960918426513672 -0.08255984634160995
vn -0.27601367235183716 0.9609184265136719 -0.0327308252453804
vn -0.6072300672531128 0.7948216795921326 -0.013190033845603466
vn 0.0004885197849944234 1 0.005373717751353979
vn 0.17635564506053925 0.9843673706054688 0.004396677948534489
vn 0.3229115903377533 0.942354679107666 -0.08353688567876816
vn 0.6785539984703064 0.7352222800254822 -0.0014655593549832702
vn 0.7225207686424255 0.6873473525047302 -0.06888128817081451
vn 0.27601367235183716 0.9609184265136719 -0.0327308252453804
vn 0.6072300672531128 0.7948216795921326 -0.013190033845603466
vn 0.5124572515487671 0.8192476630210876 -0.2564728856086731
vn 0.0004885197849944234 1 -0.0024425990413874388
vn 0.1968734711408615 0.9482169151306152 -0.24767953157424927
vn 0.4567660093307495 0.8280410170555115 -0.3248656690120697
vn -0.1968734711408615 0.9482169151306152 -0.24767953157424927
vn -0.5124572515487671 0.8192476630210876 -0.2564728856086731
vn -0.4567660093307495 0.8280410170555115 -0.3248656690120697
vn 0.0004885197849944234 0.9814362525939941 -0.1910112351179123
vn 0.26917439699172974 0.9120664596557617 -0.31021004915237427
vn -0.26917439699172974 0.9120664596557617 -0.31021004915237427
vn -0.5525158643722534 0.8231558203697205 -0.1323888599872589
vn 0.0004885197849944234 0.9404006004333496 -0.34049829840660095
vn -0.18808011710643768 0.9794821739196777 -0.07181240618228912
vn -0.5867122411727905 0.8094772696495056 0.0004885197849944234
vn -0.20273570716381073 0.9794821739196777 0.0004885197849944234
vn 0.0004885197849944234 0.9970688819885254 -0.07865168899297714
vn 0.0004885197849944234 1 0.0004885197849944234
vn 0.18808011710643768 0.9794821739196777 -0.07181240618228912
vn 0.5525158643722534 0.8231558203697205 -0.1323888599872589
vn 0.0004885197849944234 1 0.0004885197849944234
vn 0.0004885197849944234 1 0.0004885197849944234
vn 0.0004885197849944234 1 0.0004885197849944234
vn 0.0004885197849944234 1 0.0004885197849944234
vn -0.7225207686424255 0.6873473525047302 -0.06888128817081451
vn -0.6785539984703064 0.7352222800254822 -0.0014655593549832702
vn -0.3229115903377533 0.942354679107666 -0.08353688567876816
vn 0.1968734711408615 0.9482169151306152 -0.24767953157424927
vn 0.26917439699172974 0.9120664596557617 -0.31021004915237427
vn 0.4567660093307495 0.8280410170555115 -0.3248656690120697
vn 0.5525158643722534 0.8231558203697205 -0.1323888599872589
vn 0.18808011710643768 0.9794821739196777 -0.07181240618228912
vn 0.5867122411727905 0.8094772696495056 0.0004885197849944234
vn 0.20273570716381073 0.9794821739196777 0.0004885197849944234
vn 0.0004885197849944234 0.9970688819885254 -0.07865168899297714
vn 0.0004885197849944234 1 0.0004885197849944234
vn 0.6384953856468201 -0.7694186568260193 0.008304836228489876
vn 0.6629213690757751 -0.748900830745697 -0.0004885197849944234
vn 0.21739129722118378 -0.9755740165710449 -0.0004885197849944234
vn 0.21152906119823456 -0.9775280952453613 0.0034196386113762856
vn 0.0004885197849944234 -1 -0.0004885197849944234
vn 0.0004885197849944234 -1 -0.0004885197849944234
vn 0.0004885197849944234 -1 -0.0004885197849944234
vn 0.0004885197849944234 -1 -0.0004885197849944234
vn 0.0004885197849944234 -1 -0.0004885197849944234
vn 0.0004885197849944234 -1 -0.0004885197849944234
vn 0.0004885197849944234 -1 -0.0004885197849944234
vn 0.0004885197849944234 -1 -0.0004885197849944234
vn 0.0004885197849944234 -1 -0.0004885197849944234
vn 0.0004885197849944234 -1 -0.0004885197849944234
vn 0.0004885197849944234 -1 -0.0004885197849944234
vn 0.0004885197849944234 -1 -0.0004885197849944234
vn 0.0004885197849944234 -1 -0.0004885197849944234
vn 0.0004885197849944234 -1 -0.0004885197849944234
vn 0.0004885197849944234 -1 -0.0004885197849944234
vn 0.0004885197849944234 -1 -0.0004885197849944234
vn 0.0004885197849944234 -1 -0.0004885197849944234
vn 0.0004885197849944234 -1 -0.0004885197849944234
vn 0.0004885197849944234 -1 -0.0004885197849944234
vn 0.0004885197849944234 -1 -0.0004885197849944234
vn 0.0004885197849944234 -1 -0.0004885197849944234
vn 0.0004885197849944234 -1 -0.0004885197849944234
vn 0.0004885197849944234 -1 -0.0004885197849944234
vn 0.0004885197849944234 -1 -0.0004885197849944234
vn 0.0004885197849944234 -1 -0.0004885197849944234
vn 0.0004885197849944234 -1 -0.0004885197849944234
vn 0.0004885197849944234 -1 -0.0004885197849944234
vn 0.0004885197849944234 -1 -0.0004885197849944234
vn 0.0004885197849944234 -1 -0.0004885197849944234
vn 0.0004885197849944234 -1 -0.0004885197849944234
vn 0.0004885197849944234 -1 -0.0004885197849944234
vn 0.0004885197849944234 -1 -0.0004885197849944234
vn 0.0004885197849944234 -1 -0.0004885197849944234
vn 0.0004885197849944234 -1 -0.0004885197849944234
vn 0.0004885197849944234 0.9658036231994629 -0.2613580822944641
vn 0.0004885197849944234 0.9658036231994629 -0.2613580822944641
vn 0.0004885197849944234 0.9658036231994629 -0.2613580822944641
vn 0.0004885197849944234 0.9658036231994629 -0.2613580822944641
vn 0.0004885197849944234 1 0.0004885197849944234
vn 0.0004885197849944234 1 0.0004885197849944234
vn 0.0004885197849944234 1 0.0004885197849944234
vn 0.0004885197849944234 1 0.0004885197849944234
vn 0.0004885197849944234 1 0.0004885197849944234
vn 0.0004885197849944234 1 0.0004885197849944234
vn 0.0004885197849944234 1 0.0004885197849944234
vn 0.0004885197849944234 1 0.0004885197849944234
vn 0.0004885197849944234 1 0.0004885197849944234
vn 0.0004885197849944234 1 0.0004885197849944234
vn 0.0004885197849944234 1 0.0004885197849944234
vn 0.0004885197849944234 1 0.0004885197849944234
vn 0.0004885197849944234 1 0.0004885197849944234
vn 0.0004885197849944234 1 0.0004885197849944234
vn 0.0004885197849944234 1 0.0004885197849944234
vn 0.0004885197849944234 1 0.0004885197849944234
vn 0.0004885197849944234 1 0.0004885197849944234
vn 0.0004885197849944234 1 0.0004885197849944234
vn 0.0004885197849944234 1 0.0004885197849944234
vn 0.0004885197849944234 1 0.0004885197849944234
vn 0.0004885197849944234 1 0.0004885197849944234
vn 0.0004885197849944234 1 0.0004885197849944234
vn 0.0004885197849944234 1 0.0004885197849944234
vn 0.0004885197849944234 1 0.0004885197849944234
vn 0.0004885197849944234 1 0.0004885197849944234
vn 0.0004885197849944234 1 0.0004885197849944234
vn 0.0004885197849944234 1 0.0004885197849944234
vn 0.0004885197849944234 1 0.0004885197849944234
vn 0.0004885197849944234 1 0.0004885197849944234
vn 0.0004885197849944234 1 0.0004885197849944234
vn 0.0004885197849944234 1 0.0004885197849944234
vn 0.0004885197849944234 1 0.0004885197849944234
vn 0.7938446402549744 0.608207106590271 0.0004885197849944234
vn 0.7938446402549744 0.608207106590271 0.0004885197849944234
vn 0.7938446402549744 0.608207106590271 0.0004885197849944234
vn 0.7938446402549744 0.608207106590271 0.0004885197849944234
vn 0.7938446402549744 0.608207106590271 0.0004885197849944234
vn 0.7938446402549744 0.608207106590271 0.0004885197849944234
vn 0.7938446402549744 0.608207106590271 0.0004885197849944234
vn 0.7938446402549744 0.608207106590271 0.0004885197849944234
vn 0.7938446402549744 0.608207106590271 0.0004885197849944234
vn 0.7938446402549744 0.608207106590271 0.0004885197849944234
vn 0.7938446402549744 0.608207106590271 0.0004885197849944234
vn 0.7938446402549744 0.608207106590271 0.0004885197849944234
vn 0.7938446402549744 0.608207106590271 0.0004885197849944234
vn 0.7938446402549744 0.608207106590271 0.0004885197849944234
vn 0.7938446402549744 0.608207106590271 0.0004885197849944234
vn 0.7938446402549744 0.608207106590271 0.0004885197849944234
vn 0.7938446402549744 0.608207106590271 0.0004885197849944234
vn 0.7938446402549744 0.608207106590271 0.0004885197849944234
vn 0.7938446402549744 0.608207106590271 0.0004885197849944234
vn 0.7938446402549744 0.608207106590271 0.0004885197849944234
vn 0.0004885197849944234 0.0004885197849944234 -1
vn 0.0004885197849944234 0.0004885197849944234 -1
vn 0.0004885197849944234 0.0004885197849944234 -1
vn 0.0004885197849944234 0.0004885197849944234 -1
vn 0.0004885197849944234 0.0004885197849944234 -1
vn 0.0004885197849944234 0.0004885197849944234 -1
vn 0.0004885197849944234 0.0004885197849944234 -1
vn 0.0004885197849944234 0.0004885197849944234 -1
vn 0.0004885197849944234 0.0004885197849944234 -1
vn 0.0004885197849944234 0.0004885197849944234 -1
vn 0.0004885197849944234 0.0004885197849944234 -1
vn 0.0004885197849944234 0.0004885197849944234 -1
vn 0.0004885197849944234 0.0004885197849944234 -1
vn 0.0004885197849944234 0.0004885197849944234 -1
vn 0.0004885197849944234 0.0004885197849944234 -1
vn 0.0004885197849944234 0.0004885197849944234 -1
vn 0.0004885197849944234 0.0004885197849944234 -1
vn 0.0004885197849944234 0.0004885197849944234 -1
vn 0.0004885197849944234 0.0004885197849944234 -1
vn 0.0004885197849944234 0.0004885197849944234 -1
vn 0.0004885197849944234 0.0004885197849944234 -1
vn 0.0004885197849944234 0.0004885197849944234 -1
vn 0.0004885197849944234 0.0004885197849944234 -1
vn 0.0004885197849944234 0.0004885197849944234 -1
vn 0.0004885197849944234 0.0004885197849944234 -1
vn 0.0004885197849944234 0.0004885197849944234 -1
vn 0.0004885197849944234 0.0004885197849944234 -1
vn 0.0004885197849944234 0.0004885197849944234 -1
vn -1 0.0004885197849944234 0.0004885197849944234
vn -1 0.0004885197849944234 0.0004885197849944234
vn -1 0.0004885197849944234 0.0004885197849944234
vn -1 0.0004885197849944234 0.0004885197849944234
vn -1 0.0004885197849944234 -0.0004885197849944234
vn -1 0.0004885197849944234 -0.0004885197849944234
vn -1 0.0004885197849944234 -0.0004885197849944234
vn -1 0.0004885197849944234 -0.0004885197849944234
vn -1 0.0004885197849944234 0.0004885197849944234
vn -1 0.0004885197849944234 0.0004885197849944234
vn -1 0.0004885197849944234 0.0004885197849944234
vn -1 0.0004885197849944234 0.0004885197849944234
vn -1 0.0004885197849944234 0.0004885197849944234
vn -1 0.0004885197849944234 0.0004885197849944234
vn -1 0.0004885197849944234 0.0004885197849944234
vn -1 0.0004885197849944234 0.0004885197849944234
vn -1 0.0004885197849944234 0.0004885197849944234
vn -1 0.0004885197849944234 0.0004885197849944234
vn -1 0.0004885197849944234 0.0004885197849944234
vn -1 0.0004885197849944234 0.0004885197849944234
vn -1 0.0004885197849944234 0.0004885197849944234
vn -1 0.0004885197849944234 0.0004885197849944234
vn -1 0.0004885197849944234 0.0004885197849944234
vn -1 0.0004885197849944234 0.0004885197849944234
vn -1 0.0004885197849944234 0.0004885197849944234
vn -1 0.0004885197849944234 0.0004885197849944234
vn 0.0004885197849944234 -1 0.0004885197849944234
vn 0.0004885197849944234 -1 0.0004885197849944234
vn 0.49975574016571045 -0.8661455512046814 0.0004885197849944234
vn 0.49975574016571045 -0.8661455512046814 0.0004885197849944234
vn 0.8661455512046814 -0.49975574016571045 0.0004885197849944234
vn 0.8661455512046814 -0.49975574016571045 0.0004885197849944234
vn 1 0.0004885197849944234 0.0004885197849944234
vn 1 0.0004885197849944234 0.0004885197849944234
vn 0.932584285736084 0.3619931638240814 0.0004885197849944234
vn 0.932584285736084 0.3619931638240814 0.0004885197849944234
vn 0.9491939544677734 0.31509527564048767 0.0004885197849944234
vn 0.9491939544677734 0.31509527564048767 0.0004885197849944234
vn -1 0.0004885197849944234 0.0004885197849944234
vn -1 0.0004885197849944234 0.0004885197849944234
vn -1 0.0004885197849944234 0.0004885197849944234
vn -1 0.0004885197849944234 0.0004885197849944234
vn -1 0.0004885197849944234 0.0004885197849944234
vn -1 0.0004885197849944234 0.0004885197849944234
vn -1 0.0004885197849944234 0.0004885197849944234
vn -1 0.0004885197849944234 0.0004885197849944234
vn -1 0.0004885197849944234 0.0004885197849944234
vn -1 0.0004885197849944234 0.0004885197849944234
vn -1 0.0004885197849944234 0.0004885197849944234
vn -1 0.0004885197849944234 0.0004885197849944234
vn -1 0.0004885197849944234 0.0004885197849944234
vn -1 0.0004885197849944234 0.0004885197849944234
vn -1 0.0004885197849944234 0.0004885197849944234
vn -1 0.0004885197849944234 0.0004885197849944234
vn -1 0.0004885197849944234 0.0004885197849944234
vn -1 0.0004885197849944234 0.0004885197849944234
vn -1 0.0004885197849944234 0.0004885197849944234
vn -1 0.0004885197849944234 0.0004885197849944234
vn -1 0.0004885197849944234 0.0004885197849944234
vn -1 0.0004885197849944234 0.0004885197849944234
vn -1 0.0004885197849944234 0.0004885197849944234
vn -1 0.0004885197849944234 0.0004885197849944234
vn -1 0.0004885197849944234 0.0004885197849944234
vn -1 0.0004885197849944234 0.0004885197849944234
vn -1 0.0004885197849944234 0.0004885197849944234
vn -1 0.0004885197849944234 0.0004885197849944234
vn -1 0.0004885197849944234 0.0004885197849944234
vn -1 0.0004885197849944234 0.0004885197849944234
vn -1 0.0004885197849944234 0.0004885197849944234
vn -1 0.0004885197849944234 0.0004885197849944234
vn -1 0.0004885197849944234 0.0004885197849944234
vn -1 0.0004885197849944234 0.0004885197849944234
vn -1 0.0004885197849944234 0.0004885197849944234
vn -1 0.0004885197849944234 0.0004885197849944234
vn -1 0.0004885197849944234 0.0004885197849944234
vn -1 0.0004885197849944234 0.0004885197849944234
vn -1 0.0004885197849944234 0.0004885197849944234
vn -1 0.0004885197849944234 0.0004885197849944234
vn -1 0.0004885197849944234 0.0004885197849944234
vn -1 0.0004885197849944234 0.0004885197849944234
vn -1 0.0004885197849944234 0.0004885197849944234
vn -1 0.0004885197849944234 -0.0004885197849944234
vn -1 0.0004885197849944234 -0.0004885197849944234
vn -1 0.0004885197849944234 -0.0004885197849944234
vn -1 0.0004885197849944234 -0.0004885197849944234
vn -1 0.0004885197849944234 0.0004885197849944234
vn -1 0.0004885197849944234 0.0004885197849944234
vn -1 0.0004885197849944234 0.0004885197849944234
vn -1 0.0004885197849944234 0.0004885197849944234
vn -1 0.0004885197849944234 0.0004885197849944234
vn -1 0.0004885197849944234 0.0004885197849944234
vn -1 0.0004885197849944234 0.0004885197849944234
vn -1 0.0004885197849944234 0.0004885197849944234
vn -1 0.0004885197849944234 0.0004885197849944234
vn -1 0.0004885197849944234 0.0004885197849944234
vn -1 0.0004885197849944234 0.0004885197849944234
vn -1 0.0004885197849944234 0.0004885197849944234
vn -1 0.0004885197849944234 0.0004885197849944234
vn -1 0.0004885197849944234 0.0004885197849944234
vn -1 0.0004885197849944234 0.0004885197849944234
vn -1 0.0004885197849944234 0.0004885197849944234
vn -1 0.0004885197849944234 0.0004885197849944234
vn -1 0.0004885197849944234 0.0004885197849944234
vn -1 0.0004885197849944234 0.0004885197849944234
vn -1 0.0004885197849944234 0.0004885197849944234
vn -1 0.0004885197849944234 0.0004885197849944234
vn -1 0.0004885197849944234 0.0004885197849944234
vn -0.0004885197849944234 -1 -0.0004885197849944234
vn -0.0004885197849944234 -1 -0.0004885197849944234
vn -0.0004885197849944234 -1 -0.0004885197849944234
vn -0.0004885197849944234 -1 -0.0004885197849944234
vn 0.0004885197849944234 1 0.0004885197849944234
vn 0.0004885197849944234 1 0.0004885197849944234
vn 0.0004885197849944234 1 0.0004885197849944234
vn 0.0004885197849944234 1 0.0004885197849944234
vn 0.0004885197849944234 -1 -0.0004885197849944234
vn 0.0004885197849944234 -1 -0.0004885197849944234
vn 0.0004885197849944234 -1 -0.0004885197849944234
vn 0.0004885197849944234 -1 -0.0004885197849944234
vn 0.0004885197849944234 -1 -0.0004885197849944234
vn 0.0004885197849944234 -1 -0.0004885197849944234
vn 0.0004885197849944234 -1 -0.0004885197849944234
vn 0.0004885197849944234 -1 -0.0004885197849944234
vn 0.0004885197849944234 -1 -0.0004885197849944234
vn 0.0004885197849944234 -1 -0.0004885197849944234
vn 0.0004885197849944234 1 0.0004885197849944234
vn 0.0004885197849944234 1 0.0004885197849944234
vn 0.0004885197849944234 1 0.0004885197849944234
vn 0.0004885197849944234 1 0.0004885197849944234
vn 1 0.0004885197849944234 0.0004885197849944234
vn 1 0.0004885197849944234 0.0004885197849944234
vn 1 0.0004885197849944234 0.0004885197849944234
vn 1 0.0004885197849944234 0.0004885197849944234
vn 1 0.0004885197849944234 -0.0004885197849944234
vn 1 0.0004885197849944234 -0.0004885197849944234
vn 1 0.0004885197849944234 -0.0004885197849944234
vn 1 0.0004885197849944234 -0.0004885197849944234
vn 1 0.0004885197849944234 -0.0004885197849944234
vn 1 0.0004885197849944234 -0.0004885197849944234
vn 1 0.0004885197849944234 0.0004885197849944234
vn 1 0.0004885197849944234 0.0004885197849944234
vn 1 0.0004885197849944234 0.0004885197849944234
vn 1 0.0004885197849944234 0.0004885197849944234
vn 1 0.0004885197849944234 0.0004885197849944234
vn 1 0.0004885197849944234 0.0004885197849944234
vn 1 0.0004885197849944234 0.0004885197849944234
vn 1 0.0004885197849944234 0.0004885197849944234
vn 1 0.0004885197849944234 0.0004885197849944234
vn 1 0.0004885197849944234 0.0004885197849944234
vn 1 0.0004885197849944234 0.0004885197849944234
vn 1 0.0004885197849944234 0.0004885197849944234
vn 1 0.0004885197849944234 0.0004885197849944234
vn 1 0.0004885197849944234 0.0004885197849944234
vn 1 0.0004885197849944234 0.0004885197849944234
vn 1 0.0004885197849944234 0.0004885197849944234
vn 1 0.0004885197849944234 0.0004885197849944234
vn 1 0.0004885197849944234 0.0004885197849944234
vn -0.49975574016571045 -0.8661455512046814 0.0004885197849944234
vn 0.0004885197849944234 -1 0.0004885197849944234
vn 0.0004885197849944234 -1 0.0004885197849944234
vn -0.49975574016571045 -0.8661455512046814 0.0004885197849944234
vn -0.8661455512046814 -0.49975574016571045 0.0004885197849944234
vn -0.8661455512046814 -0.49975574016571045 0.0004885197849944234
vn -1 0.0004885197849944234 0.0004885197849944234
vn -1 0.0004885197849944234 0.0004885197849944234
vn -0.932584285736084 0.3619931638240814 0.0004885197849944234
vn -0.932584285736084 0.3619931638240814 0.0004885197849944234
vn -0.9491939544677734 0.31509527564048767 0.0004885197849944234
vn -0.9491939544677734 0.31509527564048767 0.0004885197849944234
vn -0.7147044539451599 0.7000488638877869 0.0004885197849944234
vn -0.7147044539451599 0.7000488638877869 0.0004885197849944234
vn 0.0004885197849944234 1 0.0004885197849944234
vn 0.0004885197849944234 1 0.0004885197849944234
vn 0.7147044539451599 0.7000488638877869 0.0004885197849944234
vn 0.7147044539451599 0.7000488638877869 0.0004885197849944234
vn 0.9491939544677734 0.31509527564048767 0.0004885197849944234
vn 0.9491939544677734 0.31509527564048767 0.0004885197849944234
vn -1 0.0004885197849944234 0.0004885197849944234
vn -1 0.0004885197849944234 0.0004885197849944234
vn -1 0.0004885197849944234 0.0004885197849944234
vn -1 0.0004885197849944234 0.0004885197849944234
vn -1 0.0004885197849944234 0.0004885197849944234
vn -1 0.0004885197849944234 0.0004885197849944234
vn -1 0.0004885197849944234 0.0004885197849944234
vn -1 0.0004885197849944234 0.0004885197849944234
vn 1 0.0004885197849944234 0.0004885197849944234
vn 1 0.0004885197849944234 0.0004885197849944234
vn 1 0.0004885197849944234 0.0004885197849944234
vn 1 0.0004885197849944234 0.0004885197849944234
vn 1 0.0004885197849944234 0.0004885197849944234
vn 1 0.0004885197849944234 0.0004885197849944234
vn 1 0.0004885197849944234 0.0004885197849944234
vn 1 0.0004885197849944234 0.0004885197849944234
vn 1 0.0004885197849944234 0.0004885197849944234
vn 1 0.0004885197849944234 0.0004885197849944234
vn 1 -0.0004885197849944234 0.0004885197849944234
vn 1 -0.0004885197849944234 0.0004885197849944234
vn 1 -0.0004885197849944234 0.0004885197849944234
vn 1 -0.0004885197849944234 0.0004885197849944234
vn 1 0.0004885197849944234 0.0004885197849944234
vn 1 0.0004885197849944234 0.0004885197849944234
vn 1 0.0004885197849944234 0.0004885197849944234
vn 1 0.0004885197849944234 0.0004885197849944234
vn 1 0.0004885197849944234 0.0004885197849944234
vn 1 0.0004885197849944234 0.0004885197849944234
vn 1 0.0004885197849944234 0.0004885197849944234
vn 1 0.0004885197849944234 0.0004885197849944234
vn 1 0.0004885197849944234 0.0004885197849944234
vn 1 0.0004885197849944234 0.0004885197849944234
vn 1 0.0004885197849944234 0.0004885197849944234
vn 1 0.0004885197849944234 0.0004885197849944234
vn 1 0.0004885197849944234 0.0004885197849944234
vn 1 0.0004885197849944234 0.0004885197849944234
vn 1 0.0004885197849944234 0.0004885197849944234
vn 1 0.0004885197849944234 0.0004885197849944234
vn 1 0.0004885197849944234 0.0004885197849944234
vn 1 0.0004885197849944234 0.0004885197849944234
vn 1 -0.0004885197849944234 0.0004885197849944234
vn 1 -0.0004885197849944234 0.0004885197849944234
vn 1 -0.0004885197849944234 0.0004885197849944234
vn 1 -0.0004885197849944234 0.0004885197849944234
vn 1 0.0004885197849944234 0.0004885197849944234
vn 1 0.0004885197849944234 0.0004885197849944234
vn 1 0.0004885197849944234 0.0004885197849944234
vn 1 0.0004885197849944234 0.0004885197849944234
vn -0.2300928235054016 0.9736199378967285 0.0004885197849944234
vn -0.2300928235054016 0.9736199378967285 0.0004885197849944234
vn -0.2300928235054016 0.9736199378967285 0.0004885197849944234
vn -0.2300928235054016 0.9736199378967285 0.0004885197849944234
vn 0.2300928235054016 0.9736199378967285 0.0004885197849944234
vn 0.2300928235054016 0.9736199378967285 0.0004885197849944234
vn 0.2300928235054016 0.9736199378967285 0.0004885197849944234
vn 0.2300928235054016 0.9736199378967285 0.0004885197849944234
vn 1 0.0004885197849944234 0.0004885197849944234
vn 1 0.0004885197849944234 0.0004885197849944234
vn 1 0.0004885197849944234 0.0004885197849944234
vn 1 0.0004885197849944234 0.0004885197849944234
vn 1 0.0004885197849944234 0.0004885197849944234
vn 1 0.0004885197849944234 0.0004885197849944234
vn 1 0.0004885197849944234 -0.0004885197849944234
vn 1 0.0004885197849944234 -0.0004885197849944234
vn 1 0.0004885197849944234 -0.0004885197849944234
vn 1 0.0004885197849944234 -0.0004885197849944234
vn 1 0.0004885197849944234 0.0004885197849944234
vn 1 0.0004885197849944234 0.0004885197849944234
vn 1 0.0004885197849944234 0.0004885197849944234
vn 1 0.0004885197849944234 0.0004885197849944234
vn 1 0.0004885197849944234 0.0004885197849944234
vn 1 0.0004885197849944234 0.0004885197849944234
vn 1 0.0004885197849944234 0.0004885197849944234
vn 1 0.0004885197849944234 0.0004885197849944234
vn 1 0.0004885197849944234 0.0004885197849944234
vn 1 0.0004885197849944234 0.0004885197849944234
vn 1 0.0004885197849944234 0.0004885197849944234
vn 1 0.0004885197849944234 0.0004885197849944234
vn 1 0.0004885197849944234 0.0004885197849944234
vn 1 0.0004885197849944234 0.0004885197849944234
vn 1 0.0004885197849944234 0.0004885197849944234
vn 1 0.0004885197849944234 0.0004885197849944234
vn 1 0.0004885197849944234 0.0004885197849944234
vn 1 0.0004885197849944234 0.0004885197849944234
vn 1 0.0004885197849944234 0.0004885197849944234
vn 1 0.0004885197849944234 0.0004885197849944234
vn 1 0.0004885197849944234 0.0004885197849944234
vn 1 0.0004885197849944234 0.0004885197849944234
vn 1 0.0004885197849944234 0.0004885197849944234
vn -0.6384953856468201 -0.7694186568260193 0.008304836228489876
vn -0.21739129722118378 -0.9755740165710449 -0.0004885197849944234
vn -0.6629213690757751 -0.748900830745697 -0.0004885197849944234
vn -0.21152906119823456 -0.9775280952453613 0.0034196386113762856
vn 0.0004885197849944234 -1 -0.0004885197849944234
vn -0.5974596738815308 -0.7987298369407654 0.0630190521478653
vn 0.0004885197849944234 -1 -0.0004885197849944234
vn -0.2545188069343567 -0.9579873085021973 0.1314118206501007
vn -0.5163654088973999 -0.7684416174888611 0.3786028325557709
vn -0.2584269642829895 -0.7547630667686462 0.60332190990448
vn -0.6638984084129333 -0.6658524870872498 0.34147533774375916
vn 0.0004885197849944234 -0.9960918426513672 0.08549096435308456
vn 0.2545188069343567 -0.9579873085021973 0.1314118206501007
vn 0.21152906119823456 -0.9775280952453613 0.0034196386113762856
vn 0.5974596738815308 -0.7987298369407654 0.0630190521478653
vn 0.6384953856468201 -0.7694186568260193 0.008304836228489876
vn 0.5163654088973999 -0.7684416174888611 0.3786028325557709
vn 0.2584269642829895 -0.7547630667686462 0.60332190990448
vn 0.6638984084129333 -0.6658524870872498 0.34147533774375916
vn 0.0004885197849944234 -0.8329262137413025 0.5534929037094116
vn 0.2613580822944641 -0.9560332298278809 0.1294577419757843
vn 0.7107962965965271 -0.7020029425621033 0.05422569438815117
vn -0.2613580822944641 -0.9560332298278809 0.1294577419757843
vn -0.7107962965965271 -0.7020029425621033 0.05422569438815117
vn 0.0004885197849944234 -0.9882755279541016 0.14997556805610657
vn -0.33952125906944275 -0.9286761283874512 0.14802148938179016
vn -0.7625793814659119 -0.6052759885787964 0.2261846661567688
vn -0.15290668606758118 -0.9179286956787109 0.36687836050987244
vn 0.33952125906944275 -0.9286761283874512 0.14802148938179016
vn 0.7625793814659119 -0.6052759885787964 0.2261846661567688
vn 0.0004885197849944234 -0.9921836853027344 0.12261846661567688
vn 0.0004885197849944234 -0.927699089050293 0.37371763586997986
vn 0.15290668606758118 -0.9179286956787109 0.36687836050987244
vn 1 0.0004885197849944234 0.0004885197849944234
vn 1 0.0004885197849944234 0.0004885197849944234
vn 1 0.0004885197849944234 0.0004885197849944234
vn 1 0.0004885197849944234 0.0004885197849944234
vn 1 0.0004885197849944234 0.0004885197849944234
vn 1 0.0004885197849944234 0.0004885197849944234
vn 1 0.0004885197849944234 0.0004885197849944234
vn 1 0.0004885197849944234 0.0004885197849944234
vn -1 0.0004885197849944234 0.0004885197849944234
vn -1 0.0004885197849944234 0.0004885197849944234
vn -1 0.0004885197849944234 0.0004885197849944234
vn -1 0.0004885197849944234 0.0004885197849944234
vn 0.0004885197849944234 -0.0004885197849944234 1
vn 0.0004885197849944234 -0.0004885197849944234 1
vn 0.0004885197849944234 -0.0004885197849944234 1
vn 0.0004885197849944234 -0.0004885197849944234 1
vn 0.0004885197849944234 -0.0004885197849944234 1
vn 0.0004885197849944234 -0.0004885197849944234 1
vn 0.0004885197849944234 -0.0004885197849944234 1
vn 0.0004885197849944234 -0.0004885197849944234 1
vn 0.0004885197849944234 -0.0004885197849944234 1
vn 0.0004885197849944234 -0.0004885197849944234 1
vn 0.0004885197849944234 -0.0004885197849944234 1
vn 0.0004885197849944234 -0.0004885197849944234 1
vn 1 0.0004885197849944234 -0.012212994508445263
vn 1 0.0004885197849944234 -0.012212994508445263
vn 0.8661455512046814 -0.49975574016571045 -0.012212994508445263
vn 0.8661455512046814 0.49975574016571045 -0.012212994508445263
vn 0.8661455512046814 -0.49975574016571045 -0.012212994508445263
vn 0.8661455512046814 0.49975574016571045 -0.012212994508445263
vn 0.49975574016571045 0.8661455512046814 -0.012212994508445263
vn 0.49975574016571045 0.8661455512046814 -0.012212994508445263
vn 0.49975574016571045 -0.8661455512046814 -0.012212994508445263
vn 0.49975574016571045 -0.8661455512046814 -0.012212994508445263
vn 0.0004885197849944234 -1 -0.012212994508445263
vn 0.0004885197849944234 -1 -0.012212994508445263
vn -0.49975574016571045 -0.8661455512046814 -0.012212994508445263
vn -0.49975574016571045 -0.8661455512046814 -0.012212994508445263
vn -0.8661455512046814 -0.49975574016571045 -0.012212994508445263
vn -0.8661455512046814 -0.49975574016571045 -0.012212994508445263
vn -1 0.0004885197849944234 -0.012212994508445263
vn -1 0.0004885197849944234 -0.012212994508445263
vn -0.8661455512046814 0.49975574016571045 -0.012212994508445263
vn -0.8661455512046814 0.49975574016571045 -0.012212994508445263
vn -0.49975574016571045 0.8661455512046814 -0.012212994508445263
vn -0.49975574016571045 0.8661455512046814 -0.012212994508445263
vn 0.0004885197849944234 1 -0.012212994508445263
vn 0.0004885197849944234 1 -0.012212994508445263
vn 0.0004885197849944234 -1 -0.0004885197849944234
vn 0.0004885197849944234 -1 -0.0004885197849944234
vn 0.0004885197849944234 -1 -0.0004885197849944234
vn 0.0004885197849944234 -1 -0.0004885197849944234
vn 0.0004885197849944234 -1 -0.0004885197849944234
vn 0.0004885197849944234 -1 -0.0004885197849944234
vn 0.0004885197849944234 -1 -0.0004885197849944234
vn 0.0004885197849944234 -1 -0.0004885197849944234
vn 0.0004885197849944234 -1 -0.0004885197849944234
vn 0.0004885197849944234 -1 -0.0004885197849944234
vn 0.0004885197849944234 -1 -0.0004885197849944234
vn 0.0004885197849944234 -1 -0.0004885197849944234
vn 0.0004885197849944234 -1 -0.0004885197849944234
vn 0.0004885197849944234 -1 -0.0004885197849944234
vn 0.0004885197849944234 -1 -0.0004885197849944234
vn 0.0004885197849944234 -1 -0.0004885197849944234
vn 0.0004885197849944234 -1 -0.0004885197849944234
vn 0.0004885197849944234 -1 -0.0004885197849944234
vn 0.0004885197849944234 -1 -0.0004885197849944234
vn 0.0004885197849944234 -1 -0.0004885197849944234
vn 0.0004885197849944234 -1 -0.0004885197849944234
vn 0.0004885197849944234 -1 -0.0004885197849944234
vn 0.0004885197849944234 -1 -0.0004885197849944234
vn 0.0004885197849944234 -1 -0.0004885197849944234
vn 0.0004885197849944234 -1 -0.0004885197849944234
vn 0.0004885197849944234 -1 -0.0004885197849944234
vn 0.0004885197849944234 -1 -0.0004885197849944234
vn 0.0004885197849944234 -1 -0.0004885197849944234
vn 0.0004885197849944234 -1 -0.0004885197849944234
vn 0.0004885197849944234 -1 -0.0004885197849944234
vn 0.0004885197849944234 -1 0.0004885197849944234
vn 0.0004885197849944234 -1 0.0004885197849944234
vn 0.0004885197849944234 -1 0.0004885197849944234
vn 0.0004885197849944234 -1 0.0004885197849944234
vn 0.3805569112300873 -0.0004885197849944234 0.9247679710388184
vn 0.3805569112300873 -0.0004885197849944234 0.9247679710388184
vn 0.3805569112300873 -0.0004885197849944234 0.9247679710388184
vn 0.3805569112300873 -0.0004885197849944234 0.9247679710388184
vn 0.0004885197849944234 -1 -0.0004885197849944234
vn 0.0004885197849944234 -1 -0.0004885197849944234
vn 0.0004885197849944234 -1 -0.0004885197849944234
vn 0.0004885197849944234 -1 -0.0004885197849944234
vn 0.33952125906944275 -0.9286761283874512 0.14802148938179016
vn 0.15290668606758118 -0.9179286956787109 0.36687836050987244
vn 0.7625793814659119 -0.6052759885787964 0.2261846661567688
vn 0.0004885197849944234 1 0.0034196386113762856
vn 0.0004885197849944234 1 0.0034196386113762856
vn 0.0004885197849944234 1 0.0034196386113762856
vn 0.0004885197849944234 1 0.0034196386113762856
vn 0.0004885197849944234 -0.0004885197849944234 1
vn 0.0004885197849944234 -0.0004885197849944234 1
vn 0.0004885197849944234 -0.0004885197849944234 1
vn 0.0004885197849944234 -0.0004885197849944234 1
vn 0.0004885197849944234 -0.0004885197849944234 1
vn 0.0004885197849944234 -0.0004885197849944234 1
vn 0.0004885197849944234 -0.0004885197849944234 1
vn 0.0004885197849944234 -0.0004885197849944234 1
vn 0.0004885197849944234 -0.0004885197849944234 1
vn 0.0004885197849944234 -0.0004885197849944234 1
vn -0.7068881392478943 -0.0004885197849944234 0.7068881392478943
vn 0.0004885197849944234 -0.0004885197849944234 1
vn 0.0004885197849944234 -0.0004885197849944234 1
vn 0.7068881392478943 -0.0004885197849944234 0.7068881392478943
vn -0.7068881392478943 -0.0004885197849944234 0.7068881392478943
vn 0.7068881392478943 -0.0004885197849944234 0.7068881392478943
vn -1 0.0004885197849944234 0.0004885197849944234
vn 1 0.0004885197849944234 0.0004885197849944234
vn -1 0.0004885197849944234 0.0004885197849944234
vn 1 0.0004885197849944234 0.0004885197849944234
vn -0.7068881392478943 0.0004885197849944234 -0.7068881392478943
vn 0.7068881392478943 0.0004885197849944234 -0.7068881392478943
vn -0.7068881392478943 0.0004885197849944234 -0.7068881392478943
vn 0.7068881392478943 0.0004885197849944234 -0.7068881392478943
vn 0.0004885197849944234 0.0004885197849944234 -1
vn 0.0004885197849944234 0.0004885197849944234 -1
vn 0.0004885197849944234 -0.7703956961631775 0.6375183463096619
vn 0.0004885197849944234 -0.7703956961631775 0.6375183463096619
vn 0.0004885197849944234 -0.7703956961631775 0.6375183463096619
vn 0.0004885197849944234 -0.7703956961631775 0.6375183463096619
vn 0.0004885197849944234 1 0.0004885197849944234
vn 0.0004885197849944234 1 0.0004885197849944234
vn 0.0004885197849944234 1 0.0004885197849944234
vn 0.0004885197849944234 1 0.0004885197849944234
vn 0.0004885197849944234 -0.7616023421287537 0.6482657790184021
vn 0.0004885197849944234 -0.7616023421287537 0.6482657790184021
vn 0.0004885197849944234 -0.7616023421287537 0.6482657790184021
vn 0.0004885197849944234 -0.7616023421287537 0.6482657790184021
vn 0.0004885197849944234 -0.0004885197849944234 1
vn 0.0004885197849944234 -0.0004885197849944234 1
vn 0.0004885197849944234 -0.0004885197849944234 1
vn 0.0004885197849944234 -0.0004885197849944234 1
vn 0.0004885197849944234 -0.0004885197849944234 1
vn 0.0004885197849944234 -0.0004885197849944234 1
vn 0.0004885197849944234 0.0004885197849944234 -1
vn 0.0004885197849944234 0.0004885197849944234 -1
vn 0.0004885197849944234 0.0004885197849944234 -1
vn 0.0004885197849944234 0.0004885197849944234 -1
vn 0.0004885197849944234 0.0004885197849944234 -1
vn 0.0004885197849944234 0.0004885197849944234 -1
vn 0.0004885197849944234 0.0004885197849944234 -1
vn 0.0004885197849944234 0.0004885197849944234 -1
vn -0.0004885197849944234 0.0004885197849944234 -1
vn -0.0004885197849944234 0.0004885197849944234 -1
vn -0.0004885197849944234 0.0004885197849944234 -1
vn -0.0004885197849944234 0.0004885197849944234 -1
vn -0.0004885197849944234 0.0004885197849944234 -1
vn -0.0004885197849944234 0.0004885197849944234 -1
vn -0.0004885197849944234 0.0004885197849944234 -1
vn -0.0004885197849944234 0.0004885197849944234 -1
vn 0.0004885197849944234 -0.0004885197849944234 1
vn 0.0004885197849944234 -0.0004885197849944234 1
vn 0.0004885197849944234 -0.0004885197849944234 1
vn 0.0004885197849944234 -0.0004885197849944234 1
vn 0.0004885197849944234 -0.0004885197849944234 1
vn 0.0004885197849944234 -0.0004885197849944234 1
vn -0.7068881392478943 -0.0004885197849944234 0.7068881392478943
vn 0.0004885197849944234 -0.0004885197849944234 1
vn 0.0004885197849944234 -0.0004885197849944234 1
vn 0.7068881392478943 -0.0004885197849944234 0.7068881392478943
vn -0.7068881392478943 -0.0004885197849944234 0.7068881392478943
vn 0.7068881392478943 -0.0004885197849944234 0.7068881392478943
vn -1 0.0004885197849944234 0.0004885197849944234
vn 1 0.0004885197849944234 0.0004885197849944234
vn -1 0.0004885197849944234 0.0004885197849944234
vn 1 0.0004885197849944234 0.0004885197849944234
vn -0.7068881392478943 0.0004885197849944234 -0.7068881392478943
vn 0.7068881392478943 0.0004885197849944234 -0.7068881392478943
vn -0.7068881392478943 0.0004885197849944234 -0.7068881392478943
vn 0.7068881392478943 0.0004885197849944234 -0.7068881392478943
vn 0.0004885197849944234 0.0004885197849944234 -1
vn 0.0004885197849944234 0.0004885197849944234 -1
vn 0.0004885197849944234 -0.0004885197849944234 1
vn 0.0004885197849944234 -0.0004885197849944234 1
vn 0.0004885197849944234 -0.0004885197849944234 1
vn 0.0004885197849944234 -0.0004885197849944234 1
vn 0.0004885197849944234 0.9384465217590332 0.34636053442955017
vn 0.0004885197849944234 0.9384465217590332 0.34636053442955017
vn 0.0004885197849944234 0.9384465217590332 0.34636053442955017
vn 0.0004885197849944234 0.9384465217590332 0.34636053442955017
vn 0.0004885197849944234 -0.540791392326355 0.8407425284385681
vn 0.0004885197849944234 -0.540791392326355 0.8407425284385681
vn 0.0004885197849944234 -0.540791392326355 0.8407425284385681
vn 0.0004885197849944234 -0.540791392326355 0.8407425284385681
vn -0.0004885197849944234 -0.0004885197849944234 1
vn -0.0004885197849944234 -0.0004885197849944234 1
vn -0.0004885197849944234 -0.0004885197849944234 1
vn -0.0004885197849944234 -0.0004885197849944234 1
vn -0.7068881392478943 -0.0004885197849944234 0.7068881392478943
vn 0.0004885197849944234 -0.0004885197849944234 1
vn 0.0004885197849944234 -0.0004885197849944234 1
vn 0.7068881392478943 -0.0004885197849944234 0.7068881392478943
vn -0.7068881392478943 -0.0004885197849944234 0.7068881392478943
vn 0.7068881392478943 -0.0004885197849944234 0.7068881392478943
vn -1 0.0004885197849944234 0.0004885197849944234
vn 1 0.0004885197849944234 0.0004885197849944234
vn -1 0.0004885197849944234 0.0004885197849944234
vn 1 0.0004885197849944234 0.0004885197849944234
vn -0.7068881392478943 0.0004885197849944234 -0.7068881392478943
vn 0.7068881392478943 0.0004885197849944234 -0.7068881392478943
vn -0.7068881392478943 0.0004885197849944234 -0.7068881392478943
vn 0.7068881392478943 0.0004885197849944234 -0.7068881392478943
vn 0.0004885197849944234 0.0004885197849944234 -1
vn 0.0004885197849944234 0.0004885197849944234 -1
vn 0.0004885197849944234 -0.0004885197849944234 1
vn 0.0004885197849944234 -0.0004885197849944234 1
vn 0.0004885197849944234 -0.0004885197849944234 1
vn 0.0004885197849944234 -0.0004885197849944234 1
vn 0.0004885197849944234 -0.0004885197849944234 1
vn 0.0004885197849944234 -0.0004885197849944234 1
vn 0.0004885197849944234 -0.0004885197849944234 1
vn 0.0004885197849944234 -0.0004885197849944234 1
vn 0.0004885197849944234 -0.0004885197849944234 1
vn 0.0004885197849944234 -0.0004885197849944234 1
vn 0.0004885197849944234 -0.0004885197849944234 1
vn 0.0004885197849944234 -0.0004885197849944234 1
vn -0.0004885197849944234 -0.0004885197849944234 1
vn -0.0004885197849944234 -0.0004885197849944234 1
vn -0.0004885197849944234 -0.0004885197849944234 1
vn -0.0004885197849944234 -0.0004885197849944234 1
vn 0.0004885197849944234 -0.0004885197849944234 1
vn 0.0004885197849944234 -0.0004885197849944234 1
vn 0.0004885197849944234 -0.0004885197849944234 1
vn 0.0004885197849944234 -0.0004885197849944234 1
vn 0.0004885197849944234 -0.0004885197849944234 1
vn 0.0004885197849944234 -0.0004885197849944234 1
vn 0.0004885197849944234 -0.0004885197849944234 1
vn 0.0004885197849944234 -0.0004885197849944234 1
vn -0.0004885197849944234 -0.0004885197849944234 1
vn -0.0004885197849944234 -0.0004885197849944234 1
vn -0.0004885197849944234 -0.0004885197849944234 1
vn -0.0004885197849944234 -0.0004885197849944234 1
vn 0.0004885197849944234 -0.0004885197849944234 1
vn 0.0004885197849944234 -0.0004885197849944234 1
vn 0.0004885197849944234 -0.0004885197849944234 1
vn 0.0004885197849944234 -0.0004885197849944234 1
vn 0.0004885197849944234 -0.0004885197849944234 1
vn 0.0004885197849944234 -0.0004885197849944234 1
vn 0.0004885197849944234 -0.0004885197849944234 1
vn 0.0004885197849944234 -0.0004885197849944234 1
vn 0.0004885197849944234 -0.0004885197849944234 1
vn 0.0004885197849944234 -0.0004885197849944234 1
vn 0.0004885197849944234 -0.0004885197849944234 1
vn 0.0004885197849944234 -0.0004885197849944234 1
vn 0.0004885197849944234 -0.0004885197849944234 1
vn 0.0004885197849944234 -0.0004885197849944234 1
vn 0.0004885197849944234 -0.0004885197849944234 1
vn 0.0004885197849944234 -0.0004885197849944234 1
vn 0.0004885197849944234 -0.0004885197849944234 1
vn 0.0004885197849944234 -0.0004885197849944234 1
vn -0.7068881392478943 -0.0004885197849944234 0.7068881392478943
vn 0.0004885197849944234 -0.0004885197849944234 1
vn 0.0004885197849944234 -0.0004885197849944234 1
vn 0.7068881392478943 -0.0004885197849944234 0.7068881392478943
vn -0.7068881392478943 -0.0004885197849944234 0.7068881392478943
vn 0.7068881392478943 -0.0004885197849944234 0.7068881392478943
vn -1 0.0004885197849944234 0.0004885197849944234
vn 1 0.0004885197849944234 0.0004885197849944234
vn -1 0.0004885197849944234 0.0004885197849944234
vn 1 0.0004885197849944234 0.0004885197849944234
vn -0.7068881392478943 0.0004885197849944234 -0.7068881392478943
vn 0.7068881392478943 0.0004885197849944234 -0.7068881392478943
vn -0.7068881392478943 0.0004885197849944234 -0.7068881392478943
vn 0.7068881392478943 0.0004885197849944234 -0.7068881392478943
vn 0.0004885197849944234 0.0004885197849944234 -1
vn 0.0004885197849944234 0.0004885197849944234 -1
vn 0.0004885197849944234 -0.6248167753219604 0.7811431288719177
vn 0.0004885197849944234 -0.6248167753219604 0.7811431288719177
vn 0.0004885197849944234 -0.6248167753219604 0.7811431288719177
vn 0.0004885197849944234 -0.6248167753219604 0.7811431288719177
vn 0.0004885197849944234 -0.0004885197849944234 1
vn 0.0004885197849944234 -0.0004885197849944234 1
vn 0.0004885197849944234 -0.0004885197849944234 1
vn 0.0004885197849944234 -0.0004885197849944234 1
vn -0.0004885197849944234 0.67659991979599 0.7361993193626404
vn -0.0004885197849944234 0.67659991979599 0.7361993193626404
vn -0.0004885197849944234 0.67659991979599 0.7361993193626404
vn -0.0004885197849944234 0.67659991979599 0.7361993193626404
vn -0.0004885197849944234 -0.0004885197849944234 1
vn -0.0004885197849944234 -0.0004885197849944234 1
vn -0.0004885197849944234 -0.0004885197849944234 1
vn -0.0004885197849944234 -0.0004885197849944234 1
vn -0.9032731056213379 -0.42843183875083923 -0.0004885197849944234
vn -0.9032731056213379 -0.42843183875083923 -0.0004885197849944234
vn -0.531020998954773 -0.8475818037986755 -0.0004885197849944234
vn -0.531020998954773 -0.8475818037986755 -0.0004885197849944234
vn -1 0.0004885197849944234 0.0004885197849944234
vn 0.0004885197849944234 -1 -0.0004885197849944234
vn -1 0.0004885197849944234 0.0004885197849944234
vn 0.0004885197849944234 -1 -0.0004885197849944234
vn -0.9032731056213379 0.42843183875083923 0.0004885197849944234
vn 0.531020998954773 -0.8475818037986755 -0.0004885197849944234
vn -0.9032731056213379 0.42843183875083923 0.0004885197849944234
vn 0.531020998954773 -0.8475818037986755 -0.0004885197849944234
vn -0.531020998954773 0.8475818037986755 0.0004885197849944234
vn 0.9032731056213379 -0.42843183875083923 -0.0004885197849944234
vn -0.531020998954773 0.8475818037986755 0.0004885197849944234
vn 0.0004885197849944234 1 0.0004885197849944234
vn 0.0004885197849944234 1 0.0004885197849944234
vn 0.9032731056213379 -0.42843183875083923 -0.0004885197849944234
vn 1 0.0004885197849944234 0.0004885197849944234
vn 1 0.0004885197849944234 0.0004885197849944234
vn 0.9032731056213379 0.42843183875083923 0.0004885197849944234
vn 0.9032731056213379 0.42843183875083923 0.0004885197849944234
vn 0.531020998954773 0.8475818037986755 0.0004885197849944234
vn 0.531020998954773 0.8475818037986755 0.0004885197849944234
vn 0.0004885197849944234 1 0.0004885197849944234
vn 0.0004885197849944234 1 0.0004885197849944234
vn 0.0004885197849944234 0.0004885197849944234 -1
vn 0.0004885197849944234 0.0004885197849944234 -1
vn 0.0004885197849944234 0.0004885197849944234 -1
vn 0.0004885197849944234 0.0004885197849944234 -1
vn 0.0004885197849944234 0.0004885197849944234 -1
vn 0.0004885197849944234 0.0004885197849944234 -1
vn 0.0004885197849944234 0.0004885197849944234 -1
vn 0.0004885197849944234 0.0004885197849944234 -1
vn 0.0004885197849944234 0.0004885197849944234 -1
vn 0.0004885197849944234 0.0004885197849944234 -1
vn 0.0004885197849944234 0.0004885197849944234 -1
vn 0.0004885197849944234 0.0004885197849944234 -1
vn 0.0004885197849944234 0.0004885197849944234 -1
vn 0.0004885197849944234 0.0004885197849944234 -1
vn 0.0004885197849944234 0.0004885197849944234 -1
vn 0.0004885197849944234 0.0004885197849944234 -1
vn 0.0004885197849944234 0.0004885197849944234 -1
vn 0.0004885197849944234 0.0004885197849944234 -1
vn 0.0004885197849944234 0.0004885197849944234 -1
vn 0.0004885197849944234 0.0004885197849944234 -1
vn 0.0004885197849944234 0.0004885197849944234 -1
vn 0.0004885197849944234 0.0004885197849944234 -1
vn 0.0004885197849944234 0.0004885197849944234 -1
vn 0.0004885197849944234 0.0004885197849944234 -1
vn 0.0004885197849944234 0.0004885197849944234 -1
vn 0.0004885197849944234 0.0004885197849944234 -1

vt 0.2010796219110489 0.3602915406227112
vt 0.30633556842803955 0.4018002152442932
vt 0.18457235395908356 0.4018002152442932
vt 0.2966870069503784 0.3602915406227112
vt 0.30629241466522217 0.422554612159729
vt 0.18457235395908356 0.4018002152442932
vt 0.30633556842803955 0.4018002152442932
vt 0.1859106868505478 0.422554612159729
vt 0.30633556842803955 0.4018002152442932
vt 0.2010796219110489 0.3602915406227112
vt 0.18457235395908356 0.4018002152442932
vt 0.2966870069503784 0.3602915406227112
vt 0.30633556842803955 0.4018002152442932
vt 0.18457235395908356 0.4018002152442932
vt 0.30629241466522217 0.422554612159729
vt 0.1859106868505478 0.422554612159729
vt 0.27518516778945923 0.37277472019195557
vt 0.27518516778945923 0.37277472019195557
vt 0.30152031779289246 0.37277472019195557
vt 0.30152031779289246 0.37277472019195557
vt 0.1171744242310524 0.37277472019195557
vt 0.09083927422761917 0.37277472019195557
vt 0.09083927422761917 0.37277472019195557
vt 0.1171744242310524 0.37277472019195557
vt 0.3541905879974365 0.37277472019195557
vt 0.3805256485939026 0.37277472019195557
vt 0.3805256485939026 0.37277472019195557
vt 0.3541905879974365 0.37277472019195557
vt 0.16984465718269348 0.37277472019195557
vt 0.19617979228496552 0.37277472019195557
vt 0.19617979228496552 0.37277472019195557
vt 0.16984465718269348 0.37277472019195557
vt 0.27518516778945923 0.37277472019195557
vt 0.24885006248950958 0.37277472019195557
vt 0.24885006248950958 0.37277472019195557
vt 0.27518516778945923 0.37277472019195557
vt 0.09083927422761917 0.37277472019195557
vt 0.06450412422418594 0.37277472019195557
vt 0.06450412422418594 0.37277472019195557
vt 0.09083927422761917 0.37277472019195557
vt 0.3278554081916809 0.37277472019195557
vt 0.3541905879974365 0.37277472019195557
vt 0.3541905879974365 0.37277472019195557
vt 0.3278554081916809 0.37277472019195557
vt 0.14350953698158264 0.37277472019195557
vt 0.16984465718269348 0.37277472019195557
vt 0.16984465718269348 0.37277472019195557
vt 0.14350953698158264 0.37277472019195557
vt 0.24885006248950958 0.37277472019195557
vt 0.22251491248607635 0.37277472019195557
vt 0.24885006248950958 0.37277472019195557
vt 0.22251491248607635 0.37277472019195557
vt 0.3278554081916809 0.37277472019195557
vt 0.30152031779289246 0.37277472019195557
vt 0.30152031779289246 0.37277472019195557
vt 0.3278554081916809 0.37277472019195557
vt 0.14350953698158264 0.37277472019195557
vt 0.14350953698158264 0.37277472019195557
vt 0.1171744242310524 0.37277472019195557
vt 0.1171744242310524 0.37277472019195557
vt 0.22251491248607635 0.37277472019195557
vt 0.19617979228496552 0.37277472019195557
vt 0.19617979228496552 0.37277472019195557
vt 0.22251491248607635 0.37277472019195557
vt 0.2620175778865814 0.21476393938064575
vt 0.1830122023820877 0.13575851917266846
vt 0.2620175778865814 0.13575851917266846
vt 0.1830122023820877 0.21476393938064575
vt 0.2620175778865814 0.21476393938064575
vt 0.1830122023820877 0.13575851917266846
vt 0.2620175778865814 0.13575851917266846
vt 0.1830122023820877 0.21476393938064575
vt 0.20919334888458252 0.0978359580039978
vt 0.20919334888458252 0.1736811399459839
vt 0.1814320981502533 0.2014424204826355
vt 0.21935467422008514 0.13575851917266846
vt 0.1814320981502533 0.07007467746734619
vt 0.14350952208042145 0.05991339683532715
vt 0.14350952208042145 0.21160376071929932
vt 0.10558690875768661 0.2014424204826355
vt 0.10558690875768661 0.07007467746734619
vt 0.07782565802335739 0.0978359580039978
vt 0.07782565802335739 0.1736811399459839
vt 0.06766434758901596 0.13575851917266846
vt 0.2620175778865814 0.1752612590789795
vt 0.1830122023820877 0.21476393938064575
vt 0.1830122023820877 0.1752612590789795
vt 0.2620175778865814 0.21476393938064575
vt 0.1830122023820877 0.13575851917266846
vt 0.2620175778865814 0.13575851917266846
vt 0.14350952208042145 0.21160376071929932
vt 0.1814320981502533 0.07007467746734619
vt 0.1814320981502533 0.2014424204826355
vt 0.20919334888458252 0.1736811399459839
vt 0.20919334888458252 0.0978359580039978
vt 0.21935467422008514 0.13575851917266846
vt 0.14350952208042145 0.05991339683532715
vt 0.10558690875768661 0.2014424204826355
vt 0.10558690875768661 0.07007467746734619
vt 0.07782565802335739 0.1736811399459839
vt 0.07782565802335739 0.0978359580039978
vt 0.06766434758901596 0.13575851917266846
vt 0.06450412422418594 0.37277472019195557
vt 0.24885006248950958 0.37277472019195557
vt 0.3541905879974365 0.37277472019195557
vt 0.3278554081916809 0.37277472019195557
vt 0.27518516778945923 0.37277472019195557
vt 0.30152031779289246 0.37277472019195557
vt 0.22251491248607635 0.37277472019195557
vt 0.19617979228496552 0.37277472019195557
vt 0.09083927422761917 0.37277472019195557
vt 0.1171744242310524 0.37277472019195557
vt 0.16984465718269348 0.37277472019195557
vt 0.14350953698158264 0.37277472019195557
vt 0.3541905879974365 0.21476393938064575
vt 0.3805256485939026 0.37277472019195557
vt 0.3541905879974365 0.37277472019195557
vt 0.3805256485939026 0.21476393938064575
vt 0.3278554081916809 0.37277472019195557
vt 0.3278554081916809 0.21476393938064575
vt 0.30152031779289246 0.21476393938064575
vt 0.30152031779289246 0.37277472019195557
vt 0.27518516778945923 0.21476393938064575
vt 0.27518516778945923 0.37277472019195557
vt 0.24885006248950958 0.37277472019195557
vt 0.24885006248950958 0.21476393938064575
vt 0.22251491248607635 0.37277472019195557
vt 0.22251491248607635 0.21476393938064575
vt 0.19617979228496552 0.37277472019195557
vt 0.19617979228496552 0.21476393938064575
vt 0.16984465718269348 0.37277472019195557
vt 0.16984465718269348 0.21476393938064575
vt 0.14350953698158264 0.37277472019195557
vt 0.14350953698158264 0.21476393938064575
vt 0.1171744242310524 0.37277472019195557
vt 0.1171744242310524 0.21476393938064575
vt 0.09083927422761917 0.37277472019195557
vt 0.09083927422761917 0.21476393938064575
vt 0.06450412422418594 0.21476393938064575
vt 0.06450412422418594 0.37277472019195557
vt 0.9312288165092468 0.47724026441574097
vt 0.5817921161651611 0.47724026441574097
vt 0.6516794562339783 0.47724026441574097
vt 0.5817921161651611 0.47724026441574097
vt 0.5817921161651611 0.47724026441574097
vt 0.8613414764404297 0.47724026441574097
vt 0.7914541363716125 0.47724026441574097
vt 0.7215667963027954 0.47724026441574097
vt 0.9312288165092468 0.47724026441574097
vt 0.6516794562339783 0.47724026441574097
vt 0.5817921161651611 0.47724026441574097
vt 0.5817921161651611 0.47724026441574097
vt 0.5817921161651611 0.47724026441574097
vt 0.8613414764404297 0.47724026441574097
vt 0.7914541363716125 0.47724026441574097
vt 0.7215667963027954 0.47724026441574097
vt 0.3541905879974365 0.37277472019195557
vt 0.3541905879974365 0.21476393938064575
vt 0.3805256485939026 0.21476393938064575
vt 0.3805256485939026 0.37277472019195557
vt 0.3541905879974365 0.37277472019195557
vt 0.3805256485939026 0.37277472019195557
vt 0.3278554081916809 0.37277472019195557
vt 0.3278554081916809 0.37277472019195557
vt 0.3278554081916809 0.21476393938064575
vt 0.30152031779289246 0.37277472019195557
vt 0.30152031779289246 0.21476393938064575
vt 0.30152031779289246 0.37277472019195557
vt 0.27518516778945923 0.37277472019195557
vt 0.27518516778945923 0.37277472019195557
vt 0.27518516778945923 0.21476393938064575
vt 0.24885006248950958 0.21476393938064575
vt 0.24885006248950958 0.37277472019195557
vt 0.24885006248950958 0.37277472019195557
vt 0.22251491248607635 0.21476393938064575
vt 0.22251491248607635 0.37277472019195557
vt 0.22251491248607635 0.37277472019195557
vt 0.19617979228496552 0.37277472019195557
vt 0.19617979228496552 0.21476393938064575
vt 0.19617979228496552 0.37277472019195557
vt 0.16984465718269348 0.37277472019195557
vt 0.16984465718269348 0.21476393938064575
vt 0.16984465718269348 0.37277472019195557
vt 0.14350953698158264 0.21476393938064575
vt 0.14350953698158264 0.37277472019195557
vt 0.14350953698158264 0.37277472019195557
vt 0.1171744242310524 0.37277472019195557
vt 0.1171744242310524 0.21476393938064575
vt 0.1171744242310524 0.37277472019195557
vt 0.09083927422761917 0.21476393938064575
vt 0.09083927422761917 0.37277472019195557
vt 0.09083927422761917 0.37277472019195557
vt 0.06450412422418594 0.21476393938064575
vt 0.06450412422418594 0.37277472019195557
vt 0.06450412422418594 0.37277472019195557
vt 0.14317061007022858 0.4975728988647461
vt 0.14317061007022858 0.4975728988647461
vt 0.2676966190338135 0.4975728988647461
vt 0.2676966190338135 0.4975728988647461
vt 0.14317061007022858 0.4975728988647461
vt 0.14317061007022858 0.4975728988647461
vt 0.2676966190338135 0.4975728988647461
vt 0.2676966190338135 0.4975728988647461
vt 0.39222264289855957 0.2485208511352539
vt 0.39222264289855957 0.2485208511352539
vt 0.39222264289855957 0.373046875
vt 0.39222264289855957 0.373046875
vt 0.39222264289855957 0.2485208511352539
vt 0.39222264289855957 0.2485208511352539
vt 0.39222264289855957 0.373046875
vt 0.39222264289855957 0.373046875
vt 0.39222264289855957 0.6220989227294922
vt 0.2676966190338135 0.4975728988647461
vt 0.39222264289855957 0.4975728988647461
vt 0.2676966190338135 0.6220989227294922
vt 0.7944353818893433 0.46289777755737305
vt 0.7618917226791382 0.3623082637786865
vt 0.7944353818893433 0.3623082637786865
vt 0.7618917226791382 0.46289777755737305
vt 0.6938458681106567 0.3623082637786865
vt 0.6938458681106567 0.46289777755737305
vt 0.744140625 0.26171875
vt 0.7776705026626587 0.26171875
vt 0.7776705026626587 0.26171875
vt 0.744140625 0.26171875
vt 0.8112002611160278 0.26171875
vt 0.7776705026626587 0.26171875
vt 0.7776705026626587 0.26171875
vt 0.8112002611160278 0.26171875
vt 0.8447301983833313 0.26171875
vt 0.8112002611160278 0.26171875
vt 0.8112002611160278 0.26171875
vt 0.8447301983833313 0.26171875
vt 0.5764915347099304 0.26171875
vt 0.5429616570472717 0.26171875
vt 0.5764915347099304 0.26171875
vt 0.5429616570472717 0.26171875
vt 0.9453195929527283 0.26171875
vt 0.9117898344993591 0.26171875
vt 0.9117898344993591 0.26171875
vt 0.9453195929527283 0.26171875
vt 0.8447301983833313 0.26171875
vt 0.8782599568367004 0.26171875
vt 0.8782599568367004 0.26171875
vt 0.8447301983833313 0.26171875
vt 0.5764915347099304 0.26171875
vt 0.6100212931632996 0.26171875
vt 0.5764915347099304 0.26171875
vt 0.6100212931632996 0.26171875
vt 0.8782599568367004 0.26171875
vt 0.9117898344993591 0.26171875
vt 0.9117898344993591 0.26171875
vt 0.8782599568367004 0.26171875
vt 0.643551230430603 0.26171875
vt 0.6100212931632996 0.26171875
vt 0.6100212931632996 0.26171875
vt 0.643551230430603 0.26171875
vt 0.643551230430603 0.26171875
vt 0.6770809888839722 0.26171875
vt 0.6770809888839722 0.26171875
vt 0.643551230430603 0.26171875
vt 0.7106108665466309 0.26171875
vt 0.6770809888839722 0.26171875
vt 0.7106108665466309 0.26171875
vt 0.6770809888839722 0.26171875
vt 0.7106108665466309 0.26171875
vt 0.744140625 0.26171875
vt 0.7106108665466309 0.26171875
vt 0.744140625 0.26171875
vt 0.9453195929527283 0.46289777755737305
vt 0.9117898344993591 0.26171875
vt 0.9453195929527283 0.26171875
vt 0.9117898344993591 0.46289777755737305
vt 0.8782599568367004 0.26171875
vt 0.8782599568367004 0.46289777755737305
vt 0.8447301983833313 0.26171875
vt 0.8447301983833313 0.46289777755737305
vt 0.8112002611160278 0.26171875
vt 0.8112002611160278 0.46289777755737305
vt 0.7776705026626587 0.46289777755737305
vt 0.7776705026626587 0.26171875
vt 0.744140625 0.46289777755737305
vt 0.744140625 0.26171875
vt 0.7106108665466309 0.46289777755737305
vt 0.7106108665466309 0.26171875
vt 0.6770809888839722 0.46289777755737305
vt 0.6770809888839722 0.26171875
vt 0.643551230430603 0.46289777755737305
vt 0.643551230430603 0.26171875
vt 0.6100212931632996 0.46289777755737305
vt 0.6100212931632996 0.26171875
vt 0.5764915347099304 0.46289777755737305
vt 0.5764915347099304 0.26171875
vt 0.5429616570472717 0.26171875
vt 0.5429616570472717 0.46289777755737305
vt 0.3541905879974365 0.37277472019195557
vt 0.3541905879974365 0.21476393938064575
vt 0.3805256485939026 0.21476393938064575
vt 0.3805256485939026 0.37277472019195557
vt 0.3278554081916809 0.37277472019195557
vt 0.3278554081916809 0.21476393938064575
vt 0.30152031779289246 0.37277472019195557
vt 0.30152031779289246 0.21476393938064575
vt 0.27518516778945923 0.37277472019195557
vt 0.27518516778945923 0.21476393938064575
vt 0.24885006248950958 0.37277472019195557
vt 0.24885006248950958 0.21476393938064575
vt 0.22251491248607635 0.21476393938064575
vt 0.22251491248607635 0.37277472019195557
vt 0.19617979228496552 0.21476393938064575
vt 0.19617979228496552 0.37277472019195557
vt 0.16984465718269348 0.37277472019195557
vt 0.16984465718269348 0.21476393938064575
vt 0.14350953698158264 0.37277472019195557
vt 0.14350953698158264 0.21476393938064575
vt 0.1171744242310524 0.37277472019195557
vt 0.1171744242310524 0.21476393938064575
vt 0.09083927422761917 0.37277472019195557
vt 0.09083927422761917 0.21476393938064575
vt 0.06450412422418594 0.37277472019195557
vt 0.06450412422418594 0.21476393938064575
vt 0.7618917226791382 0.10147786140441895
vt 0.7618917226791382 0.3213702440261841
vt 0.7944353818893433 0.10147786140441895
vt 0.7944353818893433 0.3213702440261841
vt 0.3651737868785858 0.823143482208252
vt 0.35261285305023193 0.8192626237869263
vt 0.3551795780658722 0.8141121864318848
vt 0.34211841225624084 0.8192548751831055
vt 0.342225581407547 0.8129622340202332
vt 0.3597044348716736 0.8252177238464355
vt 0.3652782142162323 0.8366454839706421
vt 0.3599189221858978 0.8342791199684143
vt 0.3560977280139923 0.8465850949287415
vt 0.35405850410461426 0.8411290049552917
vt 0.34283289313316345 0.8465850949287415
vt 0.34492573142051697 0.8412433862686157
vt 0.33262699842453003 0.838383674621582
vt 0.3375997245311737 0.8360312581062317
vt 0.3318118751049042 0.8261046409606934
vt 0.33660897612571716 0.8273836374282837
vt 0.33766669034957886 0.8165320754051208
vt 0.3479304909706116 0.36029160022735596
vt 0.2931429147720337 0.3602915406227112
vt 0.29005467891693115 0.36029160022735596
vt 0.7618917226791382 0.11852109432220459
vt 0.7618917226791382 0.3043268918991089
vt 0.7944353818893433 0.11852109432220459
vt 0.7944353818893433 0.3043268918991089
vt 0.3651737868785858 0.9242186546325684
vt 0.35261285305023193 0.9203377962112427
vt 0.3551795780658722 0.9151872992515564
vt 0.34211841225624084 0.9203300476074219
vt 0.342225581407547 0.9140374064445496
vt 0.3597044348716736 0.926292896270752
vt 0.3652782142162323 0.9377205967903137
vt 0.3599189221858978 0.9353543519973755
vt 0.3560977280139923 0.9476602077484131
vt 0.35405850410461426 0.9422041773796082
vt 0.34283289313316345 0.9476602077484131
vt 0.34492573142051697 0.9423184990882874
vt 0.33262699842453003 0.9394588470458984
vt 0.3375997543334961 0.9371064305305481
vt 0.3318118751049042 0.9271798133850098
vt 0.33660900592803955 0.9284588098526001
vt 0.33766669034957886 0.9176072478294373
vt 0.3479304909706116 0.36029160022735596
vt 0.3479304909706116 0.36029160022735596
vt 0.29245179891586304 0.3602915406227112
vt 0.2620175778865814 0.21476393938064575
vt 0.1830122023820877 0.13575851917266846
vt 0.2620175778865814 0.13575851917266846
vt 0.1830122023820877 0.21476393938064575
vt 0.7618917226791382 0.28728365898132324
vt 0.8950249552726746 0.287283718585968
vt 0.7618917226791382 0.135564386844635
vt 0.8950249552726746 0.287283718585968
vt 0.7618917226791382 0.28728365898132324
vt 0.7944353818893433 0.28728365898132324
vt 0.2676966190338135 0.4975728988647461
vt 0.14317061007022858 0.4975728988647461
vt 0.14317061007022858 0.373046875
vt 0.2676966190338135 0.373046875
vt 0.3651737868785858 0.8905268907546997
vt 0.35261285305023193 0.8866460919380188
vt 0.3551795780658722 0.8814955949783325
vt 0.34211841225624084 0.886638343334198
vt 0.342225581407547 0.8803457021713257
vt 0.3597044348716736 0.8926011919975281
vt 0.3652782142162323 0.9040288925170898
vt 0.3599189221858978 0.9016625881195068
vt 0.3560977280139923 0.9139685034751892
vt 0.35405850410461426 0.9085124731063843
vt 0.34283289313316345 0.9139685034751892
vt 0.34492573142051697 0.9086267948150635
vt 0.33262699842453003 0.9057670831680298
vt 0.3375997543334961 0.9034147262573242
vt 0.3318118751049042 0.8934881091117859
vt 0.33660897612571716 0.8947670459747314
vt 0.33766669034957886 0.8839155435562134
vt 0.39222264289855957 0.373046875
vt 0.39222264289855957 0.2485208511352539
vt 0.39222264289855957 0.2485208511352539
vt 0.39222264289855957 0.373046875
vt 0.7618917226791382 0.2702404260635376
vt 0.8950249552726746 0.2702404260635376
vt 0.7618917226791382 0.15260767936706543
vt 0.8950249552726746 0.2702404260635376
vt 0.7618917226791382 0.2702404260635376
vt 0.7944353818893433 0.2702404260635376
vt 0.3651737868785858 0.8568351864814758
vt 0.35261285305023193 0.8529543876647949
vt 0.3551795780658722 0.8478038907051086
vt 0.34211841225624084 0.8529466390609741
vt 0.342225581407547 0.8466539978981018
vt 0.3597044348716736 0.8589094281196594
vt 0.3652782142162323 0.870337188243866
vt 0.3599189221858978 0.867970883846283
vt 0.3560977280139923 0.8802767992019653
vt 0.35405850410461426 0.8748207688331604
vt 0.34283289313316345 0.8802767992019653
vt 0.34492573142051697 0.8749350905418396
vt 0.33262699842453003 0.8720753788948059
vt 0.3375997543334961 0.8697229623794556
vt 0.3318118751049042 0.859796404838562
vt 0.33660897612571716 0.8610753417015076
vt 0.33766669034957886 0.8502238392829895
vt 0.7618917226791382 0.16112929582595825
vt 0.7618917226791382 0.26171875
vt 0.7618917226791382 0.26171875
vt 0.7618917226791382 0.16112929582595825
vt 0.8950249552726746 0.3623082637786865
vt 0.7944353818893433 0.3384134769439697
vt 0.8950249552726746 0.3384134769439697
vt 0.7944353818893433 0.3623082637786865
vt 0.8950249552726746 0.3298918604850769
vt 0.8950249552726746 0.3384134769439697
vt 0.7944353818893433 0.3298918604850769
vt 0.7944353818893433 0.3384134769439697
vt 0.5429616570472717 0.46289777755737305
vt 0.5429616570472717 0.26171875
vt 0.9117898344993591 0.46289777755737305
vt 0.9117898344993591 0.26171875
vt 0.8950249552726746 0.26171875
vt 0.8950249552726746 0.2702404260635376
vt 0.7944353818893433 0.26171875
vt 0.7944353818893433 0.2702404260635376
vt 0.8950249552726746 0.2787621021270752
vt 0.8950249552726746 0.287283718585968
vt 0.7944353818893433 0.27876198291778564
vt 0.7944353818893433 0.28728365898132324
vt 0.8950249552726746 0.29580533504486084
vt 0.8950249552726746 0.30432701110839844
vt 0.7944353818893433 0.29580527544021606
vt 0.7944353818893433 0.3043268918991089
vt 0.8950249552726746 0.31284862756729126
vt 0.8950249552726746 0.3213702440261841
vt 0.7944353818893433 0.3128485679626465
vt 0.7944353818893433 0.3213702440261841
vt 0.7618917226791382 0.16112929582595825
vt 0.7618917226791382 0.16112929582595825
vt 0.7618917226791382 0.26171875
vt 0.7618917226791382 0.26171875
vt 0.34102296829223633 0.21476393938064575
vt 0.34102296829223633 0.29376935958862305
vt 0.2620175778865814 0.21476393938064575
vt 0.2620175778865814 0.29376935958862305
vt 0.7944353818893433 0.2702404260635376
vt 0.7618917226791382 0.26171875
vt 0.7944353818893433 0.26171875
vt 0.7618917226791382 0.2702404260635376
vt 0.7944353818893433 0.28728365898132324
vt 0.7618917226791382 0.27876198291778564
vt 0.7944353818893433 0.27876198291778564
vt 0.7618917226791382 0.28728365898132324
vt 0.7944353818893433 0.29580527544021606
vt 0.7618917226791382 0.3043268918991089
vt 0.7618917226791382 0.29580533504486084
vt 0.7944353818893433 0.3043268918991089
vt 0.7944353818893433 0.3128485679626465
vt 0.7944353818893433 0.3213702440261841
vt 0.7618917226791382 0.3128485679626465
vt 0.7618917226791382 0.3213702440261841
vt 0.7618917226791382 0.26171875
vt 0.7618917226791382 0.26171875
vt 0.7618917226791382 0.26171875
vt 0.7618917226791382 0.26171875
vt 0.39222264289855957 0.2485208511352539
vt 0.2676966190338135 0.12399482727050781
vt 0.39222264289855957 0.12399482727050781
vt 0.2676966190338135 0.2485208511352539
vt 0.7618917226791382 0.135564386844635
vt 0.7618917226791382 0.1270427703857422
vt 0.7618917226791382 0.28728365898132324
vt 0.7618917226791382 0.29580533504486084
vt 0.7618917226791382 0.15260767936706543
vt 0.7618917226791382 0.14408600330352783
vt 0.7618917226791382 0.2702404260635376
vt 0.7618917226791382 0.27876198291778564
vt 0.7618917226791382 0.11852109432220459
vt 0.7618917226791382 0.10999953746795654
vt 0.7618917226791382 0.3043268918991089
vt 0.7618917226791382 0.3128485679626465
vt 0.7618917226791382 0.10147786140441895
vt 0.7618917226791382 0.09295624494552612
vt 0.7618917226791382 0.3213702440261841
vt 0.7618917226791382 0.3298918604850769
vt 0.7618917226791382 0.16112929582595825
vt 0.7618917226791382 0.16112929582595825
vt 0.7618917226791382 0.26171875
vt 0.7618917226791382 0.26171875
vt 0.29371875524520874 0.36029160022735596
vt 0.3479304909706116 0.36029160022735596
vt 0.3479304909706116 0.36029160022735596
vt 0.3686848282814026 0.36029160022735596
vt 0.3479304909706116 0.36029160022735596
vt 0.2931429147720337 0.3602915406227112
vt 0.3686848282814026 0.36029160022735596
vt 0.3479304909706116 0.36029160022735596
vt 0.3479304909706116 0.36029160022735596
vt 0.29371875524520874 0.36029160022735596
vt 0.2966870069503784 0.3602915406227112
vt 0.3479304909706116 0.36029160022735596
vt 0.2931429147720337 0.3602915406227112
vt 0.29005467891693115 0.36029160022735596
vt 0.3686848282814026 0.36029160022735596
vt 0.3479304909706116 0.36029160022735596
vt 0.2900771498680115 0.3602915406227112
vt 0.3479304909706116 0.36029160022735596
vt 0.29005467891693115 0.36029160022735596
vt 0.2900771498680115 0.3602915406227112
vt 0.3686848282814026 0.36029160022735596
vt 0.3479304909706116 0.36029160022735596
vt 0.3479304909706116 0.36029160022735596
vt 0.29245179891586304 0.3602915406227112
vt 0.3686848282814026 0.36029160022735596
vt 0.3479304909706116 0.36029160022735596
vt 0.29245179891586304 0.2357655167579651
vt 0.3479304909706116 0.2357655167579651
vt 0.3686848282814026 0.36029160022735596
vt 0.3686848282814026 0.2357655167579651
vt 0.3479304909706116 0.36029160022735596
vt 0.29245179891586304 0.3602915406227112
vt 0.34102296829223633 0.21476393938064575
vt 0.34102296829223633 0.29376935958862305
vt 0.2620175778865814 0.21476393938064575
vt 0.2620175778865814 0.29376935958862305
vt 0.2966870069503784 0.3602915406227112
vt 0.29371875524520874 0.36029160022735596
vt 0.3479304909706116 0.36029160022735596
vt 0.3479304909706116 0.36029160022735596
vt 0.3479304909706116 0.36029160022735596
vt 0.2900771498680115 0.3602915406227112
vt 0.29245179891586304 0.3602915406227112
vt 0.3479304909706116 0.36029160022735596
vt 0.29245179891586304 0.2357655167579651
vt 0.3479304909706116 0.2357655167579651
vt 0.3686848282814026 0.36029160022735596
vt 0.3686848282814026 0.2357655167579651
vt 0.2010796219110489 0.36029160022735596
vt 0.2010796219110489 0.2357655167579651
vt 0.14038710296154022 0.2357655167579651
vt 0.14038710296154022 0.36029160022735596
vt 0.1196327954530716 0.2357655167579651
vt 0.1196327954530716 0.36029160022735596
vt 0.34492573142051697 0.8749350905418396
vt 0.3599189221858978 0.867970883846283
vt 0.35405850410461426 0.8748207688331604
vt 0.33660897612571716 0.8610753417015076
vt 0.3375997543334961 0.8697229623794556
vt 0.35261285305023193 0.8529543876647949
vt 0.3597044348716736 0.8589094281196594
vt 0.34211841225624084 0.8529466390609741
vt 0.34492573142051697 0.9086267948150635
vt 0.3599189221858978 0.9016625881195068
vt 0.35405850410461426 0.9085124731063843
vt 0.33660897612571716 0.8947670459747314
vt 0.3375997543334961 0.9034147262573242
vt 0.35261285305023193 0.8866460919380188
vt 0.3597044348716736 0.8926011919975281
vt 0.34211841225624084 0.886638343334198
vt 0.34492573142051697 0.9423184990882874
vt 0.3599189221858978 0.9353543519973755
vt 0.35405850410461426 0.9422041773796082
vt 0.33660900592803955 0.9284588098526001
vt 0.3375997543334961 0.9371064305305481
vt 0.35261285305023193 0.9203377962112427
vt 0.3597044348716736 0.926292896270752
vt 0.34211841225624084 0.9203300476074219
vt 0.34492573142051697 0.8412433862686157
vt 0.3599189221858978 0.8342791199684143
vt 0.35405850410461426 0.8411290049552917
vt 0.33660897612571716 0.8273836374282837
vt 0.3375997245311737 0.8360312581062317
vt 0.35261285305023193 0.8192626237869263
vt 0.3597044348716736 0.8252177238464355
vt 0.34211841225624084 0.8192548751831055
vt 0.2676966190338135 0.4975728988647461
vt 0.14317061007022858 0.4975728988647461
vt 0.14317061007022858 0.4975728988647461
vt 0.2676966190338135 0.4975728988647461
vt 0.16208317875862122 0.8302196264266968
vt 0.16946125030517578 0.8321385979652405
vt 0.16491393744945526 0.834892749786377
vt 0.1677263081073761 0.8344054222106934
vt 0.16268131136894226 0.8330500721931458
vt 0.16663053631782532 0.8274654746055603
vt 0.16886313259601593 0.8293081521987915
vt 0.1638181209564209 0.8279528021812439
vt 0.0815247967839241 0.9110593199729919
vt 0.08890289068222046 0.9129782915115356
vt 0.08435554802417755 0.9157323241233826
vt 0.08716791868209839 0.9152451157569885
vt 0.08212290704250336 0.9138897061347961
vt 0.08607213944196701 0.9083051681518555
vt 0.08830473572015762 0.9101477861404419
vt 0.08325976133346558 0.9087924957275391
vt 0.16208317875862122 0.9110593199729919
vt 0.16946128010749817 0.9129782915115356
vt 0.16491393744945526 0.9157323241233826
vt 0.1677263081073761 0.9152451157569885
vt 0.16268131136894226 0.9138897061347961
vt 0.16663053631782532 0.9083051681518555
vt 0.16886313259601593 0.9101477861404419
vt 0.1638181209564209 0.9087924957275391
vt 0.0815247967839241 0.8302196264266968
vt 0.08890289068222046 0.8321385979652405
vt 0.08435554802417755 0.834892749786377
vt 0.08716791868209839 0.8344054222106934
vt 0.08212290704250336 0.8330500721931458
vt 0.08607213944196701 0.8274654746055603
vt 0.08830473572015762 0.8293081521987915
vt 0.08325976133346558 0.8279528021812439
vt 0.7618917226791382 0.16112929582595825
vt 0.7618917226791382 0.15260767936706543
vt 0.7944353818893433 0.16112929582595825
vt 0.7944353818893433 0.15260767936706543
vt 0.7618917226791382 0.10999953746795654
vt 0.7944353818893433 0.10147786140441895
vt 0.7944353818893433 0.10999953746795654
vt 0.7618917226791382 0.10147786140441895
vt 0.7618917226791382 0.1270427703857422
vt 0.7944353818893433 0.11852109432220459
vt 0.7944353818893433 0.1270427703857422
vt 0.7618917226791382 0.11852109432220459
vt 0.7618917226791382 0.14408600330352783
vt 0.7618917226791382 0.135564386844635
vt 0.7944353818893433 0.14408600330352783
vt 0.7944353818893433 0.135564386844635
vt 0.7618917226791382 0.16112929582595825
vt 0.7618917226791382 0.16112929582595825
vt 0.7618917226791382 0.16112929582595825
vt 0.7618917226791382 0.16112929582595825
vt 0.2620175778865814 0.37277472019195557
vt 0.1830122023820877 0.29376935958862305
vt 0.2620175778865814 0.29376935958862305
vt 0.1830122023820877 0.37277472019195557
vt 0.36720412969589233 0.1736811399459839
vt 0.36720412969589233 0.0978359580039978
vt 0.3394428789615631 0.07007467746734619
vt 0.37736546993255615 0.13575851917266846
vt 0.3394428789615631 0.2014424204826355
vt 0.3015202581882477 0.05991339683532715
vt 0.3015202581882477 0.21160376071929932
vt 0.2635977268218994 0.2014424204826355
vt 0.2635977268218994 0.07007467746734619
vt 0.2358364462852478 0.1736811399459839
vt 0.2358364462852478 0.0978359580039978
vt 0.2256750911474228 0.13575851917266846
vt 0.36720412969589233 0.1736811399459839
vt 0.36720412969589233 0.0978359580039978
vt 0.3394428789615631 0.07007467746734619
vt 0.37736546993255615 0.13575851917266846
vt 0.3394428789615631 0.2014424204826355
vt 0.3015202581882477 0.21160376071929932
vt 0.3015202581882477 0.05991339683532715
vt 0.2635977268218994 0.07007467746734619
vt 0.2635977268218994 0.2014424204826355
vt 0.2358364462852478 0.1736811399459839
vt 0.2358364462852478 0.0978359580039978
vt 0.2256750911474228 0.13575851917266846
vt 0.29245179891586304 0.3602915406227112
vt 0.2010796219110489 0.2357655167579651
vt 0.29245179891586304 0.2357655167579651
vt 0.2010796219110489 0.36029160022735596
vt 0.29005467891693115 0.36029160022735596
vt 0.2010796219110489 0.36029160022735596
vt 0.2010796219110489 0.36029160022735596
vt 0.2900771498680115 0.3602915406227112
vt 0.2900771498680115 0.3602915406227112
vt 0.2010796219110489 0.36029160022735596
vt 0.2010796219110489 0.36029160022735596
vt 0.29245179891586304 0.3602915406227112
vt 0.2931429147720337 0.3602915406227112
vt 0.2010796219110489 0.36029160022735596
vt 0.2010796219110489 0.36029160022735596
vt 0.2010796219110489 0.36029160022735596
vt 0.29005467891693115 0.36029160022735596
vt 0.2931429147720337 0.3602915406227112
vt 0.2931429147720337 0.3602915406227112
vt 0.2010796219110489 0.36029160022735596
vt 0.2010796219110489 0.36029160022735596
vt 0.29371875524520874 0.36029160022735596
vt 0.2966870069503784 0.3602915406227112
vt 0.2010796219110489 0.3602915406227112
vt 0.2010796219110489 0.36029160022735596
vt 0.29371875524520874 0.36029160022735596
vt 0.9312288165092468 0.47724026441574097
vt 0.9312288165092468 0.057916104793548584
vt 0.8613414764404297 0.47724026441574097
vt 0.8613414764404297 0.057916104793548584
vt 0.7914541363716125 0.057916104793548584
vt 0.7914541363716125 0.47724026441574097
vt 0.7215667963027954 0.057916104793548584
vt 0.7215667963027954 0.47724026441574097
vt 0.6516794562339783 0.057916104793548584
vt 0.6516794562339783 0.47724026441574097
vt 0.5817921161651611 0.47724026441574097
vt 0.5817921161651611 0.057916104793548584
vt 0.7944353818893433 0.3384134769439697
vt 0.7944353818893433 0.3623082637786865
vt 0.7618917226791382 0.3384134769439697
vt 0.7618917226791382 0.3623082637786865
vt 0.7618917226791382 0.3298918604850769
vt 0.7944353818893433 0.3298918604850769
vt 0.6938458681106567 0.3298918604850769
vt 0.6938458681106567 0.3384134769439697
vt 0.6938458681106567 0.3623082637786865
vt 0.7618917226791382 0.3213702440261841
vt 0.7618917226791382 0.3298918604850769
vt 0.6938458681106567 0.3213702440261841
vt 0.6938458681106567 0.3298918604850769
vt 0.7618917226791382 0.3128485679626465
vt 0.6938458681106567 0.3213702440261841
vt 0.6938458681106567 0.31284862756729126
vt 0.7618917226791382 0.3213702440261841
vt 0.7618917226791382 0.3043268918991089
vt 0.6938458681106567 0.31284862756729126
vt 0.6938458681106567 0.30432701110839844
vt 0.7618917226791382 0.3128485679626465
vt 0.7618917226791382 0.29580533504486084
vt 0.7618917226791382 0.3043268918991089
vt 0.6938458681106567 0.29580533504486084
vt 0.6938458681106567 0.30432701110839844
vt 0.6938458681106567 0.287283718585968
vt 0.7618917226791382 0.28728365898132324
vt 0.6938458681106567 0.2787621021270752
vt 0.7618917226791382 0.27876198291778564
vt 0.6938458681106567 0.2702404260635376
vt 0.7618917226791382 0.2702404260635376
vt 0.6938458681106567 0.26171875
vt 0.7618917226791382 0.26171875
vt 0.6938458681106567 0.26171875
vt 0.7618917226791382 0.26171875
vt 0.6938458681106567 0.26171875
vt 0.7618917226791382 0.26171875
vt 0.39222264289855957 0.4975728988647461
vt 0.2676966190338135 0.373046875
vt 0.39222264289855957 0.373046875
vt 0.2676966190338135 0.4975728988647461
vt 0.2676966190338135 0.4975728988647461
vt 0.39222264289855957 0.4975728988647461
vt 0.2676966190338135 0.4975728988647461
vt 0.2676966190338135 0.4975728988647461
vt 0.39222264289855957 0.4975728988647461
vt 0.39222264289855957 0.4975728988647461
vt 0.39222264289855957 0.4975728988647461
vt 0.39222264289855957 0.4975728988647461
vt 0.2676966190338135 0.4975728988647461
vt 0.2676966190338135 0.4975728988647461
vt 0.39222264289855957 0.373046875
vt 0.39222264289855957 0.373046875
vt 0.2676966190338135 0.373046875
vt 0.2676966190338135 0.373046875
vt 0.39222264289855957 0.373046875
vt 0.2676966190338135 0.373046875
vt 0.08090756833553314 0.12399482727050781
vt 0.08090756833553314 0.12399482727050781
vt 0.08090756833553314 0.12399482727050781
vt 0.08090756833553314 0.12399482727050781
vt 0.2620175778865814 0.29376935958862305
vt 0.1830122023820877 0.21476393938064575
vt 0.2620175778865814 0.21476393938064575
vt 0.1830122023820877 0.29376935958862305
vt 0.2620175778865814 0.29376935958862305
vt 0.1830122023820877 0.21476393938064575
vt 0.2620175778865814 0.21476393938064575
vt 0.1830122023820877 0.29376935958862305
vt 0.2676966190338135 0.4975728988647461
vt 0.14317061007022858 0.4975728988647461
vt 0.14317061007022858 0.373046875
vt 0.2676966190338135 0.373046875
vt 0.5167486667633057 0.4975728988647461
vt 0.39222264289855957 0.373046875
vt 0.5167486667633057 0.373046875
vt 0.39222264289855957 0.4975728988647461
vt 0.14350950717926025 0.29376935958862305
vt 0.14350950717926025 0.21476393938064575
vt 0.1830122023820877 0.29376935958862305
vt 0.1830122023820877 0.21476393938064575
vt 0.1040068194270134 0.21476393938064575
vt 0.1040068194270134 0.29376935958862305
vt 0.1040068194270134 0.29376935958862305
vt 0.1040068194270134 0.21476393938064575
vt 0.1830122023820877 0.29376935958862305
vt 0.1830122023820877 0.21476393938064575
vt 0.34102296829223633 0.29376935958862305
vt 0.2620175778865814 0.21476393938064575
vt 0.34102296829223633 0.21476393938064575
vt 0.2620175778865814 0.29376935958862305
vt 0.29245179891586304 0.2357655167579651
vt 0.2010796219110489 0.2357655167579651
vt 0.29245179891586304 0.3602915406227112
vt 0.2010796219110489 0.36029160022735596
vt 0.2010796219110489 0.36029160022735596
vt 0.29005467891693115 0.36029160022735596
vt 0.2010796219110489 0.36029160022735596
vt 0.29005467891693115 0.36029160022735596
vt 0.2900771498680115 0.3602915406227112
vt 0.2010796219110489 0.36029160022735596
vt 0.29245179891586304 0.3602915406227112
vt 0.2010796219110489 0.36029160022735596
vt 0.2900771498680115 0.3602915406227112
vt 0.2010796219110489 0.36029160022735596
vt 0.29005467891693115 0.36029160022735596
vt 0.2010796219110489 0.36029160022735596
vt 0.2931429147720337 0.3602915406227112
vt 0.2010796219110489 0.36029160022735596
vt 0.2931429147720337 0.3602915406227112
vt 0.2010796219110489 0.36029160022735596
vt 0.2931429147720337 0.3602915406227112
vt 0.2010796219110489 0.36029160022735596
vt 0.29371875524520874 0.36029160022735596
vt 0.2010796219110489 0.36029160022735596
vt 0.29371875524520874 0.36029160022735596
vt 0.2010796219110489 0.36029160022735596
vt 0.2966870069503784 0.3602915406227112
vt 0.2010796219110489 0.3602915406227112
vt 0.8613414764404297 0.47724026441574097
vt 0.9312288165092468 0.057916104793548584
vt 0.9312288165092468 0.47724026441574097
vt 0.8613414764404297 0.057916104793548584
vt 0.7914541363716125 0.057916104793548584
vt 0.7914541363716125 0.47724026441574097
vt 0.7215667963027954 0.057916104793548584
vt 0.7215667963027954 0.47724026441574097
vt 0.6516794562339783 0.057916104793548584
vt 0.6516794562339783 0.47724026441574097
vt 0.5817921161651611 0.47724026441574097
vt 0.5817921161651611 0.057916104793548584
vt 0.5817921161651611 0.057916104793548584
vt 0.5817921161651611 0.47724026441574097
vt 0.5817921161651611 0.47724026441574097
vt 0.5817921161651611 0.057916104793548584
vt 0.5817921161651611 0.057916104793548584
vt 0.5817921161651611 0.47724026441574097
vt 0.5817921161651611 0.47724026441574097
vt 0.5817921161651611 0.057916104793548584
vt 0.2620175778865814 0.29376935958862305
vt 0.1830122023820877 0.21476393938064575
vt 0.2620175778865814 0.21476393938064575
vt 0.1830122023820877 0.29376935958862305
vt 0.2620175778865814 0.29376935958862305
vt 0.1830122023820877 0.21476393938064575
vt 0.2620175778865814 0.21476393938064575
vt 0.1830122023820877 0.29376935958862305
vt 0.7618917226791382 0.08443456888198853
vt 0.7944353818893433 0.06053978204727173
vt 0.7944353818893433 0.08443456888198853
vt 0.7618917226791382 0.06053978204727173
vt 0.6938458681106567 0.08443456888198853
vt 0.6938458681106567 0.06053978204727173
vt 0.7618917226791382 0.09295624494552612
vt 0.6938458681106567 0.09295624494552612
vt 0.6938458681106567 0.10147786140441895
vt 0.7618917226791382 0.10147786140441895
vt 0.7618917226791382 0.09295624494552612
vt 0.7944353818893433 0.08443456888198853
vt 0.7944353818893433 0.09295624494552612
vt 0.7618917226791382 0.08443456888198853
vt 0.6938458681106567 0.15260767936706543
vt 0.6938458681106567 0.14408600330352783
vt 0.7618917226791382 0.15260767936706543
vt 0.7618917226791382 0.14408600330352783
vt 0.7618917226791382 0.16112929582595825
vt 0.6938458681106567 0.135564386844635
vt 0.6938458681106567 0.16112929582595825
vt 0.7618917226791382 0.135564386844635
vt 0.7618917226791382 0.1270427703857422
vt 0.6938458681106567 0.1270427703857422
vt 0.6938458681106567 0.16112929582595825
vt 0.7618917226791382 0.16112929582595825
vt 0.7618917226791382 0.16112929582595825
vt 0.6938458681106567 0.16112929582595825
vt 0.6938458681106567 0.1270427703857422
vt 0.7618917226791382 0.11852109432220459
vt 0.7618917226791382 0.1270427703857422
vt 0.6938458681106567 0.11852109432220459
vt 0.6938458681106567 0.11852109432220459
vt 0.7618917226791382 0.10999953746795654
vt 0.7618917226791382 0.11852109432220459
vt 0.6938458681106567 0.10999953746795654
vt 0.6938458681106567 0.10999953746795654
vt 0.6938458681106567 0.10147786140441895
vt 0.7618917226791382 0.10999953746795654
vt 0.7618917226791382 0.10147786140441895
vt 0.34102296829223633 0.29376935958862305
vt 0.30152028799057007 0.21476393938064575
vt 0.34102296829223633 0.21476393938064575
vt 0.30152028799057007 0.29376935958862305
vt 0.30152028799057007 0.29376935958862305
vt 0.2620175778865814 0.21476393938064575
vt 0.30152028799057007 0.21476393938064575
vt 0.2620175778865814 0.29376935958862305
vt 0.39222264289855957 0.12399482727050781
vt 0.2676966190338135 0.2485208511352539
vt 0.2676966190338135 0.12399482727050781
vt 0.39222264289855957 0.2485208511352539
vt 0.2676966190338135 0.12399482727050781
vt 0.39222264289855957 0.12399482727050781
vt 0.2676966190338135 0.12399482727050781
vt 0.39222264289855957 0.12399482727050781
vt 0.39222264289855957 0.12399482727050781
vt 0.2676966190338135 0.12399482727050781
vt 0.2676966190338135 0.12399482727050781
vt 0.39222264289855957 0.12399482727050781
vt 0.39222264289855957 0.12399482727050781
vt 0.2676966190338135 0.12399482727050781
vt 0.08090756833553314 0.12399482727050781
vt 0.08090756833553314 0.12399482727050781
vt 0.08090756833553314 0.12399482727050781
vt 0.08090756833553314 0.12399482727050781
vt 0.2676966190338135 0.2485208511352539
vt 0.39222264289855957 0.2485208511352539
vt 0.2676966190338135 0.2485208511352539
vt 0.39222264289855957 0.2485208511352539
vt 0.2676966190338135 0.2485208511352539
vt 0.2676966190338135 0.2485208511352539
vt 0.08090756833553314 0.12399482727050781
vt 0.2620175778865814 0.13575851917266846
vt 0.1830122023820877 0.05675315856933594
vt 0.2620175778865814 0.05675315856933594
vt 0.1830122023820877 0.13575851917266846
vt 0.2620175778865814 0.13575851917266846
vt 0.1830122023820877 0.05675315856933594
vt 0.2620175778865814 0.05675315856933594
vt 0.1830122023820877 0.13575851917266846
vt 0.2010796219110489 0.36029160022735596
vt 0.14038710296154022 0.2357655167579651
vt 0.2010796219110489 0.2357655167579651
vt 0.14038710296154022 0.36029160022735596
vt 0.1196327954530716 0.2357655167579651
vt 0.2010796219110489 0.36029160022735596
vt 0.1196327954530716 0.36029160022735596
vt 0.14038710296154022 0.36029160022735596
vt 0.2010796219110489 0.36029160022735596
vt 0.14038710296154022 0.36029160022735596
vt 0.2010796219110489 0.36029160022735596
vt 0.1196327954530716 0.36029160022735596
vt 0.14038710296154022 0.36029160022735596
vt 0.14038710296154022 0.36029160022735596
vt 0.2010796219110489 0.36029160022735596
vt 0.2010796219110489 0.36029160022735596
vt 0.2010796219110489 0.36029160022735596
vt 0.14038710296154022 0.36029160022735596
vt 0.2010796219110489 0.36029160022735596
vt 0.1196327954530716 0.36029160022735596
vt 0.14038710296154022 0.36029160022735596
vt 0.2010796219110489 0.36029160022735596
vt 0.14038710296154022 0.36029160022735596
vt 0.2010796219110489 0.36029160022735596
vt 0.1196327954530716 0.36029160022735596
vt 0.14038710296154022 0.36029160022735596
vt 0.2010796219110489 0.3602915406227112
vt 0.14038710296154022 0.36029160022735596
vt 0.14038710296154022 0.36029160022735596
vt 0.2010796219110489 0.3602915406227112
vt 0.1196327954530716 0.36029160022735596
vt 0.1196327954530716 0.36029160022735596
vt 0.14038710296154022 0.36029160022735596
vt 0.2620175778865814 0.13575851917266846
vt 0.1830122023820877 0.05675315856933594
vt 0.2620175778865814 0.05675315856933594
vt 0.1830122023820877 0.13575851917266846
vt 0.2620175778865814 0.13575851917266846
vt 0.1830122023820877 0.05675315856933594
vt 0.2620175778865814 0.05675315856933594
vt 0.1830122023820877 0.13575851917266846
vt 0.39222264289855957 0.4975728988647461
vt 0.2676966190338135 0.373046875
vt 0.39222264289855957 0.373046875
vt 0.2676966190338135 0.4975728988647461
vt 0.18189580738544464 0.19425684213638306
vt 0.30642181634902954 0.19425684213638306
vt 0.2010796219110489 0.2357655167579651
vt 0.29245179891586304 0.2357655167579651
vt 0.18189580738544464 0.17350250482559204
vt 0.30642181634902954 0.17350250482559204
vt 0.30642181634902954 0.19425684213638306
vt 0.2010796219110489 0.2357655167579651
vt 0.29245179891586304 0.2357655167579651
vt 0.18189580738544464 0.19425684213638306
vt 0.18189580738544464 0.17350250482559204
vt 0.30642181634902954 0.17350250482559204
vt 0.8447301983833313 0.46289777755737305
vt 0.8447301983833313 0.26171875
vt 0.8112002611160278 0.46289777755737305
vt 0.8782599568367004 0.46289777755737305
vt 0.8112002611160278 0.26171875
vt 0.8782599568367004 0.26171875
vt 0.9117898344993591 0.26171875
vt 0.9117898344993591 0.46289777755737305
vt 0.7776705026626587 0.46289777755737305
vt 0.7776705026626587 0.26171875
vt 0.744140625 0.26171875
vt 0.744140625 0.46289777755737305
vt 0.7106108665466309 0.46289777755737305
vt 0.7106108665466309 0.26171875
vt 0.6770809888839722 0.26171875
vt 0.6770809888839722 0.46289777755737305
vt 0.643551230430603 0.26171875
vt 0.643551230430603 0.46289777755737305
vt 0.6100212931632996 0.46289777755737305
vt 0.6100212931632996 0.26171875
vt 0.5764915347099304 0.26171875
vt 0.5764915347099304 0.46289777755737305
vt 0.5429616570472717 0.26171875
vt 0.5429616570472717 0.46289777755737305
vt 0.1040068194270134 0.29376935958862305
vt 0.1040068194270134 0.21476393938064575
vt 0.1830122023820877 0.29376935958862305
vt 0.1830122023820877 0.21476393938064575
vt 0.6938458681106567 0.3623082637786865
vt 0.593256413936615 0.3384134769439697
vt 0.6938458681106567 0.3384134769439697
vt 0.593256413936615 0.3623082637786865
vt 0.593256413936615 0.3298918604850769
vt 0.6938458681106567 0.3298918604850769
vt 0.6938458681106567 0.3213702440261841
vt 0.593256413936615 0.3213702440261841
vt 0.593256413936615 0.3128485679626465
vt 0.6938458681106567 0.31284862756729126
vt 0.593256413936615 0.3043268918991089
vt 0.6938458681106567 0.30432701110839844
vt 0.6938458681106567 0.26171875
vt 0.6938458681106567 0.2702404260635376
vt 0.593256413936615 0.26171875
vt 0.593256413936615 0.2702404260635376
vt 0.593256413936615 0.26171875
vt 0.6938458681106567 0.2787621021270752
vt 0.6938458681106567 0.26171875
vt 0.593256413936615 0.26171875
vt 0.6938458681106567 0.26171875
vt 0.593256413936615 0.27876198291778564
vt 0.6938458681106567 0.287283718585968
vt 0.593256413936615 0.28728365898132324
vt 0.6938458681106567 0.29580533504486084
vt 0.593256413936615 0.29580527544021606
vt 0.6938458681106567 0.29580533504486084
vt 0.6938458681106567 0.30432701110839844
vt 0.593256413936615 0.29580527544021606
vt 0.593256413936615 0.3043268918991089
vt 0.39222264289855957 0.2485208511352539
vt 0.2676966190338135 0.373046875
vt 0.2676966190338135 0.2485208511352539
vt 0.39222264289855957 0.373046875
vt 0.1830122023820877 0.29376935958862305
vt 0.1040068194270134 0.29376935958862305
vt 0.1040068194270134 0.21476393938064575
vt 0.1830122023820877 0.21476393938064575
vt 0.14038710296154022 0.36029160022735596
vt 0.14038710296154022 0.36029160022735596
vt 0.2010796219110489 0.3602915406227112
vt 0.2676966190338135 0.373046875
vt 0.2676966190338135 0.2485208511352539
vt 0.39222264289855957 0.2485208511352539
vt 0.39222264289855957 0.373046875
vt 0.7618917226791382 0.16112929582595825
vt 0.7618917226791382 0.26171875
vt 0.6938458681106567 0.16112929582595825
vt 0.6938458681106567 0.26171875
vt 0.7618917226791382 0.16112929582595825
vt 0.7618917226791382 0.26171875
vt 0.7944353818893433 0.26171875
vt 0.7618917226791382 0.16112929582595825
vt 0.7944353818893433 0.16112929582595825
vt 0.7618917226791382 0.26171875
vt 0.16946125030517578 0.8321385979652405
vt 0.18230795860290527 0.8715461492538452
vt 0.1677263081073761 0.8344054222106934
vt 0.14883239567279816 0.8713726997375488
vt 0.20599862933158875 0.8480567336082458
vt 0.16491393744945526 0.834892749786377
vt 0.16886313259601593 0.8293081521987915
vt 0.12554579973220825 0.8477557897567749
vt 0.20599862933158875 0.8146024346351624
vt 0.16268131136894226 0.8330500721931458
vt 0.16663053631782532 0.8274654746055603
vt 0.12554579973220825 0.8143015503883362
vt 0.18271207809448242 0.7909855842590332
vt 0.16208317875862122 0.8302196264266968
vt 0.1638181209564209 0.8279528021812439
vt 0.1492365151643753 0.7908121347427368
vt 0.2676966190338135 0.373046875
vt 0.2676966190338135 0.373046875
vt 0.2676966190338135 0.2485208511352539
vt 0.2676966190338135 0.2485208511352539
vt 0.5167486667633057 0.373046875
vt 0.5167486667633057 0.4975728988647461
vt 0.39222264289855957 0.373046875
vt 0.39222264289855957 0.4975728988647461
vt 0.2676966190338135 0.373046875
vt 0.2676966190338135 0.373046875
vt 0.2676966190338135 0.2485208511352539
vt 0.2676966190338135 0.2485208511352539
vt 0.8950249552726746 0.2787621021270752
vt 0.7618917226791382 0.27876198291778564
vt 0.7618917226791382 0.14408600330352783
vt 0.7618917226791382 0.27876198291778564
vt 0.8950249552726746 0.2787621021270752
vt 0.7944353818893433 0.27876198291778564
vt 0.5817921161651611 0.057916104793548584
vt 0.5817921161651611 0.057916104793548584
vt 0.9312288165092468 0.057916104793548584
vt 0.5817921161651611 0.057916104793548584
vt 0.6516794562339783 0.057916104793548584
vt 0.8613414764404297 0.057916104793548584
vt 0.7914541363716125 0.057916104793548584
vt 0.7215667963027954 0.057916104793548584
vt 0.5817921161651611 0.057916104793548584
vt 0.9312288165092468 0.057916104793548584
vt 0.5817921161651611 0.057916104793548584
vt 0.5817921161651611 0.057916104793548584
vt 0.6516794562339783 0.057916104793548584
vt 0.8613414764404297 0.057916104793548584
vt 0.7914541363716125 0.057916104793548584
vt 0.7215667963027954 0.057916104793548584
vt 0.7618917226791382 0.29580533504486084
vt 0.7618917226791382 0.1270427703857422
vt 0.8950249552726746 0.29580533504486084
vt 0.7618917226791382 0.29580533504486084
vt 0.8950249552726746 0.29580533504486084
vt 0.7944353818893433 0.29580527544021606
vt 0.08890289068222046 0.9129782915115356
vt 0.10174956172704697 0.9523857831954956
vt 0.08716791868209839 0.9152451157569885
vt 0.06827399879693985 0.9522122740745544
vt 0.12544023990631104 0.9288963675498962
vt 0.08435554802417755 0.9157323241233826
vt 0.08830473572015762 0.9101477861404419
vt 0.04498741775751114 0.9285954236984253
vt 0.12544023990631104 0.8954420685768127
vt 0.08212290704250336 0.9138897061347961
vt 0.08607213944196701 0.9083051681518555
vt 0.04498741775751114 0.8951411843299866
vt 0.10215368121862411 0.8718252182006836
vt 0.0815247967839241 0.9110593199729919
vt 0.08325976133346558 0.9087924957275391
vt 0.068678118288517 0.8716517686843872
vt 0.7618917226791382 0.3128485679626465
vt 0.7618917226791382 0.10999953746795654
vt 0.7944353818893433 0.3128485679626465
vt 0.7944353818893433 0.10999953746795654
vt 0.2676966190338135 0.6220989227294922
vt 0.2676966190338135 0.4975728988647461
vt 0.39222264289855957 0.6220989227294922
vt 0.39222264289855957 0.4975728988647461
vt 0.2676966190338135 0.373046875
vt 0.2676966190338135 0.373046875
vt 0.2676966190338135 0.2485208511352539
vt 0.2676966190338135 0.2485208511352539
vt 0.7618917226791382 0.09295624494552612
vt 0.7944353818893433 0.3298918604850769
vt 0.7618917226791382 0.3298918604850769
vt 0.7944353818893433 0.09295624494552612
vt 0.16946128010749817 0.9129782915115356
vt 0.18230795860290527 0.9523857831954956
vt 0.1677263081073761 0.9152451157569885
vt 0.14883239567279816 0.9522122740745544
vt 0.20599862933158875 0.9288963675498962
vt 0.16491393744945526 0.9157323241233826
vt 0.16886313259601593 0.9101477861404419
vt 0.12554579973220825 0.9285954236984253
vt 0.20599862933158875 0.8954420685768127
vt 0.16268131136894226 0.9138897061347961
vt 0.16663053631782532 0.9083051681518555
vt 0.12554579973220825 0.8951411843299866
vt 0.18271207809448242 0.8718252182006836
vt 0.16208317875862122 0.9110593199729919
vt 0.1638181209564209 0.9087924957275391
vt 0.1492365151643753 0.8716517686843872
vt 0.643551230430603 0.46289777755737305
vt 0.6770809888839722 0.46289777755737305
vt 0.6770809888839722 0.46289777755737305
vt 0.643551230430603 0.46289777755737305
vt 0.7106108665466309 0.46289777755737305
vt 0.6770809888839722 0.46289777755737305
vt 0.7106108665466309 0.46289777755737305
vt 0.6770809888839722 0.46289777755737305
vt 0.7106108665466309 0.46289777755737305
vt 0.744140625 0.46289777755737305
vt 0.744140625 0.46289777755737305
vt 0.7106108665466309 0.46289777755737305
vt 0.7776705026626587 0.46289777755737305
vt 0.744140625 0.46289777755737305
vt 0.744140625 0.46289777755737305
vt 0.7776705026626587 0.46289777755737305
vt 0.8112002611160278 0.46289777755737305
vt 0.7776705026626587 0.46289777755737305
vt 0.7776705026626587 0.46289777755737305
vt 0.8112002611160278 0.46289777755737305
vt 0.8447301983833313 0.46289777755737305
vt 0.8112002611160278 0.46289777755737305
vt 0.8112002611160278 0.46289777755737305
vt 0.8447301983833313 0.46289777755737305
vt 0.5764915347099304 0.46289777755737305
vt 0.5429616570472717 0.46289777755737305
vt 0.5429616570472717 0.46289777755737305
vt 0.5764915347099304 0.46289777755737305
vt 0.9117898344993591 0.46289777755737305
vt 0.9453195929527283 0.46289777755737305
vt 0.9453195929527283 0.46289777755737305
vt 0.9117898344993591 0.46289777755737305
vt 0.8447301983833313 0.46289777755737305
vt 0.8782599568367004 0.46289777755737305
vt 0.8782599568367004 0.46289777755737305
vt 0.8447301983833313 0.46289777755737305
vt 0.9117898344993591 0.46289777755737305
vt 0.9117898344993591 0.46289777755737305
vt 0.5764915347099304 0.46289777755737305
vt 0.6100212931632996 0.46289777755737305
vt 0.5764915347099304 0.46289777755737305
vt 0.6100212931632996 0.46289777755737305
vt 0.643551230430603 0.46289777755737305
vt 0.6100212931632996 0.46289777755737305
vt 0.6100212931632996 0.46289777755737305
vt 0.643551230430603 0.46289777755737305
vt 0.08890289068222046 0.8321385979652405
vt 0.10174956172704697 0.8715461492538452
vt 0.08716791868209839 0.8344054222106934
vt 0.06827399879693985 0.8713726997375488
vt 0.12544023990631104 0.8480567336082458
vt 0.08435554802417755 0.834892749786377
vt 0.08830473572015762 0.8293081521987915
vt 0.04498741775751114 0.8477557897567749
vt 0.12544023990631104 0.8146024346351624
vt 0.08212290704250336 0.8330500721931458
vt 0.08607213944196701 0.8274654746055603
vt 0.04498741775751114 0.8143015503883362
vt 0.10215368121862411 0.7909855842590332
vt 0.0815247967839241 0.8302196264266968
vt 0.08325976133346558 0.8279528021812439
vt 0.068678118288517 0.7908121347427368
vt 0.39222264289855957 0.4975728988647461
vt 0.39222264289855957 0.4975728988647461
vt 0.5167486667633057 0.4975728988647461
vt 0.5167486667633057 0.4975728988647461
vt 0.39222264289855957 0.373046875
vt 0.2676966190338135 0.2485208511352539
vt 0.39222264289855957 0.2485208511352539
vt 0.2676966190338135 0.373046875
vt 0.5167486667633057 0.4975728988647461
vt 0.39222264289855957 0.4975728988647461
vt 0.39222264289855957 0.4975728988647461
vt 0.5167486667633057 0.4975728988647461
vt 0.39222264289855957 0.4975728988647461
vt 0.39222264289855957 0.4975728988647461
vt 0.5167486667633057 0.4975728988647461
vt 0.5167486667633057 0.4975728988647461
vt 0.16984465718269348 0.37277472019195557
vt 0.16984465718269348 0.37277472019195557
vt 0.19617979228496552 0.37277472019195557
vt 0.19617979228496552 0.37277472019195557
vt 0.14350953698158264 0.37277472019195557
vt 0.22251491248607635 0.37277472019195557
vt 0.14350953698158264 0.37277472019195557
vt 0.22251491248607635 0.37277472019195557
vt 0.1171744242310524 0.37277472019195557
vt 0.24885006248950958 0.37277472019195557
vt 0.1171744242310524 0.37277472019195557
vt 0.24885006248950958 0.37277472019195557
vt 0.09083927422761917 0.37277472019195557
vt 0.27518516778945923 0.37277472019195557
vt 0.09083927422761917 0.37277472019195557
vt 0.06450412422418594 0.37277472019195557
vt 0.06450412422418594 0.37277472019195557
vt 0.27518516778945923 0.37277472019195557
vt 0.30152031779289246 0.37277472019195557
vt 0.30152031779289246 0.37277472019195557
vt 0.3278554081916809 0.37277472019195557
vt 0.3278554081916809 0.37277472019195557
vt 0.3541905879974365 0.37277472019195557
vt 0.3541905879974365 0.37277472019195557
vt 0.3805256485939026 0.37277472019195557
vt 0.3805256485939026 0.37277472019195557
vt 0.2620175778865814 0.3332720398902893
vt 0.1830122023820877 0.37277472019195557
vt 0.1830122023820877 0.3332720398902893
vt 0.2620175778865814 0.37277472019195557
vt 0.1830122023820877 0.29376935958862305
vt 0.2620175778865814 0.29376935958862305
vt 0.36720412969589233 0.1736811399459839
vt 0.36720412969589233 0.0978359580039978
vt 0.3394428789615631 0.07007467746734619
vt 0.37736546993255615 0.13575851917266846
vt 0.3394428789615631 0.2014424204826355
vt 0.3015202581882477 0.21160376071929932
vt 0.3015202581882477 0.05991339683532715
vt 0.2635977268218994 0.2014424204826355
vt 0.2635977268218994 0.07007467746734619
vt 0.2358364462852478 0.1736811399459839
vt 0.2358364462852478 0.0978359580039978
vt 0.2256750911474228 0.13575851917266846
vt 0.2620175778865814 0.37277472019195557
vt 0.1830122023820877 0.29376935958862305
vt 0.2620175778865814 0.29376935958862305
vt 0.1830122023820877 0.37277472019195557
vt 0.2620175778865814 0.37277472019195557
vt 0.1830122023820877 0.29376935958862305
vt 0.2620175778865814 0.29376935958862305
vt 0.1830122023820877 0.37277472019195557

f 1/1/1 2/2/2 3/3/3
f 2/2/2 1/1/1 4/4/4
f 5/5/5 6/6/6 7/7/7
f 6/6/6 5/5/5 8/8/8
f 9/9/9 10/10/10 11/11/11
f 10/10/10 9/9/9 12/12/12
f 13/13/13 14/14/14 15/15/15
f 15/15/15 14/14/14 16/16/16
f 17/17/17 18/18/18 19/19/19
f 18/18/18 20/20/20 19/19/19
f 21/21/21 22/22/22 23/23/23
f 23/23/23 24/24/24 21/21/21
f 25/25/25 26/26/26 27/27/27
f 26/26/26 25/25/25 28/28/28
f 29/29/29 30/30/30 31/31/31
f 30/30/30 29/29/29 32/32/32
f 33/33/33 34/34/34 35/35/35
f 35/35/35 36/36/36 33/33/33
f 37/37/37 38/38/38 39/39/39
f 39/39/39 40/40/40 37/37/37
f 41/41/41 42/42/42 43/43/43
f 42/42/42 41/41/41 44/44/44
f 45/45/45 46/46/46 47/47/47
f 46/46/46 45/45/45 48/48/48
f 49/49/49 50/50/50 51/51/51
f 50/50/50 49/49/49 52/52/52
f 53/53/53 54/54/54 55/55/55
f 54/54/54 53/53/53 56/56/56
f 57/57/57 58/58/58 59/59/59
f 59/59/59 58/58/58 60/60/60
f 61/61/61 62/62/62 63/63/63
f 62/62/62 61/61/61 64/64/64
f 65/65/65 66/66/66 67/67/67
f 66/66/66 65/65/65 68/68/68
f 69/69/69 70/70/70 71/71/71
f 70/70/70 69/69/69 72/72/72
f 73/73/73 74/74/74 75/75/75
f 74/74/74 73/73/73 76/76/76
f 73/73/73 75/75/75 77/77/77
f 77/77/77 75/75/75 78/78/78
f 79/79/79 78/78/78 75/75/75
f 80/80/80 78/78/78 79/79/79
f 78/78/78 80/80/80 81/81/81
f 81/81/81 80/80/80 82/82/82
f 82/82/82 80/80/80 83/83/83
f 82/82/82 83/83/83 84/84/84
f 85/85/85 86/86/86 87/87/87
f 86/86/86 85/85/85 88/88/88
f 89/89/89 85/85/85 87/87/87
f 85/85/85 89/89/89 90/90/90
f 91/91/91 92/92/92 93/93/93
f 92/92/92 94/94/94 93/93/93
f 94/94/94 92/92/92 95/95/95
f 94/94/94 95/95/95 96/96/96
f 92/92/92 91/91/91 97/97/97
f 98/98/98 97/97/97 91/91/91
f 97/97/97 98/98/98 99/99/99
f 100/100/100 99/99/99 98/98/98
f 99/99/99 100/100/100 101/101/101
f 101/101/101 100/100/100 102/102/102
f 103/103/103 104/104/104 105/105/105
f 104/104/104 106/106/106 105/105/105
f 106/106/106 104/104/104 107/107/107
f 106/106/106 107/107/107 108/108/108
f 104/104/104 103/103/103 109/109/109
f 109/109/109 103/103/103 110/110/110
f 111/111/111 110/110/110 103/103/103
f 112/112/112 110/110/110 111/111/111
f 110/110/110 112/112/112 113/113/113
f 113/113/113 112/112/112 114/114/114
f 115/115/115 116/116/116 117/117/117
f 116/116/116 115/115/115 118/118/118
f 115/115/115 117/117/117 119/119/119
f 119/119/119 120/120/120 115/115/115
f 119/119/119 121/121/121 120/120/120
f 121/121/121 119/119/119 122/122/122
f 122/122/122 123/123/123 121/121/121
f 123/123/123 122/122/122 124/124/124
f 125/125/125 123/123/123 124/124/124
f 123/123/123 125/125/125 126/126/126
f 127/127/127 126/126/126 125/125/125
f 126/126/126 127/127/127 128/128/128
f 129/129/129 128/128/128 127/127/127
f 128/128/128 129/129/129 130/130/130
f 131/131/131 130/130/130 129/129/129
f 130/130/130 131/131/131 132/132/132
f 132/132/132 131/131/131 133/133/133
f 132/132/132 133/133/133 134/134/134
f 134/134/134 133/133/133 135/135/135
f 134/134/134 135/135/135 136/136/136
f 136/136/136 135/135/135 137/137/137
f 137/137/137 138/138/138 136/136/136
f 137/137/137 139/139/139 138/138/138
f 139/139/139 137/137/137 140/140/140
f 141/141/141 142/142/142 143/143/143
f 142/142/142 141/141/141 144/144/144
f 144/144/144 145/145/145 142/142/142
f 141/141/141 143/143/143 146/146/146
f 143/143/143 147/147/147 146/146/146
f 147/147/147 143/143/143 148/148/148
f 149/149/149 150/150/150 151/151/151
f 149/149/149 151/151/151 152/152/152
f 151/151/151 153/153/153 152/152/152
f 150/150/150 149/149/149 154/154/154
f 155/155/155 150/150/150 154/154/154
f 150/150/150 155/155/155 156/156/156
f 157/157/157 158/158/158 159/159/159
f 159/159/159 160/160/160 157/157/157
f 160/160/160 161/161/161 157/157/157
f 161/161/161 160/160/160 162/162/162
f 163/163/163 157/157/157 161/161/161
f 158/158/158 157/157/157 164/164/164
f 157/157/157 163/163/163 164/164/164
f 164/164/164 165/165/165 158/158/158
f 166/166/166 164/164/164 163/163/163
f 164/164/164 167/167/167 165/165/165
f 164/164/164 166/166/166 168/168/168
f 167/167/167 164/164/164 168/168/168
f 169/169/169 168/168/168 166/166/166
f 170/170/170 167/167/167 168/168/168
f 168/168/168 169/169/169 170/170/170
f 170/170/170 171/171/171 167/167/167
f 170/170/170 172/172/172 171/171/171
f 169/169/169 173/173/173 170/170/170
f 172/172/172 170/170/170 173/173/173
f 174/174/174 173/173/173 169/169/169
f 173/173/173 175/175/175 172/172/172
f 174/174/174 176/176/176 173/173/173
f 175/175/175 173/173/173 176/176/176
f 177/177/177 176/176/176 174/174/174
f 178/178/178 175/175/175 176/176/176
f 177/177/177 178/178/178 176/176/176
f 175/175/175 178/178/178 179/179/179
f 180/180/180 178/178/178 177/177/177
f 181/181/181 179/179/179 178/178/178
f 180/180/180 181/181/181 178/178/178
f 179/179/179 181/181/181 182/182/182
f 183/183/183 181/181/181 180/180/180
f 181/181/181 184/184/184 182/182/182
f 183/183/183 185/185/185 181/181/181
f 184/184/184 181/181/181 185/185/185
f 185/185/185 183/183/183 186/186/186
f 184/184/184 185/185/185 187/187/187
f 186/186/186 187/187/187 185/185/185
f 184/184/184 187/187/187 188/188/188
f 187/187/187 186/186/186 189/189/189
f 187/187/187 190/190/190 188/188/188
f 191/191/191 187/187/187 189/189/189
f 190/190/190 187/187/187 192/192/192
f 187/187/187 191/191/191 192/192/192
f 192/192/192 193/193/193 190/190/190
f 194/194/194 192/192/192 191/191/191
f 193/193/193 192/192/192 195/195/195
f 192/192/192 194/194/194 195/195/195
f 196/196/196 197/197/197 198/198/198
f 198/198/198 197/197/197 199/199/199
f 200/200/200 201/201/201 202/202/202
f 202/202/202 201/201/201 203/203/203
f 204/204/204 205/205/205 206/206/206
f 206/206/206 205/205/205 207/207/207
f 208/208/208 209/209/209 210/210/210
f 210/210/210 209/209/209 211/211/211
f 212/212/212 213/213/213 214/214/214
f 213/213/213 212/212/212 215/215/215
f 216/216/216 217/217/217 218/218/218
f 217/217/217 216/216/216 219/219/219
f 219/219/219 220/220/220 217/217/217
f 220/220/220 219/219/219 221/221/221
f 222/222/222 223/223/223 224/224/224
f 223/223/223 222/222/222 225/225/225
f 226/226/226 227/227/227 228/228/228
f 227/227/227 226/226/226 229/229/229
f 230/230/230 231/231/231 232/232/232
f 231/231/231 230/230/230 233/233/233
f 234/234/234 235/235/235 236/236/236
f 235/235/235 234/234/234 237/237/237
f 238/238/238 239/239/239 240/240/240
f 239/239/239 238/238/238 241/241/241
f 242/242/242 243/243/243 244/244/244
f 243/243/243 242/242/242 245/245/245
f 246/246/246 247/247/247 248/248/248
f 247/247/247 246/246/246 249/249/249
f 250/250/250 251/251/251 252/252/252
f 251/251/251 250/250/250 253/253/253
f 254/254/254 255/255/255 256/256/256
f 254/254/254 256/256/256 257/257/257
f 258/258/258 259/259/259 260/260/260
f 260/260/260 261/261/261 258/258/258
f 262/262/262 263/263/263 264/264/264
f 263/263/263 262/262/262 265/265/265
f 266/266/266 267/267/267 268/268/268
f 267/267/267 266/266/266 269/269/269
f 270/270/270 271/271/271 272/272/272
f 271/271/271 270/270/270 273/273/273
f 273/273/273 274/274/274 271/271/271
f 274/274/274 273/273/273 275/275/275
f 275/275/275 276/276/276 274/274/274
f 276/276/276 275/275/275 277/277/277
f 277/277/277 278/278/278 276/276/276
f 278/278/278 277/277/277 279/279/279
f 280/280/280 278/278/278 279/279/279
f 278/278/278 280/280/280 281/281/281
f 282/282/282 281/281/281 280/280/280
f 281/281/281 282/282/282 283/283/283
f 284/284/284 283/283/283 282/282/282
f 283/283/283 284/284/284 285/285/285
f 286/286/286 285/285/285 284/284/284
f 285/285/285 286/286/286 287/287/287
f 288/288/288 287/287/287 286/286/286
f 287/287/287 288/288/288 289/289/289
f 290/290/290 289/289/289 288/288/288
f 289/289/289 290/290/290 291/291/291
f 292/292/292 291/291/291 290/290/290
f 291/291/291 292/292/292 293/293/293
f 292/292/292 294/294/294 293/293/293
f 294/294/294 292/292/292 295/295/295
f 296/296/296 297/297/297 298/298/298
f 298/298/298 299/299/299 296/296/296
f 297/297/297 296/296/296 300/300/300
f 300/300/300 301/301/301 297/297/297
f 302/302/302 301/301/301 300/300/300
f 302/302/302 303/303/303 301/301/301
f 304/304/304 303/303/303 302/302/302
f 304/304/304 305/305/305 303/303/303
f 306/306/306 305/305/305 304/304/304
f 305/305/305 306/306/306 307/307/307
f 306/306/306 308/308/308 307/307/307
f 308/308/308 306/306/306 309/309/309
f 309/309/309 310/310/310 308/308/308
f 310/310/310 309/309/309 311/311/311
f 312/312/312 310/310/310 311/311/311
f 310/310/310 312/312/312 313/313/313
f 313/313/313 312/312/312 314/314/314
f 313/313/313 314/314/314 315/315/315
f 315/315/315 314/314/314 316/316/316
f 315/315/315 316/316/316 317/317/317
f 317/317/317 316/316/316 318/318/318
f 318/318/318 319/319/319 317/317/317
f 319/319/319 318/318/318 320/320/320
f 320/320/320 321/321/321 319/319/319
f 322/322/322 323/323/323 324/324/324
f 324/324/324 323/323/323 325/325/325
f 326/326/326 327/327/327 328/328/328
f 329/329/329 328/328/328 327/327/327
f 328/328/328 329/329/329 330/330/330
f 327/327/327 326/326/326 331/331/331
f 332/332/332 331/331/331 326/326/326
f 331/331/331 332/332/332 333/333/333
f 334/334/334 333/333/333 332/332/332
f 333/333/333 334/334/334 335/335/335
f 336/336/336 335/335/335 334/334/334
f 335/335/335 336/336/336 337/337/337
f 338/338/338 337/337/337 336/336/336
f 337/337/337 338/338/338 339/339/339
f 340/340/340 339/339/339 338/338/338
f 339/339/339 340/340/340 341/341/341
f 342/342/342 341/341/341 340/340/340
f 341/341/341 342/342/342 329/329/329
f 343/343/343 344/344/344 345/345/345
f 346/346/346 347/347/347 348/348/348
f 348/348/348 347/347/347 349/349/349
f 350/350/350 351/351/351 352/352/352
f 353/353/353 352/352/352 351/351/351
f 352/352/352 353/353/353 354/354/354
f 351/351/351 350/350/350 355/355/355
f 356/356/356 355/355/355 350/350/350
f 355/355/355 356/356/356 357/357/357
f 358/358/358 357/357/357 356/356/356
f 357/357/357 358/358/358 359/359/359
f 360/360/360 359/359/359 358/358/358
f 359/359/359 360/360/360 361/361/361
f 362/362/362 361/361/361 360/360/360
f 361/361/361 362/362/362 363/363/363
f 364/364/364 363/363/363 362/362/362
f 363/363/363 364/364/364 365/365/365
f 366/366/366 365/365/365 364/364/364
f 365/365/365 366/366/366 353/353/353
f 367/367/367 368/368/368 369/369/369
f 370/370/370 371/371/371 372/372/372
f 371/371/371 370/370/370 373/373/373
f 374/374/374 375/375/375 376/376/376
f 377/377/377 378/378/378 379/379/379
f 380/380/380 381/381/381 382/382/382
f 380/380/380 382/382/382 383/383/383
f 384/384/384 385/385/385 386/386/386
f 387/387/387 386/386/386 385/385/385
f 386/386/386 387/387/387 388/388/388
f 385/385/385 384/384/384 389/389/389
f 390/390/390 389/389/389 384/384/384
f 389/389/389 390/390/390 391/391/391
f 392/392/392 391/391/391 390/390/390
f 391/391/391 392/392/392 393/393/393
f 394/394/394 393/393/393 392/392/392
f 393/393/393 394/394/394 395/395/395
f 396/396/396 395/395/395 394/394/394
f 395/395/395 396/396/396 397/397/397
f 398/398/398 397/397/397 396/396/396
f 397/397/397 398/398/398 399/399/399
f 400/400/400 399/399/399 398/398/398
f 399/399/399 400/400/400 387/387/387
f 401/401/401 402/402/402 403/403/403
f 401/401/401 403/403/403 404/404/404
f 405/405/405 406/406/406 407/407/407
f 408/408/408 409/409/409 410/410/410
f 411/411/411 412/412/412 413/413/413
f 414/414/414 413/413/413 412/412/412
f 413/413/413 414/414/414 415/415/415
f 412/412/412 411/411/411 416/416/416
f 417/417/417 416/416/416 411/411/411
f 416/416/416 417/417/417 418/418/418
f 419/419/419 418/418/418 417/417/417
f 418/418/418 419/419/419 420/420/420
f 421/421/421 420/420/420 419/419/419
f 420/420/420 421/421/421 422/422/422
f 423/423/423 422/422/422 421/421/421
f 422/422/422 423/423/423 424/424/424
f 425/425/425 424/424/424 423/423/423
f 424/424/424 425/425/425 426/426/426
f 427/427/427 426/426/426 425/425/425
f 426/426/426 427/427/427 414/414/414
f 428/428/428 429/429/429 430/430/430
f 428/428/428 430/430/430 431/431/431
f 432/432/432 433/433/433 434/434/434
f 433/433/433 432/432/432 435/435/435
f 436/436/436 437/437/437 438/438/438
f 438/438/438 437/437/437 439/439/439
f 440/440/440 441/441/441 442/442/442
f 442/442/442 441/441/441 443/443/443
f 444/444/444 445/445/445 446/446/446
f 446/446/446 445/445/445 447/447/447
f 448/448/448 449/449/449 450/450/450
f 450/450/450 449/449/449 451/451/451
f 452/452/452 453/453/453 454/454/454
f 454/454/454 453/453/453 455/455/455
f 456/456/456 457/457/457 458/458/458
f 458/458/458 457/457/457 459/459/459
f 460/460/460 461/461/461 462/462/462
f 462/462/462 461/461/461 463/463/463
f 464/464/464 465/465/465 466/466/466
f 466/466/466 465/465/465 467/467/467
f 468/468/468 469/469/469 470/470/470
f 469/469/469 468/468/468 471/471/471
f 472/472/472 473/473/473 474/474/474
f 473/473/473 472/472/472 475/475/475
f 476/476/476 477/477/477 478/478/478
f 477/477/477 476/476/476 479/479/479
f 480/480/480 481/481/481 482/482/482
f 482/482/482 481/481/481 483/483/483
f 484/484/484 485/485/485 486/486/486
f 485/485/485 484/484/484 487/487/487
f 488/488/488 489/489/489 490/490/490
f 489/489/489 488/488/488 491/491/491
f 492/492/492 493/493/493 494/494/494
f 494/494/494 493/493/493 495/495/495
f 496/496/496 497/497/497 498/498/498
f 498/498/498 497/497/497 499/499/499
f 500/500/500 501/501/501 502/502/502
f 502/502/502 501/501/501 503/503/503
f 504/504/504 505/505/505 506/506/506
f 506/506/506 505/505/505 507/507/507
f 508/508/508 509/509/509 510/510/510
f 510/510/510 509/509/509 511/511/511
f 512/512/512 513/513/513 514/514/514
f 513/513/513 515/515/515 514/514/514
f 512/512/512 516/516/516 513/513/513
f 516/516/516 512/512/512 517/517/517
f 518/518/518 515/515/515 513/513/513
f 516/516/516 518/518/518 513/513/513
f 515/515/515 518/518/518 519/519/519
f 519/519/519 520/520/520 515/515/515
f 520/520/520 519/519/519 521/521/521
f 520/520/520 521/521/521 522/522/522
f 523/523/523 521/521/521 519/519/519
f 523/523/523 519/519/519 518/518/518
f 521/521/521 523/523/523 524/524/524
f 524/524/524 523/523/523 525/525/525
f 518/518/518 526/526/526 523/523/523
f 526/526/526 518/518/518 516/516/516
f 527/527/527 525/525/525 523/523/523
f 527/527/527 523/523/523 526/526/526
f 528/528/528 525/525/525 527/527/527
f 529/529/529 526/526/526 516/516/516
f 530/530/530 529/529/529 516/516/516
f 530/530/530 531/531/531 529/529/529
f 532/532/532 527/527/527 526/526/526
f 532/532/532 526/526/526 529/529/529
f 533/533/533 527/527/527 532/532/532
f 534/534/534 529/529/529 531/531/531
f 534/534/534 532/532/532 529/529/529
f 531/531/531 535/535/535 534/534/534
f 536/536/536 532/532/532 534/534/534
f 532/532/532 536/536/536 533/533/533
f 537/537/537 536/536/536 534/534/534
f 538/538/538 537/537/537 535/535/535
f 537/537/537 538/538/538 539/539/539
f 539/539/539 540/540/540 537/537/537
f 540/540/540 536/536/536 537/537/537
f 541/541/541 540/540/540 539/539/539
f 536/536/536 540/540/540 542/542/542
f 542/542/542 533/533/533 536/536/536
f 533/533/533 542/542/542 543/543/543
f 544/544/544 545/545/545 546/546/546
f 546/546/546 545/545/545 547/547/547
f 548/548/548 549/549/549 550/550/550
f 551/551/551 552/552/552 553/553/553
f 554/554/554 553/553/553 552/552/552
f 555/555/555 556/556/556 554/554/554
f 555/555/555 557/557/557 556/556/556
f 557/557/557 555/555/555 558/558/558
f 558/558/558 559/559/559 557/557/557
f 560/560/560 561/561/561 562/562/562
f 560/560/560 562/562/562 563/563/563
f 564/564/564 563/563/563 562/562/562
f 563/563/563 564/564/564 565/565/565
f 566/566/566 567/567/567 568/568/568
f 567/567/567 566/566/566 569/569/569
f 569/569/569 566/566/566 570/570/570
f 571/571/571 567/567/567 569/569/569
f 567/567/567 571/571/571 572/572/572
f 571/571/571 569/569/569 573/573/573
f 574/574/574 575/575/575 576/576/576
f 575/575/575 574/574/574 577/577/577
f 577/577/577 574/574/574 578/578/578
f 579/579/579 575/575/575 577/577/577
f 575/575/575 579/579/579 580/580/580
f 579/579/579 577/577/577 581/581/581
f 582/582/582 583/583/583 584/584/584
f 583/583/583 582/582/582 585/585/585
f 585/585/585 582/582/582 586/586/586
f 587/587/587 583/583/583 585/585/585
f 583/583/583 587/587/587 588/588/588
f 587/587/587 585/585/585 589/589/589
f 590/590/590 591/591/591 592/592/592
f 591/591/591 590/590/590 593/593/593
f 593/593/593 590/590/590 594/594/594
f 595/595/595 591/591/591 593/593/593
f 591/591/591 595/595/595 596/596/596
f 595/595/595 593/593/593 597/597/597
f 598/598/598 599/599/599 600/600/600
f 598/598/598 600/600/600 601/601/601
f 602/602/602 603/603/603 604/604/604
f 604/604/604 603/603/603 605/605/605
f 602/602/602 604/604/604 606/606/606
f 602/602/602 607/607/607 603/603/603
f 603/603/603 607/607/607 608/608/608
f 607/607/607 602/602/602 609/609/609
f 610/610/610 611/611/611 612/612/612
f 612/612/612 611/611/611 613/613/613
f 610/610/610 612/612/612 614/614/614
f 610/610/610 615/615/615 611/611/611
f 611/611/611 615/615/615 616/616/616
f 615/615/615 610/610/610 617/617/617
f 618/618/618 619/619/619 620/620/620
f 620/620/620 619/619/619 621/621/621
f 618/618/618 620/620/620 622/622/622
f 618/618/618 623/623/623 619/619/619
f 619/619/619 623/623/623 624/624/624
f 623/623/623 618/618/618 625/625/625
f 626/626/626 627/627/627 628/628/628
f 628/628/628 627/627/627 629/629/629
f 626/626/626 628/628/628 630/630/630
f 626/626/626 631/631/631 627/627/627
f 627/627/627 631/631/631 632/632/632
f 631/631/631 626/626/626 633/633/633
f 634/634/634 635/635/635 636/636/636
f 636/636/636 635/635/635 637/637/637
f 638/638/638 639/639/639 640/640/640
f 639/639/639 638/638/638 641/641/641
f 642/642/642 643/643/643 644/644/644
f 643/643/643 642/642/642 645/645/645
f 646/646/646 647/647/647 648/648/648
f 648/648/648 647/647/647 649/649/649
f 650/650/650 651/651/651 652/652/652
f 652/652/652 653/653/653 650/650/650
f 654/654/654 655/655/655 656/656/656
f 655/655/655 654/654/654 657/657/657
f 658/658/658 659/659/659 660/660/660
f 659/659/659 658/658/658 661/661/661
f 660/660/660 662/662/662 658/658/658
f 663/663/663 662/662/662 660/660/660
f 662/662/662 663/663/663 664/664/664
f 663/663/663 665/665/665 664/664/664
f 665/665/665 663/663/663 666/666/666
f 665/665/665 666/666/666 667/667/667
f 666/666/666 668/668/668 667/667/667
f 667/667/667 668/668/668 669/669/669
f 670/670/670 671/671/671 672/672/672
f 671/671/671 670/670/670 673/673/673
f 672/672/672 674/674/674 670/670/670
f 672/672/672 675/675/675 674/674/674
f 676/676/676 675/675/675 672/672/672
f 677/677/677 675/675/675 676/676/676
f 677/677/677 678/678/678 675/675/675
f 678/678/678 677/677/677 679/679/679
f 677/677/677 680/680/680 679/679/679
f 679/679/679 680/680/680 681/681/681
f 682/682/682 683/683/683 684/684/684
f 683/683/683 682/682/682 685/685/685
f 686/686/686 687/687/687 688/688/688
f 688/688/688 689/689/689 686/686/686
f 690/690/690 691/691/691 692/692/692
f 692/692/692 693/693/693 690/690/690
f 694/694/694 695/695/695 696/696/696
f 697/697/697 698/698/698 699/699/699
f 700/700/700 701/701/701 702/702/702
f 701/701/701 700/700/700 703/703/703
f 704/704/704 705/705/705 706/706/706
f 706/706/706 707/707/707 704/704/704
f 708/708/708 709/709/709 710/710/710
f 710/710/710 709/709/709 711/711/711
f 712/712/712 710/710/710 711/711/711
f 710/710/710 712/712/712 713/713/713
f 714/714/714 713/713/713 712/712/712
f 713/713/713 714/714/714 715/715/715
f 716/716/716 715/715/715 714/714/714
f 715/715/715 716/716/716 717/717/717
f 717/717/717 716/716/716 718/718/718
f 718/718/718 716/716/716 719/719/719
f 720/720/720 721/721/721 722/722/722
f 722/722/722 721/721/721 723/723/723
f 724/724/724 720/720/720 722/722/722
f 725/725/725 720/720/720 724/724/724
f 724/724/724 722/722/722 726/726/726
f 726/726/726 722/722/722 727/727/727
f 722/722/722 723/723/723 727/727/727
f 727/727/727 723/723/723 728/728/728
f 729/729/729 730/730/730 731/731/731
f 731/731/731 730/730/730 732/732/732
f 733/733/733 734/734/734 735/735/735
f 734/734/734 733/733/733 736/736/736
f 737/737/737 738/738/738 739/739/739
f 738/738/738 737/737/737 740/740/740
f 741/741/741 742/742/742 743/743/743
f 743/743/743 742/742/742 744/744/744
f 745/745/745 741/741/741 743/743/743
f 746/746/746 741/741/741 745/745/745
f 747/747/747 746/746/746 745/745/745
f 748/748/748 746/746/746 747/747/747
f 749/749/749 748/748/748 747/747/747
f 750/750/750 748/748/748 749/749/749
f 751/751/751 750/750/750 749/749/749
f 752/752/752 750/750/750 751/751/751
f 753/753/753 752/752/752 751/751/751
f 754/754/754 752/752/752 753/753/753
f 755/755/755 754/754/754 753/753/753
f 756/756/756 754/754/754 755/755/755
f 757/757/757 758/758/758 759/759/759
f 758/758/758 757/757/757 760/760/760
f 761/761/761 760/760/760 757/757/757
f 757/757/757 762/762/762 761/761/761
f 763/763/763 764/764/764 765/765/765
f 765/765/765 764/764/764 766/766/766
f 767/767/767 768/768/768 769/769/769
f 769/769/769 768/768/768 770/770/770
f 771/771/771 772/772/772 773/773/773
f 773/773/773 772/772/772 774/774/774
f 772/772/772 775/775/775 774/774/774
f 776/776/776 774/774/774 775/775/775
f 777/777/777 778/778/778 779/779/779
f 780/780/780 779/779/779 778/778/778
f 781/781/781 782/782/782 783/783/783
f 782/782/782 781/781/781 784/784/784
f 785/785/785 786/786/786 787/787/787
f 786/786/786 785/785/785 788/788/788
f 789/789/789 790/790/790 791/791/791
f 789/789/789 791/791/791 792/792/792
f 793/793/793 794/794/794 795/795/795
f 794/794/794 793/793/793 796/796/796
f 797/797/797 798/798/798 799/799/799
f 799/799/799 798/798/798 800/800/800
f 797/797/797 801/801/801 798/798/798
f 802/802/802 801/801/801 797/797/797
f 803/803/803 804/804/804 805/805/805
f 805/805/805 804/804/804 806/806/806
f 807/807/807 808/808/808 809/809/809
f 808/808/808 807/807/807 810/810/810
f 811/811/811 812/812/812 813/813/813
f 813/813/813 812/812/812 814/814/814
f 815/815/815 816/816/816 817/817/817
f 818/818/818 819/819/819 820/820/820
f 821/821/821 822/822/822 823/823/823
f 823/823/823 822/822/822 824/824/824
f 825/825/825 826/826/826 827/827/827
f 828/828/828 829/829/829 830/830/830
f 831/831/831 832/832/832 833/833/833
f 832/832/832 831/831/831 834/834/834
f 835/835/835 836/836/836 837/837/837
f 838/838/838 837/837/837 836/836/836
f 839/839/839 840/840/840 841/841/841
f 840/840/840 839/839/839 842/842/842
f 839/839/839 843/843/843 842/842/842
f 843/843/843 839/839/839 844/844/844
f 844/844/844 845/845/845 843/843/843
f 845/845/845 844/844/844 846/846/846
f 846/846/846 847/847/847 845/845/845
f 847/847/847 846/846/846 848/848/848
f 849/849/849 847/847/847 848/848/848
f 847/847/847 849/849/849 850/850/850
f 849/849/849 851/851/851 850/850/850
f 851/851/851 849/849/849 852/852/852
f 853/853/853 851/851/851 852/852/852
f 851/851/851 853/853/853 854/854/854
f 853/853/853 855/855/855 854/854/854
f 856/856/856 855/855/855 853/853/853
f 857/857/857 855/855/855 856/856/856
f 855/855/855 857/857/857 858/858/858
f 859/859/859 860/860/860 861/861/861
f 860/860/860 859/859/859 862/862/862
f 863/863/863 864/864/864 865/865/865
f 864/864/864 863/863/863 866/866/866
f 867/867/867 868/868/868 869/869/869
f 868/868/868 867/867/867 870/870/870
f 871/871/871 870/870/870 867/867/867
f 870/870/870 871/871/871 872/872/872
f 873/873/873 871/871/871 867/867/867
f 874/874/874 871/871/871 873/873/873
f 873/873/873 875/875/875 874/874/874
f 875/875/875 873/873/873 876/876/876
f 877/877/877 878/878/878 879/879/879
f 878/878/878 877/877/877 880/880/880
f 881/881/881 882/882/882 883/883/883
f 883/883/883 882/882/882 884/884/884
f 885/885/885 881/881/881 883/883/883
f 882/882/882 886/886/886 884/884/884
f 887/887/887 881/881/881 885/885/885
f 884/884/884 886/886/886 888/888/888
f 886/886/886 889/889/889 888/888/888
f 889/889/889 886/886/886 890/890/890
f 885/885/885 891/891/891 887/887/887
f 891/891/891 885/885/885 892/892/892
f 893/893/893 891/891/891 892/892/892
f 894/894/894 891/891/891 893/893/893
f 895/895/895 896/896/896 897/897/897
f 896/896/896 895/895/895 898/898/898
f 899/899/899 900/900/900 901/901/901
f 900/900/900 899/899/899 902/902/902
f 903/903/903 904/904/904 905/905/905
f 905/905/905 904/904/904 906/906/906
f 907/907/907 908/908/908 909/909/909
f 908/908/908 907/907/907 910/910/910
f 911/911/911 912/912/912 913/913/913
f 912/912/912 911/911/911 914/914/914
f 915/915/915 916/916/916 917/917/917
f 916/916/916 915/915/915 918/918/918
f 917/917/917 919/919/919 915/915/915
f 920/920/920 915/915/915 919/919/919
f 921/921/921 922/922/922 923/923/923
f 921/921/921 924/924/924 922/922/922
f 925/925/925 926/926/926 927/927/927
f 926/926/926 925/925/925 928/928/928
f 929/929/929 930/930/930 931/931/931
f 931/931/931 932/932/932 929/929/929
f 933/933/933 932/932/932 934/934/934
f 934/934/934 935/935/935 933/933/933
f 935/935/935 934/934/934 936/936/936
f 937/937/937 938/938/938 939/939/939
f 940/940/940 941/941/941 942/942/942
f 941/941/941 940/940/940 943/943/943
f 944/944/944 945/945/945 946/946/946
f 945/945/945 944/944/944 947/947/947
f 948/948/948 949/949/949 950/950/950
f 949/949/949 948/948/948 951/951/951
f 951/951/951 952/952/952 949/949/949
f 953/953/953 951/951/951 948/948/948
f 954/954/954 952/952/952 951/951/951
f 951/951/951 953/953/953 955/955/955
f 955/955/955 954/954/954 951/951/951
f 953/953/953 956/956/956 955/955/955
f 957/957/957 955/955/955 956/956/956
f 956/956/956 958/958/958 957/957/957
f 959/959/959 954/954/954 955/955/955
f 957/957/957 959/959/959 955/955/955
f 960/960/960 954/954/954 959/959/959
f 954/954/954 960/960/960 961/961/961
f 962/962/962 961/961/961 960/960/960
f 962/962/962 963/963/963 961/961/961
f 964/964/964 962/962/962 960/960/960
f 960/960/960 965/965/965 964/964/964
f 965/965/965 960/960/960 959/959/959
f 966/966/966 964/964/964 965/965/965
f 959/959/959 957/957/957 967/967/967
f 959/959/959 967/967/967 965/965/965
f 965/965/965 968/968/968 966/966/966
f 968/968/968 965/965/965 967/967/967
f 969/969/969 966/966/966 968/968/968
f 957/957/957 970/970/970 967/967/967
f 970/970/970 957/957/957 958/958/958
f 971/971/971 970/970/970 958/958/958
f 967/967/967 970/970/970 972/972/972
f 967/967/967 972/972/972 968/968/968
f 971/971/971 973/973/973 970/970/970
f 973/973/973 972/972/972 970/970/970
f 971/971/971 974/974/974 973/973/973
f 975/975/975 973/973/973 974/974/974
f 969/969/969 968/968/968 976/976/976
f 972/972/972 976/976/976 968/968/968
f 977/977/977 969/969/969 976/976/976
f 978/978/978 972/972/972 973/973/973
f 973/973/973 975/975/975 978/978/978
f 976/976/976 972/972/972 978/978/978
f 978/978/978 975/975/975 979/979/979
f 980/980/980 976/976/976 978/978/978
f 978/978/978 979/979/979 980/980/980
f 981/981/981 982/982/982 983/983/983
f 982/982/982 981/981/981 984/984/984
f 985/985/985 986/986/986 987/987/987
f 986/986/986 985/985/985 988/988/988
f 989/989/989 990/990/990 991/991/991
f 990/990/990 989/989/989 992/992/992
f 993/993/993 994/994/994 995/995/995
f 995/995/995 994/994/994 996/996/996
f 997/997/997 994/994/994 993/993/993
f 994/994/994 997/997/997 998/998/998
f 999/999/999 1000/1000/1000 1001/1001/1001
f 999/999/999 1002/1002/1002 1000/1000/1000
f 999/999/999 1003/1003/1003 1002/1002/1002
f 1004/1004/1004 1003/1003/1003 999/999/999
f 1005/1005/1005 1006/1006/1006 1007/1007/1007
f 1008/1008/1008 1006/1006/1006 1005/1005/1005
f 1007/1007/1007 1006/1006/1006 1009/1009/1009
f 1006/1006/1006 1008/1008/1008 1010/1010/1010
f 1008/1008/1008 1011/1011/1011 1010/1010/1010
f 1012/1012/1012 1011/1011/1011 1008/1008/1008
f 1007/1007/1007 1009/1009/1009 1013/1013/1013
f 1013/1013/1013 1009/1009/1009 1014/1014/1014
f 1015/1015/1015 1013/1013/1013 1014/1014/1014
f 1013/1013/1013 1015/1015/1015 1016/1016/1016
f 1016/1016/1016 1015/1015/1015 1017/1017/1017
f 1017/1017/1017 1015/1015/1015 1018/1018/1018
f 1019/1019/1019 1017/1017/1017 1018/1018/1018
f 1017/1017/1017 1019/1019/1019 1020/1020/1020
f 1021/1021/1021 1020/1020/1020 1019/1019/1019
f 1020/1020/1020 1021/1021/1021 1022/1022/1022
f 1022/1022/1022 1021/1021/1021 1023/1023/1023
f 1023/1023/1023 1021/1021/1021 1024/1024/1024
f 1025/1025/1025 1023/1023/1023 1024/1024/1024
f 1023/1023/1023 1025/1025/1025 1026/1026/1026
f 1027/1027/1027 1026/1026/1026 1025/1025/1025
f 1026/1026/1026 1027/1027/1027 1028/1028/1028
f 1029/1029/1029 1030/1030/1030 1031/1031/1031
f 1031/1031/1031 1030/1030/1030 1032/1032/1032
f 1033/1033/1033 1034/1034/1034 1035/1035/1035
f 1034/1034/1034 1033/1033/1033 1036/1036/1036
f 1037/1037/1037 1035/1035/1035 1034/1034/1034
f 1038/1038/1038 1035/1035/1035 1037/1037/1037
f 1037/1037/1037 1039/1039/1039 1038/1038/1038
f 1039/1039/1039 1037/1037/1037 1040/1040/1040
f 1041/1041/1041 1039/1039/1039 1040/1040/1040
f 1042/1042/1042 1039/1039/1039 1041/1041/1041
f 1043/1043/1043 1042/1042/1042 1041/1041/1041
f 1044/1044/1044 1042/1042/1042 1043/1043/1043
f 1045/1045/1045 1046/1046/1046 1047/1047/1047
f 1047/1047/1047 1046/1046/1046 1048/1048/1048
f 1049/1049/1049 1045/1045/1045 1047/1047/1047
f 1046/1046/1046 1050/1050/1050 1048/1048/1048
f 1051/1051/1051 1045/1045/1045 1049/1049/1049
f 1052/1052/1052 1051/1051/1051 1049/1049/1049
f 1053/1053/1053 1051/1051/1051 1052/1052/1052
f 1048/1048/1048 1050/1050/1050 1054/1054/1054
f 1050/1050/1050 1055/1055/1055 1054/1054/1054
f 1054/1054/1054 1055/1055/1055 1056/1056/1056
f 1055/1055/1055 1057/1057/1057 1056/1056/1056
f 1056/1056/1056 1057/1057/1057 1058/1058/1058
f 1059/1059/1059 1060/1060/1060 1061/1061/1061
f 1061/1061/1061 1060/1060/1060 1062/1062/1062
f 1063/1063/1063 1064/1064/1064 1065/1065/1065
f 1064/1064/1064 1063/1063/1063 1066/1066/1066
f 1067/1067/1067 1068/1068/1068 1069/1069/1069
f 1067/1067/1067 1069/1069/1069 1070/1070/1070
f 1071/1071/1071 1072/1072/1072 1073/1073/1073
f 1074/1074/1074 1075/1075/1075 1076/1076/1076
f 1074/1074/1074 1076/1076/1076 1077/1077/1077
f 1078/1078/1078 1079/1079/1079 1080/1080/1080
f 1081/1081/1081 1080/1080/1080 1079/1079/1079
f 1082/1082/1082 1079/1079/1079 1078/1078/1078
f 1079/1079/1079 1082/1082/1082 1083/1083/1083
f 1084/1084/1084 1085/1085/1085 1086/1086/1086
f 1087/1087/1087 1085/1085/1085 1084/1084/1084
f 1088/1088/1088 1089/1089/1089 1090/1090/1090
f 1091/1091/1091 1090/1090/1090 1089/1089/1089
f 1089/1089/1089 1088/1088/1088 1092/1092/1092
f 1090/1090/1090 1091/1091/1091 1093/1093/1093
f 1094/1094/1094 1092/1092/1092 1088/1088/1088
f 1095/1095/1095 1093/1093/1093 1091/1091/1091
f 1092/1092/1092 1094/1094/1094 1096/1096/1096
f 1093/1093/1093 1095/1095/1095 1097/1097/1097
f 1098/1098/1098 1096/1096/1096 1094/1094/1094
f 1099/1099/1099 1097/1097/1097 1095/1095/1095
f 1096/1096/1096 1098/1098/1098 1100/1100/1100
f 1097/1097/1097 1099/1099/1099 1101/1101/1101
f 1102/1102/1102 1100/1100/1100 1098/1098/1098
f 1103/1103/1103 1101/1101/1101 1099/1099/1099
f 1100/1100/1100 1102/1102/1102 1103/1103/1103
f 1101/1101/1101 1103/1103/1103 1102/1102/1102
f 1104/1104/1104 1105/1105/1105 1106/1106/1106
f 1106/1106/1106 1105/1105/1105 1107/1107/1107
f 1108/1108/1108 1109/1109/1109 1110/1110/1110
f 1110/1110/1110 1109/1109/1109 1111/1111/1111
f 1112/1112/1112 1113/1113/1113 1114/1114/1114
f 1114/1114/1114 1113/1113/1113 1115/1115/1115
f 1116/1116/1116 1117/1117/1117 1118/1118/1118
f 1119/1119/1119 1120/1120/1120 1121/1121/1121
f 1122/1122/1122 1123/1123/1123 1124/1124/1124
f 1123/1123/1123 1122/1122/1122 1125/1125/1125
f 1124/1124/1124 1126/1126/1126 1122/1122/1122
f 1127/1127/1127 1126/1126/1126 1124/1124/1124
f 1128/1128/1128 1126/1126/1126 1127/1127/1127
f 1126/1126/1126 1128/1128/1128 1129/1129/1129
f 1130/1130/1130 1131/1131/1131 1132/1132/1132
f 1132/1132/1132 1133/1133/1133 1130/1130/1130
f 1134/1134/1134 1131/1131/1131 1130/1130/1130
f 1134/1134/1134 1135/1135/1135 1131/1131/1131
f 1135/1135/1135 1134/1134/1134 1136/1136/1136
f 1136/1136/1136 1134/1134/1134 1137/1137/1137
f 1138/1138/1138 1139/1139/1139 1140/1140/1140
f 1141/1141/1141 1142/1142/1142 1143/1143/1143
f 1144/1144/1144 1145/1145/1145 1146/1146/1146
f 1147/1147/1147 1146/1146/1146 1145/1145/1145
f 1145/1145/1145 1144/1144/1144 1148/1148/1148
f 1146/1146/1146 1147/1147/1147 1149/1149/1149
f 1150/1150/1150 1148/1148/1148 1144/1144/1144
f 1151/1151/1151 1149/1149/1149 1147/1147/1147
f 1148/1148/1148 1150/1150/1150 1152/1152/1152
f 1149/1149/1149 1151/1151/1151 1153/1153/1153
f 1154/1154/1154 1152/1152/1152 1150/1150/1150
f 1155/1155/1155 1153/1153/1153 1151/1151/1151
f 1152/1152/1152 1154/1154/1154 1156/1156/1156
f 1153/1153/1153 1155/1155/1155 1157/1157/1157
f 1158/1158/1158 1156/1156/1156 1154/1154/1154
f 1159/1159/1159 1157/1157/1157 1155/1155/1155
f 1156/1156/1156 1158/1158/1158 1159/1159/1159
f 1157/1157/1157 1159/1159/1159 1158/1158/1158
f 1160/1160/1160 1161/1161/1161 1162/1162/1162
f 1162/1162/1162 1161/1161/1161 1163/1163/1163
f 1164/1164/1164 1165/1165/1165 1166/1166/1166
f 1165/1165/1165 1167/1167/1167 1166/1166/1166
f 1168/1168/1168 1169/1169/1169 1170/1170/1170
f 1170/1170/1170 1169/1169/1169 1171/1171/1171
f 1172/1172/1172 1173/1173/1173 1174/1174/1174
f 1173/1173/1173 1172/1172/1172 1175/1175/1175
f 1176/1176/1176 1177/1177/1177 1178/1178/1178
f 1179/1179/1179 1178/1178/1178 1177/1177/1177
f 1177/1177/1177 1176/1176/1176 1180/1180/1180
f 1178/1178/1178 1179/1179/1179 1181/1181/1181
f 1182/1182/1182 1180/1180/1180 1176/1176/1176
f 1183/1183/1183 1181/1181/1181 1179/1179/1179
f 1180/1180/1180 1182/1182/1182 1184/1184/1184
f 1181/1181/1181 1183/1183/1183 1185/1185/1185
f 1186/1186/1186 1184/1184/1184 1182/1182/1182
f 1187/1187/1187 1185/1185/1185 1183/1183/1183
f 1184/1184/1184 1186/1186/1186 1188/1188/1188
f 1185/1185/1185 1187/1187/1187 1189/1189/1189
f 1190/1190/1190 1188/1188/1188 1186/1186/1186
f 1191/1191/1191 1189/1189/1189 1187/1187/1187
f 1188/1188/1188 1190/1190/1190 1191/1191/1191
f 1189/1189/1189 1191/1191/1191 1190/1190/1190
f 1192/1192/1192 1193/1193/1193 1194/1194/1194
f 1192/1192/1192 1194/1194/1194 1195/1195/1195
f 1196/1196/1196 1197/1197/1197 1198/1198/1198
f 1197/1197/1197 1196/1196/1196 1199/1199/1199
f 1200/1200/1200 1201/1201/1201 1202/1202/1202
f 1201/1201/1201 1200/1200/1200 1203/1203/1203
f 1204/1204/1204 1205/1205/1205 1206/1206/1206
f 1206/1206/1206 1207/1207/1207 1204/1204/1204
f 1208/1208/1208 1209/1209/1209 1210/1210/1210
f 1209/1209/1209 1208/1208/1208 1211/1211/1211
f 1212/1212/1212 1213/1213/1213 1214/1214/1214
f 1213/1213/1213 1212/1212/1212 1215/1215/1215
f 1216/1216/1216 1217/1217/1217 1218/1218/1218
f 1217/1217/1217 1216/1216/1216 1219/1219/1219
f 1220/1220/1220 1221/1221/1221 1222/1222/1222
f 1220/1220/1220 1222/1222/1222 1223/1223/1223
f 1224/1224/1224 1225/1225/1225 1226/1226/1226
f 1225/1225/1225 1224/1224/1224 1227/1227/1227
f 1228/1228/1228 1226/1226/1226 1225/1225/1225
f 1226/1226/1226 1228/1228/1228 1229/1229/1229
f 1230/1230/1230 1231/1231/1231 1232/1232/1232
f 1231/1231/1231 1230/1230/1230 1233/1233/1233
f 1234/1234/1234 1235/1235/1235 1236/1236/1236
f 1236/1236/1236 1237/1237/1237 1234/1234/1234
f 1238/1238/1238 1239/1239/1239 1240/1240/1240
f 1241/1241/1241 1240/1240/1240 1239/1239/1239
f 1239/1239/1239 1238/1238/1238 1242/1242/1242
f 1240/1240/1240 1241/1241/1241 1243/1243/1243
f 1244/1244/1244 1242/1242/1242 1238/1238/1238
f 1245/1245/1245 1243/1243/1243 1241/1241/1241
f 1242/1242/1242 1244/1244/1244 1246/1246/1246
f 1243/1243/1243 1245/1245/1245 1247/1247/1247
f 1248/1248/1248 1246/1246/1246 1244/1244/1244
f 1249/1249/1249 1247/1247/1247 1245/1245/1245
f 1246/1246/1246 1248/1248/1248 1250/1250/1250
f 1247/1247/1247 1249/1249/1249 1251/1251/1251
f 1252/1252/1252 1250/1250/1250 1248/1248/1248
f 1253/1253/1253 1251/1251/1251 1249/1249/1249
f 1250/1250/1250 1252/1252/1252 1253/1253/1253
f 1251/1251/1251 1253/1253/1253 1252/1252/1252
f 1254/1254/1254 1255/1255/1255 1256/1256/1256
f 1256/1256/1256 1255/1255/1255 1257/1257/1257
f 1258/1258/1258 1259/1259/1259 1260/1260/1260
f 1259/1259/1259 1258/1258/1258 1261/1261/1261
f 1262/1262/1262 1263/1263/1263 1264/1264/1264
f 1262/1262/1262 1264/1264/1264 1265/1265/1265
f 1266/1266/1266 1267/1267/1267 1268/1268/1268
f 1268/1268/1268 1267/1267/1267 1269/1269/1269
f 1270/1270/1270 1271/1271/1271 1272/1272/1272
f 1272/1272/1272 1271/1271/1271 1273/1273/1273
f 1270/1270/1270 1274/1274/1274 1271/1271/1271
f 1272/1272/1272 1273/1273/1273 1275/1275/1275
f 1274/1274/1274 1270/1270/1270 1276/1276/1276
f 1275/1275/1275 1273/1273/1273 1277/1277/1277
f 1276/1276/1276 1278/1278/1278 1274/1274/1274
f 1275/1275/1275 1277/1277/1277 1279/1279/1279
f 1278/1278/1278 1276/1276/1276 1280/1280/1280
f 1279/1279/1279 1277/1277/1277 1281/1281/1281
f 1278/1278/1278 1280/1280/1280 1282/1282/1282
f 1279/1279/1279 1281/1281/1281 1283/1283/1283
f 1282/1282/1282 1280/1280/1280 1284/1284/1284
f 1282/1282/1282 1284/1284/1284 1285/1285/1285
f 1285/1285/1285 1284/1284/1284 1286/1286/1286
f 1283/1283/1283 1281/1281/1281 1287/1287/1287
f 1283/1283/1283 1287/1287/1287 1288/1288/1288
f 1289/1289/1289 1288/1288/1288 1287/1287/1287
f 1288/1288/1288 1289/1289/1289 1290/1290/1290
f 1291/1291/1291 1290/1290/1290 1289/1289/1289
f 1291/1291/1291 1292/1292/1292 1290/1290/1290
f 1293/1293/1293 1292/1292/1292 1291/1291/1291
f 1293/1293/1293 1294/1294/1294 1292/1292/1292
f 1295/1295/1295 1294/1294/1294 1293/1293/1293
f 1296/1296/1296 1297/1297/1297 1298/1298/1298
f 1297/1297/1297 1296/1296/1296 1299/1299/1299
f 1300/1300/1300 1296/1296/1296 1298/1298/1298
f 1296/1296/1296 1300/1300/1300 1301/1301/1301
f 1302/1302/1302 1303/1303/1303 1304/1304/1304
f 1303/1303/1303 1302/1302/1302 1305/1305/1305
f 1304/1304/1304 1306/1306/1306 1302/1302/1302
f 1304/1304/1304 1307/1307/1307 1306/1306/1306
f 1308/1308/1308 1307/1307/1307 1304/1304/1304
f 1308/1308/1308 1309/1309/1309 1307/1307/1307
f 1309/1309/1309 1308/1308/1308 1310/1310/1310
f 1309/1309/1309 1310/1310/1310 1311/1311/1311
f 1310/1310/1310 1312/1312/1312 1311/1311/1311
f 1311/1311/1311 1312/1312/1312 1313/1313/1313
f 1314/1314/1314 1315/1315/1315 1316/1316/1316
f 1315/1315/1315 1314/1314/1314 1317/1317/1317
f 1318/1318/1318 1319/1319/1319 1320/1320/1320
f 1319/1319/1319 1318/1318/1318 1321/1321/1321