o Mesh
v -4.019809256410056e-16 0.8130807876586914 2.258070945739746
v -0.11012855917215347 0.7883493900299072 2.258070945739746
v -0.09537412971258163 0.7332851886749268 2.258070945739746
v -0.09193291515111923 0.8465495109558105 2.258070945739746
v -4.019809256410056e-16 0.8130807876586914 2.258070945739746
v -0.055064279586076736 0.6929752826690674 2.258070945739746
v -3.885516153089827e-16 0.6782209873199463 2.258070945739746
v -0.09537412971258163 0.7332851886749268 2.258070945739746
v -0.09193291515111923 0.8465495109558105 2.258070945739746
v -4.019809256410056e-16 0.8130807876586914 2.258070945739746
v -4.075935247681902e-16 0.8694431781768799 2.258070945739746
v -0.06368473172187805 0.8926279544830322 2.258070945739746
v -0.1532721221446991 1.0914490222930908 2.258070945739746
v -0.06130089983344078 1.1071527004241943 2.258070945739746
v -0.08849170058965683 1.1562292575836182 2.258070945739746
v -0.10617627203464508 1.0622773170471191 2.258070945739746
v -4.3290027519374773e-16 1.1235780715942383 2.258070945739746
v -0.08849170058965683 1.1562292575836182 2.258070945739746
v -0.06130089983344078 1.1071527004241943 2.258070945739746
v -4.3851282138137313e-16 1.1799407005310059 2.258070945739746
v -0.17698340117931366 1.0029573440551758 2.258070945739746
v -0.10617627203464508 1.0622773170471191 2.258070945739746
v -0.1532721221446991 1.0914490222930908 2.258070945739746
v -0.12260179966688156 1.000976324081421 2.258070945739746
v -0.06368473172187805 0.8926279544830322 2.258070945739746
v -0.10617627203464508 0.9396755695343018 2.258070945739746
v -0.1532721221446991 0.9144654273986816 2.258070945739746
v -0.09193291515111923 0.8465495109558105 2.258070945739746
v -0.12260179966688156 1.000976324081421 2.258070945739746
v -0.1532721221446991 0.9144654273986816 2.258070945739746
v -0.10617627203464508 0.9396755695343018 2.258070945739746
v -0.17698340117931366 1.0029573440551758 2.258070945739746
v -4.019809256410056e-16 0.8130807876586914 2.258070945739746
v 0.09537412971258163 0.7332851886749268 2.258070945739746
v 0.11012855917215347 0.7883493900299072 2.258070945739746
v 0.09193291515111923 0.8465495109558105 2.258070945739746
v -4.019809256410056e-16 0.8130807876586914 2.258070945739746
v 0.055064279586076736 0.6929752826690674 2.258070945739746
v 0.09537412971258163 0.7332851886749268 2.258070945739746
v -3.885516153089827e-16 0.6782209873199463 2.258070945739746
v -4.075935247681902e-16 0.8694431781768799 2.258070945739746
v 0.09193291515111923 0.8465495109558105 2.258070945739746
v 0.06368473172187805 0.8926279544830322 2.258070945739746
v -4.019809256410056e-16 0.8130807876586914 2.258070945739746
v 0.06130089983344078 1.1071527004241943 2.258070945739746
v 0.1532721221446991 1.0914490222930908 2.258070945739746
v 0.08849170058965683 1.1562292575836182 2.258070945739746
v 0.10617627203464508 1.0622773170471191 2.258070945739746
v -4.3290027519374773e-16 1.1235780715942383 2.258070945739746
v 0.08849170058965683 1.1562292575836182 2.258070945739746
v -4.3851282138137313e-16 1.1799407005310059 2.258070945739746
v 0.06130089983344078 1.1071527004241943 2.258070945739746
v 0.17698340117931366 1.0029573440551758 2.258070945739746
v 0.10617627203464508 1.0622773170471191 2.258070945739746
v 0.12260179966688156 1.000976324081421 2.258070945739746
v 0.1532721221446991 1.0914490222930908 2.258070945739746
v 0.06368473172187805 0.8926279544830322 2.258070945739746
v 0.1532721221446991 0.9144654273986816 2.258070945739746
v 0.10617627203464508 0.9396755695343018 2.258070945739746
v 0.09193291515111923 0.8465495109558105 2.258070945739746
v 0.1532721221446991 0.9144654273986816 2.258070945739746
v 0.12260179966688156 1.000976324081421 2.258070945739746
v 0.10617627203464508 0.9396755695343018 2.258070945739746
v 0.17698340117931366 1.0029573440551758 2.258070945739746
v -0.038357529789209366 1.2616150379180908 2.224562644958496
v 0.038357529789209366 1.1588666439056396 2.224562644958496
v 0.038357529789209366 1.2616150379180908 2.224562644958496
v -0.038357529789209366 1.1588666439056396 2.224562644958496
v -0.022886697202920914 1.2900118827819824 2.2045979499816895
v 0.022886697202920914 1.2152411937713623 2.2045979499816895
v 0.022886697202920914 1.2900118827819824 2.2045979499816895
v -0.022886697202920914 1.2152411937713623 2.2045979499816895
v -0.022886697202920914 1.2900118827819824 2.2045979499816895
v 0.022886697202920914 1.2900118827819824 2.2045979499816895
v 0.022886697202920914 1.3292524814605713 2.150942802429199
v -0.022886697202920914 1.3292524814605713 2.150942802429199
v -5.882468059344561e-16 0.8694431781768799 1.4444808959960938
v -6.135535563600136e-16 1.1235783100128174 1.4444808959960938
v -0.06368473172187805 0.8926279544830322 1.4444808959960938
v -0.10617627203464508 0.9396755695343018 1.4444808959960938
v -0.06130089983344078 1.1071527004241943 1.4444808959960938
v -0.10617627203464508 1.0622773170471191 1.4444808959960938
v -0.12260179966688156 1.000976324081421 1.4444808959960938
v 0.06368473172187805 0.8926279544830322 1.4444808959960938
v -6.135535563600136e-16 1.1235783100128174 1.4444808959960938
v -5.882468059344561e-16 0.8694431781768799 1.4444808959960938
v 0.10617627203464508 0.9396755695343018 1.4444808959960938
v 0.06130089983344078 1.1071527004241943 1.4444808959960938
v 0.10617627203464508 1.0622773170471191 1.4444808959960938
v 0.12260179966688156 1.000976324081421 1.4444808959960938
v -3.7676883114730374e-16 0.6220211982727051 -1.5566984415054321
v -0.14743423461914062 0.49115848541259766 -1.5566984415054321
v -0.14743423461914062 0.6220211982727051 -1.5566984415054321
v -3.927949062675919e-16 0.49115848541259766 -1.5566984415054321
v -0.14743423461914062 0.36029553413391113 -1.5566985607147217
v -4.088209813878801e-16 0.36029553413391113 -1.5566985607147217
v -0.14743423461914062 0.2294328212738037 -1.5566985607147217
v -4.2484705650816827e-16 0.2294328212738037 -1.5566985607147217
v -3.7676883114730374e-16 0.6220211982727051 -1.5566984415054321
v 0.14743423461914062 0.6220211982727051 -1.5566984415054321
v 0.14743423461914062 0.49115848541259766 -1.5566984415054321
v -3.927949062675919e-16 0.49115848541259766 -1.5566984415054321
v 0.14743423461914062 0.36029553413391113 -1.5566985607147217
v -4.088209813878801e-16 0.36029553413391113 -1.5566985607147217
v 0.14743423461914062 0.2294328212738037 -1.5566985607147217
v -4.2484705650816827e-16 0.2294328212738037 -1.5566985607147217
v 0.23447276651859283 0.039871931076049805 -1.7501070499420166
v -1.8293183949904932e-16 -0.19776535034179688 -1.8976250886917114
v -1.5382966678574329e-16 0.039871931076049805 -1.7501070499420166
v -1.2652308480660816e-16 0.2628471851348877 -1.6084539890289307
v 0.23447276651859283 0.2628471851348877 -1.6084539890289307
v 0.23447276651859283 -0.19776535034179688 -1.8976250886917114
v -2.1849817061910616e-16 -0.48818647861480713 -2.024616003036499
v 0.23447276651859283 -0.4881865978240967 -2.024616003036499
v -2.6519722781849367e-16 -0.8695132732391357 -2.1369447708129883
v 0.23447276651859283 -0.8695132732391357 -2.1369447708129883
v 0.23447276651859283 -1.1892589330673218 -2.258070945739746
v -3.0435479334645153e-16 -1.1892589330673218 -2.258070945739746
v -0.06012331321835518 1.033595085144043 -1.2851645946502686
v 0.06012331321835518 1.033595085144043 -1.2851645946502686
v 0.06012331321835518 0.9924731254577637 -1.2952313423156738
v -0.06012331321835518 0.9924731254577637 -1.2952313423156738
v -0.23447276651859283 0.6709432601928711 -1.2320129871368408
v -0.23447276651859283 0.23022687435150146 -1.2144752740859985
v -7.654571893377088e-17 0.6709432601928711 -1.2320129871368408
v -8.704995980112867e-17 0.5851695537567139 -1.5206847190856934
v -0.23447276651859283 0.5851695537567139 -1.5206847190856934
v -8.704995980112867e-17 0.5851695537567139 -1.5206847190856934
v -1.1624287091890933e-16 0.34679150581359863 -1.5559308528900146
v 0.23447276651859283 0.5851695537567139 -1.5206847190856934
v -0.23447276651859283 0.34679150581359863 -1.5559308528900146
v 0.23447276651859283 0.34679150581359863 -1.5559308528900146
v -1.2652308480660816e-16 0.2628471851348877 -1.6084539890289307
v 0.23447276651859283 0.2628471851348877 -1.6084539890289307
v -0.23447276651859283 0.2628471851348877 -1.6084539890289307
v -0.23447276651859283 0.039871931076049805 -1.7501070499420166
v -1.5382966678574329e-16 0.039871931076049805 -1.7501070499420166
v -1.8293183949904932e-16 -0.19776535034179688 -1.8976250886917114
v -0.23447276651859283 -0.19776535034179688 -1.8976250886917114
v -2.1849817061910616e-16 -0.48818647861480713 -2.024616003036499
v -0.23447276651859283 -0.4881865978240967 -2.024616003036499
v -2.6519722781849367e-16 -0.8695132732391357 -2.1369447708129883
v -0.23447276651859283 -0.8695132732391357 -2.1369447708129883
v -0.23447276651859283 -1.1892589330673218 -2.258070945739746
v -3.0435479334645153e-16 -1.1892589330673218 -2.258070945739746
v -4.555219311765091e-16 -0.02104663848876953 -0.7819968461990356
v -0.14743423461914062 0.22943270206451416 -1.1729075908660889
v -4.2484705650816827e-16 0.22943270206451416 -1.1729075908660889
v -0.14743423461914062 -0.02104663848876953 -0.7819968461990356
v 0.14743423461914062 0.22943270206451416 -1.1729075908660889
v 0.14743423461914062 -0.02104663848876953 -0.7819968461990356
v -0.14743423461914062 1.1287193298339844 0.5296730995178223
v -3.330718572363325e-16 0.9788341522216797 0.5296730995178223
v -3.1471622975285816e-16 1.1287193298339844 0.5296730995178223
v -0.1907348781824112 1.0573930740356445 0.5296730995178223
v -3.056630622032654e-16 1.202643871307373 0.5296730995178223
v -0.14743423461914062 1.202643871307373 0.5296730995178223
v -0.14743423461914062 1.1287193298339844 0.5296730995178223
v -3.1471622975285816e-16 1.1287193298339844 0.5296730995178223
v -3.506027128571975e-16 0.8356838226318359 0.5296730995178223
v -0.14743423461914062 0.8356838226318359 0.5296730995178223
v -0.14743423461914062 0.5291788578033447 0.5296730995178223
v -3.8813876615653503e-16 0.5291788578033447 0.5296730995178223
v 0.14743423461914062 0.5291788578033447 0.5296730995178223
v 0.14743423461914062 0.8356838226318359 0.5296730995178223
v -3.3735517050169947e-16 0.9438583850860596 0.5296730995178223
v -0.1907348781824112 0.9438583850860596 0.5296730995178223
v 0.1907348781824112 0.9438583850860596 0.5296730995178223
v -3.330718572363325e-16 0.9788341522216797 0.5296730995178223
v -0.1907348781824112 1.0573930740356445 0.5296730995178223
v 0.1907348781824112 1.0573930740356445 0.5296730995178223
v -3.330718572363325e-16 0.9788341522216797 0.5296730995178223
v 0.14743423461914062 1.1287193298339844 0.5296730995178223
v -3.1471622975285816e-16 1.1287193298339844 0.5296730995178223
v 0.1907348781824112 1.0573930740356445 0.5296730995178223
v -3.056630622032654e-16 1.202643871307373 0.5296730995178223
v 0.14743423461914062 1.1287193298339844 0.5296730995178223
v 0.14743423461914062 1.202643871307373 0.5296730995178223
v 0.14743423461914062 1.1287193298339844 0.5296730995178223
v -3.056630622032654e-16 1.202643871307373 0.5296730995178223
v -3.1471622975285816e-16 1.1287193298339844 0.5296730995178223
v -3.7676883114730374e-16 0.6220211982727051 -1.5566984415054321
v -0.14743423461914062 0.7246565818786621 -1.1729074716567993
v -3.6419962983365837e-16 0.7246565818786621 -1.1729074716567993
v -0.14743423461914062 0.6220211982727051 -1.5566984415054321
v -0.14743423461914062 0.9123325347900391 -0.9265823364257812
v -3.4121594667528457e-16 0.9123325347900391 -0.9265823364257812
v -0.14743423461914062 1.2026441097259521 -0.7770277261734009
v -3.056630357334858e-16 1.2026441097259521 -0.7770277261734009
v 0.14743423461914062 1.2026441097259521 -0.7770277261734009
v 0.14743423461914062 0.9123325347900391 -0.9265823364257812
v 0.14743423461914062 0.7246565818786621 -1.1729074716567993
v 0.12825936079025269 1.3297717571258545 -0.7560089826583862
v 0.04275311902165413 1.3297717571258545 -0.658063530921936
v 0.12825936079025269 1.3297717571258545 -0.658063530921936
v 0.04275311902165413 1.3297717571258545 -0.7560089826583862
v -0.04275311902165413 1.3297717571258545 -0.658063530921936
v -0.04275311902165413 1.3297717571258545 -0.7560089826583862
v -0.12825936079025269 1.3297717571258545 -0.658063530921936
v -0.12825936079025269 1.3297717571258545 -0.7560089826583862
v 0.022886697202920914 1.3292524814605713 2.150942802429199
v 0.022886697202920914 1.3292524814605713 1.9016709327697754
v -0.022886697202920914 1.3292524814605713 2.150942802429199
v -0.022886697202920914 1.3292524814605713 1.9016709327697754
v -0.04275311902165413 1.2882204055786133 -0.7560089826583862
v -0.04275311902165413 1.2882204055786133 -0.658063530921936
v 0.04275311902165413 1.2882204055786133 -0.658063530921936
v 0.04275311902165413 1.2882204055786133 -0.7560089826583862
v -3.8813876615653503e-16 0.5291788578033447 0.5296730995178223
v -0.14743423461914062 0.5291788578033447 0.5296730995178223
v -0.14743423461914062 0.3848135471343994 0.4550044536590576
v -4.058184084085412e-16 0.3848135471343994 0.4550044536590576
v 0.14743423461914062 0.3848135471343994 0.4550044536590576
v 0.14743423461914062 0.5291788578033447 0.5296730995178223
v -0.06067739054560661 1.2862277030944824 -0.6862778663635254
v -0.0606771744787693 1.2862277030944824 -0.21235156059265137
v 0.060677334666252136 1.2862277030944824 -0.6862779855728149
v 0.06067754700779915 1.2862277030944824 -0.21235156059265137
v -4.058184084085412e-16 0.3848135471343994 0.4550044536590576
v -0.09785521030426025 0.12353873252868652 0.4550044536590576
v -4.378153426888684e-16 0.12353873252868652 0.4550044536590576
v -0.14743423461914062 0.3848135471343994 0.4550044536590576
v -4.058184084085412e-16 0.3848135471343994 0.4550044536590576
v 0.09785521030426025 0.12353873252868652 0.4550044536590576
v 0.14743423461914062 0.3848135471343994 0.4550044536590576
v -4.378153426888684e-16 0.12353873252868652 0.4550044536590576
v 0.038357529789209366 1.2616150379180908 2.224562644958496
v 0.038357529789209366 1.26161527633667 1.672731876373291
v -0.038357529789209366 1.2616150379180908 2.224562644958496
v -0.038357529789209366 1.26161527633667 1.672731876373291
v -0.0606771744787693 1.2862277030944824 -0.21235156059265137
v -0.060677096247673035 1.2232944965362549 -0.012359380722045898
v 0.06067754700779915 1.2862277030944824 -0.21235156059265137
v 0.060677625238895416 1.2232944965362549 -0.012359380722045898
v -0.060677096247673035 1.2232944965362549 -0.012359380722045898
v 0.06067763641476631 1.2232944965362549 0.24619412422180176
v 0.060677625238895416 1.2232944965362549 -0.012359380722045898
v -0.06067707762122154 1.2232944965362549 0.24619412422180176
v -3.056630622032654e-16 1.2026441097259521 0.20330333709716797
v -3.056630357334858e-16 1.2026441097259521 -0.601081371307373
v -0.14743423461914062 1.2026441097259521 0.20330333709716797
v -0.14743423461914062 1.202643871307373 0.5296730995178223
v -3.056630622032654e-16 1.202643871307373 0.5296730995178223
v 0.14743423461914062 1.202643871307373 0.5296730995178223
v 0.14743423461914062 1.2026441097259521 0.20330333709716797
v -0.14743423461914062 1.2026441097259521 -0.601081371307373
v 0.14743423461914062 1.2026441097259521 -0.601081371307373
v -3.056630357334858e-16 1.2026441097259521 -0.7770277261734009
v -0.14743423461914062 1.2026441097259521 -0.7770277261734009
v 0.14743423461914062 1.2026441097259521 -0.7770277261734009
v 0.06012331321835518 1.1196751594543457 -0.9380836486816406
v -0.06012331321835518 0.9611911773681641 -1.0079489946365356
v -0.06012331321835518 1.1196751594543457 -0.9380836486816406
v 0.06012331321835518 0.9611911773681641 -1.0079489946365356
v 0.06012331321835518 0.9540135860443115 -1.0703288316726685
v -0.06012331321835518 0.9540135860443115 -1.0703288316726685
v 0.06012331321835518 1.003936529159546 -1.1238970756530762
v -0.06012331321835518 1.003936529159546 -1.1238970756530762
v 0.06012331321835518 1.033595085144043 -1.2851645946502686
v -0.06012331321835518 1.033595085144043 -1.2851645946502686
v -5.175786883263522e-16 1.08302903175354 -0.7106044292449951
v -1.731685017603013e-9 0.7343950271606445 -0.9595221281051636
v -0.17431704699993134 1.0363209247589111 -0.7106044292449951
v -5.175786883263522e-16 1.08302903175354 -0.6539143323898315
v -0.17431704699993134 1.0363209247589111 -0.6539143323898315
v -0.30192598700523376 0.9087121486663818 -0.653914213180542
v -0.30192598700523376 0.9087121486663818 -0.7106044292449951
v -1.731685017603013e-9 0.7343950271606445 -0.9595221281051636
v -0.34863409399986267 0.7343950271606445 -0.7106044292449951
v -1.731685017603013e-9 0.7343950271606445 -0.9595221281051636
v -0.34863409399986267 0.7343950271606445 -0.653914213180542
v -0.30192598700523376 0.5600779056549072 -0.653914213180542
v -0.30192598700523376 0.5600779056549072 -0.7549886703491211
v -1.731685017603013e-9 0.7343950271606445 -0.9595221281051636
v -0.17431704699993134 0.43246912956237793 -0.7106043100357056
v -1.731685017603013e-9 0.7343950271606445 -0.9595221281051636
v -0.17431704699993134 0.43246912956237793 -0.653914213180542
v -4.48144750661957e-16 0.385761022567749 -0.653914213180542
v -4.48144750661957e-16 0.385761022567749 -0.7106043100357056
v -1.731685017603013e-9 0.7343950271606445 -0.9595221281051636
v 0.17431704699993134 0.43246912956237793 -0.653914213180542
v 0.17431704699993134 0.43246912956237793 -0.7106043100357056
v -1.731685017603013e-9 0.7343950271606445 -0.9595221281051636
v 0.30192598700523376 0.5600779056549072 -0.653914213180542
v 0.30192598700523376 0.5600779056549072 -0.7106043100357056
v -1.731685017603013e-9 0.7343950271606445 -0.9595221281051636
v 0.34863409399986267 0.7343950271606445 -0.653914213180542
v 0.34863409399986267 0.7343950271606445 -0.7106044292449951
v -1.731685017603013e-9 0.7343950271606445 -0.9595221281051636
v 0.30192598700523376 0.9087121486663818 -0.653914213180542
v 0.30192598700523376 0.9087121486663818 -0.7106044292449951
v -1.731685017603013e-9 0.7343950271606445 -0.9595221281051636
v 0.17431704699993134 1.0363209247589111 -0.6539143323898315
v 0.17431704699993134 1.0363209247589111 -0.7106044292449951
v -1.731685017603013e-9 0.7343950271606445 -0.9595221281051636
v -5.175786883263522e-16 1.08302903175354 -0.7106044292449951
v -5.175786883263522e-16 1.08302903175354 -0.6539143323898315
v -1.731685017603013e-9 0.7343950271606445 -0.9595221281051636
v 0.12825936079025269 1.3297717571258545 -0.7560089826583862
v 0.04275311902165413 1.2882204055786133 -0.7560089826583862
v 0.04275311902165413 1.3297717571258545 -0.7560089826583862
v 0.12825936079025269 1.2882204055786133 -0.7560089826583862
v 0.04275311902165413 1.1894917488098145 -0.7560089826583862
v 0.12825936079025269 1.1894917488098145 -0.7560089826583862
v -0.04275311902165413 1.1894917488098145 -0.7560089826583862
v -0.04275311902165413 1.2882204055786133 -0.7560089826583862
v -0.12825936079025269 1.1894917488098145 -0.7560089826583862
v -0.12825936079025269 1.2882204055786133 -0.7560089826583862
v -0.04275311902165413 1.3297717571258545 -0.7560089826583862
v -0.12825936079025269 1.3297717571258545 -0.7560089826583862
v -0.06067707762122154 1.2232944965362549 0.24619412422180176
v 0.06067763641476631 1.198399543762207 0.24619412422180176
v 0.06067763641476631 1.2232944965362549 0.24619412422180176
v -0.06067707762122154 1.198399543762207 0.24619412422180176
v -4.378153426888684e-16 0.12353873252868652 -0.06818103790283203
v -4.378153426888684e-16 0.12353873252868652 0.20330309867858887
v -0.14743423461914062 0.12353873252868652 -0.06818103790283203
v -0.14743423461914062 0.12353873252868652 0.20330309867858887
v 0.14743423461914062 0.12353873252868652 -0.06818103790283203
v 0.14743423461914062 0.12353873252868652 0.20330309867858887
v -4.378153426888684e-16 0.12353873252868652 0.20330309867858887
v -0.09785521030426025 0.12353873252868652 0.4550044536590576
v -0.14743423461914062 0.12353873252868652 0.20330309867858887
v -4.378153426888684e-16 0.12353873252868652 0.4550044536590576
v -4.378153426888684e-16 0.12353873252868652 0.20330309867858887
v 0.09785521030426025 0.12353873252868652 0.4550044536590576
v -4.378153426888684e-16 0.12353873252868652 0.4550044536590576
v 0.14743423461914062 0.12353873252868652 0.20330309867858887
v 0.060677334666252136 1.2862277030944824 -0.6862779855728149
v -0.06067739054560661 1.198399543762207 -0.6862778663635254
v -0.06067739054560661 1.2862277030944824 -0.6862778663635254
v 0.060677334666252136 1.198399543762207 -0.6862779855728149
v 0.23447276651859283 -0.3251068592071533 -1.1777325868606567
v -1.9852668220495646e-16 -0.3251068592071533 -1.1777325868606567
v -2.1904988023534433e-16 -0.4926915168762207 -1.2213118076324463
v 0.23447276651859283 -0.4926915168762207 -1.2213118076324463
v -2.3735851062513583e-16 -0.6421928405761719 -1.1497114896774292
v 0.23447276651859283 -0.6421928405761719 -1.1497114896774292
v -2.5132775152147415e-16 -0.7562604546546936 -1.2454230785369873
v 0.23447276651859283 -0.7562604546546936 -1.2454230785369873
v -2.8958751506490165e-16 -1.0686750411987305 -1.3061082363128662
v 0.23447276651859283 -1.0686750411987305 -1.3061082363128662
v -3.073474666282194e-16 -1.213696002960205 -1.3578332662582397
v 0.23447276651859283 -1.213696002960205 -1.3578332662582397
v -3.073474666282194e-16 -1.213696002960205 -1.3578332662582397
v 0.23447276651859283 -1.329771637916565 -1.7896243333816528
v -3.2156263824683706e-16 -1.329771637916565 -1.7896243333816528
v 0.23447276651859283 -1.1892589330673218 -2.258070945739746
v -3.0435479334645153e-16 -1.1892589330673218 -2.258070945739746
v -4.300842612210416e-16 0.18666768074035645 -0.33463120460510254
v -4.378153426888684e-16 0.12353873252868652 -0.06818103790283203
v -0.14743423461914062 0.18666768074035645 -0.33463120460510254
v -0.14743423461914062 0.12353873252868652 -0.06818103790283203
v 0.14743423461914062 0.18666768074035645 -0.33463120460510254
v 0.14743423461914062 0.12353873252868652 -0.06818103790283203
v -4.30084234751262e-16 0.186667799949646 -0.6010814905166626
v -4.300842612210416e-16 0.18666768074035645 -0.33463120460510254
v -0.14743423461914062 0.186667799949646 -0.6010814905166626
v -0.14743423461914062 0.18666768074035645 -0.33463120460510254
v -4.30084234751262e-16 0.186667799949646 -0.6010814905166626
v 0.14743423461914062 0.186667799949646 -0.6010814905166626
v -4.300842612210416e-16 0.18666768074035645 -0.33463120460510254
v 0.14743423461914062 0.18666768074035645 -0.33463120460510254
v -0.06012331321835518 1.105426549911499 -0.8457949161529541
v 0.06012331321835518 1.105426549911499 -0.8457949161529541
v 0.06012331321835518 1.1196751594543457 -0.9380836486816406
v -0.06012331321835518 1.1196751594543457 -0.9380836486816406
v -0.06012331321835518 1.083608865737915 -0.7698322534561157
v 0.06012331321835518 1.083608865737915 -0.7698322534561157
v -3.6419962983365837e-16 0.7246565818786621 -1.1729074716567993
v 0.14743423461914062 0.7246565818786621 -1.1729074716567993
v -3.7676883114730374e-16 0.6220211982727051 -1.5566984415054321
v 0.14743423461914062 0.6220211982727051 -1.5566984415054321
v -7.654571893377088e-17 0.6709432601928711 -1.2320129871368408
v 0.23447276651859283 0.6709432601928711 -1.2320129871368408
v -8.704995980112867e-17 0.5851695537567139 -1.5206847190856934
v 0.23447276651859283 0.5851695537567139 -1.5206847190856934
v 0.3462962806224823 0.5344607830047607 -0.6025439500808716
v 0.19993425905704498 1.0806913375854492 -0.6025439500808716
v 0.3462962806224823 0.9343292713165283 -0.6025439500808716
v 0.39986851811408997 0.7343950271606445 -0.6025439500808716
v -0.19993425905704498 1.0806913375854492 -0.6025439500808716
v -6.769086561993199e-16 1.134263515472412 -0.6025439500808716
v 0.19993425905704498 0.38809871673583984 -0.602543830871582
v -0.19993425905704498 0.38809871673583984 -0.602543830871582
v -5.972708831962666e-16 0.33452653884887695 -0.602543830871582
v -0.3462962806224823 0.5344607830047607 -0.6025439500808716
v -0.3462962806224823 0.9343292713165283 -0.6025439500808716
v -0.39986851811408997 0.7343950271606445 -0.6025439500808716
v -0.14743423461914062 0.2294328212738037 -1.5566985607147217
v -4.2484705650816827e-16 0.2294328212738037 -1.5566985607147217
v -4.2484705650816827e-16 0.22943270206451416 -1.1729075908660889
v -0.14743423461914062 0.22943270206451416 -1.1729075908660889
v 0.14743423461914062 0.2294328212738037 -1.5566985607147217
v -4.2484705650816827e-16 0.22943270206451416 -1.1729075908660889
v -4.2484705650816827e-16 0.2294328212738037 -1.5566985607147217
v 0.14743423461914062 0.22943270206451416 -1.1729075908660889
v 0.3462962806224823 0.9343292713165283 0.10361003875732422
v 0.19993425905704498 0.38809871673583984 0.10361003875732422
v 0.3462962806224823 0.5344607830047607 0.10361003875732422
v 0.39986851811408997 0.7343950271606445 0.10361003875732422
v -0.19993425905704498 0.38809871673583984 0.10361003875732422
v -4.32433268872235e-16 0.33452653884887695 0.10361003875732422
v -0.19993425905704498 1.0806913375854492 0.10361003875732422
v 0.19993425905704498 1.0806913375854492 0.10361003875732422
v -5.120710154055087e-16 1.134263515472412 0.10361003875732422
v -0.3462962806224823 0.9343292713165283 0.10361003875732422
v -0.3462962806224823 0.5344607830047607 0.10361003875732422
v -0.39986851811408997 0.7343950271606445 0.10361003875732422
v 0.1395111083984375 0.003610968589782715 -0.8623409271240234
v -0.1395111083984375 -0.2909609079360962 -0.7650232315063477
v -0.1395111083984375 0.003610968589782715 -0.8623409271240234
v -0.1395111083984375 0.025569558143615723 -0.7958742380142212
v 0.1395111083984375 0.025569558143615723 -0.7958742380142212
v 0.1395111083984375 -0.2909609079360962 -0.7650232315063477
v -0.1395111083984375 -0.41352319717407227 -0.63067626953125
v 0.1395111083984375 -0.41352319717407227 -0.63067626953125
v -0.1395111083984375 -0.41352319717407227 -0.2618112564086914
v 0.1395111083984375 -0.41352319717407227 -0.2618112564086914
v -0.1395111083984375 -0.23557233810424805 -0.02140069007873535
v 0.1395111083984375 -0.23557233810424805 -0.02140069007873535
v -0.1395111083984375 -0.029127836227416992 0.03467059135437012
v 0.1395111083984375 -0.029127836227416992 0.03467059135437012
v 0.1395111083984375 0.13240158557891846 0.14346933364868164
v -0.1395111083984375 0.13240158557891846 0.14346933364868164
v 0.1395111083984375 0.15923428535461426 -0.1311192512512207
v -0.1395111083984375 0.15923428535461426 -0.1311192512512207
v 0.1395111083984375 -0.004233717918395996 -0.031104087829589844
v -0.1395111083984375 -0.004233717918395996 -0.031104087829589844
v 0.1395111083984375 -0.19376897811889648 -0.08258271217346191
v -0.1395111083984375 -0.19376897811889648 -0.08258271217346191
v 0.1395111083984375 -0.34352314472198486 -0.2848997116088867
v -0.1395111083984375 -0.34352314472198486 -0.2848997116088867
v 0.1395111083984375 -0.34352314472198486 -0.6035436391830444
v -0.1395111083984375 -0.34352314472198486 -0.6035436391830444
v 0.1395111083984375 -0.2515995502471924 -0.70430588722229
v -0.1395111083984375 -0.2515995502471924 -0.70430588722229
v 0.23447276651859283 0.039871931076049805 -1.7501070499420166
v 0.23447276651859283 -0.012069106101989746 -1.3579039573669434
v 0.23447276651859283 -0.23080849647521973 -1.4813108444213867
v 0.23447276651859283 0.2628471851348877 -1.6084539890289307
v 0.23447276651859283 -0.3251068592071533 -1.1777325868606567
v 0.23447276651859283 -0.4926915168762207 -1.2213118076324463
v 0.23447276651859283 -0.4800940752029419 -1.509006142616272
v 0.23447276651859283 -0.6421928405761719 -1.1497114896774292
v 0.23447276651859283 -0.8695132732391357 -2.1369447708129883
v 0.23447276651859283 -0.9837563633918762 -1.717127799987793
v 0.23447276651859283 -1.329771637916565 -1.7896243333816528
v 0.23447276651859283 -1.1892589330673218 -2.258070945739746
v 0.23447276651859283 -0.7263250350952148 -1.6364858150482178
v 0.23447276651859283 -0.8695132732391357 -2.1369447708129883
v 0.23447276651859283 -0.4881865978240967 -2.024616003036499
v 0.23447276651859283 -0.9837563633918762 -1.717127799987793
v 0.23447276651859283 -0.4881865978240967 -2.024616003036499
v 0.23447276651859283 -0.4800940752029419 -1.509006142616272
v 0.23447276651859283 -0.7263250350952148 -1.6364858150482178
v 0.23447276651859283 -0.19776535034179688 -1.8976250886917114
v 0.23447276651859283 -0.19776535034179688 -1.8976250886917114
v 0.23447276651859283 -0.23080849647521973 -1.4813108444213867
v 0.23447276651859283 -0.4800940752029419 -1.509006142616272
v 0.23447276651859283 0.039871931076049805 -1.7501070499420166
v 0.23447276651859283 -0.4800940752029419 -1.509006142616272
v 0.23447276651859283 -0.6421928405761719 -1.1497114896774292
v 0.23447276651859283 -0.7562604546546936 -1.2454230785369873
v 0.23447276651859283 -0.7263250350952148 -1.6364858150482178
v 0.23447276651859283 -0.7263250350952148 -1.6364858150482178
v 0.23447276651859283 -0.7562604546546936 -1.2454230785369873
v 0.23447276651859283 -1.0686750411987305 -1.3061082363128662
v 0.23447276651859283 -0.9837563633918762 -1.717127799987793
v 0.23447276651859283 -0.9837563633918762 -1.717127799987793
v 0.23447276651859283 -1.0686750411987305 -1.3061082363128662
v 0.23447276651859283 -1.213696002960205 -1.3578332662582397
v 0.23447276651859283 -1.329771637916565 -1.7896243333816528
v 0.23447276651859283 -0.012069106101989746 -1.3579039573669434
v 0.23447276651859283 0.2628471851348877 -1.6084539890289307
v 0.23447276651859283 0.23022687435150146 -1.2144752740859985
v 0.23447276651859283 0.34679150581359863 -1.5559308528900146
v 0.23447276651859283 0.5851695537567139 -1.5206847190856934
v 0.23447276651859283 0.6709432601928711 -1.2320129871368408
v 0.23447276651859283 0.11952733993530273 -0.8524926900863647
v 0.23447276651859283 -0.3251068592071533 -1.1777325868606567
v 0.23447276651859283 -0.012069106101989746 -1.3579039573669434
v 0.23447276651859283 0.23022687435150146 -1.2144752740859985
v 0.23447276651859283 0.11952733993530273 -0.8524926900863647
v 0.23447276651859283 -0.2785472869873047 -0.7691477537155151
v 0.23447276651859283 -0.27451837062835693 -1.0210766792297363
v 0.23447276651859283 -0.3251068592071533 -1.1777325868606567
v -0.23447276651859283 -0.012069106101989746 -1.3579039573669434
v -0.23447276651859283 0.039871931076049805 -1.7501070499420166
v -0.23447276651859283 -0.23080849647521973 -1.4813108444213867
v -0.23447276651859283 0.2628471851348877 -1.6084539890289307
v -0.23447276651859283 -0.3251068592071533 -1.1777325868606567
v -0.23447276651859283 -0.4926915168762207 -1.2213118076324463
v -0.23447276651859283 -0.8695132732391357 -2.1369447708129883
v -0.23447276651859283 -1.329771637916565 -1.7896243333816528
v -0.23447276651859283 -0.9837563633918762 -1.717127799987793
v -0.23447276651859283 -1.1892589330673218 -2.258070945739746
v -0.23447276651859283 -0.7263250350952148 -1.6364858150482178
v -0.23447276651859283 -0.4881865978240967 -2.024616003036499
v -0.23447276651859283 -1.0686750411987305 -1.3061082363128662
v -0.23447276651859283 -0.7562604546546936 -1.2454230785369873
v -0.23447276651859283 -0.4800940752029419 -1.509006142616272
v -0.23447276651859283 -0.4881865978240967 -2.024616003036499
v -0.23447276651859283 -0.7263250350952148 -1.6364858150482178
v -0.23447276651859283 -0.19776535034179688 -1.8976250886917114
v -0.23447276651859283 -0.23080849647521973 -1.4813108444213867
v -0.23447276651859283 -0.19776535034179688 -1.8976250886917114
v -0.23447276651859283 -0.4800940752029419 -1.509006142616272
v -0.23447276651859283 0.039871931076049805 -1.7501070499420166
v -0.23447276651859283 -0.4800940752029419 -1.509006142616272
v -0.23447276651859283 -0.6421928405761719 -1.1497114896774292
v -0.23447276651859283 -0.4926915168762207 -1.2213118076324463
v -0.23447276651859283 -0.23080849647521973 -1.4813108444213867
v -0.23447276651859283 -0.6421928405761719 -1.1497114896774292
v -0.23447276651859283 -0.4800940752029419 -1.509006142616272
v -0.23447276651859283 -0.7562604546546936 -1.2454230785369873
v -0.23447276651859283 -0.7263250350952148 -1.6364858150482178
v -0.23447276651859283 -0.9837563633918762 -1.717127799987793
v -0.23447276651859283 -1.213696002960205 -1.3578332662582397
v -0.23447276651859283 -1.0686750411987305 -1.3061082363128662
v -0.23447276651859283 -1.329771637916565 -1.7896243333816528
v -0.23447276651859283 0.23022687435150146 -1.2144752740859985
v -0.23447276651859283 0.2628471851348877 -1.6084539890289307
v -0.23447276651859283 -0.012069106101989746 -1.3579039573669434
v -0.23447276651859283 0.34679150581359863 -1.5559308528900146
v -0.23447276651859283 -0.3251068592071533 -1.1777325868606567
v -0.23447276651859283 0.11952733993530273 -0.8524926900863647
v -0.23447276651859283 -0.012069106101989746 -1.3579039573669434
v -0.23447276651859283 0.23022687435150146 -1.2144752740859985
v -0.23447276651859283 0.5851695537567139 -1.5206847190856934
v -0.23447276651859283 0.23022687435150146 -1.2144752740859985
v -0.23447276651859283 0.6709432601928711 -1.2320129871368408
v -0.23447276651859283 0.34679150581359863 -1.5559308528900146
v -0.23447276651859283 0.11952733993530273 -0.8524926900863647
v -0.23447276651859283 -0.3251068592071533 -1.1777325868606567
v -0.23447276651859283 -0.27451837062835693 -1.0210766792297363
v -0.23447276651859283 -0.2785472869873047 -0.7691477537155151
v -6.769086561993199e-16 1.134263515472412 -0.6025439500808716
v -0.19993425905704498 1.0806913375854492 0.10361003875732422
v -5.120710154055087e-16 1.134263515472412 0.10361003875732422
v -0.19993425905704498 1.0806913375854492 -0.6025439500808716
v -0.3462962806224823 0.9343292713165283 -0.6025439500808716
v -0.3462962806224823 0.9343292713165283 0.10361003875732422
v -0.39986851811408997 0.7343950271606445 0.10361003875732422
v -0.39986851811408997 0.7343950271606445 -0.6025439500808716
v -0.3462962806224823 0.5344607830047607 0.10361003875732422
v -0.3462962806224823 0.5344607830047607 -0.6025439500808716
v -0.19993425905704498 0.38809871673583984 -0.602543830871582
v -0.19993425905704498 0.38809871673583984 0.10361003875732422
v -5.972708831962666e-16 0.33452653884887695 -0.602543830871582
v -4.32433268872235e-16 0.33452653884887695 0.10361003875732422
v 0.19993425905704498 0.38809871673583984 -0.602543830871582
v 0.19993425905704498 0.38809871673583984 0.10361003875732422
v 0.3462962806224823 0.5344607830047607 -0.6025439500808716
v 0.3462962806224823 0.5344607830047607 0.10361003875732422
v 0.39986851811408997 0.7343950271606445 -0.6025439500808716
v 0.39986851811408997 0.7343950271606445 0.10361003875732422
v 0.3462962806224823 0.9343292713165283 -0.6025439500808716
v 0.3462962806224823 0.9343292713165283 0.10361003875732422
v 0.19993425905704498 1.0806913375854492 -0.6025439500808716
v 0.19993425905704498 1.0806913375854492 0.10361003875732422
v -5.120710154055087e-16 1.134263515472412 0.10361003875732422
v -6.769086561993199e-16 1.134263515472412 -0.6025439500808716
v -0.14743423461914062 0.11946618556976318 -0.7138990163803101
v -4.383140862761236e-16 0.11946618556976318 -0.7138990163803101
v -4.30084234751262e-16 0.186667799949646 -0.6010814905166626
v -0.14743423461914062 0.186667799949646 -0.6010814905166626
v 0.14743423461914062 0.186667799949646 -0.6010814905166626
v -4.30084234751262e-16 0.186667799949646 -0.6010814905166626
v 0.14743423461914062 0.11946618556976318 -0.7138990163803101
v -4.383140862761236e-16 0.11946618556976318 -0.7138990163803101
v -0.14743423461914062 0.22943270206451416 -1.1729075908660889
v -0.14743423461914062 0.43670177459716797 -0.9265824556350708
v -0.14743423461914062 0.39450740814208984 -1.1729074716567993
v -0.14743423461914062 0.36029553413391113 -1.5566985607147217
v -0.14743423461914062 0.2294328212738037 -1.5566985607147217
v -0.14743423461914062 0.49115848541259766 -1.5566984415054321
v -0.14743423461914062 -0.02104663848876953 -0.7819968461990356
v -0.14743423461914062 0.559581995010376 -1.1729074716567993
v -0.14743423461914062 0.6220211982727051 -1.5566984415054321
v -0.14743423461914062 0.11946618556976318 -0.7138990163803101
v -0.14743423461914062 0.7246565818786621 -1.1729074716567993
v -0.14743423461914062 0.684699296951294 -0.9265823364257812
v -0.14743423461914062 0.9123325347900391 -0.9265823364257812
v -0.14743423461914062 0.3848137855529785 -0.77702796459198
v -0.14743423461914062 0.186667799949646 -0.6010814905166626
v -0.14743423461914062 1.1287195682525635 -0.7770278453826904
v -0.14743423461914062 1.2026441097259521 -0.7770277261734009
v -0.14743423461914062 0.3848135471343994 -0.6010814905166626
v -0.14743423461914062 0.18666768074035645 -0.33463120460510254
v -0.14743423461914062 0.3848135471343994 -0.33463120460510254
v -0.14743423461914062 0.3848135471343994 -0.06818103790283203
v -0.14743423461914062 0.12353873252868652 -0.06818103790283203
v -0.14743423461914062 0.12353873252868652 0.20330309867858887
v -0.14743423461914062 0.3848135471343994 0.20330333709716797
v -0.09785521030426025 0.12353873252868652 0.4550044536590576
v -0.14743423461914062 0.3848135471343994 0.4550044536590576
v -0.14743423461914062 0.5291788578033447 0.20330333709716797
v -0.14743423461914062 0.5291788578033447 0.5296730995178223
v -0.14743423461914062 0.8356838226318359 0.20330333709716797
v -0.14743423461914062 0.8356838226318359 0.5296730995178223
v -0.1907348781824112 0.9438583850860596 0.20330333709716797
v -0.1907348781824112 0.9438583850860596 0.5296730995178223
v -0.1907348781824112 1.0573930740356445 0.5296730995178223
v -0.1907348781824112 1.0573930740356445 0.20330333709716797
v -0.14743423461914062 1.1287193298339844 0.5296730995178223
v -0.14743423461914062 1.1287193298339844 0.20330333709716797
v -0.14743423461914062 1.2026441097259521 0.20330333709716797
v -0.14743423461914062 1.202643871307373 0.5296730995178223
v -0.14743423461914062 1.1287195682525635 -0.601081371307373
v -0.14743423461914062 1.1287193298339844 0.20330333709716797
v -0.14743423461914062 1.2026441097259521 -0.601081371307373
v 0.14743423461914062 0.43670177459716797 -0.9265824556350708
v 0.14743423461914062 0.22943270206451416 -1.1729075908660889
v 0.14743423461914062 0.39450740814208984 -1.1729074716567993
v 0.14743423461914062 -0.02104663848876953 -0.7819968461990356
v 0.14743423461914062 0.559581995010376 -1.1729074716567993
v 0.14743423461914062 0.11946618556976318 -0.7138990163803101
v 0.14743423461914062 0.684699296951294 -0.9265823364257812
v 0.14743423461914062 0.7246565818786621 -1.1729074716567993
v 0.14743423461914062 0.9123325347900391 -0.9265823364257812
v 0.14743423461914062 0.3848137855529785 -0.77702796459198
v 0.14743423461914062 0.186667799949646 -0.6010814905166626
v 0.14743423461914062 1.1287195682525635 -0.7770278453826904
v 0.14743423461914062 1.2026441097259521 -0.7770277261734009
v 0.14743423461914062 0.3848135471343994 -0.6010814905166626
v 0.14743423461914062 0.18666768074035645 -0.33463120460510254
v 0.14743423461914062 0.3848135471343994 -0.33463120460510254
v 0.14743423461914062 0.3848135471343994 -0.06818103790283203
v 0.14743423461914062 0.12353873252868652 -0.06818103790283203
v 0.14743423461914062 0.12353873252868652 0.20330309867858887
v 0.14743423461914062 0.3848135471343994 0.20330333709716797
v 0.09785521030426025 0.12353873252868652 0.4550044536590576
v 0.14743423461914062 0.3848135471343994 0.4550044536590576
v 0.14743423461914062 0.5291788578033447 0.20330333709716797
v 0.14743423461914062 0.5291788578033447 0.5296730995178223
v 0.14743423461914062 0.8356838226318359 0.20330333709716797
v 0.14743423461914062 0.8356838226318359 0.5296730995178223
v 0.1907348781824112 0.9438583850860596 0.20330333709716797
v 0.1907348781824112 0.9438583850860596 0.5296730995178223
v 0.1907348781824112 1.0573930740356445 0.5296730995178223
v 0.1907348781824112 1.0573930740356445 0.20330333709716797
v 0.14743423461914062 1.1287193298339844 0.5296730995178223
v 0.14743423461914062 1.1287193298339844 0.20330333709716797
v 0.14743423461914062 1.2026441097259521 0.20330333709716797
v 0.14743423461914062 1.202643871307373 0.5296730995178223
v 0.14743423461914062 1.1287195682525635 -0.601081371307373
v 0.14743423461914062 1.1287193298339844 0.20330333709716797
v 0.14743423461914062 1.2026441097259521 -0.601081371307373
v 0.14743423461914062 0.6220211982727051 -1.5566984415054321
v 0.14743423461914062 0.7246565818786621 -1.1729074716567993
v 0.14743423461914062 0.559581995010376 -1.1729074716567993
v 0.14743423461914062 0.49115848541259766 -1.5566984415054321
v 0.14743423461914062 0.39450740814208984 -1.1729074716567993
v 0.14743423461914062 0.36029553413391113 -1.5566985607147217
v 0.14743423461914062 0.22943270206451416 -1.1729075908660889
v 0.14743423461914062 0.2294328212738037 -1.5566985607147217
v 0.1395111083984375 0.003610968589782715 -0.8623409271240234
v 0.1395111083984375 -0.2515995502471924 -0.70430588722229
v 0.1395111083984375 -0.2909609079360962 -0.7650232315063477
v 0.1395111083984375 0.025569558143615723 -0.7958742380142212
v 0.1395111083984375 -0.34352314472198486 -0.6035436391830444
v 0.1395111083984375 -0.41352319717407227 -0.63067626953125
v -0.1395111083984375 0.003610968589782715 -0.8623409271240234
v -0.1395111083984375 -0.2909609079360962 -0.7650232315063477
v -0.1395111083984375 -0.2515995502471924 -0.70430588722229
v -0.1395111083984375 0.025569558143615723 -0.7958742380142212
v -0.1395111083984375 -0.34352314472198486 -0.6035436391830444
v -0.1395111083984375 -0.41352319717407227 -0.63067626953125
v -0.1395111083984375 -0.41352319717407227 -0.2618112564086914
v -0.1395111083984375 -0.34352314472198486 -0.6035436391830444
v -0.1395111083984375 -0.41352319717407227 -0.63067626953125
v -0.1395111083984375 -0.34352314472198486 -0.2848997116088867
v 0.1395111083984375 -0.41352319717407227 -0.2618112564086914
v 0.1395111083984375 -0.41352319717407227 -0.63067626953125
v 0.1395111083984375 -0.34352314472198486 -0.6035436391830444
v 0.1395111083984375 -0.34352314472198486 -0.2848997116088867
v -0.1395111083984375 -0.19376897811889648 -0.08258271217346191
v -0.1395111083984375 -0.34352314472198486 -0.2848997116088867
v -0.1395111083984375 -0.41352319717407227 -0.2618112564086914
v -0.1395111083984375 -0.23557233810424805 -0.02140069007873535
v 0.1395111083984375 -0.41352319717407227 -0.2618112564086914
v 0.1395111083984375 -0.19376897811889648 -0.08258271217346191
v 0.1395111083984375 -0.23557233810424805 -0.02140069007873535
v 0.1395111083984375 -0.34352314472198486 -0.2848997116088867
v -0.1395111083984375 -0.029127836227416992 0.03467059135437012
v -0.1395111083984375 -0.19376897811889648 -0.08258271217346191
v -0.1395111083984375 -0.23557233810424805 -0.02140069007873535
v -0.1395111083984375 -0.004233717918395996 -0.031104087829589844
v 0.1395111083984375 -0.029127836227416992 0.03467059135437012
v 0.1395111083984375 -0.23557233810424805 -0.02140069007873535
v 0.1395111083984375 -0.19376897811889648 -0.08258271217346191
v 0.1395111083984375 -0.004233717918395996 -0.031104087829589844
v 0.1395111083984375 0.13240158557891846 0.14346933364868164
v 0.1395111083984375 -0.004233717918395996 -0.031104087829589844
v 0.1395111083984375 0.15923428535461426 -0.1311192512512207
v 0.1395111083984375 -0.029127836227416992 0.03467059135437012
v -0.1395111083984375 0.13240158557891846 0.14346933364868164
v -0.1395111083984375 0.15923428535461426 -0.1311192512512207
v -0.1395111083984375 -0.004233717918395996 -0.031104087829589844
v -0.1395111083984375 -0.029127836227416992 0.03467059135437012
v 0.12825936079025269 1.3297717571258545 -0.658063530921936
v 0.12825936079025269 1.2882204055786133 -0.7560089826583862
v 0.12825936079025269 1.3297717571258545 -0.7560089826583862
v 0.12825936079025269 1.2882204055786133 -0.658063530921936
v 0.12825936079025269 1.1894917488098145 -0.7560089826583862
v 0.12825936079025269 1.1894917488098145 -0.658063530921936
v -0.12825936079025269 1.3297717571258545 -0.7560089826583862
v -0.12825936079025269 1.2882204055786133 -0.658063530921936
v -0.12825936079025269 1.3297717571258545 -0.658063530921936
v -0.12825936079025269 1.2882204055786133 -0.7560089826583862
v -0.12825936079025269 1.1894917488098145 -0.658063530921936
v -0.12825936079025269 1.1894917488098145 -0.7560089826583862
v -0.11012855917215347 0.7883493900299072 0.2371971607208252
v -0.09193291515111923 0.8465495109558105 2.258070945739746
v -0.09193291515111923 0.8465492725372314 0.2371971607208252
v -0.1532721221446991 0.9144654273986816 2.258070945739746
v -0.11012855917215347 0.7883493900299072 2.258070945739746
v -0.1532721221446991 0.9144654273986816 0.2371971607208252
v -0.09537412971258163 0.7332851886749268 0.2371971607208252
v -0.17698340117931366 1.0029573440551758 2.258070945739746
v -0.09537412971258163 0.7332851886749268 2.258070945739746
v -0.17698340117931366 1.0029571056365967 0.2371971607208252
v -0.055064279586076736 0.6929752826690674 0.2371971607208252
v -0.1532721221446991 1.0914490222930908 2.258070945739746
v -0.055064279586076736 0.6929752826690674 2.258070945739746
v -8.372757629766412e-16 0.6782207489013672 0.2371971607208252
v -3.885516153089827e-16 0.6782209873199463 2.258070945739746
v -0.1532721221446991 1.0914487838745117 0.2371971607208252
v -0.08849170058965683 1.1562292575836182 2.258070945739746
v -0.08849170058965683 1.1562292575836182 0.2371971607208252
v -4.3851282138137313e-16 1.1799407005310059 2.258070945739746
v -8.872369955188113e-16 1.1799404621124268 0.2371971607208252
v 0.09193291515111923 0.8465492725372314 0.2371971607208252
v 0.09193291515111923 0.8465495109558105 2.258070945739746
v 0.11012855917215347 0.7883493900299072 0.2371971607208252
v 0.11012855917215347 0.7883493900299072 2.258070945739746
v 0.1532721221446991 0.9144654273986816 2.258070945739746
v 0.09537412971258163 0.7332851886749268 0.2371971607208252
v 0.1532721221446991 0.9144654273986816 0.2371971607208252
v 0.09537412971258163 0.7332851886749268 2.258070945739746
v 0.17698340117931366 1.0029573440551758 2.258070945739746
v 0.055064279586076736 0.6929752826690674 0.2371971607208252
v 0.17698340117931366 1.0029571056365967 0.2371971607208252
v 0.055064279586076736 0.6929752826690674 2.258070945739746
v -8.372757629766412e-16 0.6782207489013672 0.2371971607208252
v -3.885516153089827e-16 0.6782209873199463 2.258070945739746
v 0.1532721221446991 1.0914490222930908 2.258070945739746
v 0.1532721221446991 1.0914487838745117 0.2371971607208252
v 0.08849170058965683 1.1562292575836182 2.258070945739746
v 0.08849170058965683 1.1562292575836182 0.2371971607208252
v -4.3851282138137313e-16 1.1799407005310059 2.258070945739746
v -8.872369955188113e-16 1.1799404621124268 0.2371971607208252
v 0.06012331321835518 1.105426549911499 -0.8457949161529541
v 0.06012331321835518 0.9126098155975342 -0.8388036489486694
v 0.06012331321835518 0.9344274997711182 -0.9147663116455078
v 0.06012331321835518 1.083608865737915 -0.7698322534561157
v 0.06012331321835518 1.1196751594543457 -0.9380836486816406
v 0.06012331321835518 0.9611911773681641 -1.0079489946365356
v 0.06012331321835518 0.7698407173156738 -1.0207576751708984
v 0.06012331321835518 0.8453259468078613 -1.0454286336898804
v 0.06012331321835518 0.8114314079284668 -1.1077475547790527
v 0.06012331321835518 0.7336177825927734 -1.0885363817214966
v 0.06012331321835518 0.9068844318389893 -1.131313681602478
v 0.06012331321835518 0.7649784088134766 -1.2134016752243042
v 0.06012331321835518 0.9540135860443115 -1.0703288316726685
v 0.06012331321835518 0.6785831451416016 -1.1898996829986572
v 0.06012331321835518 0.676689863204956 -1.3029650449752808
v 0.06012331321835518 0.5988762378692627 -1.2837538719177246
v 0.06012331321835518 1.003936529159546 -1.1238970756530762
v 0.06012331321835518 0.9416108131408691 -1.1705790758132935
v 0.06012331321835518 1.033595085144043 -1.2851645946502686
v 0.06012331321835518 0.9924731254577637 -1.2952313423156738
v -0.06012331321835518 1.1196751594543457 -0.9380836486816406
v -0.06012331321835518 0.9344274997711182 -0.9147663116455078
v -0.06012331321835518 1.105426549911499 -0.8457949161529541
v -0.06012331321835518 0.9611911773681641 -1.0079489946365356
v -0.06012331321835518 0.8453259468078613 -1.0454286336898804
v -0.06012331321835518 0.9611911773681641 -1.0079489946365356
v -0.06012331321835518 0.9540135860443115 -1.0703288316726685
v -0.06012331321835518 0.9344274997711182 -0.9147663116455078
v -0.06012331321835518 0.9068844318389893 -1.131313681602478
v -0.06012331321835518 0.8114314079284668 -1.1077475547790527
v -0.06012331321835518 0.8453259468078613 -1.0454286336898804
v -0.06012331321835518 0.7698407173156738 -1.0207576751708984
v -0.06012331321835518 0.9540135860443115 -1.0703288316726685
v -0.06012331321835518 0.7336177825927734 -1.0885363817214966
v -0.06012331321835518 1.003936529159546 -1.1238970756530762
v -0.06012331321835518 0.7649784088134766 -1.2134016752243042
v -0.06012331321835518 0.9416108131408691 -1.1705790758132935
v -0.06012331321835518 1.033595085144043 -1.2851645946502686
v -0.06012331321835518 0.9924731254577637 -1.2952313423156738
v -0.06012331321835518 0.6785831451416016 -1.1898996829986572
v -0.06012331321835518 0.676689863204956 -1.3029650449752808
v -0.06012331321835518 0.5988762378692627 -1.2837538719177246
v -0.06012331321835518 0.9344274997711182 -0.9147663116455078
v -0.06012331321835518 0.7698407173156738 -1.0207576751708984
v -0.06012331321835518 0.9126098155975342 -0.8388036489486694
v -0.06012331321835518 0.8453259468078613 -1.0454286336898804
v 0.06012331321835518 0.9344274997711182 -0.9147663116455078
v 0.06012331321835518 0.8453259468078613 -1.0454286336898804
v 0.06012331321835518 0.9611911773681641 -1.0079489946365356
v 0.06012331321835518 0.9540135860443115 -1.0703288316726685
v -0.06012331321835518 1.105426549911499 -0.8457949161529541
v -0.06012331321835518 0.9126098155975342 -0.8388036489486694
v -0.06012331321835518 1.083608865737915 -0.7698322534561157
v -0.06012331321835518 0.9344274997711182 -0.9147663116455078
v -0.06067739054560661 1.2862277030944824 -0.6862778663635254
v -0.0606771744787693 1.198399543762207 -0.21235156059265137
v -0.0606771744787693 1.2862277030944824 -0.21235156059265137
v -0.06067739054560661 1.198399543762207 -0.6862778663635254
v 0.060677625238895416 1.2232944965362549 -0.012359380722045898
v 0.06067754700779915 1.198399543762207 -0.21235156059265137
v 0.06067754700779915 1.2862277030944824 -0.21235156059265137
v 0.060677625238895416 1.198399543762207 -0.012359380722045898
v 0.06067754700779915 1.2862277030944824 -0.21235156059265137
v 0.060677334666252136 1.198399543762207 -0.6862779855728149
v 0.060677334666252136 1.2862277030944824 -0.6862779855728149
v 0.06067754700779915 1.198399543762207 -0.21235156059265137
v -0.060677096247673035 1.2232944965362549 -0.012359380722045898
v -0.0606771744787693 1.198399543762207 -0.21235156059265137
v -0.060677096247673035 1.198399543762207 -0.012359380722045898
v -0.0606771744787693 1.2862277030944824 -0.21235156059265137
v 0.06067763641476631 1.2232944965362549 0.24619412422180176
v 0.060677625238895416 1.198399543762207 -0.012359380722045898
v 0.060677625238895416 1.2232944965362549 -0.012359380722045898
v 0.06067763641476631 1.198399543762207 0.24619412422180176
v -0.060677096247673035 1.198399543762207 -0.012359380722045898
v -0.06067707762122154 1.198399543762207 0.24619412422180176
v -0.060677096247673035 1.2232944965362549 -0.012359380722045898
v -0.06067707762122154 1.2232944965362549 0.24619412422180176
v 0.038357529789209366 1.2616150379180908 2.224562644958496
v 0.038357529789209366 1.1588668823242188 1.672731876373291
v 0.038357529789209366 1.26161527633667 1.672731876373291
v 0.038357529789209366 1.1588666439056396 2.224562644958496
v 0.038357529789209366 1.1837618350982666 1.4727392196655273
v 0.038357529789209366 1.1588668823242188 1.4727392196655273
v -0.038357529789209366 1.1837618350982666 1.4727392196655273
v -0.038357529789209366 1.1588668823242188 1.672731876373291
v -0.038357529789209366 1.26161527633667 1.672731876373291
v -0.038357529789209366 1.1588668823242188 1.4727392196655273
v -0.038357529789209366 1.1588666439056396 2.224562644958496
v -0.038357529789209366 1.2616150379180908 2.224562644958496
v 0.022886697202920914 1.2900118827819824 2.2045979499816895
v 0.022886697202920914 1.2152411937713623 2.150942802429199
v 0.022886697202920914 1.3292524814605713 2.150942802429199
v 0.022886697202920914 1.2152411937713623 2.2045979499816895
v -0.022886697202920914 1.3292524814605713 1.9016709327697754
v -0.022886697202920914 1.2152411937713623 2.150942802429199
v -0.022886697202920914 1.3292524814605713 2.150942802429199
v -0.022886697202920914 1.2152411937713623 1.9016709327697754
v -0.022886697202920914 1.2900118827819824 2.2045979499816895
v -0.022886697202920914 1.2152411937713623 2.2045979499816895
v 0.022886697202920914 1.3292524814605713 2.150942802429199
v 0.022886697202920914 1.2152411937713623 1.9016709327697754
v 0.022886697202920914 1.3292524814605713 1.9016709327697754
v 0.022886697202920914 1.2152411937713623 2.150942802429199
v -8.704995980112867e-17 0.5851695537567139 -1.5206847190856934
v -7.654571893377088e-17 0.6709432601928711 -1.2320129871368408
v -1.3051790394409625e-16 0.23022687435150146 -1.2144752740859985
v -1.1624287091890933e-16 0.34679150581359863 -1.5559308528900146
v -1.2652308480660816e-16 0.2628471851348877 -1.6084539890289307
v -1.6019060628693726e-16 -0.012069106101989746 -1.3579039573669434
v -1.4407469273468093e-16 0.11952733993530273 -0.8524926900863647
v -1.9852668220495646e-16 -0.3251068592071533 -1.1777325868606567
v -1.923313641147303e-16 -0.27451837062835693 -1.0210766792297363
v -1.9282476080650593e-16 -0.2785472869873047 -0.7691477537155151
v -3.1471622975285816e-16 1.1287193298339844 0.5296730995178223
v -3.330718307665529e-16 0.9788341522216797 0.20330333709716797
v -3.1471620328307856e-16 1.1287193298339844 0.20330333709716797
v -3.330718572363325e-16 0.9788341522216797 0.5296730995178223
v -3.3735514403191987e-16 0.9438583850860596 0.20330333709716797
v -3.3735517050169947e-16 0.9438583850860596 0.5296730995178223
v -3.506026863874179e-16 0.835684061050415 0.20330333709716797
v -3.506027128571975e-16 0.8356838226318359 0.5296730995178223
v -3.8813873968675543e-16 0.5291788578033447 0.20330333709716797
v -3.8813876615653503e-16 0.5291788578033447 0.5296730995178223
v -4.058184084085412e-16 0.3848135471343994 0.4550044536590576
v -4.058184084085412e-16 0.3848135471343994 0.20330333709716797
v -0.05459212139248848 0.7968156337738037 0.08231854438781738
v -4.1351108222616596e-16 0.8194284439086914 0.22108817100524902
v -4.443241026742481e-16 0.8194284439086914 0.08231854438781738
v -0.05459212139248848 0.7968156337738037 0.22108817100524902
v -0.07720492035150528 0.7422235012054443 0.08231854438781738
v -0.07720492035150528 0.7422235012054443 0.22108817100524902
v -0.05459212139248848 0.687631368637085 0.08231854438781738
v -0.05459212139248848 0.687631368637085 0.22108817100524902
v -4.2894799299207957e-16 0.6650185585021973 0.08231854438781738
v -3.9813494607421785e-16 0.6650185585021973 0.22108817100524902
v 0.05459212139248848 0.687631368637085 0.08231854438781738
v 0.05459212139248848 0.687631368637085 0.22108817100524902
v 0.07720492035150528 0.7422235012054443 0.08231854438781738
v 0.07720492035150528 0.7422235012054443 0.22108817100524902
v 0.05459212139248848 0.7968156337738037 0.08231854438781738
v 0.05459212139248848 0.7968156337738037 0.22108817100524902
v -4.443241026742481e-16 0.8194284439086914 0.08231854438781738
v -4.1351108222616596e-16 0.8194284439086914 0.22108817100524902
v -0.04275311902165413 1.2882204055786133 -0.658063530921936
v -0.04275311902165413 1.2882204055786133 -0.7560089826583862
v -0.04275311902165413 1.3297717571258545 -0.658063530921936
v -0.04275311902165413 1.3297717571258545 -0.7560089826583862
v 0.04275311902165413 1.2882204055786133 -0.7560089826583862
v 0.04275311902165413 1.2882204055786133 -0.658063530921936
v 0.04275311902165413 1.3297717571258545 -0.7560089826583862
v 0.04275311902165413 1.3297717571258545 -0.658063530921936
v 0.038357529789209366 1.26161527633667 1.672731876373291
v 0.038357529789209366 1.1837618350982666 1.4727392196655273
v -0.038357529789209366 1.26161527633667 1.672731876373291
v -0.038357529789209366 1.1837618350982666 1.4727392196655273
v -0.10617627203464508 0.9396755695343018 1.4444808959960938
v -0.10617627203464508 0.9396755695343018 2.258070945739746
v -0.06368473172187805 0.8926279544830322 1.4444808959960938
v -0.06368473172187805 0.8926279544830322 2.258070945739746
v -5.882468059344561e-16 0.8694431781768799 1.4444808959960938
v -4.075935247681902e-16 0.8694431781768799 2.258070945739746
v -0.12260179966688156 1.000976324081421 2.258070945739746
v -0.12260179966688156 1.000976324081421 1.4444808959960938
v -0.10617627203464508 1.0622773170471191 2.258070945739746
v -0.10617627203464508 1.0622773170471191 1.4444808959960938
v -0.06130089983344078 1.1071527004241943 2.258070945739746
v -0.06130089983344078 1.1071527004241943 1.4444808959960938
v -4.3290027519374773e-16 1.1235780715942383 2.258070945739746
v -6.135535563600136e-16 1.1235783100128174 1.4444808959960938
v 0.06368473172187805 0.8926279544830322 1.4444808959960938
v 0.10617627203464508 0.9396755695343018 2.258070945739746
v 0.10617627203464508 0.9396755695343018 1.4444808959960938
v 0.12260179966688156 1.000976324081421 2.258070945739746
v 0.06368473172187805 0.8926279544830322 2.258070945739746
v -5.882468059344561e-16 0.8694431781768799 1.4444808959960938
v -4.075935247681902e-16 0.8694431781768799 2.258070945739746
v 0.12260179966688156 1.000976324081421 1.4444808959960938
v 0.10617627203464508 1.0622773170471191 2.258070945739746
v 0.10617627203464508 1.0622773170471191 1.4444808959960938
v 0.06130089983344078 1.1071527004241943 2.258070945739746
v 0.06130089983344078 1.1071527004241943 1.4444808959960938
v -4.3290027519374773e-16 1.1235780715942383 2.258070945739746
v -6.135535563600136e-16 1.1235783100128174 1.4444808959960938
v -0.14743423461914062 0.3848135471343994 0.20330333709716797
v -4.058184084085412e-16 0.3848135471343994 0.20330333709716797
v -4.058183819387616e-16 0.3848135471343994 -0.06818103790283203
v 0.14743423461914062 0.3848135471343994 0.20330333709716797
v -0.14743423461914062 0.3848135471343994 -0.06818103790283203
v 0.14743423461914062 0.3848135471343994 -0.06818103790283203
v -4.058183819387616e-16 0.3848135471343994 -0.33463120460510254
v -0.14743423461914062 0.3848135471343994 -0.33463120460510254
v 0.14743423461914062 0.3848135471343994 -0.33463120460510254
v -4.058183819387616e-16 0.3848135471343994 -0.6010814905166626
v -0.14743423461914062 0.3848135471343994 -0.6010814905166626
v 0.14743423461914062 0.3848135471343994 -0.6010814905166626
v -4.383140862761236e-16 0.11946618556976318 -0.7138990163803101
v -0.14743423461914062 0.11946618556976318 -0.7138990163803101
v -0.14743423461914062 -0.02104663848876953 -0.7819968461990356
v -4.555219311765091e-16 -0.02104663848876953 -0.7819968461990356
v 0.14743423461914062 -0.02104663848876953 -0.7819968461990356
v 0.14743423461914062 0.11946618556976318 -0.7138990163803101
v -0.14743423461914062 1.1287195682525635 -0.601081371307373
v -4.058183819387616e-16 0.3848135471343994 -0.6010814905166626
v -3.1471617681329896e-16 1.1287195682525635 -0.601081371307373
v -0.14743423461914062 0.3848135471343994 -0.6010814905166626
v -3.1471617681329896e-16 1.1287195682525635 -0.601081371307373
v -4.058183819387616e-16 0.3848135471343994 -0.6010814905166626
v 0.14743423461914062 1.1287195682525635 -0.601081371307373
v 0.14743423461914062 0.3848135471343994 -0.6010814905166626
v 0.06012331321835518 0.9126098155975342 -0.8388036489486694
v 0.06012331321835518 1.083608865737915 -0.7698322534561157
v -0.06012331321835518 0.9126098155975342 -0.8388036489486694
v -0.06012331321835518 0.7698407173156738 -1.0207576751708984
v 0.06012331321835518 0.7698407173156738 -1.0207576751708984
v -0.06012331321835518 0.7336177825927734 -1.0885363817214966
v 0.06012331321835518 0.7336177825927734 -1.0885363817214966
v -0.06012331321835518 0.6785831451416016 -1.1898996829986572
v 0.06012331321835518 0.6785831451416016 -1.1898996829986572
v -0.06012331321835518 0.5988762378692627 -1.2837538719177246
v 0.06012331321835518 0.5988762378692627 -1.2837538719177246
v -0.06012331321835518 0.676689863204956 -1.3029650449752808
v 0.06012331321835518 0.5988762378692627 -1.2837538719177246
v 0.06012331321835518 0.676689863204956 -1.3029650449752808
v -0.06012331321835518 0.7649784088134766 -1.2134016752243042
v 0.06012331321835518 0.7649784088134766 -1.2134016752243042
v -0.06012331321835518 0.8114314079284668 -1.1077475547790527
v 0.06012331321835518 0.8114314079284668 -1.1077475547790527
v -0.06012331321835518 0.9068844318389893 -1.131313681602478
v 0.06012331321835518 0.9068844318389893 -1.131313681602478
v -0.06012331321835518 0.9416108131408691 -1.1705790758132935
v 0.06012331321835518 0.9416108131408691 -1.1705790758132935
v -0.06012331321835518 0.9924731254577637 -1.2952313423156738
v 0.06012331321835518 0.9924731254577637 -1.2952313423156738
v -0.0916755273938179 1.0630691051483154 0.08498167991638184
v -4.1297279278818585e-16 1.1010422706604004 0.23155999183654785
v -4.455197426188567e-16 1.1010422706604004 0.08498167991638184
v -0.0916755273938179 1.0630691051483154 0.23155999183654785
v -0.12964877486228943 0.9713935852050781 0.08498167991638184
v -0.12964877486228943 0.9713935852050781 0.23155999183654785
v -0.0916755273938179 0.8797180652618408 0.08498167991638184
v -0.0916755273938179 0.8797180652618408 0.23155999183654785
v -4.1969892260365464e-16 0.8417448997497559 0.08498167991638184
v -3.8715194630320417e-16 0.8417448997497559 0.23155999183654785
v 0.0916755273938179 0.8797180652618408 0.08498167991638184
v 0.0916755273938179 0.8797180652618408 0.23155999183654785
v 0.12964877486228943 0.9713935852050781 0.08498167991638184
v 0.12964877486228943 0.9713935852050781 0.23155999183654785
v 0.0916755273938179 1.0630691051483154 0.08498167991638184
v 0.0916755273938179 1.0630691051483154 0.23155999183654785
v -4.455197426188567e-16 1.1010422706604004 0.08498167991638184
v -4.1297279278818585e-16 1.1010422706604004 0.23155999183654785
v -0.23447276651859283 -0.3251068592071533 -1.1777325868606567
v -2.1904988023534433e-16 -0.4926915168762207 -1.2213118076324463
v -1.9852668220495646e-16 -0.3251068592071533 -1.1777325868606567
v -0.23447276651859283 -0.4926915168762207 -1.2213118076324463
v -2.3735851062513583e-16 -0.6421928405761719 -1.1497114896774292
v -0.23447276651859283 -0.6421928405761719 -1.1497114896774292
v -2.5132775152147415e-16 -0.7562604546546936 -1.2454230785369873
v -0.23447276651859283 -0.7562604546546936 -1.2454230785369873
v -2.8958751506490165e-16 -1.0686750411987305 -1.3061082363128662
v -0.23447276651859283 -1.0686750411987305 -1.3061082363128662
v -3.073474666282194e-16 -1.213696002960205 -1.3578332662582397
v -0.23447276651859283 -1.213696002960205 -1.3578332662582397
v -0.23447276651859283 -1.329771637916565 -1.7896243333816528
v -3.073474666282194e-16 -1.213696002960205 -1.3578332662582397
v -3.2156263824683706e-16 -1.329771637916565 -1.7896243333816528
v -0.23447276651859283 -1.1892589330673218 -2.258070945739746
v -3.0435479334645153e-16 -1.1892589330673218 -2.258070945739746
v -1.923313641147303e-16 -0.27451837062835693 -1.0210766792297363
v 0.23447276651859283 -0.3251068592071533 -1.1777325868606567
v -0.23447276651859283 -0.27451837062835693 -1.0210766792297363
v 0.23447276651859283 -0.27451837062835693 -1.0210766792297363
v -1.9282476080650593e-16 -0.2785472869873047 -0.7691477537155151
v -0.23447276651859283 -0.2785472869873047 -0.7691477537155151
v 0.23447276651859283 -0.2785472869873047 -0.7691477537155151
v 0.23447276651859283 0.11952733993530273 -0.8524926900863647
v -1.4407469273468093e-16 0.11952733993530273 -0.8524926900863647
v -1.9282476080650593e-16 -0.2785472869873047 -0.7691477537155151
v -0.23447276651859283 0.11952733993530273 -0.8524926900863647
v -1.3051790394409625e-16 0.23022687435150146 -1.2144752740859985
v 0.23447276651859283 0.23022687435150146 -1.2144752740859985
v 0.23447276651859283 0.6709432601928711 -1.2320129871368408
v 0.30192598700523376 0.9087121486663818 -0.653914213180542
v 0.17431704699993134 0.43246912956237793 -0.653914213180542
v 0.30192598700523376 0.5600779056549072 -0.653914213180542
v 0.34863409399986267 0.7343950271606445 -0.653914213180542
v -0.17431704699993134 0.43246912956237793 -0.653914213180542
v -4.48144750661957e-16 0.385761022567749 -0.653914213180542
v -0.17431704699993134 1.0363209247589111 -0.6539143323898315
v 0.17431704699993134 1.0363209247589111 -0.6539143323898315
v -5.175786883263522e-16 1.08302903175354 -0.6539143323898315
v -0.30192598700523376 0.9087121486663818 -0.653914213180542
v -0.30192598700523376 0.5600779056549072 -0.653914213180542
v -0.34863409399986267 0.7343950271606445 -0.653914213180542
v -0.12825936079025269 1.3297717571258545 -0.658063530921936
v -0.04275311902165413 1.2882204055786133 -0.658063530921936
v -0.04275311902165413 1.3297717571258545 -0.658063530921936
v -0.12825936079025269 1.2882204055786133 -0.658063530921936
v -0.04275311902165413 1.1894917488098145 -0.658063530921936
v -0.12825936079025269 1.1894917488098145 -0.658063530921936
v 0.04275311902165413 1.1894917488098145 -0.658063530921936
v 0.04275311902165413 1.2882204055786133 -0.658063530921936
v 0.12825936079025269 1.1894917488098145 -0.658063530921936
v 0.12825936079025269 1.2882204055786133 -0.658063530921936
v 0.04275311902165413 1.3297717571258545 -0.658063530921936
v 0.12825936079025269 1.3297717571258545 -0.658063530921936
v -0.14743423461914062 1.1287193298339844 0.20330333709716797
v -3.1471620328307856e-16 1.1287193298339844 0.20330333709716797
v -3.330718307665529e-16 0.9788341522216797 0.20330333709716797
v -0.1907348781824112 1.0573930740356445 0.20330333709716797
v -0.14743423461914062 0.5291788578033447 0.20330333709716797
v -3.8813873968675543e-16 0.5291788578033447 0.20330333709716797
v -4.058184084085412e-16 0.3848135471343994 0.20330333709716797
v -0.14743423461914062 0.3848135471343994 0.20330333709716797
v -0.14743423461914062 0.8356838226318359 0.20330333709716797
v 0.14743423461914062 0.5291788578033447 0.20330333709716797
v 0.14743423461914062 0.3848135471343994 0.20330333709716797
v 0.14743423461914062 0.8356838226318359 0.20330333709716797
v -3.506026863874179e-16 0.835684061050415 0.20330333709716797
v -3.3735514403191987e-16 0.9438583850860596 0.20330333709716797
v -0.1907348781824112 0.9438583850860596 0.20330333709716797
v -3.330718307665529e-16 0.9788341522216797 0.20330333709716797
v -0.1907348781824112 1.0573930740356445 0.20330333709716797
v 0.1907348781824112 0.9438583850860596 0.20330333709716797
v 0.1907348781824112 1.0573930740356445 0.20330333709716797
v 0.14743423461914062 1.1287193298339844 0.20330333709716797
v -3.330718307665529e-16 0.9788341522216797 0.20330333709716797
v -3.1471620328307856e-16 1.1287193298339844 0.20330333709716797
v 0.1907348781824112 1.0573930740356445 0.20330333709716797
v -3.3735514403191987e-16 0.9438583850860596 0.20330333709716797
v 0.14743423461914062 0.8356838226318359 0.20330333709716797
v -3.506026863874179e-16 0.835684061050415 0.20330333709716797
v 0.1907348781824112 0.9438583850860596 0.20330333709716797
v -3.1471617681329896e-16 1.1287195682525635 -0.601081371307373
v -3.1471620328307856e-16 1.1287193298339844 0.20330333709716797
v -0.14743423461914062 1.1287195682525635 -0.601081371307373
v -0.14743423461914062 1.1287193298339844 0.20330333709716797
v -3.1471620328307856e-16 1.1287193298339844 0.20330333709716797
v -3.1471617681329896e-16 1.1287195682525635 -0.601081371307373
v 0.14743423461914062 1.1287195682525635 -0.601081371307373
v 0.14743423461914062 1.1287193298339844 0.20330333709716797
v -0.038357529789209366 1.1588668823242188 1.4727392196655273
v 0.038357529789209366 1.1588668823242188 1.4727392196655273
v 0.038357529789209366 1.1588668823242188 1.672731876373291
v -0.038357529789209366 1.1588668823242188 1.672731876373291
v 0.038357529789209366 1.1588666439056396 2.224562644958496
v -0.038357529789209366 1.1588666439056396 2.224562644958496
v -0.04275311902165413 1.1894917488098145 -0.7560089826583862
v -0.04275311902165413 1.1894917488098145 -0.658063530921936
v -0.12825936079025269 1.1894917488098145 -0.7560089826583862
v -0.12825936079025269 1.1894917488098145 -0.658063530921936
v 0.04275311902165413 1.1894917488098145 -0.658063530921936
v 0.04275311902165413 1.1894917488098145 -0.7560089826583862
v 0.12825936079025269 1.1894917488098145 -0.658063530921936
v 0.12825936079025269 1.1894917488098145 -0.7560089826583862
v -1.3051790394409625e-16 0.23022687435150146 -1.2144752740859985
v -1.4407469273468093e-16 0.11952733993530273 -0.8524926900863647
v 0.23447276651859283 0.11952733993530273 -0.8524926900863647
v 0.23447276651859283 0.23022687435150146 -1.2144752740859985
v 0.060677625238895416 1.198399543762207 -0.012359380722045898
v -0.060677096247673035 1.198399543762207 -0.012359380722045898
v -0.0606771744787693 1.198399543762207 -0.21235156059265137
v 0.06067763641476631 1.198399543762207 0.24619412422180176
v -0.06067707762122154 1.198399543762207 0.24619412422180176
v 0.06067754700779915 1.198399543762207 -0.21235156059265137
v 0.060677334666252136 1.198399543762207 -0.6862779855728149
v -0.06067739054560661 1.198399543762207 -0.6862778663635254
v -0.022886697202920914 1.2152411937713623 1.9016709327697754
v 0.022886697202920914 1.2152411937713623 1.9016709327697754
v 0.022886697202920914 1.2152411937713623 2.150942802429199
v -0.022886697202920914 1.2152411937713623 2.150942802429199
v 0.022886697202920914 1.2152411937713623 2.2045979499816895
v -0.022886697202920914 1.2152411937713623 2.2045979499816895
v 0.1395111083984375 0.025569558143615723 -0.7958742380142212
v -0.1395111083984375 0.025569558143615723 -0.7958742380142212
v -0.1395111083984375 -0.2515995502471924 -0.70430588722229
v 0.1395111083984375 -0.2515995502471924 -0.70430588722229
v 0.038357529789209366 1.1837618350982666 1.4727392196655273
v -0.038357529789209366 1.1588668823242188 1.4727392196655273
v -0.038357529789209366 1.1837618350982666 1.4727392196655273
v 0.038357529789209366 1.1588668823242188 1.4727392196655273
v 0.022886697202920914 1.3292524814605713 1.9016709327697754
v -0.022886697202920914 1.2152411937713623 1.9016709327697754
v -0.022886697202920914 1.3292524814605713 1.9016709327697754
v 0.022886697202920914 1.2152411937713623 1.9016709327697754

vn 0.0004885197849944234 0.0004885197849944234 1
vn 0.0004885197849944234 0.0004885197849944234 1
vn 0.0004885197849944234 0.0004885197849944234 1
vn 0.0004885197849944234 0.0004885197849944234 1
vn 0.0004885197849944234 0.0004885197849944234 1
vn 0.0004885197849944234 0.0004885197849944234 1
vn 0.0004885197849944234 0.0004885197849944234 1
vn 0.0004885197849944234 0.0004885197849944234 1
vn 0.0004885197849944234 0.0004885197849944234 1
vn 0.0004885197849944234 0.0004885197849944234 1
vn 0.0004885197849944234 0.0004885197849944234 1
vn 0.0004885197849944234 0.0004885197849944234 1
vn 0.0004885197849944234 -0.0004885197849944234 1
vn 0.0004885197849944234 -0.0004885197849944234 1
vn 0.0004885197849944234 -0.0004885197849944234 1
vn 0.0004885197849944234 -0.0004885197849944234 1
vn 0.0004885197849944234 -0.0004885197849944234 1
vn 0.0004885197849944234 -0.0004885197849944234 1
vn 0.0004885197849944234 -0.0004885197849944234 1
vn 0.0004885197849944234 -0.0004885197849944234 1
vn 0.0004885197849944234 -0.0004885197849944234 1
vn 0.0004885197849944234 -0.0004885197849944234 1
vn 0.0004885197849944234 -0.0004885197849944234 1
vn 0.0004885197849944234 -0.0004885197849944234 1
vn 0.0004885197849944234 0.0004885197849944234 1
vn 0.0004885197849944234 0.0004885197849944234 1
vn 0.0004885197849944234 0.0004885197849944234 1
vn 0.0004885197849944234 0.0004885197849944234 1
vn 0.0004885197849944234 0.0004885197849944234 1
vn 0.0004885197849944234 0.0004885197849944234 1
vn 0.0004885197849944234 0.0004885197849944234 1
vn 0.0004885197849944234 0.0004885197849944234 1
vn -0.0004885197849944234 0.0004885197849944234 1
vn -0.0004885197849944234 0.0004885197849944234 1
vn -0.0004885197849944234 0.0004885197849944234 1
vn -0.0004885197849944234 0.0004885197849944234 1
vn 0.0004885197849944234 0.0004885197849944234 1
vn 0.0004885197849944234 0.0004885197849944234 1
vn 0.0004885197849944234 0.0004885197849944234 1
vn 0.0004885197849944234 0.0004885197849944234 1
vn 0.0004885197849944234 0.0004885197849944234 1
vn 0.0004885197849944234 0.0004885197849944234 1
vn 0.0004885197849944234 0.0004885197849944234 1
vn 0.0004885197849944234 0.0004885197849944234 1
vn -0.0004885197849944234 -0.0004885197849944234 1
vn -0.0004885197849944234 -0.0004885197849944234 1
vn -0.0004885197849944234 -0.0004885197849944234 1
vn -0.0004885197849944234 -0.0004885197849944234 1
vn -0.0004885197849944234 -0.0004885197849944234 1
vn -0.0004885197849944234 -0.0004885197849944234 1
vn -0.0004885197849944234 -0.0004885197849944234 1
vn -0.0004885197849944234 -0.0004885197849944234 1
vn -0.0004885197849944234 -0.0004885197849944234 1
vn -0.0004885197849944234 -0.0004885197849944234 1
vn -0.0004885197849944234 -0.0004885197849944234 1
vn -0.0004885197849944234 -0.0004885197849944234 1
vn -0.0004885197849944234 0.0004885197849944234 1
vn -0.0004885197849944234 0.0004885197849944234 1
vn -0.0004885197849944234 0.0004885197849944234 1
vn -0.0004885197849944234 0.0004885197849944234 1
vn -0.0004885197849944234 0.0004885197849944234 1
vn -0.0004885197849944234 0.0004885197849944234 1
vn -0.0004885197849944234 0.0004885197849944234 1
vn -0.0004885197849944234 0.0004885197849944234 1
vn 0.0004885197849944234 -0.0004885197849944234 1
vn 0.0004885197849944234 -0.0004885197849944234 1
vn 0.0004885197849944234 -0.0004885197849944234 1
vn 0.0004885197849944234 -0.0004885197849944234 1
vn 0.0004885197849944234 -0.0004885197849944234 1
vn 0.0004885197849944234 -0.0004885197849944234 1
vn 0.0004885197849944234 -0.0004885197849944234 1
vn 0.0004885197849944234 -0.0004885197849944234 1
vn 0.0004885197849944234 0.8075231909751892 0.5906203985214233
vn 0.0004885197849944234 0.8075231909751892 0.5906203985214233
vn 0.0004885197849944234 0.8075231909751892 0.5906203985214233
vn 0.0004885197849944234 0.8075231909751892 0.5906203985214233
vn 0.0004885197849944234 0.0004885197849944234 1
vn 0.0004885197849944234 0.0004885197849944234 1
vn 0.0004885197849944234 0.0004885197849944234 1
vn 0.0004885197849944234 0.0004885197849944234 1
vn 0.0004885197849944234 0.0004885197849944234 1
vn 0.0004885197849944234 0.0004885197849944234 1
vn 0.0004885197849944234 0.0004885197849944234 1
vn 0.0004885197849944234 0.0004885197849944234 1
vn 0.0004885197849944234 0.0004885197849944234 1
vn 0.0004885197849944234 0.0004885197849944234 1
vn 0.0004885197849944234 0.0004885197849944234 1
vn 0.0004885197849944234 0.0004885197849944234 1
vn 0.0004885197849944234 0.0004885197849944234 1
vn 0.0004885197849944234 0.0004885197849944234 1
vn 0.0004885197849944234 0.0004885197849944234 -1
vn 0.0004885197849944234 0.0004885197849944234 -1
vn 0.0004885197849944234 0.0004885197849944234 -1
vn 0.0004885197849944234 0.0004885197849944234 -1
vn 0.0004885197849944234 0.0004885197849944234 -1
vn 0.0004885197849944234 0.0004885197849944234 -1
vn 0.0004885197849944234 0.0004885197849944234 -1
vn 0.0004885197849944234 0.0004885197849944234 -1
vn 0.0004885197849944234 0.0004885197849944234 -1
vn 0.0004885197849944234 0.0004885197849944234 -1
vn 0.0004885197849944234 0.0004885197849944234 -1
vn 0.0004885197849944234 0.0004885197849944234 -1
vn 0.0004885197849944234 0.0004885197849944234 -1
vn 0.0004885197849944234 0.0004885197849944234 -1
vn 0.0004885197849944234 0.0004885197849944234 -1
vn 0.0004885197849944234 0.0004885197849944234 -1
vn 0.0004885197849944234 0.5319980382919312 -0.8466047644615173
vn 0.0004885197849944234 0.46555936336517334 -0.884709358215332
vn 0.0004885197849944234 0.5319980382919312 -0.8466047644615173
vn 0.0004885197849944234 0.5329750776290894 -0.8456277251243591
vn 0.0004885197849944234 0.5329750776290894 -0.8456277251243591
vn 0.0004885197849944234 0.46555936336517334 -0.884709358215332
vn 0.0004885197849944234 0.34245237708091736 -0.9394235610961914
vn 0.0004885197849944234 0.34245237708091736 -0.9394235610961914
vn 0.0004885197849944234 0.3190034329891205 -0.9482169151306152
vn 0.0004885197849944234 0.3190034329891205 -0.9482169151306152
vn 0.0004885197849944234 0.3541768491268158 -0.9355154037475586
vn 0.0004885197849944234 0.3541768491268158 -0.9355154037475586
vn 0.0004885197849944234 0.23790913820266724 -0.9716658592224121
vn 0.0004885197849944234 0.23790913820266724 -0.9716658592224121
vn 0.0004885197849944234 0.23790913820266724 -0.9716658592224121
vn 0.0004885197849944234 0.23790913820266724 -0.9716658592224121
vn 0.0004885197849944234 0.8133854269981384 0.5818270444869995
vn 0.0004885197849944234 0.6111382246017456 0.791890561580658
vn 0.0004885197849944234 0.8133854269981384 0.5818270444869995
vn 0.0004885197849944234 0.6551050543785095 -0.7557401061058044
vn 0.0004885197849944234 0.6551050543785095 -0.7557401061058044
vn 0.0004885197849944234 0.6551050543785095 -0.7557401061058044
vn 0.0004885197849944234 0.34538349509239197 -0.9384465217590332
vn 0.0004885197849944234 0.6551050543785095 -0.7557401061058044
vn 0.0004885197849944234 0.34538349509239197 -0.9384465217590332
vn 0.0004885197849944234 0.34538349509239197 -0.9384465217590332
vn 0.0004885197849944234 0.5329750776290894 -0.8456277251243591
vn 0.0004885197849944234 0.5329750776290894 -0.8456277251243591
vn 0.0004885197849944234 0.5329750776290894 -0.8456277251243591
vn 0.0004885197849944234 0.5319980382919312 -0.8466047644615173
vn 0.0004885197849944234 0.5319980382919312 -0.8466047644615173
vn 0.0004885197849944234 0.46555936336517334 -0.884709358215332
vn 0.0004885197849944234 0.46555936336517334 -0.884709358215332
vn 0.0004885197849944234 0.34245237708091736 -0.9394235610961914
vn 0.0004885197849944234 0.34245237708091736 -0.9394235610961914
vn 0.0004885197849944234 0.3190034329891205 -0.9482169151306152
vn 0.0004885197849944234 0.3190034329891205 -0.9482169151306152
vn 0.0004885197849944234 0.3541768491268158 -0.9355154037475586
vn 0.0004885197849944234 0.3541768491268158 -0.9355154037475586
vn 0.0004885197849944234 -0.8417195677757263 -0.5398143529891968
vn 0.0004885197849944234 -0.8417195677757263 -0.5398143529891968
vn 0.0004885197849944234 -0.8417195677757263 -0.5398143529891968
vn 0.0004885197849944234 -0.8417195677757263 -0.5398143529891968
vn 0.0004885197849944234 -0.8417195677757263 -0.5398143529891968
vn 0.0004885197849944234 -0.8417195677757263 -0.5398143529891968
vn -0.0004885197849944234 -0.0004885197849944234 1
vn -0.0004885197849944234 -0.0004885197849944234 1
vn -0.0004885197849944234 -0.0004885197849944234 1
vn -0.0004885197849944234 -0.0004885197849944234 1
vn -0.0004885197849944234 0.0004885197849944234 1
vn -0.0004885197849944234 0.0004885197849944234 1
vn -0.0004885197849944234 0.0004885197849944234 1
vn -0.0004885197849944234 0.0004885197849944234 1
vn 0.0004885197849944234 -0.0004885197849944234 1
vn 0.0004885197849944234 -0.0004885197849944234 1
vn 0.0004885197849944234 -0.0004885197849944234 1
vn 0.0004885197849944234 -0.0004885197849944234 1
vn 0.0004885197849944234 -0.0004885197849944234 1
vn 0.0004885197849944234 -0.0004885197849944234 1
vn 0.0004885197849944234 -0.0004885197849944234 1
vn 0.0004885197849944234 -0.0004885197849944234 1
vn 0.0004885197849944234 -0.0004885197849944234 1
vn 0.0004885197849944234 -0.0004885197849944234 1
vn 0.0004885197849944234 -0.0004885197849944234 1
vn 0.0004885197849944234 -0.0004885197849944234 1
vn 0.0004885197849944234 -0.0004885197849944234 1
vn 0.0004885197849944234 -0.0004885197849944234 1
vn 0.0004885197849944234 -0.0004885197849944234 1
vn 0.0004885197849944234 -0.0004885197849944234 1
vn 0.0004885197849944234 0.0004885197849944234 1
vn 0.0004885197849944234 0.0004885197849944234 1
vn 0.0004885197849944234 0.0004885197849944234 1
vn 0.0004885197849944234 0.0004885197849944234 1
vn 0.0004885197849944234 0.0004885197849944234 1
vn 0.0004885197849944234 0.0004885197849944234 1
vn 0.0004885197849944234 0.9658036231994629 -0.2584269642829895
vn 0.0004885197849944234 0.8974108695983887 -0.44015634059906006
vn 0.0004885197849944234 0.8974108695983887 -0.44015634059906006
vn 0.0004885197849944234 0.9658036231994629 -0.2584269642829895
vn 0.0004885197849944234 0.6424035429954529 -0.7664875388145447
vn 0.0004885197849944234 0.6424035429954529 -0.7664875388145447
vn 0.0004885197849944234 0.4577430486679077 -0.8886175155639648
vn 0.0004885197849944234 0.4577430486679077 -0.8886175155639648
vn 0.0004885197849944234 0.4577430486679077 -0.8886175155639648
vn 0.0004885197849944234 0.6424035429954529 -0.7664875388145447
vn 0.0004885197849944234 0.8974108695983887 -0.44015634059906006
vn 0.0004885197849944234 1 0.0004885197849944234
vn 0.0004885197849944234 1 0.0004885197849944234
vn 0.0004885197849944234 1 0.0004885197849944234
vn 0.0004885197849944234 1 0.0004885197849944234
vn 0.0004885197849944234 1 0.0004885197849944234
vn 0.0004885197849944234 1 0.0004885197849944234
vn 0.0004885197849944234 1 0.0004885197849944234
vn 0.0004885197849944234 1 0.0004885197849944234
vn 0.0004885197849944234 1 0.0004885197849944234
vn 0.0004885197849944234 1 0.0004885197849944234
vn 0.0004885197849944234 1 0.0004885197849944234
vn 0.0004885197849944234 1 0.0004885197849944234
vn 0.0004885197849944234 1 0.0004885197849944234
vn 0.0004885197849944234 1 0.0004885197849944234
vn 0.0004885197849944234 1 0.0004885197849944234
vn 0.0004885197849944234 1 0.0004885197849944234
vn 0.0004885197849944234 -0.4596971273422241 0.8886175155639648
vn 0.0004885197849944234 -0.4596971273422241 0.8886175155639648
vn 0.0004885197849944234 -0.4596971273422241 0.8886175155639648
vn 0.0004885197849944234 -0.4596971273422241 0.8886175155639648
vn 0.0004885197849944234 -0.4596971273422241 0.8886175155639648
vn 0.0004885197849944234 -0.4596971273422241 0.8886175155639648
vn 0.0004885197849944234 1 0.0004885197849944234
vn 0.0004885197849944234 1 0.0004885197849944234
vn 0.0004885197849944234 1 0.0004885197849944234
vn 0.0004885197849944234 1 0.0004885197849944234
vn 0.0004885197849944234 -0.0004885197849944234 1
vn 0.0004885197849944234 -0.0004885197849944234 1
vn 0.0004885197849944234 -0.0004885197849944234 1
vn 0.0004885197849944234 -0.0004885197849944234 1
vn 0.0004885197849944234 -0.0004885197849944234 1
vn 0.0004885197849944234 -0.0004885197849944234 1
vn 0.0004885197849944234 -0.0004885197849944234 1
vn 0.0004885197849944234 -0.0004885197849944234 1
vn 0.0004885197849944234 1 0.0004885197849944234
vn 0.0004885197849944234 1 0.0004885197849944234
vn 0.0004885197849944234 1 0.0004885197849944234
vn 0.0004885197849944234 1 0.0004885197849944234
vn 0.0004885197849944234 0.9540791511535645 0.30043965578079224
vn 0.0004885197849944234 0.9540791511535645 0.30043965578079224
vn 0.0004885197849944234 0.9540791511535645 0.30043965578079224
vn 0.0004885197849944234 0.9540791511535645 0.30043965578079224
vn 0.0004885197849944234 1 0.0004885197849944234
vn 0.0004885197849944234 1 0.0004885197849944234
vn 0.0004885197849944234 1 0.0004885197849944234
vn 0.0004885197849944234 1 0.0004885197849944234
vn 0.0004885197849944234 1 0.0004885197849944234
vn 0.0004885197849944234 1 0.0004885197849944234
vn 0.0004885197849944234 1 0.0004885197849944234
vn 0.0004885197849944234 1 0.0004885197849944234
vn 0.0004885197849944234 1 0.0004885197849944234
vn 0.0004885197849944234 1 0.0004885197849944234
vn 0.0004885197849944234 1 0.0004885197849944234
vn 0.0004885197849944234 1 0.0004885197849944234
vn 0.0004885197849944234 1 0.0004885197849944234
vn 0.0004885197849944234 1 0.0004885197849944234
vn 0.0004885197849944234 1 0.0004885197849944234
vn 0.0004885197849944234 1 0.0004885197849944234
vn 0.0004885197849944234 0.40302881598472595 -0.9149975776672363
vn 0.0004885197849944234 0.8045920729637146 -0.593551516532898
vn 0.0004885197849944234 0.40302881598472595 -0.9149975776672363
vn 0.0004885197849944234 0.8045920729637146 -0.593551516532898
vn 0.0004885197849944234 0.9501709938049316 0.3121641278266907
vn 0.0004885197849944234 0.9501709938049316 0.3121641278266907
vn 0.0004885197849944234 0.8935027122497559 0.4489496946334839
vn 0.0004885197849944234 0.8935027122497559 0.4489496946334839
vn 0.0004885197849944234 0.9833903312683105 0.18124084174633026
vn 0.0004885197849944234 0.9833903312683105 0.18124084174633026
vn 0.0004885197849944234 0.8954567909240723 -0.4450415372848511
vn 0.012212994508445263 0.007327796891331673 -1
vn -0.4479726552963257 0.7752808928489685 -0.4450415372848511
vn 0.0004885197849944234 1 -0.0004885197849944234
vn -0.49975574016571045 0.8661455512046814 -0.0004885197849944234
vn -0.8661455512046814 0.49975574016571045 0.0004885197849944234
vn -0.7752808928489685 0.4479726552963257 -0.4450415372848511
vn 0.012212994508445263 0.007327796891331673 -1
vn -0.9101123809814453 0.04152418300509453 -0.4137762486934662
vn 0.012212994508445263 0.007327796891331673 -1
vn -1 -0.0004885197849944234 0.0004885197849944234
vn -0.8661455512046814 -0.49975574016571045 0.0004885197849944234
vn -0.7283830046653748 -0.4206155240535736 -0.540791392326355
vn 0.012212994508445263 0.007327796891331673 -1
vn -0.4186614453792572 -0.8085002303123474 -0.4137762486934662
vn 0.012212994508445263 0.007327796891331673 -1
vn -0.49975574016571045 -0.8661455512046814 0.0004885197849944234
vn 0.0004885197849944234 -1 0.0004885197849944234
vn 0.0004885197849944234 -0.8954567909240723 -0.4450415372848511
vn 0.012212994508445263 0.007327796891331673 -1
vn 0.49975574016571045 -0.8661455512046814 0.0004885197849944234
vn 0.4479726552963257 -0.7752808928489685 -0.4450415372848511
vn 0.012212994508445263 0.007327796891331673 -1
vn 0.8661455512046814 -0.49975574016571045 0.0004885197849944234
vn 0.7752808928489685 -0.4479726552963257 -0.4450415372848511
vn 0.012212994508445263 0.007327796891331673 -1
vn 1 0.0004885197849944234 0.0004885197849944234
vn 0.8954567909240723 0.0004885197849944234 -0.4450415372848511
vn 0.012212994508445263 0.007327796891331673 -1
vn 0.8661455512046814 0.49975574016571045 0.0004885197849944234
vn 0.7752808928489685 0.4479726552963257 -0.4450415372848511
vn 0.012212994508445263 0.007327796891331673 -1
vn 0.49975574016571045 0.8661455512046814 -0.0004885197849944234
vn 0.4479726552963257 0.7752808928489685 -0.4450415372848511
vn 0.012212994508445263 0.007327796891331673 -1
vn 0.0004885197849944234 0.8954567909240723 -0.4450415372848511
vn 0.0004885197849944234 1 -0.0004885197849944234
vn 0.012212994508445263 0.007327796891331673 -1
vn 0.0004885197849944234 0.0004885197849944234 -1
vn 0.0004885197849944234 0.0004885197849944234 -1
vn 0.0004885197849944234 0.0004885197849944234 -1
vn 0.0004885197849944234 0.0004885197849944234 -1
vn 0.0004885197849944234 0.0004885197849944234 -1
vn 0.0004885197849944234 0.0004885197849944234 -1
vn 0.0004885197849944234 0.0004885197849944234 -1
vn 0.0004885197849944234 0.0004885197849944234 -1
vn 0.0004885197849944234 0.0004885197849944234 -1
vn 0.0004885197849944234 0.0004885197849944234 -1
vn 0.0004885197849944234 0.0004885197849944234 -1
vn 0.0004885197849944234 0.0004885197849944234 -1
vn 0.0004885197849944234 -0.0004885197849944234 1
vn 0.0004885197849944234 -0.0004885197849944234 1
vn 0.0004885197849944234 -0.0004885197849944234 1
vn 0.0004885197849944234 -0.0004885197849944234 1
vn 0.0004885197849944234 -1 -0.0004885197849944234
vn 0.0004885197849944234 -1 -0.0004885197849944234
vn 0.0004885197849944234 -1 -0.0004885197849944234
vn 0.0004885197849944234 -1 -0.0004885197849944234
vn 0.0004885197849944234 -1 -0.0004885197849944234
vn 0.0004885197849944234 -1 -0.0004885197849944234
vn -0.0004885197849944234 -1 -0.0004885197849944234
vn -0.0004885197849944234 -1 -0.0004885197849944234
vn -0.0004885197849944234 -1 -0.0004885197849944234
vn -0.0004885197849944234 -1 -0.0004885197849944234
vn 0.0004885197849944234 -1 -0.0004885197849944234
vn 0.0004885197849944234 -1 -0.0004885197849944234
vn 0.0004885197849944234 -1 -0.0004885197849944234
vn 0.0004885197849944234 -1 -0.0004885197849944234
vn -0.0004885197849944234 0.0004885197849944234 -1
vn -0.0004885197849944234 0.0004885197849944234 -1
vn -0.0004885197849944234 0.0004885197849944234 -1
vn -0.0004885197849944234 0.0004885197849944234 -1
vn 0.0004885197849944234 -0.686370313167572 0.7274059653282166
vn 0.0004885197849944234 -0.686370313167572 0.7274059653282166
vn 0.0004885197849944234 0.0962383970618248 0.995114803314209
vn 0.0004885197849944234 0.0962383970618248 0.995114803314209
vn 0.0004885197849944234 -0.1255495846271515 0.9921836853027344
vn 0.0004885197849944234 -0.1255495846271515 0.9921836853027344
vn 0.0004885197849944234 -0.43038591742515564 0.9022960662841797
vn 0.0004885197849944234 -0.43038591742515564 0.9022960662841797
vn 0.0004885197849944234 -0.2642892003059387 0.9648265838623047
vn 0.0004885197849944234 -0.2642892003059387 0.9648265838623047
vn 0.0004885197849944234 -0.7352222800254822 0.6785539984703064
vn 0.0004885197849944234 -0.7352222800254822 0.6785539984703064
vn 0.0004885197849944234 -0.7352222800254822 0.6785539984703064
vn 0.0004885197849944234 -1 -0.014167074114084244
vn 0.0004885197849944234 -1 -0.014167074114084244
vn 0.0004885197849944234 -0.9579873085021973 -0.2877381443977356
vn 0.0004885197849944234 -0.9579873085021973 -0.2877381443977356
vn 0.0004885197849944234 -0.9726428985595703 -0.2300928235054016
vn 0.0004885197849944234 -0.9726428985595703 -0.2300928235054016
vn 0.0004885197849944234 -0.9726428985595703 -0.2300928235054016
vn 0.0004885197849944234 -0.9726428985595703 -0.2300928235054016
vn 0.0004885197849944234 -0.9726428985595703 -0.2300928235054016
vn 0.0004885197849944234 -0.9726428985595703 -0.2300928235054016
vn 0.0004885197849944234 -1 -0.0004885197849944234
vn 0.0004885197849944234 -1 -0.0004885197849944234
vn 0.0004885197849944234 -1 -0.0004885197849944234
vn 0.0004885197849944234 -1 -0.0004885197849944234
vn -0.0004885197849944234 -1 -0.0004885197849944234
vn -0.0004885197849944234 -1 -0.0004885197849944234
vn -0.0004885197849944234 -1 -0.0004885197849944234
vn -0.0004885197849944234 -1 -0.0004885197849944234
vn 0.0004885197849944234 0.9765510559082031 0.21446017920970917
vn 0.0004885197849944234 0.9765510559082031 0.21446017920970917
vn 0.0004885197849944234 0.9882755279541016 0.15290668606758118
vn 0.0004885197849944234 0.9882755279541016 0.15290668606758118
vn 0.0004885197849944234 0.43820226192474365 0.8983879089355469
vn 0.0004885197849944234 0.43820226192474365 0.8983879089355469
vn 0.0004885197849944234 0.8974108695983887 -0.44015634059906006
vn 0.0004885197849944234 0.8974108695983887 -0.44015634059906006
vn 0.0004885197849944234 0.9658036231994629 -0.2584269642829895
vn 0.0004885197849944234 0.9658036231994629 -0.2584269642829895
vn 0.0004885197849944234 0.8133854269981384 0.5818270444869995
vn 0.0004885197849944234 0.8133854269981384 0.5818270444869995
vn 0.0004885197849944234 0.6551050543785095 -0.7557401061058044
vn 0.0004885197849944234 0.6551050543785095 -0.7557401061058044
vn 0.0004885197849944234 -0.0004885197849944234 -1
vn 0.0004885197849944234 -0.0004885197849944234 -1
vn 0.0004885197849944234 -0.0004885197849944234 -1
vn 0.0004885197849944234 -0.0004885197849944234 -1
vn 0.0004885197849944234 -0.0004885197849944234 -1
vn 0.0004885197849944234 -0.0004885197849944234 -1
vn 0.0004885197849944234 -0.0004885197849944234 -1
vn 0.0004885197849944234 -0.0004885197849944234 -1
vn 0.0004885197849944234 -0.0004885197849944234 -1
vn 0.0004885197849944234 -0.0004885197849944234 -1
vn 0.0004885197849944234 -0.0004885197849944234 -1
vn 0.0004885197849944234 -0.0004885197849944234 -1
vn 0.0004885197849944234 -1 -0.0004885197849944234
vn 0.0004885197849944234 -1 -0.0004885197849944234
vn 0.0004885197849944234 -1 -0.0004885197849944234
vn 0.0004885197849944234 -1 -0.0004885197849944234
vn 0.0004885197849944234 -1 -0.0004885197849944234
vn 0.0004885197849944234 -1 -0.0004885197849944234
vn 0.0004885197849944234 -1 -0.0004885197849944234
vn 0.0004885197849944234 -1 -0.0004885197849944234
vn 0.0004885197849944234 0.0004885197849944234 1
vn 0.0004885197849944234 0.0004885197849944234 1
vn 0.0004885197849944234 0.0004885197849944234 1
vn 0.0004885197849944234 0.0004885197849944234 1
vn 0.0004885197849944234 0.0004885197849944234 1
vn 0.0004885197849944234 0.0004885197849944234 1
vn 0.0004885197849944234 0.0004885197849944234 1
vn 0.0004885197849944234 0.0004885197849944234 1
vn 0.0004885197849944234 0.0004885197849944234 1
vn 0.0004885197849944234 0.0004885197849944234 1
vn 0.0004885197849944234 0.0004885197849944234 1
vn 0.0004885197849944234 0.0004885197849944234 1
vn 0.0004885197849944234 0.4499267339706421 -0.8935027122497559
vn 0.0004885197849944234 -0.5437225103378296 -0.8387884497642517
vn 0.0004885197849944234 0.4499267339706421 -0.8935027122497559
vn 0.0004885197849944234 0.8935027122497559 0.4499267339706421
vn 0.0004885197849944234 0.8935027122497559 0.4499267339706421
vn 0.0004885197849944234 -0.5437225103378296 -0.8387884497642517
vn 0.0004885197849944234 -0.932584285736084 -0.3610161244869232
vn 0.0004885197849944234 -0.932584285736084 -0.3610161244869232
vn 0.0004885197849944234 -0.9491939544677734 0.31314119696617126
vn 0.0004885197849944234 -0.9491939544677734 0.31314119696617126
vn 0.0004885197849944234 -0.5642403364181519 0.8260869383811951
vn 0.0004885197849944234 -0.5642403364181519 0.8260869383811951
vn 0.0004885197849944234 -0.4157303273677826 0.9091353416442871
vn 0.0004885197849944234 -0.4157303273677826 0.9091353416442871
vn 0.0004885197849944234 0.4264777600765228 0.9042501449584961
vn 0.0004885197849944234 0.4264777600765228 0.9042501449584961
vn 0.0004885197849944234 0.531020998954773 -0.8475818037986755
vn 0.0004885197849944234 0.531020998954773 -0.8475818037986755
vn 0.0004885197849944234 -0.14118221402168274 -0.990229606628418
vn 0.0004885197849944234 -0.14118221402168274 -0.990229606628418
vn 0.0004885197849944234 0.5642403364181519 -0.8260869383811951
vn 0.0004885197849944234 0.5642403364181519 -0.8260869383811951
vn 0.0004885197849944234 0.9491939544677734 -0.31314119696617126
vn 0.0004885197849944234 0.9491939544677734 -0.31314119696617126
vn 0.0004885197849944234 0.932584285736084 0.3610161244869232
vn 0.0004885197849944234 0.932584285736084 0.3610161244869232
vn 0.0004885197849944234 0.5437225103378296 0.8387884497642517
vn 0.0004885197849944234 0.5437225103378296 0.8387884497642517
vn 1 0.0004885197849944234 0.0004885197849944234
vn 1 0.0004885197849944234 0.0004885197849944234
vn 1 0.0004885197849944234 0.0004885197849944234
vn 1 0.0004885197849944234 0.0004885197849944234
vn 1 0.0004885197849944234 0.0004885197849944234
vn 1 0.0004885197849944234 0.0004885197849944234
vn 1 0.0004885197849944234 0.0004885197849944234
vn 1 0.0004885197849944234 0.0004885197849944234
vn 1 0.0004885197849944234 0.0004885197849944234
vn 1 0.0004885197849944234 0.0004885197849944234
vn 1 0.0004885197849944234 0.0004885197849944234
vn 1 0.0004885197849944234 0.0004885197849944234
vn 1 0.0004885197849944234 0.0004885197849944234
vn 1 0.0004885197849944234 0.0004885197849944234
vn 1 0.0004885197849944234 0.0004885197849944234
vn 1 0.0004885197849944234 0.0004885197849944234
vn 1 0.0004885197849944234 0.0004885197849944234
vn 1 0.0004885197849944234 0.0004885197849944234
vn 1 0.0004885197849944234 0.0004885197849944234
vn 1 0.0004885197849944234 0.0004885197849944234
vn 1 0.0004885197849944234 -0.0004885197849944234
vn 1 0.0004885197849944234 -0.0004885197849944234
vn 1 0.0004885197849944234 -0.0004885197849944234
vn 1 0.0004885197849944234 -0.0004885197849944234
vn 1 0.0004885197849944234 -0.0004885197849944234
vn 1 0.0004885197849944234 -0.0004885197849944234
vn 1 0.0004885197849944234 -0.0004885197849944234
vn 1 0.0004885197849944234 -0.0004885197849944234
vn 1 0.0004885197849944234 0.0004885197849944234
vn 1 0.0004885197849944234 0.0004885197849944234
vn 1 0.0004885197849944234 0.0004885197849944234
vn 1 0.0004885197849944234 0.0004885197849944234
vn 1 0.0004885197849944234 -0.0004885197849944234
vn 1 0.0004885197849944234 -0.0004885197849944234
vn 1 0.0004885197849944234 -0.0004885197849944234
vn 1 0.0004885197849944234 -0.0004885197849944234
vn 1 0.0004885197849944234 0.0004885197849944234
vn 1 0.0004885197849944234 0.0004885197849944234
vn 1 0.0004885197849944234 0.0004885197849944234
vn 1 0.0004885197849944234 0.0004885197849944234
vn 1 0.0004885197849944234 0.0004885197849944234
vn 1 0.0004885197849944234 0.0004885197849944234
vn 1 0.0004885197849944234 -0.0004885197849944234
vn 1 0.0004885197849944234 -0.0004885197849944234
vn 1 0.0004885197849944234 -0.0004885197849944234
vn 1 0.0004885197849944234 -0.0004885197849944234
vn 1 0.0004885197849944234 0.0004885197849944234
vn 1 0.0004885197849944234 0.0004885197849944234
vn 1 0.0004885197849944234 0.0004885197849944234
vn 1 0.0004885197849944234 0.0004885197849944234
vn -1 0.0004885197849944234 0.0004885197849944234
vn -1 0.0004885197849944234 0.0004885197849944234
vn -1 0.0004885197849944234 0.0004885197849944234
vn -1 0.0004885197849944234 0.0004885197849944234
vn -1 0.0004885197849944234 0.0004885197849944234
vn -1 0.0004885197849944234 0.0004885197849944234
vn -1 0.0004885197849944234 0.0004885197849944234
vn -1 0.0004885197849944234 0.0004885197849944234
vn -1 0.0004885197849944234 0.0004885197849944234
vn -1 0.0004885197849944234 0.0004885197849944234
vn -1 0.0004885197849944234 0.0004885197849944234
vn -1 0.0004885197849944234 0.0004885197849944234
vn -1 0.0004885197849944234 0.0004885197849944234
vn -1 0.0004885197849944234 0.0004885197849944234
vn -1 0.0004885197849944234 0.0004885197849944234
vn -1 0.0004885197849944234 0.0004885197849944234
vn -1 0.0004885197849944234 0.0004885197849944234
vn -1 0.0004885197849944234 0.0004885197849944234
vn -1 0.0004885197849944234 -0.0004885197849944234
vn -1 0.0004885197849944234 -0.0004885197849944234
vn -1 0.0004885197849944234 -0.0004885197849944234
vn -1 0.0004885197849944234 -0.0004885197849944234
vn -1 0.0004885197849944234 0.0004885197849944234
vn -1 0.0004885197849944234 0.0004885197849944234
vn -1 0.0004885197849944234 0.0004885197849944234
vn -1 0.0004885197849944234 0.0004885197849944234
vn -1 0.0004885197849944234 -0.0004885197849944234
vn -1 0.0004885197849944234 -0.0004885197849944234
vn -1 0.0004885197849944234 -0.0004885197849944234
vn -1 0.0004885197849944234 -0.0004885197849944234
vn -1 0.0004885197849944234 -0.0004885197849944234
vn -1 0.0004885197849944234 -0.0004885197849944234
vn -1 0.0004885197849944234 -0.0004885197849944234
vn -1 0.0004885197849944234 -0.0004885197849944234
vn -1 0.0004885197849944234 0.0004885197849944234
vn -1 0.0004885197849944234 0.0004885197849944234
vn -1 0.0004885197849944234 0.0004885197849944234
vn -1 0.0004885197849944234 0.0004885197849944234
vn -1 0.0004885197849944234 -0.0004885197849944234
vn -1 0.0004885197849944234 -0.0004885197849944234
vn -1 0.0004885197849944234 -0.0004885197849944234
vn -1 0.0004885197849944234 -0.0004885197849944234
vn -1 0.0004885197849944234 -0.0004885197849944234
vn -1 0.0004885197849944234 -0.0004885197849944234
vn -1 0.0004885197849944234 -0.0004885197849944234
vn -1 0.0004885197849944234 -0.0004885197849944234
vn -1 0.0004885197849944234 0.0004885197849944234
vn -1 0.0004885197849944234 0.0004885197849944234
vn -1 0.0004885197849944234 0.0004885197849944234
vn -1 0.0004885197849944234 0.0004885197849944234
vn 0.0004885197849944234 1 -0.0004885197849944234
vn -0.49975574016571045 0.8661455512046814 -0.0004885197849944234
vn 0.0004885197849944234 1 -0.0004885197849944234
vn -0.49975574016571045 0.8661455512046814 -0.0004885197849944234
vn -0.8661455512046814 0.49975574016571045 0.0004885197849944234
vn -0.8661455512046814 0.49975574016571045 0.0004885197849944234
vn -1 0.0004885197849944234 0.0004885197849944234
vn -1 0.0004885197849944234 0.0004885197849944234
vn -0.8661455512046814 -0.49975574016571045 0.0004885197849944234
vn -0.8661455512046814 -0.49975574016571045 0.0004885197849944234
vn -0.49975574016571045 -0.8661455512046814 0.0004885197849944234
vn -0.49975574016571045 -0.8661455512046814 0.0004885197849944234
vn 0.0004885197849944234 -1 0.0004885197849944234
vn 0.0004885197849944234 -1 0.0004885197849944234
vn 0.49975574016571045 -0.8661455512046814 0.0004885197849944234
vn 0.49975574016571045 -0.8661455512046814 0.0004885197849944234
vn 0.8661455512046814 -0.49975574016571045 0.0004885197849944234
vn 0.8661455512046814 -0.49975574016571045 0.0004885197849944234
vn 1 0.0004885197849944234 0.0004885197849944234
vn 1 0.0004885197849944234 0.0004885197849944234
vn 0.8661455512046814 0.49975574016571045 0.0004885197849944234
vn 0.8661455512046814 0.49975574016571045 0.0004885197849944234
vn 0.49975574016571045 0.8661455512046814 -0.0004885197849944234
vn 0.49975574016571045 0.8661455512046814 -0.0004885197849944234
vn 0.0004885197849944234 1 -0.0004885197849944234
vn 0.0004885197849944234 1 -0.0004885197849944234
vn 0.0004885197849944234 -0.859306275844574 0.5114802122116089
vn 0.0004885197849944234 -0.859306275844574 0.5114802122116089
vn 0.0004885197849944234 -0.859306275844574 0.5114802122116089
vn 0.0004885197849944234 -0.859306275844574 0.5114802122116089
vn -0.0004885197849944234 -0.859306275844574 0.5114802122116089
vn -0.0004885197849944234 -0.859306275844574 0.5114802122116089
vn -0.0004885197849944234 -0.859306275844574 0.5114802122116089
vn -0.0004885197849944234 -0.859306275844574 0.5114802122116089
vn -1 0.0004885197849944234 0.0004885197849944234
vn -1 0.0004885197849944234 0.0004885197849944234
vn -1 0.0004885197849944234 0.0004885197849944234
vn -1 0.0004885197849944234 0.0004885197849944234
vn -1 0.0004885197849944234 0.0004885197849944234
vn -1 0.0004885197849944234 0.0004885197849944234
vn -1 0.0004885197849944234 0.0004885197849944234
vn -1 0.0004885197849944234 0.0004885197849944234
vn -1 0.0004885197849944234 0.0004885197849944234
vn -1 0.0004885197849944234 0.0004885197849944234
vn -1 0.0004885197849944234 0.0004885197849944234
vn -1 0.0004885197849944234 0.0004885197849944234
vn -1 0.0004885197849944234 0.0004885197849944234
vn -1 0.0004885197849944234 0.0004885197849944234
vn -1 0.0004885197849944234 0.0004885197849944234
vn -1 0.0004885197849944234 0.0004885197849944234
vn -1 0.0004885197849944234 0.0004885197849944234
vn -1 0.0004885197849944234 0.0004885197849944234
vn -1 0.0004885197849944234 0.0004885197849944234
vn -1 0.0004885197849944234 0.0004885197849944234
vn -1 0.0004885197849944234 0.0004885197849944234
vn -1 0.0004885197849944234 0.0004885197849944234
vn -0.9980459213256836 -0.046409379690885544 0.04836345836520195
vn -0.9990229606628418 -0.030776746571063995 0.0327308252453804
vn -0.9912066459655762 -0.09428431838750839 0.097215436398983
vn -0.9980459213256836 -0.040547143667936325 0.04250122234225273
vn -1 0.0004885197849944234 0.0004885197849944234
vn -1 0.0004885197849944234 0.0004885197849944234
vn -0.9833903312683105 -0.18026380240917206 0.0004885197849944234
vn -0.9833903312683105 -0.18026380240917206 0.0004885197849944234
vn -0.9833903312683105 -0.18026380240917206 0.0004885197849944234
vn -0.9833903312683105 -0.18026380240917206 0.0004885197849944234
vn -0.9687347412109375 0.24670249223709106 0.0004885197849944234
vn -0.9687347412109375 0.24670249223709106 0.0004885197849944234
vn -0.9687347412109375 0.24670249223709106 0.0004885197849944234
vn -0.9872984886169434 0.1587689369916916 0.0004885197849944234
vn -1 0.0004885197849944234 0.0004885197849944234
vn -1 0.0004885197849944234 0.0004885197849944234
vn -1 0.0004885197849944234 0.0004885197849944234
vn -0.9872984886169434 0.1587689369916916 0.0004885197849944234
vn -1 0.0004885197849944234 0.0004885197849944234
vn 1 0.0004885197849944234 0.0004885197849944234
vn 1 0.0004885197849944234 0.0004885197849944234
vn 1 0.0004885197849944234 0.0004885197849944234
vn 1 0.0004885197849944234 0.0004885197849944234
vn 1 0.0004885197849944234 0.0004885197849944234
vn 1 0.0004885197849944234 0.0004885197849944234
vn 1 0.0004885197849944234 0.0004885197849944234
vn 1 0.0004885197849944234 0.0004885197849944234
vn 1 0.0004885197849944234 0.0004885197849944234
vn 1 0.0004885197849944234 0.0004885197849944234
vn 1 0.0004885197849944234 0.0004885197849944234
vn 1 0.0004885197849944234 0.0004885197849944234
vn 1 0.0004885197849944234 0.0004885197849944234
vn 1 0.0004885197849944234 0.0004885197849944234
vn 1 0.0004885197849944234 0.0004885197849944234
vn 1 0.0004885197849944234 0.0004885197849944234
vn 1 0.0004885197849944234 0.0004885197849944234
vn 1 0.0004885197849944234 0.0004885197849944234
vn 0.9980459213256836 -0.046409379690885544 0.04836345836520195
vn 0.9990229606628418 -0.030776746571063995 0.0327308252453804
vn 0.9912066459655762 -0.09428431838750839 0.097215436398983
vn 0.9980459213256836 -0.040547143667936325 0.04250122234225273
vn 1 0.0004885197849944234 0.0004885197849944234
vn 1 0.0004885197849944234 0.0004885197849944234
vn 0.9833903312683105 -0.18026380240917206 0.0004885197849944234
vn 0.9833903312683105 -0.18026380240917206 0.0004885197849944234
vn 0.9833903312683105 -0.18026380240917206 0.0004885197849944234
vn 0.9833903312683105 -0.18026380240917206 0.0004885197849944234
vn 0.9687347412109375 0.24670249223709106 0.0004885197849944234
vn 0.9687347412109375 0.24670249223709106 0.0004885197849944234
vn 0.9687347412109375 0.24670249223709106 0.0004885197849944234
vn 0.9872984886169434 0.1587689369916916 0.0004885197849944234
vn 1 0.0004885197849944234 0.0004885197849944234
vn 1 0.0004885197849944234 0.0004885197849944234
vn 1 0.0004885197849944234 0.0004885197849944234
vn 0.9872984886169434 0.1587689369916916 0.0004885197849944234
vn 1 0.0004885197849944234 0.0004885197849944234
vn 1 0.0004885197849944234 0.0004885197849944234
vn 1 0.0004885197849944234 0.0004885197849944234
vn 1 0.0004885197849944234 0.0004885197849944234
vn 1 0.0004885197849944234 0.0004885197849944234
vn 1 0.0004885197849944234 0.0004885197849944234
vn 1 0.0004885197849944234 0.0004885197849944234
vn 1 0.0004885197849944234 0.0004885197849944234
vn 1 0.0004885197849944234 0.0004885197849944234
vn 1 0.0004885197849944234 0.0004885197849944234
vn 1 0.0004885197849944234 0.0004885197849944234
vn 1 0.0004885197849944234 0.0004885197849944234
vn 1 0.0004885197849944234 0.0004885197849944234
vn 1 0.0004885197849944234 0.0004885197849944234
vn 1 0.0004885197849944234 0.0004885197849944234
vn -1 0.0004885197849944234 0.0004885197849944234
vn -1 0.0004885197849944234 0.0004885197849944234
vn -1 0.0004885197849944234 0.0004885197849944234
vn -1 0.0004885197849944234 0.0004885197849944234
vn -1 0.0004885197849944234 0.0004885197849944234
vn -1 0.0004885197849944234 0.0004885197849944234
vn -1 0.0004885197849944234 0.0004885197849944234
vn -1 0.0004885197849944234 0.0004885197849944234
vn -1 0.0004885197849944234 0.0004885197849944234
vn -1 0.0004885197849944234 0.0004885197849944234
vn 1 0.0004885197849944234 0.0004885197849944234
vn 1 0.0004885197849944234 0.0004885197849944234
vn 1 0.0004885197849944234 0.0004885197849944234
vn 1 0.0004885197849944234 0.0004885197849944234
vn -1 0.0004885197849944234 -0.0004885197849944234
vn -1 0.0004885197849944234 -0.0004885197849944234
vn -1 0.0004885197849944234 -0.0004885197849944234
vn -1 0.0004885197849944234 -0.0004885197849944234
vn 1 0.0004885197849944234 -0.0004885197849944234
vn 1 0.0004885197849944234 -0.0004885197849944234
vn 1 0.0004885197849944234 -0.0004885197849944234
vn 1 0.0004885197849944234 -0.0004885197849944234
vn -1 0.0004885197849944234 0.0004885197849944234
vn -1 0.0004885197849944234 0.0004885197849944234
vn -1 0.0004885197849944234 0.0004885197849944234
vn -1 0.0004885197849944234 0.0004885197849944234
vn 1 0.0004885197849944234 0.0004885197849944234
vn 1 0.0004885197849944234 0.0004885197849944234
vn 1 0.0004885197849944234 0.0004885197849944234
vn 1 0.0004885197849944234 0.0004885197849944234
vn 1 0.0004885197849944234 0.0004885197849944234
vn 1 0.0004885197849944234 0.0004885197849944234
vn 1 0.0004885197849944234 0.0004885197849944234
vn 1 0.0004885197849944234 0.0004885197849944234
vn -1 0.0004885197849944234 0.0004885197849944234
vn -1 0.0004885197849944234 0.0004885197849944234
vn -1 0.0004885197849944234 0.0004885197849944234
vn -1 0.0004885197849944234 0.0004885197849944234
vn 1 0.0004885197849944234 0.0004885197849944234
vn 1 0.0004885197849944234 0.0004885197849944234
vn 1 0.0004885197849944234 0.0004885197849944234
vn 1 0.0004885197849944234 0.0004885197849944234
vn 1 0.0004885197849944234 0.0004885197849944234
vn 1 0.0004885197849944234 0.0004885197849944234
vn -1 0.0004885197849944234 0.0004885197849944234
vn -1 0.0004885197849944234 0.0004885197849944234
vn -1 0.0004885197849944234 0.0004885197849944234
vn -1 0.0004885197849944234 0.0004885197849944234
vn -1 0.0004885197849944234 0.0004885197849944234
vn -1 0.0004885197849944234 0.0004885197849944234
vn -1 0.021006351336836815 0.0004885197849944234
vn -0.9765510559082031 -0.21446017920970917 0.0004885197849944234
vn -0.9765510559082031 -0.21446017920970917 0.0004885197849944234
vn -0.8788471221923828 -0.47826087474823 0.0004885197849944234
vn -1 0.021006351336836815 0.0004885197849944234
vn -0.8788471221923828 -0.47826087474823 0.0004885197849944234
vn -0.8661455512046814 -0.49975574016571045 0.0004885197849944234
vn -1 0.0004885197849944234 0.0004885197849944234
vn -0.8661455512046814 -0.49975574016571045 0.0004885197849944234
vn -1 0.0004885197849944234 0.0004885197849944234
vn -0.49975574016571045 -0.8661455512046814 0.0004885197849944234
vn -0.8661455512046814 0.49975574016571045 0.0004885197849944234
vn -0.49975574016571045 -0.8661455512046814 0.0004885197849944234
vn 0.0004885197849944234 -1 0.0004885197849944234
vn 0.0004885197849944234 -1 0.0004885197849944234
vn -0.8661455512046814 0.49975574016571045 0.0004885197849944234
vn -0.49975574016571045 0.8661455512046814 0.0004885197849944234
vn -0.49975574016571045 0.8661455512046814 0.0004885197849944234
vn 0.0004885197849944234 1 0.0004885197849944234
vn 0.0004885197849944234 1 0.0004885197849944234
vn 0.9765510559082031 -0.21446017920970917 0.0004885197849944234
vn 0.9765510559082031 -0.21446017920970917 0.0004885197849944234
vn 1 0.021006351336836815 0.0004885197849944234
vn 1 0.021006351336836815 0.0004885197849944234
vn 0.8788471221923828 -0.47826087474823 0.0004885197849944234
vn 0.8661455512046814 -0.49975574016571045 0.0004885197849944234
vn 0.8788471221923828 -0.47826087474823 0.0004885197849944234
vn 0.8661455512046814 -0.49975574016571045 0.0004885197849944234
vn 1 0.0004885197849944234 0.0004885197849944234
vn 0.49975574016571045 -0.8661455512046814 0.0004885197849944234
vn 1 0.0004885197849944234 0.0004885197849944234
vn 0.49975574016571045 -0.8661455512046814 0.0004885197849944234
vn 0.0004885197849944234 -1 0.0004885197849944234
vn 0.0004885197849944234 -1 0.0004885197849944234
vn 0.8661455512046814 0.49975574016571045 0.0004885197849944234
vn 0.8661455512046814 0.49975574016571045 0.0004885197849944234
vn 0.49975574016571045 0.8661455512046814 0.0004885197849944234
vn 0.49975574016571045 0.8661455512046814 0.0004885197849944234
vn 0.0004885197849944234 1 0.0004885197849944234
vn 0.0004885197849944234 1 0.0004885197849944234
vn 1 0.0004885197849944234 0.0004885197849944234
vn 1 0.0004885197849944234 0.0004885197849944234
vn 1 0.0004885197849944234 0.0004885197849944234
vn 1 0.0004885197849944234 0.0004885197849944234
vn 1 0.0004885197849944234 0.0004885197849944234
vn 1 0.0004885197849944234 0.0004885197849944234
vn 1 0.0004885197849944234 0.0004885197849944234
vn 1 0.0004885197849944234 0.0004885197849944234
vn 1 0.0004885197849944234 0.0004885197849944234
vn 1 0.0004885197849944234 0.0004885197849944234
vn 1 0.0004885197849944234 0.0004885197849944234
vn 1 0.0004885197849944234 0.0004885197849944234
vn 1 0.0004885197849944234 0.0004885197849944234
vn 1 0.0004885197849944234 0.0004885197849944234
vn 1 0.0004885197849944234 0.0004885197849944234
vn 1 0.0004885197849944234 0.0004885197849944234
vn 1 0.0004885197849944234 0.0004885197849944234
vn 1 0.0004885197849944234 0.0004885197849944234
vn 1 0.0004885197849944234 0.0004885197849944234
vn 1 0.0004885197849944234 0.0004885197849944234
vn -1 0.0004885197849944234 0.0004885197849944234
vn -1 0.0004885197849944234 0.0004885197849944234
vn -1 0.0004885197849944234 0.0004885197849944234
vn -1 0.0004885197849944234 0.0004885197849944234
vn -1 0.0004885197849944234 -0.0004885197849944234
vn -1 0.0004885197849944234 -0.0004885197849944234
vn -1 0.0004885197849944234 -0.0004885197849944234
vn -1 0.0004885197849944234 -0.0004885197849944234
vn -1 0.0004885197849944234 0.0004885197849944234
vn -1 0.0004885197849944234 0.0004885197849944234
vn -1 0.0004885197849944234 0.0004885197849944234
vn -1 0.0004885197849944234 0.0004885197849944234
vn -1 0.0004885197849944234 0.0004885197849944234
vn -1 0.0004885197849944234 0.0004885197849944234
vn -1 0.0004885197849944234 0.0004885197849944234
vn -1 0.0004885197849944234 0.0004885197849944234
vn -1 0.0004885197849944234 0.0004885197849944234
vn -1 0.0004885197849944234 0.0004885197849944234
vn -1 0.0004885197849944234 0.0004885197849944234
vn -1 0.0004885197849944234 0.0004885197849944234
vn -1 0.0004885197849944234 0.0004885197849944234
vn -1 0.0004885197849944234 0.0004885197849944234
vn -1 0.0004885197849944234 0.0004885197849944234
vn -1 0.0004885197849944234 0.0004885197849944234
vn -1 0.0004885197849944234 0.0004885197849944234
vn -1 0.0004885197849944234 0.0004885197849944234
vn 1 0.0004885197849944234 -0.0004885197849944234
vn 1 0.0004885197849944234 -0.0004885197849944234
vn 1 0.0004885197849944234 -0.0004885197849944234
vn 1 0.0004885197849944234 -0.0004885197849944234
vn -1 0.0004885197849944234 -0.0004885197849944234
vn -1 0.0004885197849944234 -0.0004885197849944234
vn -1 0.0004885197849944234 -0.0004885197849944234
vn -1 0.0004885197849944234 -0.0004885197849944234
vn -1 0.0004885197849944234 0.0004885197849944234
vn -1 0.0004885197849944234 0.0004885197849944234
vn -1 0.0004885197849944234 0.0004885197849944234
vn -1 0.0004885197849944234 0.0004885197849944234
vn 1 0.0004885197849944234 -0.0004885197849944234
vn 1 0.0004885197849944234 -0.0004885197849944234
vn 1 0.0004885197849944234 -0.0004885197849944234
vn 1 0.0004885197849944234 -0.0004885197849944234
vn 1 0.0004885197849944234 -0.0004885197849944234
vn 1 0.0004885197849944234 -0.0004885197849944234
vn 1 0.0004885197849944234 -0.0004885197849944234
vn 1 0.0004885197849944234 -0.0004885197849944234
vn -1 0.0004885197849944234 0.0004885197849944234
vn -1 0.0004885197849944234 0.0004885197849944234
vn -1 0.0004885197849944234 0.0004885197849944234
vn -1 0.0004885197849944234 0.0004885197849944234
vn 1 0.0004885197849944234 -0.0004885197849944234
vn 1 0.0004885197849944234 -0.0004885197849944234
vn 1 0.0004885197849944234 -0.0004885197849944234
vn 1 0.0004885197849944234 -0.0004885197849944234
vn -1 0.0004885197849944234 0.0004885197849944234
vn -1 0.0004885197849944234 0.0004885197849944234
vn -1 0.0004885197849944234 0.0004885197849944234
vn -1 0.0004885197849944234 0.0004885197849944234
vn 1 0.0004885197849944234 0.0004885197849944234
vn 1 0.0004885197849944234 0.0004885197849944234
vn 1 0.0004885197849944234 0.0004885197849944234
vn 1 0.0004885197849944234 0.0004885197849944234
vn 1 0.0004885197849944234 0.0004885197849944234
vn 1 0.0004885197849944234 0.0004885197849944234
vn -1 0.0004885197849944234 0.0004885197849944234
vn -1 0.0004885197849944234 0.0004885197849944234
vn -1 0.0004885197849944234 0.0004885197849944234
vn -1 0.0004885197849944234 0.0004885197849944234
vn -1 0.0004885197849944234 0.0004885197849944234
vn -1 0.0004885197849944234 0.0004885197849944234
vn 1 0.0004885197849944234 0.0004885197849944234
vn 1 0.0004885197849944234 0.0004885197849944234
vn 1 0.0004885197849944234 0.0004885197849944234
vn 1 0.0004885197849944234 0.0004885197849944234
vn -1 0.0004885197849944234 0.0004885197849944234
vn -1 0.0004885197849944234 0.0004885197849944234
vn -1 0.0004885197849944234 0.0004885197849944234
vn -1 0.0004885197849944234 0.0004885197849944234
vn -1 0.0004885197849944234 0.0004885197849944234
vn -1 0.0004885197849944234 0.0004885197849944234
vn 1 0.0004885197849944234 0.0004885197849944234
vn 1 0.0004885197849944234 0.0004885197849944234
vn 1 0.0004885197849944234 0.0004885197849944234
vn 1 0.0004885197849944234 0.0004885197849944234
vn 1 0.0004885197849944234 0.0004885197849944234
vn 1 0.0004885197849944234 0.0004885197849944234
vn 1 0.0004885197849944234 0.0004885197849944234
vn 1 0.0004885197849944234 0.0004885197849944234
vn 1 0.0004885197849944234 0.0004885197849944234
vn 1 0.0004885197849944234 0.0004885197849944234
vn 1 0.0004885197849944234 0.0004885197849944234
vn 1 0.0004885197849944234 0.0004885197849944234
vn 1 0.0004885197849944234 0.0004885197849944234
vn 1 0.0004885197849944234 0.0004885197849944234
vn 1 0.0004885197849944234 0.0004885197849944234
vn 1 0.0004885197849944234 0.0004885197849944234
vn 1 0.0004885197849944234 0.0004885197849944234
vn 1 0.0004885197849944234 0.0004885197849944234
vn 1 0.0004885197849944234 0.0004885197849944234
vn 1 0.0004885197849944234 0.0004885197849944234
vn 1 0.0004885197849944234 0.0004885197849944234
vn 1 0.0004885197849944234 0.0004885197849944234
vn 1 0.0004885197849944234 0.0004885197849944234
vn 1 0.0004885197849944234 0.0004885197849944234
vn 1 0.0004885197849944234 0.0004885197849944234
vn 1 0.0004885197849944234 0.0004885197849944234
vn -0.7068881392478943 0.7068881392478943 -0.0004885197849944234
vn 0.0004885197849944234 1 -0.0004885197849944234
vn 0.0004885197849944234 1 -0.0004885197849944234
vn -0.7068881392478943 0.7068881392478943 -0.0004885197849944234
vn -1 0.0004885197849944234 0.0004885197849944234
vn -1 0.0004885197849944234 0.0004885197849944234
vn -0.7068881392478943 -0.7068881392478943 0.0004885197849944234
vn -0.7068881392478943 -0.7068881392478943 0.0004885197849944234
vn 0.0004885197849944234 -1 0.0004885197849944234
vn 0.0004885197849944234 -1 0.0004885197849944234
vn 0.7068881392478943 -0.7068881392478943 0.0004885197849944234
vn 0.7068881392478943 -0.7068881392478943 0.0004885197849944234
vn 1 0.0004885197849944234 0.0004885197849944234
vn 1 0.0004885197849944234 0.0004885197849944234
vn 0.7068881392478943 0.7068881392478943 -0.0004885197849944234
vn 0.7068881392478943 0.7068881392478943 -0.0004885197849944234
vn 0.0004885197849944234 1 -0.0004885197849944234
vn 0.0004885197849944234 1 -0.0004885197849944234
vn 1 0.0004885197849944234 0.0004885197849944234
vn 1 0.0004885197849944234 0.0004885197849944234
vn 1 0.0004885197849944234 0.0004885197849944234
vn 1 0.0004885197849944234 0.0004885197849944234
vn -1 0.0004885197849944234 0.0004885197849944234
vn -1 0.0004885197849944234 0.0004885197849944234
vn -1 0.0004885197849944234 0.0004885197849944234
vn -1 0.0004885197849944234 0.0004885197849944234
vn 0.0004885197849944234 0.9316072463989258 -0.3629702031612396
vn 0.0004885197849944234 0.9316072463989258 -0.3629702031612396
vn 0.0004885197849944234 0.9316072463989258 -0.3629702031612396
vn 0.0004885197849944234 0.9316072463989258 -0.3629702031612396
vn 0.8788471221923828 0.47826087474823 0.0004885197849944234
vn 0.8788471221923828 0.47826087474823 0.0004885197849944234
vn 0.5583781003952026 0.8290180563926697 0.0004885197849944234
vn 0.5583781003952026 0.8290180563926697 0.0004885197849944234
vn 0.0004885197849944234 1 0.0004885197849944234
vn 0.0004885197849944234 1 0.0004885197849944234
vn 1 0.0004885197849944234 0.0004885197849944234
vn 1 -0.0004885197849944234 0.0004885197849944234
vn 0.8661455512046814 -0.49975574016571045 0.0004885197849944234
vn 0.8661455512046814 -0.49975574016571045 0.0004885197849944234
vn 0.49975574016571045 -0.8661455512046814 0.0004885197849944234
vn 0.49975574016571045 -0.8661455512046814 0.0004885197849944234
vn 0.0004885197849944234 -1 0.0004885197849944234
vn 0.0004885197849944234 -1 0.0004885197849944234
vn -0.5583781003952026 0.8290180563926697 0.0004885197849944234
vn -0.8788471221923828 0.47826087474823 0.0004885197849944234
vn -0.8788471221923828 0.47826087474823 0.0004885197849944234
vn -1 0.0004885197849944234 0.0004885197849944234
vn -0.5583781003952026 0.8290180563926697 0.0004885197849944234
vn 0.0004885197849944234 1 0.0004885197849944234
vn 0.0004885197849944234 1 0.0004885197849944234
vn -1 -0.0004885197849944234 0.0004885197849944234
vn -0.8661455512046814 -0.49975574016571045 0.0004885197849944234
vn -0.8661455512046814 -0.49975574016571045 0.0004885197849944234
vn -0.49975574016571045 -0.8661455512046814 0.0004885197849944234
vn -0.49975574016571045 -0.8661455512046814 0.0004885197849944234
vn 0.0004885197849944234 -1 0.0004885197849944234
vn 0.0004885197849944234 -1 0.0004885197849944234
vn 0.0004885197849944234 1 0.0004885197849944234
vn 0.0004885197849944234 1 0.0004885197849944234
vn 0.0004885197849944234 1 0.0004885197849944234
vn 0.0004885197849944234 1 0.0004885197849944234
vn 0.0004885197849944234 1 0.0004885197849944234
vn 0.0004885197849944234 1 0.0004885197849944234
vn 0.0004885197849944234 1 0.0004885197849944234
vn 0.0004885197849944234 1 0.0004885197849944234
vn 0.0004885197849944234 1 0.0004885197849944234
vn 0.0004885197849944234 1 0.0004885197849944234
vn 0.0004885197849944234 1 0.0004885197849944234
vn 0.0004885197849944234 1 0.0004885197849944234
vn 0.0004885197849944234 -0.43624815344810486 0.9003419876098633
vn 0.0004885197849944234 -0.43624815344810486 0.9003419876098633
vn 0.0004885197849944234 -0.43624815344810486 0.9003419876098633
vn 0.0004885197849944234 -0.43624815344810486 0.9003419876098633
vn 0.0004885197849944234 -0.43624815344810486 0.9003419876098633
vn 0.0004885197849944234 -0.43624815344810486 0.9003419876098633
vn 0.0004885197849944234 -0.0004885197849944234 1
vn 0.0004885197849944234 -0.0004885197849944234 1
vn 0.0004885197849944234 -0.0004885197849944234 1
vn 0.0004885197849944234 -0.0004885197849944234 1
vn 0.0004885197849944234 -0.0004885197849944234 1
vn 0.0004885197849944234 -0.0004885197849944234 1
vn 0.0004885197849944234 -0.0004885197849944234 1
vn 0.0004885197849944234 -0.0004885197849944234 1
vn 0.0004885197849944234 -0.6003907918930054 0.7997068762779236
vn 0.0004885197849944234 0.43820226192474365 0.8983879089355469
vn 0.0004885197849944234 -0.6003907918930054 0.7997068762779236
vn 0.0004885197849944234 -0.8378114104270935 0.5466536283493042
vn 0.0004885197849944234 -0.8378114104270935 0.5466536283493042
vn 0.0004885197849944234 -0.8808012008666992 0.47435271739959717
vn 0.0004885197849944234 -0.8808012008666992 0.47435271739959717
vn 0.0004885197849944234 -0.8251098990440369 0.5652173757553101
vn 0.0004885197849944234 -0.8251098990440369 0.5652173757553101
vn 0.0004885197849944234 -0.9511480331420898 -0.30727893114089966
vn 0.0004885197849944234 -0.9511480331420898 -0.30727893114089966
vn 0.0004885197849944234 0.27210551500320435 -0.9618954658508301
vn 0.0004885197849944234 -0.9511480331420898 -0.30727893114089966
vn 0.0004885197849944234 0.27210551500320435 -0.9618954658508301
vn 0.0004885197849944234 0.8270639777183533 -0.5613092184066772
vn 0.0004885197849944234 0.8270639777183533 -0.5613092184066772
vn 0.0004885197849944234 0.44113337993621826 -0.8974108695983887
vn 0.0004885197849944234 0.44113337993621826 -0.8974108695983887
vn 0.0004885197849944234 -0.5183194875717163 -0.8553981184959412
vn 0.0004885197849944234 -0.5183194875717163 -0.8553981184959412
vn 0.0004885197849944234 -0.8495358824729919 -0.5271128416061401
vn 0.0004885197849944234 -0.8495358824729919 -0.5271128416061401
vn 0.0004885197849944234 -0.9257450103759766 -0.37762579321861267
vn 0.0004885197849944234 -0.9257450103759766 -0.37762579321861267
vn -0.7068881392478943 0.7068881392478943 -0.0004885197849944234
vn 0.0004885197849944234 1 -0.0004885197849944234
vn 0.0004885197849944234 1 -0.0004885197849944234
vn -0.7068881392478943 0.7068881392478943 -0.0004885197849944234
vn -1 0.0004885197849944234 0.0004885197849944234
vn -1 0.0004885197849944234 0.0004885197849944234
vn -0.7068881392478943 -0.7068881392478943 0.0004885197849944234
vn -0.7068881392478943 -0.7068881392478943 0.0004885197849944234
vn 0.0004885197849944234 -1 0.0004885197849944234
vn 0.0004885197849944234 -1 0.0004885197849944234
vn 0.7068881392478943 -0.7068881392478943 0.0004885197849944234
vn 0.7068881392478943 -0.7068881392478943 0.0004885197849944234
vn 1 0.0004885197849944234 0.0004885197849944234
vn 1 0.0004885197849944234 0.0004885197849944234
vn 0.7068881392478943 0.7068881392478943 -0.0004885197849944234
vn 0.7068881392478943 0.7068881392478943 -0.0004885197849944234
vn 0.0004885197849944234 1 -0.0004885197849944234
vn 0.0004885197849944234 1 -0.0004885197849944234
vn 0.0004885197849944234 -0.686370313167572 0.7274059653282166
vn 0.0004885197849944234 0.0962383970618248 0.995114803314209
vn 0.0004885197849944234 -0.686370313167572 0.7274059653282166
vn 0.0004885197849944234 0.0962383970618248 0.995114803314209
vn 0.0004885197849944234 -0.1255495846271515 0.9921836853027344
vn 0.0004885197849944234 -0.1255495846271515 0.9921836853027344
vn 0.0004885197849944234 -0.43038591742515564 0.9022960662841797
vn 0.0004885197849944234 -0.43038591742515564 0.9022960662841797
vn 0.0004885197849944234 -0.2642892003059387 0.9648265838623047
vn 0.0004885197849944234 -0.2642892003059387 0.9648265838623047
vn 0.0004885197849944234 -0.7352222800254822 0.6785539984703064
vn 0.0004885197849944234 -0.7352222800254822 0.6785539984703064
vn 0.0004885197849944234 -1 -0.014167074114084244
vn 0.0004885197849944234 -0.7352222800254822 0.6785539984703064
vn 0.0004885197849944234 -1 -0.014167074114084244
vn 0.0004885197849944234 -0.9579873085021973 -0.2877381443977356
vn 0.0004885197849944234 -0.9579873085021973 -0.2877381443977356
vn 0.0004885197849944234 -0.9892525672912598 0.14802148938179016
vn 0.0004885197849944234 -0.686370313167572 0.7274059653282166
vn 0.0004885197849944234 -0.9892525672912598 0.14802148938179016
vn 0.0004885197849944234 -0.9892525672912598 0.14802148938179016
vn 0.0004885197849944234 -0.6365413069725037 0.7713727355003357
vn 0.0004885197849944234 -0.6365413069725037 0.7713727355003357
vn 0.0004885197849944234 -0.6365413069725037 0.7713727355003357
vn 0.0004885197849944234 0.6746458411216736 0.7381533980369568
vn 0.0004885197849944234 0.6746458411216736 0.7381533980369568
vn 0.0004885197849944234 -0.6365413069725037 0.7713727355003357
vn 0.0004885197849944234 0.6746458411216736 0.7381533980369568
vn 0.0004885197849944234 0.6111382246017456 0.791890561580658
vn 0.0004885197849944234 0.6111382246017456 0.791890561580658
vn 0.0004885197849944234 0.8133854269981384 0.5818270444869995
vn 0.0004885197849944234 0.0004885197849944234 1
vn 0.0004885197849944234 0.0004885197849944234 1
vn 0.0004885197849944234 0.0004885197849944234 1
vn 0.0004885197849944234 0.0004885197849944234 1
vn 0.0004885197849944234 0.0004885197849944234 1
vn 0.0004885197849944234 0.0004885197849944234 1
vn 0.0004885197849944234 0.0004885197849944234 1
vn 0.0004885197849944234 0.0004885197849944234 1
vn 0.0004885197849944234 0.0004885197849944234 1
vn 0.0004885197849944234 0.0004885197849944234 1
vn 0.0004885197849944234 0.0004885197849944234 1
vn 0.0004885197849944234 0.0004885197849944234 1
vn 0.0004885197849944234 -0.0004885197849944234 1
vn 0.0004885197849944234 -0.0004885197849944234 1
vn 0.0004885197849944234 -0.0004885197849944234 1
vn 0.0004885197849944234 -0.0004885197849944234 1
vn 0.0004885197849944234 -0.0004885197849944234 1
vn 0.0004885197849944234 -0.0004885197849944234 1
vn 0.0004885197849944234 -0.0004885197849944234 1
vn 0.0004885197849944234 -0.0004885197849944234 1
vn 0.0004885197849944234 -0.0004885197849944234 1
vn 0.0004885197849944234 -0.0004885197849944234 1
vn 0.0004885197849944234 -0.0004885197849944234 1
vn 0.0004885197849944234 -0.0004885197849944234 1
vn 0.0004885197849944234 -0.0004885197849944234 -1
vn 0.0004885197849944234 -0.0004885197849944234 -1
vn 0.0004885197849944234 -0.0004885197849944234 -1
vn 0.0004885197849944234 -0.0004885197849944234 -1
vn 0.0004885197849944234 0.0004885197849944234 -1
vn 0.0004885197849944234 0.0004885197849944234 -1
vn 0.0004885197849944234 0.0004885197849944234 -1
vn 0.0004885197849944234 0.0004885197849944234 -1
vn 0.0004885197849944234 0.0004885197849944234 -1
vn 0.0004885197849944234 0.0004885197849944234 -1
vn 0.0004885197849944234 0.0004885197849944234 -1
vn 0.0004885197849944234 0.0004885197849944234 -1
vn 0.0004885197849944234 0.0004885197849944234 -1
vn 0.0004885197849944234 0.0004885197849944234 -1
vn 0.0004885197849944234 0.0004885197849944234 -1
vn 0.0004885197849944234 0.0004885197849944234 -1
vn 0.0004885197849944234 0.0004885197849944234 -1
vn 0.0004885197849944234 0.0004885197849944234 -1
vn 0.0004885197849944234 0.0004885197849944234 -1
vn 0.0004885197849944234 -0.0004885197849944234 -1
vn 0.0004885197849944234 -0.0004885197849944234 -1
vn 0.0004885197849944234 -0.0004885197849944234 -1
vn 0.0004885197849944234 -0.0004885197849944234 -1
vn 0.0004885197849944234 0.0004885197849944234 -1
vn 0.0004885197849944234 0.0004885197849944234 -1
vn 0.0004885197849944234 0.0004885197849944234 -1
vn 0.0004885197849944234 0.0004885197849944234 -1
vn 0.0004885197849944234 -1 -0.0004885197849944234
vn 0.0004885197849944234 -1 -0.0004885197849944234
vn 0.0004885197849944234 -1 -0.0004885197849944234
vn 0.0004885197849944234 -1 -0.0004885197849944234
vn -0.0004885197849944234 -1 -0.0004885197849944234
vn -0.0004885197849944234 -1 -0.0004885197849944234
vn -0.0004885197849944234 -1 -0.0004885197849944234
vn -0.0004885197849944234 -1 -0.0004885197849944234
vn 0.0004885197849944234 -1 -0.0004885197849944234
vn 0.0004885197849944234 -1 -0.0004885197849944234
vn 0.0004885197849944234 -1 -0.0004885197849944234
vn 0.0004885197849944234 -1 -0.0004885197849944234
vn 0.0004885197849944234 -1 -0.0004885197849944234
vn 0.0004885197849944234 -1 -0.0004885197849944234
vn 0.0004885197849944234 -1 -0.0004885197849944234
vn 0.0004885197849944234 -1 -0.0004885197849944234
vn 0.0004885197849944234 -1 -0.0004885197849944234
vn 0.0004885197849944234 -1 -0.0004885197849944234
vn 0.0004885197849944234 -1 -0.0004885197849944234
vn 0.0004885197849944234 -1 -0.0004885197849944234
vn 0.0004885197849944234 -1 -0.0004885197849944234
vn 0.0004885197849944234 -1 -0.0004885197849944234
vn 0.0004885197849944234 0.6111382246017456 0.791890561580658
vn 0.0004885197849944234 0.6746458411216736 0.7381533980369568
vn 0.0004885197849944234 0.6746458411216736 0.7381533980369568
vn 0.0004885197849944234 0.6111382246017456 0.791890561580658
vn 0.0004885197849944234 -1 -0.0004885197849944234
vn 0.0004885197849944234 -1 -0.0004885197849944234
vn 0.0004885197849944234 -1 -0.0004885197849944234
vn 0.0004885197849944234 -1 -0.0004885197849944234
vn 0.0004885197849944234 -1 -0.0004885197849944234
vn 0.0004885197849944234 -1 -0.0004885197849944234
vn 0.0004885197849944234 -1 -0.0004885197849944234
vn 0.0004885197849944234 -1 -0.0004885197849944234
vn 0.0004885197849944234 -1 -0.0004885197849944234
vn 0.0004885197849944234 -1 -0.0004885197849944234
vn 0.0004885197849944234 -1 -0.0004885197849944234
vn 0.0004885197849944234 -1 -0.0004885197849944234
vn 0.0004885197849944234 -1 -0.0004885197849944234
vn 0.0004885197849944234 -1 -0.0004885197849944234
vn 0.0004885197849944234 0.8935027122497559 0.4499267339706421
vn 0.0004885197849944234 0.8935027122497559 0.4499267339706421
vn 0.0004885197849944234 0.5437225103378296 0.8387884497642517
vn 0.0004885197849944234 0.5437225103378296 0.8387884497642517
vn 0.0004885197849944234 0.0004885197849944234 -1
vn 0.0004885197849944234 0.0004885197849944234 -1
vn 0.0004885197849944234 0.0004885197849944234 -1
vn 0.0004885197849944234 0.0004885197849944234 -1
vn 0.0004885197849944234 0.0004885197849944234 -1
vn 0.0004885197849944234 0.0004885197849944234 -1
vn 0.0004885197849944234 0.0004885197849944234 -1
vn 0.0004885197849944234 0.0004885197849944234 -1

vt 0.8800207376480103 0.20113646984100342
vt 0.8106162548065186 0.22110223770141602
vt 0.8052879571914673 0.1911519169807434
vt 0.8307579755783081 0.2587190866470337
vt 0.8800207376480103 0.20113646984100342
vt 0.8091942667961121 0.1612224578857422
vt 0.8228123188018799 0.12705522775650024
vt 0.8052879571914673 0.1911519169807434
vt 0.8307579755783081 0.2587190866470337
vt 0.8800207376480103 0.20113646984100342
vt 0.8990036249160767 0.2330356240272522
vt 0.8725190162658691 0.27644312381744385
vt 0.8193318247795105 0.4336104393005371
vt 0.8668867349624634 0.48020946979522705
vt 0.8272236585617065 0.48962366580963135
vt 0.8581513166427612 0.4298781156539917
vt 0.8822300434112549 0.5264774560928345
vt 0.8272236585617065 0.48962366580963135
vt 0.8668867349624634 0.48020946979522705
vt 0.8453137874603271 0.5499036312103271
vt 0.8174998760223389 0.378429114818573
vt 0.8581513166427612 0.4298781156539917
vt 0.8193318247795105 0.4336104393005371
vt 0.855652928352356 0.37880730628967285
vt 0.8725190162658691 0.27644312381744385
vt 0.8571029901504517 0.327214777469635
vt 0.8211393356323242 0.3220660090446472
vt 0.8307579755783081 0.2587190866470337
vt 0.855652928352356 0.37880730628967285
vt 0.8211393356323242 0.3220660090446472
vt 0.8571029901504517 0.327214777469635
vt 0.8174998760223389 0.378429114818573
vt 0.8800207376480103 0.20113646984100342
vt 0.8052879571914673 0.1911519169807434
vt 0.8106162548065186 0.22110223770141602
vt 0.8307579755783081 0.2587190866470337
vt 0.8800207376480103 0.20113646984100342
vt 0.8091942667961121 0.1612224578857422
vt 0.8052879571914673 0.1911519169807434
vt 0.8228123188018799 0.12705522775650024
vt 0.8990036249160767 0.2330356240272522
vt 0.8307579755783081 0.2587190866470337
vt 0.8725190162658691 0.27644312381744385
vt 0.8800207376480103 0.20113646984100342
vt 0.8668867349624634 0.48020946979522705
vt 0.8193318247795105 0.4336104393005371
vt 0.8272236585617065 0.48962366580963135
vt 0.8581513166427612 0.4298781156539917
vt 0.8822300434112549 0.5264774560928345
vt 0.8272236585617065 0.48962366580963135
vt 0.8453137874603271 0.5499036312103271
vt 0.8668867349624634 0.48020946979522705
vt 0.8174998760223389 0.378429114818573
vt 0.8581513166427612 0.4298781156539917
vt 0.855652928352356 0.37880730628967285
vt 0.8193318247795105 0.4336104393005371
vt 0.8725190162658691 0.27644312381744385
vt 0.8211393356323242 0.3220660090446472
vt 0.8571029901504517 0.327214777469635
vt 0.8307579755783081 0.2587190866470337
vt 0.8211393356323242 0.3220660090446472
vt 0.855652928352356 0.37880730628967285
vt 0.8571029901504517 0.327214777469635
vt 0.8174998760223389 0.378429114818573
vt 0.5386795997619629 0.367117702960968
vt 0.4268694221973419 0.25530749559402466
vt 0.5386795997619629 0.25530749559402466
vt 0.4268694221973419 0.367117702960968
vt 0.7597655653953552 0.896033525466919
vt 0.8213641047477722 0.834434986114502
vt 0.8213641047477722 0.896033525466919
vt 0.7597655653953552 0.834434986114502
vt 0.7597655653953552 0.896033525466919
vt 0.7597655653953552 0.9576322436332703
vt 0.7488551735877991 0.9576322436332703
vt 0.7488551735877991 0.896033525466919
vt 0.6267690062522888 0.7848266959190369
vt 0.9147061109542847 0.7848266363143921
vt 0.6530376076698303 0.8569819927215576
vt 0.706342875957489 0.9051252603530884
vt 0.896095871925354 0.8542810678482056
vt 0.845251739025116 0.9051252007484436
vt 0.7757973670959473 0.923735499382019
vt 0.6530376076698303 0.8569819927215576
vt 0.9147061109542847 0.7848266363143921
vt 0.6267690062522888 0.7848266959190369
vt 0.706342875957489 0.9051252603530884
vt 0.896095871925354 0.8542810678482056
vt 0.845251739025116 0.9051252007484436
vt 0.7757973670959473 0.923735499382019
vt 0.5386795997619629 0.5348330140113831
vt 0.5014095306396484 0.4789279103279114
vt 0.5386795997619629 0.4789279103279114
vt 0.5014095306396484 0.5348330140113831
vt 0.46413949131965637 0.4789279103279114
vt 0.46413949131965637 0.5348330140113831
vt 0.4268694221973419 0.4789279103279114
vt 0.4268694221973419 0.5348330140113831
vt 0.5386795997619629 0.5348330140113831
vt 0.5386795997619629 0.4789279103279114
vt 0.5014095306396484 0.4789279103279114
vt 0.5014095306396484 0.5348330140113831
vt 0.46413949131965637 0.4789279103279114
vt 0.46413949131965637 0.5348330140113831
vt 0.4268694221973419 0.4789279103279114
vt 0.4268694221973419 0.5348330140113831
vt 0.17460957169532776 0.8944612741470337
vt 0.16134202480316162 0.9276301860809326
vt 0.17460957169532776 0.9276301860809326
vt 0.1878771185874939 0.9276301860809326
vt 0.1878771185874939 0.8944612741470337
vt 0.16134202480316162 0.8944612741470337
vt 0.1480744481086731 0.9276301860809326
vt 0.1480744481086731 0.8944612741470337
vt 0.13480690121650696 0.9276301860809326
vt 0.13480690121650696 0.8944612741470337
vt 0.12153935432434082 0.8944612741470337
vt 0.12153935432434082 0.9276301860809326
vt 0.7356951236724854 0.8925264477729797
vt 0.7356951236724854 0.9335601329803467
vt 0.7356951236724854 0.9335601329803467
vt 0.7356951236724854 0.8925264477729797
vt 0.1878771185874939 0.8612923622131348
vt 0.1878771185874939 0.8612923622131348
vt 0.22104603052139282 0.8612923622131348
vt 0.22104603052139282 0.8944612741470337
vt 0.1878771185874939 0.8944612741470337
vt 0.1878771185874939 0.9276301860809326
vt 0.1878771185874939 0.9276301860809326
vt 0.1878771185874939 0.8944612741470337
vt 0.1878771185874939 0.8944612741470337
vt 0.1878771185874939 0.8944612741470337
vt 0.1878771185874939 0.9276301860809326
vt 0.1878771185874939 0.8944612741470337
vt 0.1878771185874939 0.8944612741470337
vt 0.17460957169532776 0.8944612741470337
vt 0.17460957169532776 0.9276301860809326
vt 0.16134202480316162 0.9276301860809326
vt 0.16134202480316162 0.8944612741470337
vt 0.1480744481086731 0.9276301860809326
vt 0.1480744481086731 0.8944612741470337
vt 0.13480690121650696 0.9276301860809326
vt 0.13480690121650696 0.8944612741470337
vt 0.12153935432434082 0.8944612741470337
vt 0.12153935432434082 0.9276301860809326
vt 0.37096428871154785 0.367117702960968
vt 0.4268694221973419 0.367117702960968
vt 0.37096428871154785 0.367117702960968
vt 0.4268694221973419 0.367117702960968
vt 0.4268694221973419 0.367117702960968
vt 0.4268694221973419 0.367117702960968
vt 0.46413949131965637 0.367117702960968
vt 0.46413949131965637 0.31121259927749634
vt 0.46413949131965637 0.31121259927749634
vt 0.46413949131965637 0.367117702960968
vt 0.5945847034454346 0.367117702960968
vt 0.5386795997619629 0.367117702960968
vt 0.46413949131965637 0.367117702960968
vt 0.46413949131965637 0.31121259927749634
vt 0.46413949131965637 0.31121259927749634
vt 0.46413949131965637 0.367117702960968
vt 0.46413949131965637 0.367117702960968
vt 0.46413949131965637 0.31121259927749634
vt 0.46413949131965637 0.367117702960968
vt 0.46413949131965637 0.367117702960968
vt 0.46413949131965637 0.31121259927749634
vt 0.46413949131965637 0.367117702960968
vt 0.46413949131965637 0.367117702960968
vt 0.46413949131965637 0.31121259927749634
vt 0.46413949131965637 0.367117702960968
vt 0.46413949131965637 0.367117702960968
vt 0.46413949131965637 0.31121259927749634
vt 0.46413949131965637 0.367117702960968
vt 0.46413949131965637 0.31121259927749634
vt 0.46413949131965637 0.367117702960968
vt 0.5945847034454346 0.367117702960968
vt 0.46413949131965637 0.367117702960968
vt 0.5386795997619629 0.367117702960968
vt 0.46413949131965637 0.367117702960968
vt 0.5945847034454346 0.367117702960968
vt 0.46413949131965637 0.31121259927749634
vt 0.5945847034454346 0.4789279103279114
vt 0.5386795997619629 0.367117702960968
vt 0.5945847034454346 0.367117702960968
vt 0.5386795997619629 0.4789279103279114
vt 0.5386795997619629 0.367117702960968
vt 0.5945847034454346 0.367117702960968
vt 0.5386795997619629 0.367117702960968
vt 0.5945847034454346 0.367117702960968
vt 0.5386795997619629 0.367117702960968
vt 0.5386795997619629 0.367117702960968
vt 0.5386795997619629 0.367117702960968
vt 0.7156679630279541 0.9362635612487793
vt 0.7734375 0.9170069694519043
vt 0.7734375 0.9362635612487793
vt 0.7156679630279541 0.9170069694519043
vt 0.7734375 0.8977504968643188
vt 0.7156679630279541 0.8977504968643188
vt 0.7734375 0.8784940242767334
vt 0.7156679630279541 0.8784940242767334
vt 0.7488551735877991 0.9576322436332703
vt 0.6981669664382935 0.9576322436332703
vt 0.7488551735877991 0.896033525466919
vt 0.6981669664382935 0.896033525466919
vt 0.6964114904403687 0.849609375
vt 0.7926939129829407 0.849609375
vt 0.8119505047798157 0.849609375
vt 0.6771551370620728 0.849609375
vt 0.46413949131965637 0.31121259927749634
vt 0.46413949131965637 0.367117702960968
vt 0.46413949131965637 0.367117702960968
vt 0.46413949131965637 0.31121259927749634
vt 0.46413949131965637 0.367117702960968
vt 0.46413949131965637 0.367117702960968
vt 0.783203125 0.5880852937698364
vt 0.7209864854812622 0.5880852937698364
vt 0.783203125 0.5033199191093445
vt 0.7209864854812622 0.5033199191093445
vt 0.46413949131965637 0.31121259927749634
vt 0.4268694221973419 0.367117702960968
vt 0.4268694221973419 0.31121259927749634
vt 0.46413949131965637 0.367117702960968
vt 0.46413949131965637 0.31121259927749634
vt 0.4268694221973419 0.367117702960968
vt 0.46413949131965637 0.367117702960968
vt 0.4268694221973419 0.31121259927749634
vt 0.6504898071289062 0.367117702960968
vt 0.6504898071289062 0.449185311794281
vt 0.5386795997619629 0.367117702960968
vt 0.5386795997619629 0.449185311794281
vt 0.7209864854812622 0.5880852937698364
vt 0.6984379291534424 0.5880852937698364
vt 0.7209864854812622 0.5033199191093445
vt 0.6984379291534424 0.5033199191093445
vt 0.6984379291534424 0.5880852937698364
vt 0.6984379291534424 0.5033199191093445
vt 0.6984379291534424 0.5033199191093445
vt 0.6984379291534424 0.5880852937698364
vt 0.5945847034454346 0.367117702960968
vt 0.5945847034454346 0.367117702960968
vt 0.5386795997619629 0.367117702960968
vt 0.5386795997619629 0.367117702960968
vt 0.5945847034454346 0.367117702960968
vt 0.5386795997619629 0.367117702960968
vt 0.5386795997619629 0.367117702960968
vt 0.5386795997619629 0.367117702960968
vt 0.5386795997619629 0.367117702960968
vt 0.5945847034454346 0.367117702960968
vt 0.5386795997619629 0.367117702960968
vt 0.5386795997619629 0.367117702960968
vt 0.7767288684844971 0.9335601329803467
vt 0.7356951236724854 0.8925264477729797
vt 0.7767288684844971 0.8925264477729797
vt 0.7356951236724854 0.9335601329803467
vt 0.7356951236724854 0.9335601329803467
vt 0.7356951236724854 0.8925264477729797
vt 0.7356951236724854 0.9335601329803467
vt 0.7356951236724854 0.8925264477729797
vt 0.7356951236724854 0.9335601329803467
vt 0.7356951236724854 0.8925264477729797
vt 0.2972639799118042 0.449148952960968
vt 0.2835860848426819 0.5312164425849915
vt 0.2835860848426819 0.449148952960968
vt 0.2972639799118042 0.449148952960968
vt 0.2835860848426819 0.449148952960968
vt 0.2699081301689148 0.449148952960968
vt 0.2699081301689148 0.449148952960968
vt 0.2699081301689148 0.5312164425849915
vt 0.2562301754951477 0.449148952960968
vt 0.2562301754951477 0.5312164425849915
vt 0.2562301754951477 0.449148952960968
vt 0.2425522804260254 0.449148952960968
vt 0.2425522804260254 0.449148952960968
vt 0.2425522804260254 0.5312164425849915
vt 0.2288743257522583 0.449148952960968
vt 0.2288743257522583 0.5312164425849915
vt 0.2288743257522583 0.449148952960968
vt 0.2151963710784912 0.449148952960968
vt 0.2151963710784912 0.449148952960968
vt 0.2151963710784912 0.5312164425849915
vt 0.2015184760093689 0.449148952960968
vt 0.2015184760093689 0.449148952960968
vt 0.2015184760093689 0.5312164425849915
vt 0.18784064054489136 0.449148952960968
vt 0.18784064054489136 0.449148952960968
vt 0.18784064054489136 0.5312164425849915
vt 0.17416268587112427 0.449148952960968
vt 0.17416268587112427 0.449148952960968
vt 0.17416268587112427 0.5312164425849915
vt 0.16048485040664673 0.449148952960968
vt 0.16048485040664673 0.449148952960968
vt 0.16048485040664673 0.5312164425849915
vt 0.14680689573287964 0.449148952960968
vt 0.14680689573287964 0.449148952960968
vt 0.14680689573287964 0.5312164425849915
vt 0.13312900066375732 0.449148952960968
vt 0.13312900066375732 0.449148952960968
vt 0.13312900066375732 0.5312164425849915
vt 0.657898485660553 0.8784940242767334
vt 0.6771551370620728 0.849609375
vt 0.6771551370620728 0.8784940242767334
vt 0.657898485660553 0.849609375
vt 0.6771551370620728 0.820724606513977
vt 0.657898485660553 0.820724606513977
vt 0.6964114904403687 0.820724606513977
vt 0.6964114904403687 0.849609375
vt 0.7156679630279541 0.820724606513977
vt 0.7156679630279541 0.849609375
vt 0.6964114904403687 0.8784940242767334
vt 0.7156679630279541 0.8784940242767334
vt 0.6136727333068848 0.5033199191093445
vt 0.6984379291534424 0.4185549020767212
vt 0.6984379291534424 0.5033199191093445
vt 0.6136727333068848 0.4185549020767212
vt 0.37096428871154785 0.367117702960968
vt 0.37096428871154785 0.367117702960968
vt 0.4268694221973419 0.367117702960968
vt 0.4268694221973419 0.367117702960968
vt 0.4268694221973419 0.367117702960968
vt 0.4268694221973419 0.367117702960968
vt 0.37096428871154785 0.367117702960968
vt 0.4268694221973419 0.367117702960968
vt 0.4268694221973419 0.367117702960968
vt 0.37096428871154785 0.367117702960968
vt 0.37096428871154785 0.367117702960968
vt 0.4268694221973419 0.367117702960968
vt 0.37096428871154785 0.367117702960968
vt 0.4268694221973419 0.367117702960968
vt 0.783203125 0.5033199191093445
vt 0.8679682016372681 0.4185549020767212
vt 0.8679682016372681 0.5033199191093445
vt 0.783203125 0.4185549020767212
vt 0.1878771185874939 0.8281234502792358
vt 0.1878771185874939 0.7949545383453369
vt 0.17460957169532776 0.7949545383453369
vt 0.17460957169532776 0.8281234502792358
vt 0.16134202480316162 0.7949545383453369
vt 0.16134202480316162 0.8281234502792358
vt 0.1480744481086731 0.7949545383453369
vt 0.1480744481086731 0.8281234502792358
vt 0.13480690121650696 0.7949545383453369
vt 0.13480690121650696 0.8281234502792358
vt 0.12153935432434082 0.7949545383453369
vt 0.12153935432434082 0.8281234502792358
vt 0.08837047219276428 0.8281234502792358
vt 0.12153935432434082 0.8612923622131348
vt 0.08837047219276428 0.8612923622131348
vt 0.12153935432434082 0.8944612741470337
vt 0.08837047219276428 0.8944612741470337
vt 0.37096428871154785 0.367117702960968
vt 0.37096428871154785 0.367117702960968
vt 0.4268694221973419 0.367117702960968
vt 0.4268694221973419 0.367117702960968
vt 0.4268694221973419 0.367117702960968
vt 0.4268694221973419 0.367117702960968
vt 0.37096428871154785 0.367117702960968
vt 0.37096428871154785 0.367117702960968
vt 0.4268694221973419 0.367117702960968
vt 0.4268694221973419 0.367117702960968
vt 0.37096428871154785 0.367117702960968
vt 0.4268694221973419 0.367117702960968
vt 0.37096428871154785 0.367117702960968
vt 0.4268694221973419 0.367117702960968
vt 0.7767288684844971 0.8699207901954651
vt 0.817762553691864 0.8699207901954651
vt 0.817762553691864 0.8925264477729797
vt 0.7767288684844971 0.8925264477729797
vt 0.7767288684844971 0.8514926433563232
vt 0.817762553691864 0.8514926433563232
vt 0.5945847034454346 0.367117702960968
vt 0.5386795997619629 0.367117702960968
vt 0.5945847034454346 0.4789279103279114
vt 0.5386795997619629 0.4789279103279114
vt 0.22104603052139282 0.8612923622131348
vt 0.1878771185874939 0.8612923622131348
vt 0.22104603052139282 0.8944612741470337
vt 0.1878771185874939 0.8944612741470337
vt 0.27800700068473816 0.2016385793685913
vt 0.3172954022884369 0.34826475381851196
vt 0.27800700068473816 0.308976411819458
vt 0.26362648606300354 0.25530749559402466
vt 0.4246332049369812 0.34826475381851196
vt 0.37096428871154785 0.36264532804489136
vt 0.3172954022884369 0.16235017776489258
vt 0.4246332049369812 0.16235017776489258
vt 0.37096428871154785 0.14796966314315796
vt 0.46392157673835754 0.2016385793685913
vt 0.46392157673835754 0.308976411819458
vt 0.47830212116241455 0.25530749559402466
vt 0.4268694221973419 0.4789279103279114
vt 0.37096428871154785 0.4789279103279114
vt 0.37096428871154785 0.367117702960968
vt 0.4268694221973419 0.367117702960968
vt 0.4268694221973419 0.4789279103279114
vt 0.37096428871154785 0.367117702960968
vt 0.37096428871154785 0.4789279103279114
vt 0.4268694221973419 0.367117702960968
vt 0.5016274452209473 0.308976411819458
vt 0.5409157872200012 0.16235017776489258
vt 0.5016274452209473 0.2016385793685913
vt 0.48724690079689026 0.25530749559402466
vt 0.6482536196708679 0.16235017776489258
vt 0.5945847034454346 0.14796966314315796
vt 0.6482536196708679 0.34826475381851196
vt 0.5409157872200012 0.34826475381851196
vt 0.5945847034454346 0.36264532804489136
vt 0.6875420212745667 0.308976411819458
vt 0.6875420212745667 0.2016385793685913
vt 0.7019225358963013 0.25530749559402466
vt 0.6901082396507263 0.4760337471961975
vt 0.4401082396507263 0.2260337471961975
vt 0.6901082396507263 0.2260337471961975
vt 0.6901082396507263 0.2260337471961975
vt 0.6901082396507263 0.4760337471961975
vt 0.2646365463733673 0.4760337471961975
vt 0.4401082396507263 0.2260337471961975
vt 0.2646365463733673 0.4760337471961975
vt 0.4401082396507263 0.2260337471961975
vt 0.2646365463733673 0.4760337471961975
vt 0.4401082396507263 0.2260337471961975
vt 0.2646365463733673 0.4760337471961975
vt 0.44010820984840393 0.22603368759155273
vt 0.2646365463733673 0.4760337471961975
vt 0.2646365463733673 0.4760337471961975
vt 0.4401082396507263 0.2260337471961975
vt 0.2646365463733673 0.4760337471961975
vt 0.4401082396507263 0.2260337471961975
vt 0.2646365463733673 0.4760337471961975
vt 0.4401082396507263 0.2260337471961975
vt 0.2646365463733673 0.4760337471961975
vt 0.4401082396507263 0.2260337471961975
vt 0.2646365463733673 0.4760337471961975
vt 0.4401082396507263 0.2260337471961975
vt 0.2646365463733673 0.4760337471961975
vt 0.4401082396507263 0.2260337471961975
vt 0.2646365463733673 0.4760337471961975
vt 0.4401082396507263 0.2260337471961975
vt 0.17460957169532776 0.8944612741470337
vt 0.1878771185874939 0.8612923622131348
vt 0.17460957169532776 0.8612923622131348
vt 0.1878771185874939 0.8944612741470337
vt 0.1878771185874939 0.8281234502792358
vt 0.17460957169532776 0.8281234502792358
vt 0.16134202480316162 0.8612923622131348
vt 0.16134202480316162 0.8281234502792358
vt 0.13480690121650696 0.8944612741470337
vt 0.13480690121650696 0.8612923622131348
vt 0.12153935432434082 0.8612923622131348
vt 0.12153935432434082 0.8944612741470337
vt 0.1480744481086731 0.8612923622131348
vt 0.13480690121650696 0.8944612741470337
vt 0.1480744481086731 0.8944612741470337
vt 0.13480690121650696 0.8612923622131348
vt 0.1480744481086731 0.8944612741470337
vt 0.16134202480316162 0.8612923622131348
vt 0.1480744481086731 0.8612923622131348
vt 0.16134202480316162 0.8944612741470337
vt 0.16134202480316162 0.8944612741470337
vt 0.17460957169532776 0.8612923622131348
vt 0.16134202480316162 0.8612923622131348
vt 0.17460957169532776 0.8944612741470337
vt 0.16134202480316162 0.8612923622131348
vt 0.16134202480316162 0.8281234502792358
vt 0.1480744481086731 0.8281234502792358
vt 0.1480744481086731 0.8612923622131348
vt 0.1480744481086731 0.8612923622131348
vt 0.1480744481086731 0.8281234502792358
vt 0.13480690121650696 0.8281234502792358
vt 0.13480690121650696 0.8612923622131348
vt 0.13480690121650696 0.8612923622131348
vt 0.13480690121650696 0.8281234502792358
vt 0.12153935432434082 0.8281234502792358
vt 0.12153935432434082 0.8612923622131348
vt 0.1878771185874939 0.8612923622131348
vt 0.1878771185874939 0.8944612741470337
vt 0.1878771185874939 0.8612923622131348
vt 0.1878771185874939 0.8944612741470337
vt 0.1878771185874939 0.8944612741470337
vt 0.1878771185874939 0.8612923622131348
vt 0.1878771185874939 0.8281234502792358
vt 0.1878771185874939 0.8281234502792358
vt 0.1878771185874939 0.8612923622131348
vt 0.1878771185874939 0.8612923622131348
vt 0.1878771185874939 0.8281234502792358
vt 0.1878771185874939 0.8281234502792358
vt 0.1878771185874939 0.8281234502792358
vt 0.1878771185874939 0.8281234502792358
vt 0.1878771185874939 0.8612923622131348
vt 0.17460957169532776 0.8944612741470337
vt 0.17460957169532776 0.8612923622131348
vt 0.1878771185874939 0.8944612741470337
vt 0.1878771185874939 0.8281234502792358
vt 0.17460957169532776 0.8281234502792358
vt 0.13480690121650696 0.8944612741470337
vt 0.12153935432434082 0.8612923622131348
vt 0.13480690121650696 0.8612923622131348
vt 0.12153935432434082 0.8944612741470337
vt 0.1480744481086731 0.8612923622131348
vt 0.1480744481086731 0.8944612741470337
vt 0.13480690121650696 0.8281234502792358
vt 0.1480744481086731 0.8281234502792358
vt 0.16134202480316162 0.8612923622131348
vt 0.1480744481086731 0.8944612741470337
vt 0.1480744481086731 0.8612923622131348
vt 0.16134202480316162 0.8944612741470337
vt 0.17460957169532776 0.8612923622131348
vt 0.16134202480316162 0.8944612741470337
vt 0.16134202480316162 0.8612923622131348
vt 0.17460957169532776 0.8944612741470337
vt 0.16134202480316162 0.8612923622131348
vt 0.16134202480316162 0.8281234502792358
vt 0.17460957169532776 0.8281234502792358
vt 0.17460957169532776 0.8612923622131348
vt 0.16134202480316162 0.8281234502792358
vt 0.16134202480316162 0.8612923622131348
vt 0.1480744481086731 0.8281234502792358
vt 0.1480744481086731 0.8612923622131348
vt 0.13480690121650696 0.8612923622131348
vt 0.12153935432434082 0.8281234502792358
vt 0.13480690121650696 0.8281234502792358
vt 0.12153935432434082 0.8612923622131348
vt 0.1878771185874939 0.8612923622131348
vt 0.1878771185874939 0.8944612741470337
vt 0.1878771185874939 0.8612923622131348
vt 0.1878771185874939 0.8944612741470337
vt 0.1878771185874939 0.8281234502792358
vt 0.1878771185874939 0.8281234502792358
vt 0.1878771185874939 0.8612923622131348
vt 0.1878771185874939 0.8612923622131348
vt 0.1878771185874939 0.8944612741470337
vt 0.1878771185874939 0.8612923622131348
vt 0.1878771185874939 0.8612923622131348
vt 0.1878771185874939 0.8944612741470337
vt 0.1878771185874939 0.8281234502792358
vt 0.1878771185874939 0.8281234502792358
vt 0.1878771185874939 0.8281234502792358
vt 0.1878771185874939 0.8281234502792358
vt 0.7063949704170227 0.5907381772994995
vt 0.6691249012947083 0.367117702960968
vt 0.7063949704170227 0.367117702960968
vt 0.6691249012947083 0.5907381772994995
vt 0.6318548321723938 0.5907381772994995
vt 0.6318548321723938 0.367117702960968
vt 0.5945847630500793 0.367117702960968
vt 0.5945847630500793 0.5907381772994995
vt 0.5573146939277649 0.367117702960968
vt 0.5573146939277649 0.5907381772994995
vt 0.5200446248054504 0.5907381772994995
vt 0.5200446248054504 0.367117702960968
vt 0.4827745854854584 0.5907381772994995
vt 0.4827745854854584 0.367117702960968
vt 0.44550448656082153 0.5907381772994995
vt 0.44550448656082153 0.367117702960968
vt 0.4082344174385071 0.5907381772994995
vt 0.4082344174385071 0.367117702960968
vt 0.37096431851387024 0.5907381772994995
vt 0.37096431851387024 0.367117702960968
vt 0.3336942493915558 0.5907381772994995
vt 0.3336942493915558 0.367117702960968
vt 0.29642418026924133 0.5907381772994995
vt 0.29642418026924133 0.367117702960968
vt 0.2591541111469269 0.367117702960968
vt 0.2591541111469269 0.5907381772994995
vt 0.4268694221973419 0.367117702960968
vt 0.37096428871154785 0.367117702960968
vt 0.37096428871154785 0.367117702960968
vt 0.4268694221973419 0.367117702960968
vt 0.4268694221973419 0.367117702960968
vt 0.37096428871154785 0.367117702960968
vt 0.4268694221973419 0.367117702960968
vt 0.37096428871154785 0.367117702960968
vt 0.4268694221973419 0.367117702960968
vt 0.46413949131965637 0.367117702960968
vt 0.46413949131965637 0.367117702960968
vt 0.46413949131965637 0.4789279103279114
vt 0.4268694221973419 0.4789279103279114
vt 0.5014095306396484 0.4789279103279114
vt 0.4268694221973419 0.367117702960968
vt 0.5014095306396484 0.367117702960968
vt 0.5386795997619629 0.4789279103279114
vt 0.4268694221973419 0.367117702960968
vt 0.5386795997619629 0.367117702960968
vt 0.5014095306396484 0.367117702960968
vt 0.5386795997619629 0.367117702960968
vt 0.46413949131965637 0.367117702960968
vt 0.4268694221973419 0.367117702960968
vt 0.5014095306396484 0.367117702960968
vt 0.5386795997619629 0.367117702960968
vt 0.46413949131965637 0.367117702960968
vt 0.4268694221973419 0.367117702960968
vt 0.46413949131965637 0.367117702960968
vt 0.46413949131965637 0.367117702960968
vt 0.4268694221973419 0.367117702960968
vt 0.4268694221973419 0.367117702960968
vt 0.46413949131965637 0.367117702960968
vt 0.4268694221973419 0.367117702960968
vt 0.46413949131965637 0.367117702960968
vt 0.46413949131965637 0.367117702960968
vt 0.46413949131965637 0.367117702960968
vt 0.46413949131965637 0.367117702960968
vt 0.46413949131965637 0.367117702960968
vt 0.46413949131965637 0.367117702960968
vt 0.46413949131965637 0.367117702960968
vt 0.46413949131965637 0.367117702960968
vt 0.46413949131965637 0.367117702960968
vt 0.46413949131965637 0.367117702960968
vt 0.46413949131965637 0.367117702960968
vt 0.5386795997619629 0.367117702960968
vt 0.5386795997619629 0.367117702960968
vt 0.5014095306396484 0.367117702960968
vt 0.5014095306396484 0.367117702960968
vt 0.5386795997619629 0.367117702960968
vt 0.46413949131965637 0.367117702960968
vt 0.4268694221973419 0.367117702960968
vt 0.46413949131965637 0.367117702960968
vt 0.4268694221973419 0.367117702960968
vt 0.5014095306396484 0.367117702960968
vt 0.4268694221973419 0.367117702960968
vt 0.5014095306396484 0.367117702960968
vt 0.5386795997619629 0.367117702960968
vt 0.5386795997619629 0.367117702960968
vt 0.46413949131965637 0.367117702960968
vt 0.4268694221973419 0.367117702960968
vt 0.5014095306396484 0.367117702960968
vt 0.5386795997619629 0.367117702960968
vt 0.46413949131965637 0.367117702960968
vt 0.4268694221973419 0.367117702960968
vt 0.46413949131965637 0.367117702960968
vt 0.46413949131965637 0.367117702960968
vt 0.4268694221973419 0.367117702960968
vt 0.4268694221973419 0.367117702960968
vt 0.46413949131965637 0.367117702960968
vt 0.4268694221973419 0.367117702960968
vt 0.46413949131965637 0.367117702960968
vt 0.46413949131965637 0.367117702960968
vt 0.46413949131965637 0.367117702960968
vt 0.46413949131965637 0.367117702960968
vt 0.46413949131965637 0.367117702960968
vt 0.46413949131965637 0.367117702960968
vt 0.46413949131965637 0.367117702960968
vt 0.46413949131965637 0.367117702960968
vt 0.46413949131965637 0.367117702960968
vt 0.46413949131965637 0.367117702960968
vt 0.46413949131965637 0.367117702960968
vt 0.5386795997619629 0.367117702960968
vt 0.5386795997619629 0.367117702960968
vt 0.5014095306396484 0.367117702960968
vt 0.5014095306396484 0.367117702960968
vt 0.5386795997619629 0.367117702960968
vt 0.5386795997619629 0.4789279103279114
vt 0.5386795997619629 0.367117702960968
vt 0.5014095306396484 0.367117702960968
vt 0.5014095306396484 0.4789279103279114
vt 0.46413949131965637 0.367117702960968
vt 0.46413949131965637 0.4789279103279114
vt 0.4268694221973419 0.367117702960968
vt 0.4268694221973419 0.4789279103279114
vt 0.6901082396507263 0.4760337471961975
vt 0.2646365463733673 0.4760337471961975
vt 0.2646365463733673 0.4760337471961975
vt 0.6901082396507263 0.4760337471961975
vt 0.2646365463733673 0.4760337471961975
vt 0.2646365463733673 0.4760337471961975
vt 0.6901082396507263 0.2260337471961975
vt 0.4401082396507263 0.2260337471961975
vt 0.4401082396507263 0.2260337471961975
vt 0.6901082396507263 0.2260337471961975
vt 0.4401082396507263 0.2260337471961975
vt 0.4401082396507263 0.2260337471961975
vt 0.4401082396507263 0.2260337471961975
vt 0.4401082396507263 0.2260337471961975
vt 0.4401082396507263 0.2260337471961975
vt 0.4401082396507263 0.2260337471961975
vt 0.2646365463733673 0.4760337471961975
vt 0.2646365463733673 0.4760337471961975
vt 0.2646365463733673 0.4760337471961975
vt 0.2646365463733673 0.4760337471961975
vt 0.4401082396507263 0.2260337471961975
vt 0.4401082396507263 0.2260337471961975
vt 0.4401082396507263 0.2260337471961975
vt 0.4401082396507263 0.2260337471961975
vt 0.2646365463733673 0.4760337471961975
vt 0.2646365463733673 0.4760337471961975
vt 0.2646365463733673 0.4760337471961975
vt 0.2646365463733673 0.4760337471961975
vt 0.44010820984840393 0.22603368759155273
vt 0.4401082396507263 0.2260337471961975
vt 0.4401082396507263 0.2260337471961975
vt 0.4401082396507263 0.2260337471961975
vt 0.2646365463733673 0.4760337471961975
vt 0.2646365463733673 0.4760337471961975
vt 0.2646365463733673 0.4760337471961975
vt 0.2646365463733673 0.4760337471961975
vt 0.2646365463733673 0.4760337471961975
vt 0.2646365463733673 0.4760337471961975
vt 0.2646365463733673 0.4760337471961975
vt 0.2646365463733673 0.4760337471961975
vt 0.4401082396507263 0.2260337471961975
vt 0.4401082396507263 0.2260337471961975
vt 0.4401082396507263 0.2260337471961975
vt 0.44010820984840393 0.22603368759155273
vt 0.8312068581581116 0.8784940242767334
vt 0.8889763355255127 0.849609375
vt 0.8889763355255127 0.8784940242767334
vt 0.8312068581581116 0.849609375
vt 0.8889763355255127 0.820724606513977
vt 0.8312068581581116 0.820724606513977
vt 0.7156679630279541 0.8784940242767334
vt 0.7734375 0.849609375
vt 0.7734375 0.8784940242767334
vt 0.7156679630279541 0.849609375
vt 0.7734375 0.820724606513977
vt 0.7156679630279541 0.820724606513977
vt 0.6710854768753052 0.22977417707443237
vt 0.8307579755783081 0.2587190866470337
vt 0.6727843284606934 0.26440495252609253
vt 0.8211393356323242 0.3220660090446472
vt 0.8106162548065186 0.22110223770141602
vt 0.6721009612083435 0.3168887495994568
vt 0.6701668500900269 0.19152557849884033
vt 0.8174998760223389 0.378429114818573
vt 0.8052879571914673 0.1911519169807434
vt 0.6701668500900269 0.37847453355789185
vt 0.6709939241409302 0.1533147692680359
vt 0.8193318247795105 0.4336104393005371
vt 0.8091942667961121 0.1612224578857422
vt 0.6734230518341064 0.11704897880554199
vt 0.8228123188018799 0.12705522775650024
vt 0.6704927682876587 0.442057728767395
vt 0.8272236585617065 0.48962366580963135
vt 0.6745680570602417 0.5074601173400879
vt 0.8453137874603271 0.5499036312103271
vt 0.682916522026062 0.5743573904037476
vt 0.6727843284606934 0.26440495252609253
vt 0.8307579755783081 0.2587190866470337
vt 0.6710854768753052 0.22977417707443237
vt 0.8106162548065186 0.22110223770141602
vt 0.8211393356323242 0.3220660090446472
vt 0.6701668500900269 0.19152557849884033
vt 0.6721009612083435 0.3168887495994568
vt 0.8052879571914673 0.1911519169807434
vt 0.8174998760223389 0.378429114818573
vt 0.6709939241409302 0.1533147692680359
vt 0.6701668500900269 0.37847453355789185
vt 0.8091942667961121 0.1612224578857422
vt 0.6734230518341064 0.11704897880554199
vt 0.8228123188018799 0.12705522775650024
vt 0.8193318247795105 0.4336104393005371
vt 0.6704927682876587 0.442057728767395
vt 0.8272236585617065 0.48962366580963135
vt 0.6745680570602417 0.5074601173400879
vt 0.8453137874603271 0.5499036312103271
vt 0.682916522026062 0.5743573904037476
vt 0.7767288684844971 0.7920307517051697
vt 0.7356951236724854 0.8104588389396667
vt 0.7356951236724854 0.7920307517051697
vt 0.7767288684844971 0.8104588389396667
vt 0.7767288684844971 0.7694251537322998
vt 0.7356951236724854 0.7694251537322998
vt 0.7356951236724854 0.8104588389396667
vt 0.7356951236724854 0.7920307517051697
vt 0.7356951236724854 0.7920307517051697
vt 0.7356951236724854 0.8104588389396667
vt 0.7356951236724854 0.7694251537322998
vt 0.7356951236724854 0.7920307517051697
vt 0.7356951236724854 0.7694251537322998
vt 0.7356951236724854 0.8104588389396667
vt 0.7356951236724854 0.7920307517051697
vt 0.7356951236724854 0.8104588389396667
vt 0.7356951236724854 0.7694251537322998
vt 0.7356951236724854 0.7694251537322998
vt 0.7356951236724854 0.7694251537322998
vt 0.7356951236724854 0.7694251537322998
vt 0.7767288684844971 0.8925264477729797
vt 0.7356951236724854 0.8699207901954651
vt 0.7767288684844971 0.8699207901954651
vt 0.7356951236724854 0.8925264477729797
vt 0.7356951236724854 0.8699207901954651
vt 0.7356951236724854 0.8925264477729797
vt 0.7356951236724854 0.8925264477729797
vt 0.7356951236724854 0.8699207901954651
vt 0.7356951236724854 0.8925264477729797
vt 0.7356951236724854 0.8699207901954651
vt 0.7356951236724854 0.8699207901954651
vt 0.7356951236724854 0.8514926433563232
vt 0.7356951236724854 0.8925264477729797
vt 0.7356951236724854 0.8514926433563232
vt 0.7356951236724854 0.8925264477729797
vt 0.7356951236724854 0.8699207901954651
vt 0.7356951236724854 0.8925264477729797
vt 0.7356951236724854 0.8925264477729797
vt 0.7356951236724854 0.8925264477729797
vt 0.7356951236724854 0.8514926433563232
vt 0.7356951236724854 0.8699207901954651
vt 0.7356951236724854 0.8514926433563232
vt 0.7356951236724854 0.8699207901954651
vt 0.7356951236724854 0.8514926433563232
vt 0.7356951236724854 0.8514926433563232
vt 0.7356951236724854 0.8699207901954651
vt 0.7356951236724854 0.7920307517051697
vt 0.7356951236724854 0.7920307517051697
vt 0.7356951236724854 0.7694251537322998
vt 0.7356951236724854 0.7694251537322998
vt 0.7767288684844971 0.8699207901954651
vt 0.7356951236724854 0.8514926433563232
vt 0.7767288684844971 0.8514926433563232
vt 0.7356951236724854 0.8699207901954651
vt 0.8679682016372681 0.5033199191093445
vt 0.9301850199699402 0.4185549020767212
vt 0.9301850199699402 0.5033199191093445
vt 0.8679682016372681 0.4185549020767212
vt 0.6984379291534424 0.5033199191093445
vt 0.7209864854812622 0.4185549020767212
vt 0.7209864854812622 0.5033199191093445
vt 0.6984379291534424 0.4185549020767212
vt 0.7209864854812622 0.5033199191093445
vt 0.783203125 0.4185549020767212
vt 0.783203125 0.5033199191093445
vt 0.7209864854812622 0.4185549020767212
vt 0.9527333378791809 0.5033199191093445
vt 0.9301850199699402 0.4185549020767212
vt 0.9527333378791809 0.4185549020767212
vt 0.9301850199699402 0.5033199191093445
vt 0.6984379291534424 0.5033199191093445
vt 0.6984379291534424 0.4185549020767212
vt 0.6984379291534424 0.5033199191093445
vt 0.6984379291534424 0.4185549020767212
vt 0.9527333378791809 0.4185549020767212
vt 0.9527333378791809 0.4185549020767212
vt 0.9527333378791809 0.5033199191093445
vt 0.9527333378791809 0.5033199191093445
vt 0.5386795997619629 0.25530749559402466
vt 0.4268694221973419 0.17323988676071167
vt 0.5386795997619629 0.17323988676071167
vt 0.4268694221973419 0.25530749559402466
vt 0.5386795997619629 0.14349722862243652
vt 0.4268694221973419 0.14349722862243652
vt 0.5386795997619629 0.4789279103279114
vt 0.4268694221973419 0.449185311794281
vt 0.5386795997619629 0.449185311794281
vt 0.4268694221973419 0.4789279103279114
vt 0.4268694221973419 0.367117702960968
vt 0.5386795997619629 0.367117702960968
vt 0.8213641047477722 0.896033525466919
vt 0.8322746753692627 0.834434986114502
vt 0.8322746753692627 0.896033525466919
vt 0.8213641047477722 0.834434986114502
vt 0.6981669664382935 0.896033525466919
vt 0.7488551735877991 0.834434986114502
vt 0.7488551735877991 0.896033525466919
vt 0.6981669664382935 0.834434986114502
vt 0.7597655653953552 0.896033525466919
vt 0.7597655653953552 0.834434986114502
vt 0.8322746753692627 0.896033525466919
vt 0.882962703704834 0.834434986114502
vt 0.882962703704834 0.896033525466919
vt 0.8322746753692627 0.834434986114502
vt 0.02203267812728882 0.6954479217529297
vt 0.02203267812728882 0.6954479217529297
vt 0.02203267812728882 0.6954479217529297
vt 0.02203267812728882 0.6954479217529297
vt 0.02203267812728882 0.6954479217529297
vt 0.02203267812728882 0.6954479217529297
vt 0.02203267812728882 0.6954479217529297
vt 0.02203267812728882 0.6954479217529297
vt 0.02203267812728882 0.6954479217529297
vt 0.02203267812728882 0.6954479217529297
vt 0.2591540515422821 0.14349722862243652
vt 0.2591540515422821 0.14349722862243652
vt 0.2591540515422821 0.14349722862243652
vt 0.2591540515422821 0.14349722862243652
vt 0.2591540515422821 0.14349722862243652
vt 0.2591540515422821 0.14349722862243652
vt 0.2591540515422821 0.14349722862243652
vt 0.2591540515422821 0.14349722862243652
vt 0.2591540515422821 0.14349722862243652
vt 0.2591540515422821 0.14349722862243652
vt 0.2591540515422821 0.14349722862243652
vt 0.2591540515422821 0.14349722862243652
vt 0.6504898071289062 0.5907381772994995
vt 0.7063949704170227 0.367117702960968
vt 0.7063949704170227 0.5907381772994995
vt 0.6504898071289062 0.367117702960968
vt 0.5945847034454346 0.5907381772994995
vt 0.5945847034454346 0.367117702960968
vt 0.5386795997619629 0.5907381772994995
vt 0.5386795997619629 0.367117702960968
vt 0.4827745258808136 0.5907381772994995
vt 0.4827745258808136 0.367117702960968
vt 0.4268694221973419 0.5907381772994995
vt 0.4268694221973419 0.367117702960968
vt 0.37096428871154785 0.5907381772994995
vt 0.37096428871154785 0.367117702960968
vt 0.31505918502807617 0.5907381772994995
vt 0.31505918502807617 0.367117702960968
vt 0.2591540515422821 0.5907381772994995
vt 0.2591540515422821 0.367117702960968
vt 0.7926939129829407 0.849609375
vt 0.6964114904403687 0.849609375
vt 0.7926939129829407 0.8784940242767334
vt 0.6964114904403687 0.8784940242767334
vt 0.6771551370620728 0.849609375
vt 0.8119505047798157 0.849609375
vt 0.6771551370620728 0.8784940242767334
vt 0.8119505047798157 0.8784940242767334
vt 0.6504898071289062 0.449185311794281
vt 0.6504898071289062 0.4789279103279114
vt 0.5386795997619629 0.449185311794281
vt 0.5386795997619629 0.4789279103279114
vt 0.9287564754486084 0.33948004245758057
vt 0.8571029901504517 0.327214777469635
vt 0.9386393427848816 0.2999895215034485
vt 0.8725190162658691 0.27644312381744385
vt 0.9568889141082764 0.258492648601532
vt 0.8990036249160767 0.2330356240272522
vt 0.855652928352356 0.37880730628967285
vt 0.9246660470962524 0.3796529769897461
vt 0.8581513166427612 0.4298781156539917
vt 0.9281493425369263 0.4207038879394531
vt 0.8668867349624634 0.48020946979522705
vt 0.9368597269058228 0.46328306198120117
vt 0.8822300434112549 0.5264774560928345
vt 0.949133038520813 0.5081942081451416
vt 0.9386393427848816 0.2999895215034485
vt 0.8571029901504517 0.327214777469635
vt 0.9287564754486084 0.33948004245758057
vt 0.855652928352356 0.37880730628967285
vt 0.8725190162658691 0.27644312381744385
vt 0.9568889141082764 0.258492648601532
vt 0.8990036249160767 0.2330356240272522
vt 0.9246660470962524 0.3796529769897461
vt 0.8581513166427612 0.4298781156539917
vt 0.9281493425369263 0.4207038879394531
vt 0.8668867349624634 0.48020946979522705
vt 0.9368597269058228 0.46328306198120117
vt 0.8822300434112549 0.5264774560928345
vt 0.949133038520813 0.5081942081451416
vt 0.46413949131965637 0.367117702960968
vt 0.46413949131965637 0.31121259927749634
vt 0.46413949131965637 0.31121259927749634
vt 0.46413949131965637 0.367117702960968
vt 0.46413949131965637 0.367117702960968
vt 0.46413949131965637 0.367117702960968
vt 0.46413949131965637 0.31121259927749634
vt 0.46413949131965637 0.367117702960968
vt 0.46413949131965637 0.367117702960968
vt 0.46413949131965637 0.31121259927749634
vt 0.46413949131965637 0.367117702960968
vt 0.46413949131965637 0.367117702960968
vt 0.37096428871154785 0.367117702960968
vt 0.4268694221973419 0.367117702960968
vt 0.4268694221973419 0.367117702960968
vt 0.37096428871154785 0.367117702960968
vt 0.4268694221973419 0.367117702960968
vt 0.4268694221973419 0.367117702960968
vt 0.5014095306396484 0.367117702960968
vt 0.46413949131965637 0.31121259927749634
vt 0.5014095306396484 0.31121259927749634
vt 0.46413949131965637 0.367117702960968
vt 0.5014095306396484 0.31121259927749634
vt 0.46413949131965637 0.31121259927749634
vt 0.5014095306396484 0.367117702960968
vt 0.46413949131965637 0.367117702960968
vt 0.7356951236724854 0.8104588389396667
vt 0.7767288684844971 0.8104588389396667
vt 0.7356951236724854 0.8514926433563232
vt 0.7356951236724854 0.8514926433563232
vt 0.7356951236724854 0.8104588389396667
vt 0.7356951236724854 0.8514926433563232
vt 0.7356951236724854 0.8104588389396667
vt 0.7356951236724854 0.8514926433563232
vt 0.7356951236724854 0.8104588389396667
vt 0.7356951236724854 0.8514926433563232
vt 0.7356951236724854 0.8104588389396667
vt 0.7356951236724854 0.8699207901954651
vt 0.6946613788604736 0.8514926433563232
vt 0.6946613788604736 0.8699207901954651
vt 0.7356951236724854 0.8699207901954651
vt 0.6946613788604736 0.8699207901954651
vt 0.7356951236724854 0.8699207901954651
vt 0.6946613788604736 0.8699207901954651
vt 0.7356951236724854 0.8925264477729797
vt 0.6946613788604736 0.8925264477729797
vt 0.7356951236724854 0.8925264477729797
vt 0.6946613788604736 0.8925264477729797
vt 0.7356951236724854 0.8925264477729797
vt 0.6946613788604736 0.8925264477729797
vt 0.6504898071289062 0.5907381772994995
vt 0.7063949704170227 0.367117702960968
vt 0.7063949704170227 0.5907381772994995
vt 0.6504898071289062 0.367117702960968
vt 0.5945847034454346 0.5907381772994995
vt 0.5945847034454346 0.367117702960968
vt 0.5386795997619629 0.5907381772994995
vt 0.5386795997619629 0.367117702960968
vt 0.4827745258808136 0.5907381772994995
vt 0.4827745258808136 0.367117702960968
vt 0.4268694221973419 0.5907381772994995
vt 0.4268694221973419 0.367117702960968
vt 0.37096428871154785 0.5907381772994995
vt 0.37096428871154785 0.367117702960968
vt 0.31505918502807617 0.5907381772994995
vt 0.31505918502807617 0.367117702960968
vt 0.2591540515422821 0.5907381772994995
vt 0.2591540515422821 0.367117702960968
vt 0.1878771185874939 0.8281234502792358
vt 0.17460957169532776 0.7949545383453369
vt 0.1878771185874939 0.7949545383453369
vt 0.17460957169532776 0.8281234502792358
vt 0.16134202480316162 0.7949545383453369
vt 0.16134202480316162 0.8281234502792358
vt 0.1480744481086731 0.7949545383453369
vt 0.1480744481086731 0.8281234502792358
vt 0.13480690121650696 0.7949545383453369
vt 0.13480690121650696 0.8281234502792358
vt 0.12153935432434082 0.7949545383453369
vt 0.12153935432434082 0.8281234502792358
vt 0.12153935432434082 0.8612923622131348
vt 0.08837047219276428 0.8281234502792358
vt 0.08837047219276428 0.8612923622131348
vt 0.12153935432434082 0.8944612741470337
vt 0.08837047219276428 0.8944612741470337
vt 0.1878771185874939 0.7949545383453369
vt 0.1878771185874939 0.8281234502792358
vt 0.1878771185874939 0.8281234502792358
vt 0.1878771185874939 0.8281234502792358
vt 0.1878771185874939 0.7949545383453369
vt 0.1878771185874939 0.8281234502792358
vt 0.1878771185874939 0.8281234502792358
vt 0.1878771185874939 0.8281234502792358
vt 0.22104603052139282 0.8281234502792358
vt 0.22104603052139282 0.8281234502792358
vt 0.1878771185874939 0.8281234502792358
vt 0.22104603052139282 0.8612923622131348
vt 0.1878771185874939 0.8612923622131348
vt 0.1878771185874939 0.8612923622131348
vt 0.22211527824401855 0.4278114438056946
vt 0.23653388023376465 0.3740004301071167
vt 0.22211527824401855 0.3884190320968628
vt 0.2168378233909607 0.4081151485443115
vt 0.27592629194259644 0.3740004301071167
vt 0.2562301754951477 0.36872273683547974
vt 0.27592629194259644 0.4422300457954407
vt 0.23653388023376465 0.4422300457954407
vt 0.2562301754951477 0.4475076198577881
vt 0.29034489393234253 0.4278114438056946
vt 0.29034489393234253 0.3884190320968628
vt 0.2956225872039795 0.4081151485443115
vt 0.7734375 0.8784940242767334
vt 0.7926939129829407 0.849609375
vt 0.7926939129829407 0.8784940242767334
vt 0.7734375 0.849609375
vt 0.7926939129829407 0.820724606513977
vt 0.7734375 0.820724606513977
vt 0.8119505047798157 0.820724606513977
vt 0.8119505047798157 0.849609375
vt 0.8312068581581116 0.820724606513977
vt 0.8312068581581116 0.849609375
vt 0.8119505047798157 0.8784940242767334
vt 0.8312068581581116 0.8784940242767334
vt 0.46413949131965637 0.367117702960968
vt 0.46413949131965637 0.31121259927749634
vt 0.46413949131965637 0.31121259927749634
vt 0.46413949131965637 0.367117702960968
vt 0.46413949131965637 0.367117702960968
vt 0.46413949131965637 0.31121259927749634
vt 0.46413949131965637 0.31121259927749634
vt 0.46413949131965637 0.367117702960968
vt 0.46413949131965637 0.367117702960968
vt 0.46413949131965637 0.367117702960968
vt 0.46413949131965637 0.367117702960968
vt 0.46413949131965637 0.367117702960968
vt 0.46413949131965637 0.31121259927749634
vt 0.46413949131965637 0.31121259927749634
vt 0.46413949131965637 0.367117702960968
vt 0.46413949131965637 0.31121259927749634
vt 0.46413949131965637 0.367117702960968
vt 0.46413949131965637 0.367117702960968
vt 0.46413949131965637 0.367117702960968
vt 0.46413949131965637 0.367117702960968
vt 0.46413949131965637 0.31121259927749634
vt 0.46413949131965637 0.31121259927749634
vt 0.46413949131965637 0.367117702960968
vt 0.46413949131965637 0.31121259927749634
vt 0.46413949131965637 0.367117702960968
vt 0.46413949131965637 0.31121259927749634
vt 0.46413949131965637 0.367117702960968
vt 0.5014095306396484 0.31121259927749634
vt 0.5014095306396484 0.31121259927749634
vt 0.5014095306396484 0.367117702960968
vt 0.5014095306396484 0.367117702960968
vt 0.5014095306396484 0.31121259927749634
vt 0.5014095306396484 0.31121259927749634
vt 0.5014095306396484 0.367117702960968
vt 0.5014095306396484 0.367117702960968
vt 0.4268694221973419 0.4789279103279114
vt 0.31505918502807617 0.4789279103279114
vt 0.31505918502807617 0.449185311794281
vt 0.4268694221973419 0.449185311794281
vt 0.31505918502807617 0.367117702960968
vt 0.4268694221973419 0.367117702960968
vt 0.7156679630279541 0.8014682531356812
vt 0.7734375 0.8014682531356812
vt 0.7156679630279541 0.820724606513977
vt 0.7734375 0.820724606513977
vt 0.7734375 0.7822116613388062
vt 0.7156679630279541 0.7822116613388062
vt 0.7734375 0.7629551887512207
vt 0.7156679630279541 0.7629551887512207
vt 0.22104603052139282 0.8612923622131348
vt 0.22104603052139282 0.8281234502792358
vt 0.1878771185874939 0.8281234502792358
vt 0.1878771185874939 0.8612923622131348
vt 0.6984379291534424 0.4185549020767212
vt 0.6984379291534424 0.3337898254394531
vt 0.7209864854812622 0.3337898254394531
vt 0.6984379291534424 0.4185549020767212
vt 0.6984379291534424 0.3337898254394531
vt 0.7209864854812622 0.4185549020767212
vt 0.783203125 0.4185549020767212
vt 0.783203125 0.3337898254394531
vt 0.6981669664382935 0.834434986114502
vt 0.6981669664382935 0.772836446762085
vt 0.7488551735877991 0.772836446762085
vt 0.7488551735877991 0.834434986114502
vt 0.7597655653953552 0.772836446762085
vt 0.7597655653953552 0.834434986114502
vt 0.6901082396507263 0.4760337471961975
vt 0.6901082396507263 0.2260337471961975
vt 0.4401082396507263 0.2260337471961975
vt 0.2646365463733673 0.4760337471961975
vt 0.5386795997619629 0.5907381772994995
vt 0.4268694221973419 0.4789279103279114
vt 0.5386795997619629 0.4789279103279114
vt 0.4268694221973419 0.5907381772994995
vt 0.6365683674812317 0.896033525466919
vt 0.6981669664382935 0.834434986114502
vt 0.6981669664382935 0.896033525466919
vt 0.6365683674812317 0.834434986114502

f 1/1/1 2/2/2 3/3/3
f 2/2/2 1/1/1 4/4/4
f 5/5/5 6/6/6 7/7/7
f 6/6/6 5/5/5 8/8/8
f 9/9/9 10/10/10 11/11/11
f 9/9/9 11/11/11 12/12/12
f 13/13/13 14/14/14 15/15/15
f 14/14/14 13/13/13 16/16/16
f 17/17/17 18/18/18 19/19/19
f 18/18/18 17/17/17 20/20/20
f 21/21/21 22/22/22 23/23/23
f 22/22/22 21/21/21 24/24/24
f 25/25/25 26/26/26 27/27/27
f 27/27/27 28/28/28 25/25/25
f 29/29/29 30/30/30 31/31/31
f 30/30/30 29/29/29 32/32/32
f 33/33/33 34/34/34 35/35/35
f 33/33/33 35/35/35 36/36/36
f 37/37/37 38/38/38 39/39/39
f 38/38/38 37/37/37 40/40/40
f 41/41/41 42/42/42 43/43/43
f 44/44/44 42/42/42 41/41/41
f 45/45/45 46/46/46 47/47/47
f 46/46/46 45/45/45 48/48/48
f 49/49/49 50/50/50 51/51/51
f 50/50/50 49/49/49 52/52/52
f 53/53/53 54/54/54 55/55/55
f 54/54/54 53/53/53 56/56/56
f 57/57/57 58/58/58 59/59/59
f 58/58/58 57/57/57 60/60/60
f 61/61/61 62/62/62 63/63/63
f 62/62/62 61/61/61 64/64/64
f 65/65/65 66/66/66 67/67/67
f 66/66/66 65/65/65 68/68/68
f 69/69/69 70/70/70 71/71/71
f 70/70/70 69/69/69 72/72/72
f 73/73/73 74/74/74 75/75/75
f 73/73/73 75/75/75 76/76/76
f 77/77/77 78/78/78 79/79/79
f 78/78/78 80/80/80 79/79/79
f 81/81/81 80/80/80 78/78/78
f 82/82/82 80/80/80 81/81/81
f 80/80/80 82/82/82 83/83/83
f 84/84/84 85/85/85 86/86/86
f 87/87/87 85/85/85 84/84/84
f 87/87/87 88/88/88 85/85/85
f 88/88/88 87/87/87 89/89/89
f 89/89/89 87/87/87 90/90/90
f 91/91/91 92/92/92 93/93/93
f 92/92/92 91/91/91 94/94/94
f 94/94/94 95/95/95 92/92/92
f 95/95/95 94/94/94 96/96/96
f 96/96/96 97/97/97 95/95/95
f 97/97/97 96/96/96 98/98/98
f 99/99/99 100/100/100 101/101/101
f 99/99/99 101/101/101 102/102/102
f 102/102/102 101/101/101 103/103/103
f 102/102/102 103/103/103 104/104/104
f 104/104/104 103/103/103 105/105/105
f 104/104/104 105/105/105 106/106/106
f 107/107/107 108/108/108 109/109/109
f 110/110/110 107/107/107 109/109/109
f 110/110/110 111/111/111 107/107/107
f 108/108/108 107/107/107 112/112/112
f 112/112/112 113/113/113 108/108/108
f 113/113/113 112/112/112 114/114/114
f 114/114/114 115/115/115 113/113/113
f 115/115/115 114/114/114 116/116/116
f 115/115/115 116/116/116 117/117/117
f 115/115/115 117/117/117 118/118/118
f 119/119/119 120/120/120 121/121/121
f 119/119/119 121/121/121 122/122/122
f 123/123/123 124/124/124 125/125/125
f 125/125/125 126/126/126 123/123/123
f 123/123/123 126/126/126 127/127/127
f 127/127/127 128/128/128 129/129/129
f 130/130/130 129/129/129 128/128/128
f 127/127/127 129/129/129 131/131/131
f 129/129/129 130/130/130 132/132/132
f 131/131/131 129/129/129 133/133/133
f 132/132/132 133/133/133 129/129/129
f 133/133/133 132/132/132 134/134/134
f 131/131/131 133/133/133 135/135/135
f 133/133/133 136/136/136 135/135/135
f 136/136/136 133/133/133 137/137/137
f 138/138/138 136/136/136 137/137/137
f 136/136/136 138/138/138 139/139/139
f 140/140/140 139/139/139 138/138/138
f 139/139/139 140/140/140 141/141/141
f 142/142/142 141/141/141 140/140/140
f 141/141/141 142/142/142 143/143/143
f 142/142/142 144/144/144 143/143/143
f 144/144/144 142/142/142 145/145/145
f 146/146/146 147/147/147 148/148/148
f 147/147/147 146/146/146 149/149/149
f 148/148/148 150/150/150 146/146/146
f 150/150/150 151/151/151 146/146/146
f 152/152/152 153/153/153 154/154/154
f 153/153/153 152/152/152 155/155/155
f 156/156/156 157/157/157 158/158/158
f 156/156/156 158/158/158 159/159/159
f 160/160/160 161/161/161 162/162/162
f 160/160/160 162/162/162 163/163/163
f 164/164/164 160/160/160 163/163/163
f 160/160/160 164/164/164 165/165/165
f 166/166/166 161/161/161 160/160/160
f 165/165/165 166/166/166 160/160/160
f 166/166/166 167/167/167 161/161/161
f 168/168/168 166/166/166 165/165/165
f 169/169/169 167/167/167 166/166/166
f 168/168/168 169/169/169 166/166/166
f 169/169/169 170/170/170 167/167/167
f 169/169/169 168/168/168 171/171/171
f 172/172/172 173/173/173 174/174/174
f 173/173/173 172/172/172 175/175/175
f 176/176/176 177/177/177 178/178/178
f 179/179/179 180/180/180 181/181/181
f 182/182/182 183/183/183 184/184/184
f 183/183/183 182/182/182 185/185/185
f 186/186/186 184/184/184 183/183/183
f 186/186/186 187/187/187 184/184/184
f 188/188/188 187/187/187 186/186/186
f 188/188/188 189/189/189 187/187/187
f 190/190/190 187/187/187 189/189/189
f 187/187/187 190/190/190 191/191/191
f 191/191/191 184/184/184 187/187/187
f 184/184/184 191/191/191 192/192/192
f 193/193/193 194/194/194 195/195/195
f 194/194/194 193/193/193 196/196/196
f 197/197/197 198/198/198 199/199/199
f 199/199/199 198/198/198 200/200/200
f 201/201/201 202/202/202 203/203/203
f 203/203/203 202/202/202 204/204/204
f 205/205/205 206/206/206 207/207/207
f 207/207/207 208/208/208 205/205/205
f 209/209/209 210/210/210 211/211/211
f 209/209/209 211/211/211 212/212/212
f 213/213/213 209/209/209 212/212/212
f 209/209/209 213/213/213 214/214/214
f 215/215/215 216/216/216 217/217/217
f 217/217/217 216/216/216 218/218/218
f 219/219/219 220/220/220 221/221/221
f 220/220/220 219/219/219 222/222/222
f 223/223/223 224/224/224 225/225/225
f 224/224/224 223/223/223 226/226/226
f 227/227/227 228/228/228 229/229/229
f 229/229/229 228/228/228 230/230/230
f 231/231/231 232/232/232 233/233/233
f 233/233/233 232/232/232 234/234/234
f 235/235/235 236/236/236 237/237/237
f 236/236/236 235/235/235 238/238/238
f 239/239/239 240/240/240 241/241/241
f 242/242/242 239/239/239 241/241/241
f 242/242/242 243/243/243 239/239/239
f 244/244/244 239/239/239 243/243/243
f 239/239/239 244/244/244 245/245/245
f 245/245/245 240/240/240 239/239/239
f 241/241/241 240/240/240 246/246/246
f 240/240/240 245/245/245 247/247/247
f 246/246/246 240/240/240 248/248/248
f 247/247/247 248/248/248 240/240/240
f 246/246/246 248/248/248 249/249/249
f 248/248/248 247/247/247 250/250/250
f 251/251/251 252/252/252 253/253/253
f 252/252/252 251/251/251 254/254/254
f 252/252/252 254/254/254 255/255/255
f 252/252/252 255/255/255 256/256/256
f 256/256/256 255/255/255 257/257/257
f 256/256/256 257/257/257 258/258/258
f 259/259/259 258/258/258 257/257/257
f 258/258/258 259/259/259 260/260/260
f 261/261/261 262/262/262 263/263/263
f 263/263/263 264/264/264 261/261/261
f 264/264/264 263/263/263 265/265/265
f 263/263/263 266/266/266 265/265/265
f 263/263/263 267/267/267 266/266/266
f 263/263/263 268/268/268 267/267/267
f 269/269/269 266/266/266 267/267/267
f 267/267/267 270/270/270 269/269/269
f 266/266/266 269/269/269 271/271/271
f 269/269/269 272/272/272 271/271/271
f 269/269/269 273/273/273 272/272/272
f 269/269/269 274/274/274 273/273/273
f 275/275/275 272/272/272 273/273/273
f 273/273/273 276/276/276 275/275/275
f 272/272/272 275/275/275 277/277/277
f 275/275/275 278/278/278 277/277/277
f 275/275/275 279/279/279 278/278/278
f 275/275/275 280/280/280 279/279/279
f 279/279/279 281/281/281 278/278/278
f 279/279/279 282/282/282 281/281/281
f 279/279/279 283/283/283 282/282/282
f 282/282/282 284/284/284 281/281/281
f 282/282/282 285/285/285 284/284/284
f 282/282/282 286/286/286 285/285/285
f 285/285/285 287/287/287 284/284/284
f 285/285/285 288/288/288 287/287/287
f 285/285/285 289/289/289 288/288/288
f 288/288/288 290/290/290 287/287/287
f 288/288/288 291/291/291 290/290/290
f 288/288/288 292/292/292 291/291/291
f 291/291/291 293/293/293 290/290/290
f 293/293/293 291/291/291 294/294/294
f 291/291/291 295/295/295 294/294/294
f 296/296/296 293/293/293 294/294/294
f 293/293/293 296/296/296 297/297/297
f 294/294/294 298/298/298 296/296/296
f 299/299/299 300/300/300 301/301/301
f 300/300/300 299/299/299 302/302/302
f 302/302/302 303/303/303 300/300/300
f 303/303/303 302/302/302 304/304/304
f 305/305/305 300/300/300 303/303/303
f 300/300/300 305/305/305 306/306/306
f 307/307/307 306/306/306 305/305/305
f 306/306/306 307/307/307 308/308/308
f 308/308/308 309/309/309 306/306/306
f 309/309/309 308/308/308 310/310/310
f 311/311/311 312/312/312 313/313/313
f 312/312/312 311/311/311 314/314/314
f 315/315/315 316/316/316 317/317/317
f 317/317/317 316/316/316 318/318/318
f 315/315/315 319/319/319 316/316/316
f 319/319/319 320/320/320 316/316/316
f 321/321/321 322/322/322 323/323/323
f 322/322/322 321/321/321 324/324/324
f 325/325/325 326/326/326 327/327/327
f 326/326/326 325/325/325 328/328/328
f 329/329/329 330/330/330 331/331/331
f 330/330/330 329/329/329 332/332/332
f 333/333/333 334/334/334 335/335/335
f 333/333/333 335/335/335 336/336/336
f 336/336/336 335/335/335 337/337/337
f 336/336/336 337/337/337 338/338/338
f 338/338/338 337/337/337 339/339/339
f 338/338/338 339/339/339 340/340/340
f 340/340/340 339/339/339 341/341/341
f 340/340/340 341/341/341 342/342/342
f 342/342/342 341/341/341 343/343/343
f 342/342/342 343/343/343 344/344/344
f 345/345/345 346/346/346 344/344/344
f 346/346/346 345/345/345 347/347/347
f 347/347/347 348/348/348 346/346/346
f 348/348/348 347/347/347 349/349/349
f 350/350/350 351/351/351 352/352/352
f 352/352/352 351/351/351 353/353/353
f 350/350/350 354/354/354 351/351/351
f 354/354/354 355/355/355 351/351/351
f 356/356/356 357/357/357 358/358/358
f 358/358/358 357/357/357 359/359/359
f 360/360/360 361/361/361 362/362/362
f 361/361/361 363/363/363 362/362/362
f 364/364/364 365/365/365 366/366/366
f 364/364/364 366/366/366 367/367/367
f 368/368/368 365/365/365 364/364/364
f 365/365/365 368/368/368 369/369/369
f 370/370/370 371/371/371 372/372/372
f 371/371/371 373/373/373 372/372/372
f 374/374/374 375/375/375 376/376/376
f 375/375/375 377/377/377 376/376/376
f 378/378/378 379/379/379 380/380/380
f 378/378/378 380/380/380 381/381/381
f 382/382/382 379/379/379 378/378/378
f 379/379/379 382/382/382 383/383/383
f 384/384/384 382/382/382 378/378/378
f 385/385/385 382/382/382 384/384/384
f 385/385/385 384/384/384 386/386/386
f 387/387/387 382/382/382 385/385/385
f 387/387/387 388/388/388 382/382/382
f 388/388/388 387/387/387 389/389/389
f 390/390/390 391/391/391 392/392/392
f 390/390/390 392/392/392 393/393/393
f 394/394/394 395/395/395 396/396/396
f 395/395/395 394/394/394 397/397/397
f 398/398/398 399/399/399 400/400/400
f 398/398/398 400/400/400 401/401/401
f 402/402/402 399/399/399 398/398/398
f 399/399/399 402/402/402 403/403/403
f 398/398/398 404/404/404 402/402/402
f 405/405/405 404/404/404 398/398/398
f 404/404/404 405/405/405 406/406/406
f 402/402/402 404/404/404 407/407/407
f 407/407/407 408/408/408 402/402/402
f 408/408/408 407/407/407 409/409/409
f 410/410/410 411/411/411 412/412/412
f 413/413/413 410/410/410 412/412/412
f 413/413/413 414/414/414 410/410/410
f 411/411/411 410/410/410 415/415/415
f 411/411/411 415/415/415 416/416/416
f 415/415/415 417/417/417 416/416/416
f 418/418/418 416/416/416 417/417/417
f 417/417/417 419/419/419 418/418/418
f 418/418/418 419/419/419 420/420/420
f 419/419/419 421/421/421 420/420/420
f 421/421/421 422/422/422 420/420/420
f 422/422/422 421/421/421 423/423/423
f 424/424/424 422/422/422 423/423/423
f 424/424/424 425/425/425 422/422/422
f 426/426/426 425/425/425 424/424/424
f 425/425/425 426/426/426 427/427/427
f 427/427/427 426/426/426 428/428/428
f 427/427/427 428/428/428 429/429/429
f 429/429/429 428/428/428 430/430/430
f 429/429/429 430/430/430 431/431/431
f 431/431/431 430/430/430 432/432/432
f 431/431/431 432/432/432 433/433/433
f 432/432/432 434/434/434 433/433/433
f 433/433/433 434/434/434 435/435/435
f 435/435/435 434/434/434 436/436/436
f 435/435/435 436/436/436 437/437/437
f 438/438/438 439/439/439 440/440/440
f 439/439/439 438/438/438 441/441/441
f 442/442/442 440/440/440 439/439/439
f 440/440/440 442/442/442 443/443/443
f 443/443/443 444/444/444 440/440/440
f 444/444/444 443/443/443 445/445/445
f 446/446/446 447/447/447 448/448/448
f 448/448/448 449/449/449 446/446/446
f 450/450/450 451/451/451 452/452/452
f 451/451/451 450/450/450 453/453/453
f 454/454/454 455/455/455 456/456/456
f 455/455/455 454/454/454 457/457/457
f 458/458/458 459/459/459 460/460/460
f 459/459/459 458/458/458 461/461/461
f 462/462/462 463/463/463 464/464/464
f 464/464/464 465/465/465 462/462/462
f 466/466/466 467/467/467 468/468/468
f 468/468/468 469/469/469 466/466/466
f 470/470/470 471/471/471 472/472/472
f 472/472/472 473/473/473 470/470/470
f 474/474/474 475/475/475 476/476/476
f 476/476/476 475/475/475 477/477/477
f 478/478/478 476/476/476 477/477/477
f 476/476/476 478/478/478 479/479/479
f 480/480/480 481/481/481 482/482/482
f 480/480/480 482/482/482 483/483/483
f 484/484/484 485/485/485 486/486/486
f 484/484/484 486/486/486 487/487/487
f 488/488/488 489/489/489 490/490/490
f 489/489/489 488/488/488 491/491/491
f 490/490/490 492/492/492 488/488/488
f 492/492/492 490/490/490 493/493/493
f 494/494/494 495/495/495 496/496/496
f 495/495/495 494/494/494 497/497/497
f 498/498/498 494/494/494 496/496/496
f 494/494/494 498/498/498 499/499/499
f 500/500/500 498/498/498 496/496/496
f 498/498/498 500/500/500 501/501/501
f 502/502/502 503/503/503 504/504/504
f 503/503/503 502/502/502 505/505/505
f 506/506/506 507/507/507 508/508/508
f 507/507/507 506/506/506 509/509/509
f 510/510/510 511/511/511 512/512/512
f 512/512/512 513/513/513 510/510/510
f 514/514/514 515/515/515 516/516/516
f 516/516/516 515/515/515 517/517/517
f 518/518/518 519/519/519 520/520/520
f 519/519/519 518/518/518 521/521/521
f 522/522/522 523/523/523 524/524/524
f 523/523/523 522/522/522 525/525/525
f 526/526/526 527/527/527 528/528/528
f 528/528/528 527/527/527 529/529/529
f 530/530/530 531/531/531 532/532/532
f 531/531/531 530/530/530 533/533/533
f 534/534/534 535/535/535 536/536/536
f 534/534/534 536/536/536 537/537/537
f 538/538/538 539/539/539 540/540/540
f 539/539/539 538/538/538 541/541/541
f 542/542/542 539/539/539 541/541/541
f 539/539/539 542/542/542 543/543/543
f 542/542/542 544/544/544 543/543/543
f 544/544/544 542/542/542 545/545/545
f 545/545/545 546/546/546 544/544/544
f 546/546/546 545/545/545 547/547/547
f 548/548/548 546/546/546 547/547/547
f 546/546/546 548/548/548 549/549/549
f 550/550/550 549/549/549 548/548/548
f 549/549/549 550/550/550 551/551/551
f 552/552/552 551/551/551 550/550/550
f 551/551/551 552/552/552 553/553/553
f 554/554/554 553/553/553 552/552/552
f 553/553/553 554/554/554 555/555/555
f 556/556/556 555/555/555 554/554/554
f 555/555/555 556/556/556 557/557/557
f 558/558/558 557/557/557 556/556/556
f 557/557/557 558/558/558 559/559/559
f 560/560/560 559/559/559 558/558/558
f 559/559/559 560/560/560 561/561/561
f 560/560/560 562/562/562 561/561/561
f 562/562/562 560/560/560 563/563/563
f 564/564/564 565/565/565 566/566/566
f 564/564/564 566/566/566 567/567/567
f 568/568/568 569/569/569 570/570/570
f 571/571/571 570/570/570 569/569/569
f 572/572/572 573/573/573 574/574/574
f 575/575/575 572/572/572 574/574/574
f 572/572/572 575/575/575 576/576/576
f 574/574/574 577/577/577 575/575/575
f 573/573/573 572/572/572 578/578/578
f 577/577/577 574/574/574 579/579/579
f 574/574/574 573/573/573 579/579/579
f 579/579/579 580/580/580 577/577/577
f 573/573/573 578/578/578 581/581/581
f 580/580/580 579/579/579 582/582/582
f 579/579/579 583/583/583 582/582/582
f 583/583/583 579/579/579 573/573/573
f 584/584/584 582/582/582 583/583/583
f 573/573/573 581/581/581 585/585/585
f 585/585/585 583/583/583 573/573/573
f 585/585/585 581/581/581 586/586/586
f 583/583/583 587/587/587 584/584/584
f 585/585/585 587/587/587 583/583/583
f 588/588/588 584/584/584 587/587/587
f 589/589/589 585/585/585 586/586/586
f 587/587/587 585/585/585 589/589/589
f 589/589/589 586/586/586 590/590/590
f 591/591/591 589/589/589 590/590/590
f 590/590/590 592/592/592 591/591/591
f 592/592/592 590/590/590 593/593/593
f 592/592/592 593/593/593 594/594/594
f 595/595/595 592/592/592 594/594/594
f 595/595/595 594/594/594 596/596/596
f 597/597/597 595/595/595 596/596/596
f 597/597/597 598/598/598 595/595/595
f 598/598/598 597/597/597 599/599/599
f 599/599/599 600/600/600 598/598/598
f 600/600/600 599/599/599 601/601/601
f 601/601/601 602/602/602 600/600/600
f 602/602/602 601/601/601 603/603/603
f 604/604/604 602/602/602 603/603/603
f 604/604/604 605/605/605 602/602/602
f 606/606/606 605/605/605 604/604/604
f 606/606/606 607/607/607 605/605/605
f 607/607/607 606/606/606 608/608/608
f 609/609/609 608/608/608 606/606/606
f 608/608/608 610/610/610 611/611/611
f 610/610/610 608/608/608 612/612/612
f 612/612/612 588/588/588 610/610/610
f 587/587/587 610/610/610 588/588/588
f 589/589/589 610/610/610 587/587/587
f 613/613/613 614/614/614 615/615/615
f 614/614/614 613/613/613 616/616/616
f 617/617/617 613/613/613 615/615/615
f 616/616/616 613/613/613 618/618/618
f 617/617/617 619/619/619 613/613/613
f 617/617/617 620/620/620 619/619/619
f 620/620/620 621/621/621 619/619/619
f 618/618/618 613/613/613 622/622/622
f 619/619/619 622/622/622 613/613/613
f 618/618/618 622/622/622 623/623/623
f 624/624/624 619/619/619 621/621/621
f 624/624/624 622/622/622 619/619/619
f 621/621/621 625/625/625 624/624/624
f 626/626/626 623/623/623 622/622/622
f 624/624/624 626/626/626 622/622/622
f 626/626/626 627/627/627 623/623/623
f 628/628/628 627/627/627 626/626/626
f 629/629/629 627/627/627 628/628/628
f 627/627/627 629/629/629 630/630/630
f 629/629/629 631/631/631 630/630/630
f 631/631/631 629/629/629 632/632/632
f 632/632/632 633/633/633 631/631/631
f 634/634/634 633/633/633 632/632/632
f 635/635/635 634/634/634 632/632/632
f 634/634/634 635/635/635 636/636/636
f 637/637/637 636/636/636 635/635/635
f 636/636/636 637/637/637 638/638/638
f 639/639/639 638/638/638 637/637/637
f 638/638/638 639/639/639 640/640/640
f 639/639/639 641/641/641 640/640/640
f 641/641/641 639/639/639 642/642/642
f 642/642/642 643/643/643 641/641/641
f 643/643/643 642/642/642 644/644/644
f 645/645/645 643/643/643 644/644/644
f 645/645/645 646/646/646 643/643/643
f 647/647/647 645/645/645 648/648/648
f 645/645/645 647/647/647 649/649/649
f 625/625/625 649/649/649 647/647/647
f 625/625/625 647/647/647 624/624/624
f 647/647/647 626/626/626 624/624/624
f 650/650/650 651/651/651 652/652/652
f 650/650/650 652/652/652 653/653/653
f 653/653/653 652/652/652 654/654/654
f 653/653/653 654/654/654 655/655/655
f 655/655/655 654/654/654 656/656/656
f 655/655/655 656/656/656 657/657/657
f 658/658/658 659/659/659 660/660/660
f 659/659/659 658/658/658 661/661/661
f 662/662/662 660/660/660 659/659/659
f 660/660/660 662/662/662 663/663/663
f 664/664/664 665/665/665 666/666/666
f 664/664/664 666/666/666 667/667/667
f 665/665/665 668/668/668 666/666/666
f 668/668/668 665/665/665 669/669/669
f 670/670/670 671/671/671 672/672/672
f 671/671/671 670/670/670 673/673/673
f 674/674/674 675/675/675 676/676/676
f 674/674/674 676/676/676 677/677/677
f 678/678/678 679/679/679 680/680/680
f 680/680/680 681/681/681 678/678/678
f 682/682/682 683/683/683 684/684/684
f 683/683/683 682/682/682 685/685/685
f 686/686/686 687/687/687 688/688/688
f 687/687/687 686/686/686 689/689/689
f 690/690/690 691/691/691 692/692/692
f 690/690/690 692/692/692 693/693/693
f 694/694/694 695/695/695 696/696/696
f 695/695/695 694/694/694 697/697/697
f 698/698/698 699/699/699 700/700/700
f 698/698/698 700/700/700 701/701/701
f 702/702/702 703/703/703 704/704/704
f 703/703/703 702/702/702 705/705/705
f 705/705/705 706/706/706 703/703/703
f 706/706/706 705/705/705 707/707/707
f 708/708/708 709/709/709 710/710/710
f 709/709/709 708/708/708 711/711/711
f 711/711/711 712/712/712 709/709/709
f 712/712/712 711/711/711 713/713/713
f 714/714/714 715/715/715 716/716/716
f 717/717/717 716/716/716 715/715/715
f 715/715/715 714/714/714 718/718/718
f 716/716/716 717/717/717 719/719/719
f 720/720/720 718/718/718 714/714/714
f 721/721/721 719/719/719 717/717/717
f 718/718/718 720/720/720 722/722/722
f 719/719/719 721/721/721 723/723/723
f 724/724/724 722/722/722 720/720/720
f 725/725/725 723/723/723 721/721/721
f 722/722/722 724/724/724 726/726/726
f 727/727/727 726/726/726 724/724/724
f 726/726/726 727/727/727 728/728/728
f 723/723/723 725/725/725 729/729/729
f 730/730/730 729/729/729 725/725/725
f 729/729/729 730/730/730 731/731/731
f 732/732/732 731/731/731 730/730/730
f 731/731/731 732/732/732 733/733/733
f 734/734/734 735/735/735 736/736/736
f 736/736/736 735/735/735 737/737/737
f 734/734/734 738/738/738 735/735/735
f 736/736/736 737/737/737 739/739/739
f 740/740/740 738/738/738 734/734/734
f 739/739/739 737/737/737 741/741/741
f 740/740/740 742/742/742 738/738/738
f 739/739/739 741/741/741 743/743/743
f 744/744/744 742/742/742 740/740/740
f 743/743/743 741/741/741 745/745/745
f 743/743/743 745/745/745 746/746/746
f 746/746/746 745/745/745 747/747/747
f 744/744/744 748/748/748 742/742/742
f 749/749/749 748/748/748 744/744/744
f 749/749/749 750/750/750 748/748/748
f 751/751/751 750/750/750 749/749/749
f 751/751/751 752/752/752 750/750/750
f 753/753/753 752/752/752 751/751/751
f 754/754/754 755/755/755 756/756/756
f 755/755/755 754/754/754 757/757/757
f 756/756/756 758/758/758 754/754/754
f 758/758/758 756/756/756 759/759/759
f 755/755/755 760/760/760 756/756/756
f 756/756/756 760/760/760 761/761/761
f 760/760/760 762/762/762 761/761/761
f 762/762/762 760/760/760 763/763/763
f 764/764/764 761/761/761 762/762/762
f 763/763/763 765/765/765 762/762/762
f 761/761/761 764/764/764 766/766/766
f 765/765/765 763/763/763 767/767/767
f 767/767/767 768/768/768 765/765/765
f 768/768/768 767/767/767 769/769/769
f 764/764/764 770/770/770 766/766/766
f 770/770/770 764/764/764 771/771/771
f 771/771/771 772/772/772 770/770/770
f 772/772/772 771/771/771 773/773/773
f 774/774/774 775/775/775 776/776/776
f 775/775/775 774/774/774 777/777/777
f 778/778/778 779/779/779 780/780/780
f 779/779/779 778/778/778 781/781/781
f 782/782/782 783/783/783 784/784/784
f 785/785/785 784/784/784 783/783/783
f 784/784/784 786/786/786 782/782/782
f 783/783/783 787/787/787 785/785/785
f 786/786/786 788/788/788 782/782/782
f 787/787/787 783/783/783 789/789/789
f 782/782/782 788/788/788 790/790/790
f 791/791/791 790/790/790 788/788/788
f 790/790/790 791/791/791 792/792/792
f 793/793/793 787/787/787 789/789/789
f 793/793/793 789/789/789 794/794/794
f 795/795/795 793/793/793 794/794/794
f 796/796/796 797/797/797 798/798/798
f 797/797/797 796/796/796 799/799/799
f 800/800/800 801/801/801 802/802/802
f 801/801/801 803/803/803 802/802/802
f 804/804/804 805/805/805 806/806/806
f 805/805/805 804/804/804 807/807/807
f 808/808/808 809/809/809 810/810/810
f 809/809/809 808/808/808 811/811/811
f 812/812/812 813/813/813 814/814/814
f 813/813/813 812/812/812 815/815/815
f 816/816/816 817/817/817 818/818/818
f 817/817/817 816/816/816 819/819/819
f 820/820/820 821/821/821 822/822/822
f 821/821/821 820/820/820 823/823/823
f 824/824/824 825/825/825 826/826/826
f 825/825/825 824/824/824 827/827/827
f 828/828/828 829/829/829 830/830/830
f 831/831/831 830/830/830 829/829/829
f 832/832/832 833/833/833 834/834/834
f 833/833/833 832/832/832 835/835/835
f 833/833/833 836/836/836 834/834/834
f 836/836/836 833/833/833 837/837/837
f 838/838/838 839/839/839 840/840/840
f 839/839/839 838/838/838 841/841/841
f 842/842/842 840/840/840 839/839/839
f 840/840/840 842/842/842 843/843/843
f 844/844/844 845/845/845 846/846/846
f 845/845/845 844/844/844 847/847/847
f 848/848/848 849/849/849 850/850/850
f 849/849/849 848/848/848 851/851/851
f 849/849/849 852/852/852 850/850/850
f 852/852/852 849/849/849 853/853/853
f 854/854/854 855/855/855 856/856/856
f 855/855/855 854/854/854 857/857/857
f 858/858/858 859/859/859 860/860/860
f 860/860/860 861/861/861 858/858/858
f 860/860/860 862/862/862 861/861/861
f 862/862/862 860/860/860 863/863/863
f 864/864/864 863/863/863 860/860/860
f 863/863/863 864/864/864 865/865/865
f 865/865/865 864/864/864 866/866/866
f 864/864/864 867/867/867 866/866/866
f 868/868/868 869/869/869 870/870/870
f 869/869/869 868/868/868 871/871/871
f 871/871/871 872/872/872 869/869/869
f 872/872/872 871/871/871 873/873/873
f 873/873/873 874/874/874 872/872/872
f 874/874/874 873/873/873 875/875/875
f 875/875/875 876/876/876 874/874/874
f 876/876/876 875/875/875 877/877/877
f 876/876/876 877/877/877 878/878/878
f 876/876/876 878/878/878 879/879/879
f 880/880/880 881/881/881 882/882/882
f 881/881/881 880/880/880 883/883/883
f 884/884/884 883/883/883 880/880/880
f 883/883/883 884/884/884 885/885/885
f 886/886/886 885/885/885 884/884/884
f 885/885/885 886/886/886 887/887/887
f 888/888/888 887/887/887 886/886/886
f 887/887/887 888/888/888 889/889/889
f 890/890/890 889/889/889 888/888/888
f 889/889/889 890/890/890 891/891/891
f 892/892/892 891/891/891 890/890/890
f 891/891/891 892/892/892 893/893/893
f 894/894/894 893/893/893 892/892/892
f 893/893/893 894/894/894 895/895/895
f 896/896/896 895/895/895 894/894/894
f 895/895/895 896/896/896 897/897/897
f 898/898/898 899/899/899 900/900/900
f 901/901/901 900/900/900 899/899/899
f 902/902/902 903/903/903 904/904/904
f 905/905/905 904/904/904 903/903/903
f 906/906/906 907/907/907 908/908/908
f 908/908/908 907/907/907 909/909/909
f 910/910/910 911/911/911 912/912/912
f 912/912/912 911/911/911 913/913/913
f 914/914/914 912/912/912 913/913/913
f 914/914/914 913/913/913 915/915/915
f 910/910/910 916/916/916 911/911/911
f 910/910/910 917/917/917 916/916/916
f 917/917/917 918/918/918 916/916/916
f 917/917/917 919/919/919 918/918/918
f 919/919/919 920/920/920 918/918/918
f 921/921/921 920/920/920 919/919/919
f 921/921/921 922/922/922 920/920/920
f 921/921/921 923/923/923 922/922/922
f 924/924/924 925/925/925 926/926/926
f 927/927/927 926/926/926 925/925/925
f 925/925/925 924/924/924 928/928/928
f 929/929/929 928/928/928 924/924/924
f 928/928/928 929/929/929 930/930/930
f 926/926/926 927/927/927 931/931/931
f 932/932/932 931/931/931 927/927/927
f 931/931/931 932/932/932 933/933/933
f 934/934/934 933/933/933 932/932/932
f 933/933/933 934/934/934 935/935/935
f 936/936/936 935/935/935 934/934/934
f 935/935/935 936/936/936 937/937/937
f 938/938/938 939/939/939 940/940/940
f 941/941/941 940/940/940 939/939/939
f 938/938/938 940/940/940 942/942/942
f 940/940/940 941/941/941 943/943/943
f 942/942/942 940/940/940 944/944/944
f 943/943/943 944/944/944 940/940/940
f 942/942/942 944/944/944 945/945/945
f 944/944/944 943/943/943 946/946/946
f 945/945/945 944/944/944 947/947/947
f 946/946/946 947/947/947 944/944/944
f 945/945/945 947/947/947 948/948/948
f 947/947/947 946/946/946 949/949/949
f 950/950/950 951/951/951 952/952/952
f 950/950/950 952/952/952 953/953/953
f 954/954/954 950/950/950 953/953/953
f 950/950/950 954/954/954 955/955/955
f 956/956/956 957/957/957 958/958/958
f 957/957/957 956/956/956 959/959/959
f 960/960/960 961/961/961 962/962/962
f 962/962/962 961/961/961 963/963/963
f 368/368/368 964/964/964 965/965/965
f 964/964/964 368/368/368 966/966/966
f 966/966/966 967/967/967 964/964/964
f 964/964/964 967/967/967 968/968/968
f 969/969/969 968/968/968 967/967/967
f 968/968/968 969/969/969 970/970/970
f 970/970/970 969/969/969 971/971/971
f 970/970/970 971/971/971 972/972/972
f 972/972/972 971/971/971 973/973/973
f 972/972/972 973/973/973 974/974/974
f 975/975/975 976/976/976 973/973/973
f 975/975/975 977/977/977 976/976/976
f 978/978/978 977/977/977 975/975/975
f 978/978/978 979/979/979 977/977/977
f 980/980/980 979/979/979 978/978/978
f 980/980/980 981/981/981 979/979/979
f 982/982/982 981/981/981 980/980/980
f 982/982/982 983/983/983 981/981/981
f 984/984/984 983/983/983 982/982/982
f 984/984/984 985/985/985 983/983/983
f 986/986/986 985/985/985 984/984/984
f 986/986/986 987/987/987 985/985/985
f 988/988/988 989/989/989 990/990/990
f 989/989/989 988/988/988 991/991/991
f 992/992/992 991/991/991 988/988/988
f 991/991/991 992/992/992 993/993/993
f 994/994/994 993/993/993 992/992/992
f 993/993/993 994/994/994 995/995/995
f 996/996/996 995/995/995 994/994/994
f 995/995/995 996/996/996 997/997/997
f 998/998/998 997/997/997 996/996/996
f 997/997/997 998/998/998 999/999/999
f 1000/1000/1000 999/999/999 998/998/998
f 999/999/999 1000/1000/1000 1001/1001/1001
f 1002/1002/1002 1001/1001/1001 1000/1000/1000
f 1001/1001/1001 1002/1002/1002 1003/1003/1003
f 1004/1004/1004 1003/1003/1003 1002/1002/1002
f 1003/1003/1003 1004/1004/1004 1005/1005/1005
f 1006/1006/1006 1007/1007/1007 1008/1008/1008
f 1007/1007/1007 1006/1006/1006 1009/1009/1009
f 1009/1009/1009 1010/1010/1010 1007/1007/1007
f 1010/1010/1010 1009/1009/1009 1011/1011/1011
f 1011/1011/1011 1012/1012/1012 1010/1010/1010
f 1012/1012/1012 1011/1011/1011 1013/1013/1013
f 1013/1013/1013 1014/1014/1014 1012/1012/1012
f 1014/1014/1014 1013/1013/1013 1015/1015/1015
f 1015/1015/1015 1016/1016/1016 1014/1014/1014
f 1016/1016/1016 1015/1015/1015 1017/1017/1017
f 1018/1018/1018 1019/1019/1019 1017/1017/1017
f 1020/1020/1020 1019/1019/1019 1018/1018/1018
f 1021/1021/1021 1020/1020/1020 1018/1018/1018
f 1022/1022/1022 1020/1020/1020 1021/1021/1021
f 1008/1008/1008 1023/1023/1023 1006/1006/1006
f 1008/1008/1008 1024/1024/1024 1023/1023/1023
f 1006/1006/1006 1023/1023/1023 1025/1025/1025
f 1024/1024/1024 1026/1026/1026 1023/1023/1023
f 1023/1023/1023 1027/1027/1027 1025/1025/1025
f 1023/1023/1023 1026/1026/1026 1027/1027/1027
f 1025/1025/1025 1027/1027/1027 1028/1028/1028
f 1026/1026/1026 1029/1029/1029 1027/1027/1027
f 1029/1029/1029 1030/1030/1030 1031/1031/1031
f 1031/1031/1031 1032/1032/1032 1029/1029/1029
f 1031/1031/1031 1028/1028/1028 1032/1032/1032
f 1033/1033/1033 1028/1028/1028 1031/1031/1031
f 1034/1034/1034 1033/1033/1033 1031/1031/1031
f 1033/1033/1033 1034/1034/1034 124/124/124
f 125/125/125 124/124/124 1034/1034/1034
f 1035/1035/1035 125/125/125 1034/1034/1034
f 125/125/125 1035/1035/1035 1036/1036/1036
f 1037/1037/1037 1038/1038/1038 1039/1039/1039
f 1037/1037/1037 1039/1039/1039 1040/1040/1040
f 1041/1041/1041 1038/1038/1038 1037/1037/1037
f 1038/1038/1038 1041/1041/1041 1042/1042/1042
f 1037/1037/1037 1043/1043/1043 1041/1041/1041
f 1044/1044/1044 1043/1043/1043 1037/1037/1037
f 1043/1043/1043 1044/1044/1044 1045/1045/1045
f 1041/1041/1041 1043/1043/1043 1046/1046/1046
f 1046/1046/1046 1047/1047/1047 1041/1041/1041
f 1047/1047/1047 1046/1046/1046 1048/1048/1048
f 1049/1049/1049 1050/1050/1050 1051/1051/1051
f 1050/1050/1050 1049/1049/1049 1052/1052/1052
f 1052/1052/1052 1053/1053/1053 1050/1050/1050
f 1053/1053/1053 1052/1052/1052 1054/1054/1054
f 1055/1055/1055 1050/1050/1050 1053/1053/1053
f 1050/1050/1050 1055/1055/1055 1056/1056/1056
f 1057/1057/1057 1056/1056/1056 1055/1055/1055
f 1056/1056/1056 1057/1057/1057 1058/1058/1058
f 1058/1058/1058 1059/1059/1059 1056/1056/1056
f 1059/1059/1059 1058/1058/1058 1060/1060/1060
f 1061/1061/1061 1062/1062/1062 1063/1063/1063
f 1063/1063/1063 1064/1064/1064 1061/1061/1061
f 1065/1065/1065 1066/1066/1066 1067/1067/1067
f 1065/1065/1065 1067/1067/1067 1068/1068/1068
f 1069/1069/1069 1066/1066/1066 1065/1065/1065
f 1070/1070/1070 1067/1067/1067 1066/1066/1066
f 1067/1067/1067 1070/1070/1070 1071/1071/1071
f 1066/1066/1066 1072/1072/1072 1070/1070/1070
f 1072/1072/1072 1066/1066/1066 1073/1073/1073
f 1069/1069/1069 1073/1073/1073 1066/1066/1066
f 1069/1069/1069 1074/1074/1074 1073/1073/1073
f 1074/1074/1074 1069/1069/1069 1075/1075/1075
f 1075/1075/1075 1076/1076/1076 1074/1074/1074
f 1076/1076/1076 1075/1075/1075 1077/1077/1077
f 1076/1076/1076 1078/1078/1078 1074/1074/1074
f 1078/1078/1078 1076/1076/1076 1079/1079/1079
f 1080/1080/1080 1081/1081/1081 1082/1082/1082
f 1081/1081/1081 1080/1080/1080 1083/1083/1083
f 1084/1084/1084 1085/1085/1085 1086/1086/1086
f 1085/1085/1085 1084/1084/1084 1087/1087/1087
f 1088/1088/1088 1089/1089/1089 1090/1090/1090
f 1090/1090/1090 1089/1089/1089 1091/1091/1091
f 1092/1092/1092 1093/1093/1093 1094/1094/1094
f 1094/1094/1094 1095/1095/1095 1092/1092/1092
f 1096/1096/1096 1097/1097/1097 1098/1098/1098
f 1096/1096/1096 1098/1098/1098 1099/1099/1099
f 1098/1098/1098 1100/1100/1100 1099/1099/1099
f 1099/1099/1099 1100/1100/1100 1101/1101/1101
f 1102/1102/1102 1103/1103/1103 1104/1104/1104
f 1104/1104/1104 1103/1103/1103 1105/1105/1105
f 1102/1102/1102 1106/1106/1106 1103/1103/1103
f 1107/1107/1107 1106/1106/1106 1102/1102/1102
f 1107/1107/1107 1108/1108/1108 1106/1106/1106
f 1109/1109/1109 1108/1108/1108 1107/1107/1107
f 1110/1110/1110 1111/1111/1111 1112/1112/1112
f 1112/1112/1112 1113/1113/1113 1110/1110/1110
f 1114/1114/1114 1115/1115/1115 1116/1116/1116
f 1117/1117/1117 1115/1115/1115 1114/1114/1114
f 1117/1117/1117 1118/1118/1118 1115/1115/1115
f 1114/1114/1114 1116/1116/1116 1119/1119/1119
f 1116/1116/1116 1120/1120/1120 1119/1119/1119
f 1120/1120/1120 1116/1116/1116 1121/1121/1121
f 1122/1122/1122 1123/1123/1123 1124/1124/1124
f 1122/1122/1122 1124/1124/1124 1125/1125/1125
f 1125/1125/1125 1124/1124/1124 1126/1126/1126
f 1125/1125/1125 1126/1126/1126 1127/1127/1127
f 1128/1128/1128 1129/1129/1129 1130/1130/1130
f 1128/1128/1128 1130/1130/1130 1131/1131/1131
f 1132/1132/1132 1133/1133/1133 1134/1134/1134
f 1133/1133/1133 1132/1132/1132 1135/1135/1135
f 1136/1136/1136 1137/1137/1137 1138/1138/1138
f 1137/1137/1137 1136/1136/1136 1139/1139/1139