o Mesh
v 0.1770695000886917 -0.0941149964928627 -0.10469049960374832
v 0.17337000370025635 -0.07778999954462051 -0.00024249650596175343
v 0.17337000370025635 -0.12744249403476715 -0.00248049502260983
v 0.17337000370025635 -0.12744249403476715 -0.00248049502260983
v 0.1770695000886917 -0.14538900554180145 -0.10662650316953659
v 0.1770695000886917 -0.0941149964928627 -0.10469049960374832
v 0.16270649433135986 -0.07853200286626816 0.1212494969367981
v 0.15618999302387238 -0.09562549740076065 0.2126920074224472
v 0.15618999302387238 -0.13641999661922455 0.19258899986743927
v 0.15618999302387238 -0.13641999661922455 0.19258899986743927
v 0.16270649433135986 -0.1253499984741211 0.11097650229930878
v 0.16270649433135986 -0.07853200286626816 0.1212494969367981
v 0.16865000128746033 -0.07811799645423889 0.05353349819779396
v 0.16270649433135986 -0.07853200286626816 0.1212494969367981
v 0.16270649433135986 -0.1253499984741211 0.11097650229930878
v 0.16270649433135986 -0.1253499984741211 0.11097650229930878
v 0.16865000128746033 -0.12651599943637848 0.047738999128341675
v 0.16865000128746033 -0.07811799645423889 0.05353349819779396
v 0.10975849628448486 -0.2956939935684204 0.6968250274658203
v 0.09247150272130966 -0.30022600293159485 0.729574978351593
v 0.09247150272130966 -0.3255704939365387 0.7164049744606018
v 0.09247150272130966 -0.3255704939365387 0.7164049744606018
v 0.10975849628448486 -0.3239715099334717 0.6821950078010559
v 0.10975849628448486 -0.2956939935684204 0.6968250274658203
v 0.19547350704669952 -0.15084399282932281 -0.6124449968338013
v 0.18872399628162384 -0.13589049875736237 -0.4337104856967926
v 0.18872399628162384 -0.19227249920368195 -0.4346944987773895
v 0.18872399628162384 -0.19227249920368195 -0.4346944987773895
v 0.19547350704669952 -0.20899100601673126 -0.6033899784088135
v 0.19547350704669952 -0.15084399282932281 -0.6124449968338013
v 0.09247150272130966 -0.14635750651359558 0.8084549903869629
v 0.09247150272130966 -0.20900949835777283 0.7775350213050842
v 0.10975849628448486 -0.19374999403953552 0.7500799894332886
v 0.10975849628448486 -0.19374999403953552 0.7500799894332886
v 0.10975849628448486 -0.12321250140666962 0.7848899960517883
v 0.09247150272130966 -0.14635750651359558 0.8084549903869629
v 0.15618999302387238 0.16611149907112122 0.34067249298095703
v 0.15618999302387238 0.05416899919509888 0.28550899028778076
v 0.16270649433135986 0.10796800255775452 0.16217249631881714
v 0.16270649433135986 0.10796800255775452 0.16217249631881714
v 0.16270649433135986 0.23643849790096283 0.19036200642585754
v 0.15618999302387238 0.16611149907112122 0.34067249298095703
v 0.16865000128746033 0.2474830001592636 0.09251700341701508
v 0.16270649433135986 0.23643849790096283 0.19036200642585754
v 0.16270649433135986 0.10796800255775452 0.16217249631881714
v 0.16270649433135986 0.10796800255775452 0.16217249631881714
v 0.16865000128746033 0.11467649787664413 0.07661650329828262
v 0.16865000128746033 0.2474830001592636 0.09251700341701508
v 0.17429499328136444 0.1888750046491623 -0.018200499936938286
v 0.17521999776363373 0.11584649980068207 -0.03709150105714798
v 0.1770695000886917 0.1116890013217926 -0.09697949886322021
v 0.1770695000886917 0.1116890013217926 -0.09697949886322021
v 0.1770695000886917 0.25316348671913147 -0.09166699647903442
v 0.17429499328136444 0.1888750046491623 -0.018200499936938286
v 0.19547350704669952 0.2404080033302307 -0.6203550100326538
v 0.18872399628162384 0.24342849850654602 -0.42709100246429443
v 0.18872399628162384 0.08871150016784668 -0.42979100346565247
v 0.18872399628162384 0.08871150016784668 -0.42979100346565247
v 0.19547350704669952 0.08085250109434128 -0.626990020275116
v 0.19547350704669952 0.2404080033302307 -0.6203550100326538
v 0.09773650020360947 0.4067704975605011 -0.5941299796104431
v 0.09436199814081192 0.4055820107460022 -0.4247705042362213
v 0.14154300093650818 0.3909899890422821 -0.4247705042362213
v 0.14154300093650818 0.3909899890422821 -0.4247705042362213
v 0.1466049998998642 0.3921785056591034 -0.5962700247764587
v 0.09773650020360947 0.4067704975605011 -0.5941299796104431
v 0.13002750277519226 0.3879449963569641 0.02009199932217598
v 0.13280199468135834 0.38867849111557007 -0.0871020033955574
v 0.08853500336408615 0.40327051281929016 -0.0871020033955574
v 0.08853500336408615 0.40327051281929016 -0.0871020033955574
v 0.08668500185012817 0.4025369882583618 0.02009199932217598
v 0.13002750277519226 0.3879449963569641 0.02009199932217598
v 0.12202999740839005 0.35902050137519836 0.22051799297332764
v 0.12648749351501465 0.37514200806617737 0.10880699753761292
v 0.08432500064373016 0.3886615037918091 0.11143150180578232
v 0.08432500064373016 0.3886615037918091 0.11143150180578232
v 0.08135350048542023 0.37118950486183167 0.22644749283790588
v 0.12202999740839005 0.35902050137519836 0.22051799297332764
v 0.11714249849319458 0.27448850870132446 0.3940114974975586
v 0.12202999740839005 0.35902050137519836 0.22051799297332764
v 0.08135350048542023 0.37118950486183167 0.22644749283790588
v 0.08135350048542023 0.37118950486183167 0.22644749283790588
v 0.07809499651193619 0.28665751218795776 0.39994049072265625
v 0.11714249849319458 0.27448850870132446 0.3940114974975586
v 0.046235501766204834 -0.07235900312662125 0.8422350287437439
v 0.06935349851846695 -0.08494749665260315 0.8369600176811218
v 0.0823189988732338 -0.054150499403476715 0.8171200156211853
v 0.0823189988732338 -0.054150499403476715 0.8171200156211853
v 0.05487950146198273 -0.04056745022535324 0.8228650093078613
v 0.046235501766204834 -0.07235900312662125 0.8422350287437439
v 0.09247150272130966 -0.14635750651359558 0.8084549903869629
v 0.09247150272130966 -0.09753599762916565 0.8316749930381775
v 0.05347200110554695 -0.13379250466823578 0.8326349854469299
v 0.05347200110554695 -0.13379250466823578 0.8326349854469299
v 0.05347200110554695 -0.17848549783229828 0.8191050291061401
v 0.09247150272130966 -0.14635750651359558 0.8084549903869629
v 0.09247150272130966 -0.20900949835777283 0.7775350213050842
v 0.05347200110554695 -0.21984949707984924 0.7992349863052368
v 0.05347200110554695 -0.2638719975948334 0.7737600207328796
v 0.05347200110554695 -0.2638719975948334 0.7737600207328796
v 0.09247150272130966 -0.274881511926651 0.7427399754524231
v 0.09247150272130966 -0.20900949835777283 0.7775350213050842
v 0.0823189988732338 -0.33803850412368774 0.6714749932289124
v 0.06935349851846695 -0.3382774889469147 0.7062699794769287
v 0.046235501766204834 -0.35098451375961304 0.6961299777030945
v 0.046235501766204834 -0.35098451375961304 0.6961299777030945
v 0.05487950146198273 -0.3521054983139038 0.6607599854469299
v 0.0823189988732338 -0.33803850412368774 0.6714749932289124
v 0.12202999740839005 -0.14386799931526184 0.10505300015211105
v 0.11714249849319458 -0.1549379974603653 0.18666550517082214
v 0.07809499651193619 -0.17345599830150604 0.18074199557304382
v 0.07809499651193619 -0.17345599830150604 0.18074199557304382
v 0.08135350048542023 -0.1623860001564026 0.09912999719381332
v 0.12202999740839005 -0.14386799931526184 0.10505300015211105
v 0.12648749351501465 -0.14461049437522888 0.04511750116944313
v 0.12202999740839005 -0.14386799931526184 0.10505300015211105
v 0.08135350048542023 -0.1623860001564026 0.09912999719381332
v 0.08135350048542023 -0.1623860001564026 0.09912999719381332
v 0.08432500064373016 -0.1627044975757599 0.042495500296354294
v 0.12648749351501465 -0.14461049437522888 0.04511750116944313
v 0.13280199468135834 -0.1631470024585724 -0.10662650316953659
v 0.13002750277519226 -0.1451999992132187 -0.00248049502260983
v 0.08668500185012817 -0.16295750439167023 -0.00248049502260983
v 0.08668500185012817 -0.16295750439167023 -0.00248049502260983
v 0.08853500336408615 -0.18090449273586273 -0.10662650316953659
v 0.13280199468135834 -0.1631470024585724 -0.10662650316953659
v 0.12864799797534943 -0.23958800733089447 -0.5977749824523926
v 0.16206100583076477 -0.22428950667381287 -0.6005849838256836
v 0.15300750732421875 -0.20679399371147156 -0.43538200855255127
v 0.15300750732421875 -0.20679399371147156 -0.43538200855255127
v 0.11729100346565247 -0.22131499648094177 -0.4360694885253906
v 0.12864799797534943 -0.23958800733089447 -0.5977749824523926
v 0.07624299824237823 -0.13917699456214905 -0.7798349857330322
v 0.11436449736356735 -0.1278975009918213 -0.783394992351532
v 0.11436449736356735 -0.1783515065908432 -0.7641900181770325
v 0.11436449736356735 -0.1783515065908432 -0.7641900181770325
v 0.07624299824237823 -0.1924625039100647 -0.7590199708938599
v 0.07624299824237823 -0.13917699456214905 -0.7798349857330322
v 0.11436449736356735 0.21010249853134155 -0.8063250184059143
v 0.11436449736356735 0.07319249957799911 -0.8173800110816956
v 0.07624299824237823 0.07319249957799911 -0.8173800110816956
v 0.07624299824237823 0.07319249957799911 -0.8173800110816956
v 0.07624299824237823 0.21633850038051605 -0.8049899935722351
v 0.11436449736356735 0.21010249853134155 -0.8063250184059143
v 0 0.41769251227378845 -0.5941299796104431
v 0 0.41650399565696716 -0.4247705042362213
v 0.09436199814081192 0.4055820107460022 -0.4247705042362213
v 0.09436199814081192 0.4055820107460022 -0.4247705042362213
v 0.09773650020360947 0.4067704975605011 -0.5941299796104431
v 0 0.41769251227378845 -0.5941299796104431
v 0.08668500185012817 0.4025369882583618 0.02009199932217598
v 0.08853500336408615 0.40327051281929016 -0.0871020033955574
v 0 0.4141924977302551 -0.0871020033955574
v 0 0.4141924977302551 -0.0871020033955574
v 0 0.41345900297164917 0.02009199932217598
v 0.08668500185012817 0.4025369882583618 0.02009199932217598
v 0.08135350048542023 0.37118950486183167 0.22644749283790588
v 0.08432500064373016 0.3886615037918091 0.11143150180578232
v 0 0.4012194871902466 0.11333899945020676
v 0 0.4012194871902466 0.11333899945020676
v 0 0.38374748826026917 0.22835500538349152
v 0.08135350048542023 0.37118950486183167 0.22644749283790588
v 0.07809499651193619 0.28665751218795776 0.39994049072265625
v 0.08135350048542023 0.37118950486183167 0.22644749283790588
v 0 0.38374748826026917 0.22835500538349152
v 0 0.38374748826026917 0.22835500538349152
v 0 0.29501399397850037 0.4064064919948578
v 0.07809499651193619 0.28665751218795776 0.39994049072265625
v 0.046235501766204834 -0.07235900312662125 0.8422350287437439
v 0.05487950146198273 -0.04056745022535324 0.8228650093078613
v 0 -0.032210949808359146 0.8293300271034241
v 0 -0.032210949808359146 0.8293300271034241
v 0 -0.07235900312662125 0.8422350287437439
v 0.046235501766204834 -0.07235900312662125 0.8422350287437439
v 0.05347200110554695 -0.17848549783229828 0.8191050291061401
v 0.05347200110554695 -0.13379250466823578 0.8326349854469299
v 0 -0.13379250466823578 0.8326349854469299
v 0 -0.13379250466823578 0.8326349854469299
v 0 -0.17848549783229828 0.8191050291061401
v 0.05347200110554695 -0.17848549783229828 0.8191050291061401
v 0.046235501766204834 -0.35098451375961304 0.6961299777030945
v 0.05347200110554695 -0.3045650124549866 0.7419400215148926
v 0 -0.3045650124549866 0.7419400215148926
v 0 -0.3045650124549866 0.7419400215148926
v 0 -0.3556565046310425 0.6962850093841553
v 0.046235501766204834 -0.35098451375961304 0.6961299777030945
v 0.046235501766204834 -0.35098451375961304 0.6961299777030945
v 0 -0.3556565046310425 0.6962850093841553
v 0 -0.35677748918533325 0.6609150171279907
v 0 -0.35677748918533325 0.6609150171279907
v 0.05487950146198273 -0.3521054983139038 0.6607599854469299
v 0.046235501766204834 -0.35098451375961304 0.6961299777030945
v 0.07809499651193619 -0.17345599830150604 0.18074199557304382
v 0 -0.18283049762248993 0.17725299298763275
v 0 -0.1683795005083084 0.09916400164365768
v 0 -0.1683795005083084 0.09916400164365768
v 0.08135350048542023 -0.1623860001564026 0.09912999719381332
v 0.07809499651193619 -0.17345599830150604 0.18074199557304382
v 0 -0.1686979979276657 0.04252900183200836
v 0.08432500064373016 -0.1627044975757599 0.042495500296354294
v 0.08135350048542023 -0.1623860001564026 0.09912999719381332
v 0.08135350048542023 -0.1623860001564026 0.09912999719381332
v 0 -0.1683795005083084 0.09916400164365768
v 0 -0.1686979979276657 0.04252900183200836
v 0 -0.1898529976606369 -0.10533799976110458
v 0.08853500336408615 -0.18090449273586273 -0.10662650316953659
v 0.08668500185012817 -0.16295750439167023 -0.00248049502260983
v 0.08668500185012817 -0.16295750439167023 -0.00248049502260983
v 0 -0.1719059944152832 -0.0011914899805560708
v 0 -0.1898529976606369 -0.10533799976110458
v 0.0844385027885437 -0.3764599859714508 -0.5493350028991699
v 0.08196499943733215 -0.32455798983573914 -0.43153300881385803
v 0 -0.33407849073410034 -0.43017449975013733
v 0 -0.33407849073410034 -0.43017449975013733
v 0 -0.3856959939002991 -0.548009991645813
v 0.0844385027885437 -0.3764599859714508 -0.5493350028991699
v 0 -0.14273250102996826 -0.7792450189590454
v 0.07624299824237823 -0.13917699456214905 -0.7798349857330322
v 0.07624299824237823 -0.1924625039100647 -0.7590199708938599
v 0.07624299824237823 -0.1924625039100647 -0.7590199708938599
v 0 -0.19957350194454193 -0.7578349709510803
v 0 -0.14273250102996826 -0.7792450189590454
v 0.07624299824237823 0.21633850038051605 -0.8049899935722351
v 0.07624299824237823 0.07319249957799911 -0.8173800110816956
v 0 0.07319249957799911 -0.8173800110816956
v 0 0.07319249957799911 -0.8173800110816956
v 0 0.21633850038051605 -0.8049899935722351
v 0.07624299824237823 0.21633850038051605 -0.8049899935722351
v 0.11436449736356735 0.26897549629211426 -0.7858750224113464
v 0.11436449736356735 0.21010249853134155 -0.8063250184059143
v 0.07624299824237823 0.21633850038051605 -0.8049899935722351
v 0.07624299824237823 0.21633850038051605 -0.8049899935722351
v 0.07624299824237823 0.27789101004600525 -0.783240020275116
v 0.11436449736356735 0.26897549629211426 -0.7858750224113464
v 0.07624299824237823 0.27789101004600525 -0.783240020275116
v 0.07624299824237823 0.21633850038051605 -0.8049899935722351
v 0 0.21633850038051605 -0.8049899935722351
v 0 0.21633850038051605 -0.8049899935722351
v 0 0.2822304964065552 -0.783240020275116
v 0.07624299824237823 0.27789101004600525 -0.783240020275116
v 0.046235501766204834 -0.07235900312662125 0.8422350287437439
v 0 -0.07235900312662125 0.8422350287437439
v 0 -0.13379250466823578 0.8326349854469299
v 0 -0.13379250466823578 0.8326349854469299
v 0.05347200110554695 -0.13379250466823578 0.8326349854469299
v 0.046235501766204834 -0.07235900312662125 0.8422350287437439
v 0.05347200110554695 -0.13379250466823578 0.8326349854469299
v 0.09247150272130966 -0.09753599762916565 0.8316749930381775
v 0.06935349851846695 -0.08494749665260315 0.8369600176811218
v 0.06935349851846695 -0.08494749665260315 0.8369600176811218
v 0.046235501766204834 -0.07235900312662125 0.8422350287437439
v 0.05347200110554695 -0.13379250466823578 0.8326349854469299
v 0.09247150272130966 -0.09753599762916565 0.8316749930381775
v 0.09247150272130966 -0.14635750651359558 0.8084549903869629
v 0.10975849628448486 -0.12321250140666962 0.7848899960517883
v 0.10975849628448486 -0.12321250140666962 0.7848899960517883
v 0.10975849628448486 -0.06773299723863602 0.8113800287246704
v 0.09247150272130966 -0.09753599762916565 0.8316749930381775
v 0.15618999302387238 0.26231950521469116 0.38808250427246094
v 0.15618999302387238 0.16611149907112122 0.34067249298095703
v 0.16270649433135986 0.23643849790096283 0.19036200642585754
v 0.16270649433135986 0.23643849790096283 0.19036200642585754
v 0.16270649433135986 0.34685149788856506 0.21458899974822998
v 0.15618999302387238 0.26231950521469116 0.38808250427246094
v 0.16270649433135986 0.34685149788856506 0.21458899974822998
v 0.16270649433135986 0.23643849790096283 0.19036200642585754
v 0.1656785011291504 0.2665790021419525 0.1478624939918518
v 0.1770695000886917 0.3136250078678131 -0.08938450366258621
v 0.17337000370025635 0.31480351090431213 0.01745299994945526
v 0.17337000370025635 0.2562539875507355 0.014813999645411968
v 0.17337000370025635 0.2562539875507355 0.014813999645411968
v 0.1770695000886917 0.25316348671913147 -0.09166699647903442
v 0.1770695000886917 0.3136250078678131 -0.08938450366258621
v 0.19547350704669952 0.3089970052242279 -0.6093800067901611
v 0.18872399628162384 0.3099130094051361 -0.42593100666999817
v 0.18872399628162384 0.24342849850654602 -0.42709100246429443
v 0.18872399628162384 0.24342849850654602 -0.42709100246429443
v 0.19547350704669952 0.2404080033302307 -0.6203550100326538
v 0.19547350704669952 0.3089970052242279 -0.6093800067901611
v 0.07624299824237823 0.07319249957799911 -0.8173800110816956
v 0.11436449736356735 0.07319249957799911 -0.8173800110816956
v 0.11436449736356735 -0.07744350284337997 -0.8026000261306763
v 0.11436449736356735 -0.07744350284337997 -0.8026000261306763
v 0.07624299824237823 -0.08589150011539459 -0.8006550073623657
v 0.07624299824237823 0.07319249957799911 -0.8173800110816956
v 0.07624299824237823 0.07319249957799911 -0.8173800110816956
v 0.07624299824237823 -0.08589150011539459 -0.8006550073623657
v 0 -0.08589150011539459 -0.8006550073623657
v 0 -0.08589150011539459 -0.8006550073623657
v 0 0.07319249957799911 -0.8173800110816956
v 0.07624299824237823 0.07319249957799911 -0.8173800110816956
v 0.05347200110554695 -0.21984949707984924 0.7992349863052368
v 0 -0.21984949707984924 0.7992349863052368
v 0 -0.2638719975948334 0.7737600207328796
v 0 -0.2638719975948334 0.7737600207328796
v 0.05347200110554695 -0.2638719975948334 0.7737600207328796
v 0.05347200110554695 -0.21984949707984924 0.7992349863052368
v 0.10975849628448486 -0.19374999403953552 0.7500799894332886
v 0.09247150272130966 -0.20900949835777283 0.7775350213050842
v 0.09247150272130966 -0.274881511926651 0.7427399754524231
v 0.09247150272130966 -0.274881511926651 0.7427399754524231
v 0.10975849628448486 -0.26741600036621094 0.7114499807357788
v 0.10975849628448486 -0.19374999403953552 0.7500799894332886
v 0.15618999302387238 0.05416899919509888 0.28550899028778076
v 0.15618999302387238 -0.05483099818229675 0.23279449343681335
v 0.16270649433135986 -0.03171449899673462 0.1315225064754486
v 0.16270649433135986 -0.03171449899673462 0.1315225064754486
v 0.16270649433135986 0.10796800255775452 0.16217249631881714
v 0.15618999302387238 0.05416899919509888 0.28550899028778076
v 0.16865000128746033 0.11467649787664413 0.07661650329828262
v 0.16270649433135986 0.10796800255775452 0.16217249631881714
v 0.16270649433135986 -0.03171449899673462 0.1315225064754486
v 0.16270649433135986 -0.03171449899673462 0.1315225064754486
v 0.16865000128746033 -0.029720500111579895 0.059328000992536545
v 0.16865000128746033 0.11467649787664413 0.07661650329828262
v 0.1770695000886917 0.1116890013217926 -0.09697949886322021
v 0.17521999776363373 0.11584649980068207 -0.03709150105714798
v 0.17614449560642242 0.05741399899125099 -0.06534700095653534
v 0.17614449560642242 0.05741399899125099 -0.06534700095653534
v 0.1770695000886917 0.013104500249028206 -0.10066399723291397
v 0.1770695000886917 0.1116890013217926 -0.09697949886322021
v 0.19547350704669952 0.08085250109434128 -0.626990020275116
v 0.18872399628162384 0.08871150016784668 -0.42979100346565247
v 0.18872399628162384 -0.07950799912214279 -0.43272700905799866
v 0.18872399628162384 -0.07950799912214279 -0.43272700905799866
v 0.19547350704669952 -0.09269700199365616 -0.6215000152587891
v 0.19547350704669952 0.08085250109434128 -0.626990020275116
v 0.10975849628448486 -0.12321250140666962 0.7848899960517883
v 0.10975849628448486 -0.19374999403953552 0.7500799894332886
v 0.11893749982118607 -0.14473900198936462 0.658240020275116
v 0.11893749982118607 -0.14473900198936462 0.658240020275116
v 0.11893749982118607 -0.06601650267839432 0.6970800161361694
v 0.10975849628448486 -0.12321250140666962 0.7848899960517883
v 0.11893749982118607 -0.14473900198936462 0.658240020275116
v 0.10975849628448486 -0.19374999403953552 0.7500799894332886
v 0.10975849628448486 -0.26741600036621094 0.7114499807357788
v 0.10975849628448486 -0.26741600036621094 0.7114499807357788
v 0.11893749982118607 -0.2253904938697815 0.6168249845504761
v 0.11893749982118607 -0.14473900198936462 0.658240020275116
v 0.11893749982118607 -0.2561424970626831 0.6011149883270264
v 0.10975849628448486 -0.2956939935684204 0.6968250274658203
v 0.10975849628448486 -0.3239715099334717 0.6821950078010559
v 0.10975849628448486 -0.3239715099334717 0.6821950078010559
v 0.11893749982118607 -0.2868945002555847 0.5853999853134155
v 0.11893749982118607 -0.2561424970626831 0.6011149883270264
v 0.08920349925756454 -0.30184149742126465 0.5756350159645081
v 0.0823189988732338 -0.33803850412368774 0.6714749932289124
v 0.05487950146198273 -0.3521054983139038 0.6607599854469299
v 0.05487950146198273 -0.3521054983139038 0.6607599854469299
v 0.05946899950504303 -0.3167884945869446 0.5658649802207947
v 0.08920349925756454 -0.30184149742126465 0.5756350159645081
v 0.05487950146198273 -0.3521054983139038 0.6607599854469299
v 0 -0.35677748918533325 0.6609150171279907
v 0 -0.32616350054740906 0.5623850226402283
v 0 -0.32616350054740906 0.5623850226402283
v 0.05946899950504303 -0.3167884945869446 0.5658649802207947
v 0.05487950146198273 -0.3521054983139038 0.6607599854469299
v 0.05487950146198273 -0.04056745022535324 0.8228650093078613
v 0.05946899950504303 0.024121049791574478 0.7392600178718567
v 0 0.03247755020856857 0.7457200288772583
v 0 0.03247755020856857 0.7457200288772583
v 0 -0.032210949808359146 0.8293300271034241
v 0.05487950146198273 -0.04056745022535324 0.8228650093078613
v 0.08920349925756454 0.010818050242960453 0.7334750294685364
v 0.05946899950504303 0.024121049791574478 0.7392600178718567
v 0.05487950146198273 -0.04056745022535324 0.8228650093078613
v 0.05487950146198273 -0.04056745022535324 0.8228650093078613
v 0.0823189988732338 -0.054150499403476715 0.8171200156211853
v 0.08920349925756454 0.010818050242960453 0.7334750294685364
v 0.10975849628448486 -0.06773299723863602 0.8113800287246704
v 0.10975849628448486 -0.12321250140666962 0.7848899960517883
v 0.11893749982118607 -0.06601650267839432 0.6970800161361694
v 0.11893749982118607 -0.06601650267839432 0.6970800161361694
v 0.11893749982118607 -0.002485469914972782 0.7276949882507324
v 0.10975849628448486 -0.06773299723863602 0.8113800287246704
v 0.05347200110554695 -0.3045650124549866 0.7419400215148926
v 0.046235501766204834 -0.35098451375961304 0.6961299777030945
v 0.06935349851846695 -0.3382774889469147 0.7062699794769287
v 0.06935349851846695 -0.3382774889469147 0.7062699794769287
v 0.09247150272130966 -0.3255704939365387 0.7164049744606018
v 0.05347200110554695 -0.3045650124549866 0.7419400215148926
v 0.05347200110554695 -0.17848549783229828 0.8191050291061401
v 0.05347200110554695 -0.21984949707984924 0.7992349863052368
v 0.09247150272130966 -0.20900949835777283 0.7775350213050842
v 0.09247150272130966 -0.20900949835777283 0.7775350213050842
v 0.09247150272130966 -0.14635750651359558 0.8084549903869629
v 0.05347200110554695 -0.17848549783229828 0.8191050291061401
v 0.05347200110554695 -0.21984949707984924 0.7992349863052368
v 0.05347200110554695 -0.17848549783229828 0.8191050291061401
v 0 -0.17848549783229828 0.8191050291061401
v 0 -0.17848549783229828 0.8191050291061401
v 0 -0.21984949707984924 0.7992349863052368
v 0.05347200110554695 -0.21984949707984924 0.7992349863052368
v 0.09247150272130966 -0.30022600293159485 0.729574978351593
v 0.05347200110554695 -0.2842184901237488 0.7578449845314026
v 0.05347200110554695 -0.3045650124549866 0.7419400215148926
v 0.05347200110554695 -0.3045650124549866 0.7419400215148926
v 0.09247150272130966 -0.3255704939365387 0.7164049744606018
v 0.09247150272130966 -0.30022600293159485 0.729574978351593
v 0.05347200110554695 -0.2842184901237488 0.7578449845314026
v 0 -0.2842184901237488 0.7578449845314026
v 0 -0.3045650124549866 0.7419400215148926
v 0 -0.3045650124549866 0.7419400215148926
v 0.05347200110554695 -0.3045650124549866 0.7419400215148926
v 0.05347200110554695 -0.2842184901237488 0.7578449845314026
v 0.18872399628162384 0.24342849850654602 -0.42709100246429443
v 0.18073450028896332 0.2501024901866913 -0.1971455067396164
v 0.18073450028896332 0.10345199704170227 -0.20163600146770477
v 0.18073450028896332 0.10345199704170227 -0.20163600146770477
v 0.18872399628162384 0.08871150016784668 -0.42979100346565247
v 0.18872399628162384 0.24342849850654602 -0.42709100246429443
v 0.18872399628162384 0.08871150016784668 -0.42979100346565247
v 0.18073450028896332 0.10345199704170227 -0.20163600146770477
v 0.18073450028896332 -0.057406000792980194 -0.2065189927816391
v 0.18073450028896332 -0.057406000792980194 -0.2065189927816391
v 0.18872399628162384 -0.07950799912214279 -0.43272700905799866
v 0.18872399628162384 0.08871150016784668 -0.42979100346565247
v 0.18872399628162384 -0.13589049875736237 -0.4337104856967926
v 0.18073450028896332 -0.11028649657964706 -0.20815549790859222
v 0.18073450028896332 -0.16316699981689453 -0.20979200303554535
v 0.18073450028896332 -0.16316699981689453 -0.20979200303554535
v 0.18872399628162384 -0.19227249920368195 -0.4346944987773895
v 0.18872399628162384 -0.13589049875736237 -0.4337104856967926
v 0.11729100346565247 -0.22131499648094177 -0.4360694885253906
v 0.15300750732421875 -0.20679399371147156 -0.43538200855255127
v 0.13555100560188293 -0.18092450499534607 -0.20979200303554535
v 0.13555100560188293 -0.18092450499534607 -0.20979200303554535
v 0.09036699682474136 -0.1986819952726364 -0.20979200303554535
v 0.11729100346565247 -0.22131499648094177 -0.4360694885253906
v 0.08196499943733215 -0.32455798983573914 -0.43153300881385803
v 0.09036699682474136 -0.1986819952726364 -0.20979200303554535
v 0 -0.20763100683689117 -0.20850299298763275
v 0 -0.20763100683689117 -0.20850299298763275
v 0 -0.33407849073410034 -0.43017449975013733
v 0.08196499943733215 -0.32455798983573914 -0.43153300881385803
v 0.09036699682474136 0.4039975106716156 -0.1932860016822815
v 0.09436199814081192 0.4055820107460022 -0.4247705042362213
v 0 0.41650399565696716 -0.4247705042362213
v 0 0.41650399565696716 -0.4247705042362213
v 0 0.41491949558258057 -0.1932860016822815
v 0.09036699682474136 0.4039975106716156 -0.1932860016822815
v 0.13555100560188293 0.3894054889678955 -0.1932860016822815
v 0.14154300093650818 0.3909899890422821 -0.4247705042362213
v 0.09436199814081192 0.4055820107460022 -0.4247705042362213
v 0.09436199814081192 0.4055820107460022 -0.4247705042362213
v 0.09036699682474136 0.4039975106716156 -0.1932860016822815
v 0.13555100560188293 0.3894054889678955 -0.1932860016822815
v 0.18872399628162384 0.3099130094051361 -0.42593100666999817
v 0.18073450028896332 0.31245800852775574 -0.19521549344062805
v 0.18073450028896332 0.2501024901866913 -0.1971455067396164
v 0.18073450028896332 0.2501024901866913 -0.1971455067396164
v 0.18872399628162384 0.24342849850654602 -0.42709100246429443
v 0.18872399628162384 0.3099130094051361 -0.42593100666999817
v 0.18073450028896332 0.10345199704170227 -0.20163600146770477
v 0.1770695000886917 0.1116890013217926 -0.09697949886322021
v 0.1770695000886917 0.013104500249028206 -0.10066399723291397
v 0.1770695000886917 0.013104500249028206 -0.10066399723291397
v 0.18073450028896332 -0.057406000792980194 -0.2065189927816391
v 0.18073450028896332 0.10345199704170227 -0.20163600146770477
v 0.18073450028896332 -0.11028649657964706 -0.20815549790859222
v 0.1770695000886917 -0.0941149964928627 -0.10469049960374832
v 0.1770695000886917 -0.14538900554180145 -0.10662650316953659
v 0.1770695000886917 -0.14538900554180145 -0.10662650316953659
v 0.18073450028896332 -0.16316699981689453 -0.20979200303554535
v 0.18073450028896332 -0.11028649657964706 -0.20815549790859222
v 0.13555100560188293 -0.18092450499534607 -0.20979200303554535
v 0.13280199468135834 -0.1631470024585724 -0.10662650316953659
v 0.08853500336408615 -0.18090449273586273 -0.10662650316953659
v 0.08853500336408615 -0.18090449273586273 -0.10662650316953659
v 0.09036699682474136 -0.1986819952726364 -0.20979200303554535
v 0.13555100560188293 -0.18092450499534607 -0.20979200303554535
v 0 -0.20763100683689117 -0.20850299298763275
v 0.09036699682474136 -0.1986819952726364 -0.20979200303554535
v 0.08853500336408615 -0.18090449273586273 -0.10662650316953659
v 0.08853500336408615 -0.18090449273586273 -0.10662650316953659
v 0 -0.1898529976606369 -0.10533799976110458
v 0 -0.20763100683689117 -0.20850299298763275
v 0.08853500336408615 0.40327051281929016 -0.0871020033955574
v 0.09036699682474136 0.4039975106716156 -0.1932860016822815
v 0 0.41491949558258057 -0.1932860016822815
v 0 0.41491949558258057 -0.1932860016822815
v 0 0.4141924977302551 -0.0871020033955574
v 0.08853500336408615 0.40327051281929016 -0.0871020033955574
v 0.13280199468135834 0.38867849111557007 -0.0871020033955574
v 0.13555100560188293 0.3894054889678955 -0.1932860016822815
v 0.09036699682474136 0.4039975106716156 -0.1932860016822815
v 0.09036699682474136 0.4039975106716156 -0.1932860016822815
v 0.08853500336408615 0.40327051281929016 -0.0871020033955574
v 0.13280199468135834 0.38867849111557007 -0.0871020033955574
v 0.18073450028896332 0.31245800852775574 -0.19521549344062805
v 0.1770695000886917 0.3136250078678131 -0.08938450366258621
v 0.1770695000886917 0.25316348671913147 -0.09166699647903442
v 0.1770695000886917 0.25316348671913147 -0.09166699647903442
v 0.18073450028896332 0.2501024901866913 -0.1971455067396164
v 0.18073450028896332 0.31245800852775574 -0.19521549344062805
v 0.18073450028896332 0.2501024901866913 -0.1971455067396164
v 0.1770695000886917 0.25316348671913147 -0.09166699647903442
v 0.1770695000886917 0.1116890013217926 -0.09697949886322021
v 0.1770695000886917 0.1116890013217926 -0.09697949886322021
v 0.18073450028896332 0.10345199704170227 -0.20163600146770477
v 0.18073450028896332 0.2501024901866913 -0.1971455067396164
v 0.17337000370025635 0.12000399827957153 0.008673000149428844
v 0.16865000128746033 0.11467649787664413 0.07661650329828262
v 0.16865000128746033 -0.029720500111579895 0.059328000992536545
v 0.16865000128746033 -0.029720500111579895 0.059328000992536545
v 0.17337000370025635 -0.028137000277638435 0.0019954999443143606
v 0.17337000370025635 0.12000399827957153 0.008673000149428844
v 0.17337000370025635 -0.07778999954462051 -0.00024249650596175343
v 0.16865000128746033 -0.07811799645423889 0.05353349819779396
v 0.16865000128746033 -0.12651599943637848 0.047738999128341675
v 0.16865000128746033 -0.12651599943637848 0.047738999128341675
v 0.17337000370025635 -0.12744249403476715 -0.00248049502260983
v 0.17337000370025635 -0.07778999954462051 -0.00024249650596175343
v 0.08668500185012817 -0.16295750439167023 -0.00248049502260983
v 0.13002750277519226 -0.1451999992132187 -0.00248049502260983
v 0.12648749351501465 -0.14461049437522888 0.04511750116944313
v 0.12648749351501465 -0.14461049437522888 0.04511750116944313
v 0.08432500064373016 -0.1627044975757599 0.042495500296354294
v 0.08668500185012817 -0.16295750439167023 -0.00248049502260983
v 0 -0.1719059944152832 -0.0011914899805560708
v 0.08668500185012817 -0.16295750439167023 -0.00248049502260983
v 0.08432500064373016 -0.1627044975757599 0.042495500296354294
v 0.08432500064373016 -0.1627044975757599 0.042495500296354294
v 0 -0.1686979979276657 0.04252900183200836
v 0 -0.1719059944152832 -0.0011914899805560708
v 0.08668500185012817 0.4025369882583618 0.02009199932217598
v 0 0.41345900297164917 0.02009199932217598
v 0 0.4012194871902466 0.11333899945020676
v 0 0.4012194871902466 0.11333899945020676
v 0.08432500064373016 0.3886615037918091 0.11143150180578232
v 0.08668500185012817 0.4025369882583618 0.02009199932217598
v 0.12648749351501465 0.37514200806617737 0.10880699753761292
v 0.13002750277519226 0.3879449963569641 0.02009199932217598
v 0.08668500185012817 0.4025369882583618 0.02009199932217598
v 0.08668500185012817 0.4025369882583618 0.02009199932217598
v 0.08432500064373016 0.3886615037918091 0.11143150180578232
v 0.12648749351501465 0.37514200806617737 0.10880699753761292
v 0.16865000128746033 0.36162251234054565 0.10618250072002411
v 0.16865000128746033 0.27712351083755493 0.09606549888849258
v 0.17101000249385834 0.2779875099658966 0.05544000118970871
v 0.17101000249385834 0.2779875099658966 0.05544000118970871
v 0.17337000370025635 0.3733530044555664 0.02009199932217598
v 0.16865000128746033 0.36162251234054565 0.10618250072002411
v 0.16865000128746033 0.2474830001592636 0.09251700341701508
v 0.16865000128746033 0.11467649787664413 0.07661650329828262
v 0.17337000370025635 0.12000399827957153 0.008673000149428844
v 0.17337000370025635 0.12000399827957153 0.008673000149428844
v 0.17337000370025635 0.2562539875507355 0.014813999645411968
v 0.16865000128746033 0.2474830001592636 0.09251700341701508
v 0.1770695000886917 0.013104500249028206 -0.10066399723291397
v 0.1770695000886917 -0.04284049943089485 -0.10275500267744064
v 0.18073450028896332 -0.057406000792980194 -0.2065189927816391
v 0.17337000370025635 0.12000399827957153 0.008673000149428844
v 0.17337000370025635 -0.028137000277638435 0.0019954999443143606
v 0.17614449560642242 0.05741399899125099 -0.06534700095653534
v 0.17614449560642242 0.05741399899125099 -0.06534700095653534
v 0.17521999776363373 0.11584649980068207 -0.03709150105714798
v 0.17337000370025635 0.12000399827957153 0.008673000149428844
v 0.17337000370025635 0.12000399827957153 0.008673000149428844
v 0.17521999776363373 0.11584649980068207 -0.03709150105714798
v 0.17429499328136444 0.1888750046491623 -0.018200499936938286
v 0.17429499328136444 0.1888750046491623 -0.018200499936938286
v 0.17337000370025635 0.2562539875507355 0.014813999645411968
v 0.17337000370025635 0.12000399827957153 0.008673000149428844
v 0.16865000128746033 0.2474830001592636 0.09251700341701508
v 0.17337000370025635 0.2562539875507355 0.014813999645411968
v 0.17101000249385834 0.2779875099658966 0.05544000118970871
v 0.17101000249385834 0.2779875099658966 0.05544000118970871
v 0.16865000128746033 0.27712351083755493 0.09606549888849258
v 0.16865000128746033 0.2474830001592636 0.09251700341701508
v 0.16865000128746033 0.2474830001592636 0.09251700341701508
v 0.16865000128746033 0.27712351083755493 0.09606549888849258
v 0.1656785011291504 0.2665790021419525 0.1478624939918518
v 0.1656785011291504 0.2665790021419525 0.1478624939918518
v 0.16270649433135986 0.23643849790096283 0.19036200642585754
v 0.16865000128746033 0.2474830001592636 0.09251700341701508
v 0.17614449560642242 0.05741399899125099 -0.06534700095653534
v 0.17337000370025635 -0.028137000277638435 0.0019954999443143606
v 0.1770695000886917 -0.04284049943089485 -0.10275500267744064
v 0.1770695000886917 -0.04284049943089485 -0.10275500267744064
v 0.1770695000886917 0.013104500249028206 -0.10066399723291397
v 0.17614449560642242 0.05741399899125099 -0.06534700095653534
v 0.1770695000886917 0.25316348671913147 -0.09166699647903442
v 0.17337000370025635 0.2562539875507355 0.014813999645411968
v 0.17429499328136444 0.1888750046491623 -0.018200499936938286
v 0.17337000370025635 0.31480351090431213 0.01745299994945526
v 0.17337000370025635 0.3733530044555664 0.02009199932217598
v 0.17101000249385834 0.2779875099658966 0.05544000118970871
v 0.17101000249385834 0.2779875099658966 0.05544000118970871
v 0.17337000370025635 0.2562539875507355 0.014813999645411968
v 0.17337000370025635 0.31480351090431213 0.01745299994945526
v 0.16865000128746033 0.36162251234054565 0.10618250072002411
v 0.16270649433135986 0.34685149788856506 0.21458899974822998
v 0.1656785011291504 0.2665790021419525 0.1478624939918518
v 0.1656785011291504 0.2665790021419525 0.1478624939918518
v 0.16865000128746033 0.27712351083755493 0.09606549888849258
v 0.16865000128746033 0.36162251234054565 0.10618250072002411
v 0.11893749982118607 -0.06601650267839432 0.6970800161361694
v 0.11893749982118607 -0.14473900198936462 0.658240020275116
v 0.15618999302387238 0.05416899919509888 0.28550899028778076
v 0.15618999302387238 0.05416899919509888 0.28550899028778076
v 0.15618999302387238 0.16611149907112122 0.34067249298095703
v 0.11893749982118607 -0.06601650267839432 0.6970800161361694
v 0.11893749982118607 -0.14473900198936462 0.658240020275116
v 0.11893749982118607 -0.2253904938697815 0.6168249845504761
v 0.15618999302387238 -0.05483099818229675 0.23279449343681335
v 0.15618999302387238 -0.05483099818229675 0.23279449343681335
v 0.15618999302387238 0.05416899919509888 0.28550899028778076
v 0.11893749982118607 -0.14473900198936462 0.658240020275116
v 0.15618999302387238 -0.09562549740076065 0.2126920074224472
v 0.11893749982118607 -0.2561424970626831 0.6011149883270264
v 0.11893749982118607 -0.2868945002555847 0.5853999853134155
v 0.11893749982118607 -0.2868945002555847 0.5853999853134155
v 0.15618999302387238 -0.13641999661922455 0.19258899986743927
v 0.15618999302387238 -0.09562549740076065 0.2126920074224472
v 0.08920349925756454 -0.30184149742126465 0.5756350159645081
v 0.05946899950504303 -0.3167884945869446 0.5658649802207947
v 0.07809499651193619 -0.17345599830150604 0.18074199557304382
v 0.07809499651193619 -0.17345599830150604 0.18074199557304382
v 0.11714249849319458 -0.1549379974603653 0.18666550517082214
v 0.08920349925756454 -0.30184149742126465 0.5756350159645081
v 0.05946899950504303 -0.3167884945869446 0.5658649802207947
v 0 -0.32616350054740906 0.5623850226402283
v 0 -0.18283049762248993 0.17725299298763275
v 0 -0.18283049762248993 0.17725299298763275
v 0.07809499651193619 -0.17345599830150604 0.18074199557304382
v 0.05946899950504303 -0.3167884945869446 0.5658649802207947
v 0.05946899950504303 0.024121049791574478 0.7392600178718567
v 0.07809499651193619 0.28665751218795776 0.39994049072265625
v 0 0.29501399397850037 0.4064064919948578
v 0 0.29501399397850037 0.4064064919948578
v 0 0.03247755020856857 0.7457200288772583
v 0.05946899950504303 0.024121049791574478 0.7392600178718567
v 0.11714249849319458 0.27448850870132446 0.3940114974975586
v 0.07809499651193619 0.28665751218795776 0.39994049072265625
v 0.05946899950504303 0.024121049791574478 0.7392600178718567
v 0.05946899950504303 0.024121049791574478 0.7392600178718567
v 0.08920349925756454 0.010818050242960453 0.7334750294685364
v 0.11714249849319458 0.27448850870132446 0.3940114974975586
v 0.11893749982118607 -0.002485469914972782 0.7276949882507324
v 0.11893749982118607 -0.06601650267839432 0.6970800161361694
v 0.15618999302387238 0.16611149907112122 0.34067249298095703
v 0.15618999302387238 0.16611149907112122 0.34067249298095703
v 0.15618999302387238 0.26231950521469116 0.38808250427246094
v 0.11893749982118607 -0.002485469914972782 0.7276949882507324
v 0.13205750286579132 -0.2564780116081238 -0.7625349760055542
v 0.08035250008106232 -0.20683850347995758 -0.7838749885559082
v 0.12052849680185318 -0.19196699559688568 -0.7890499830245972
v 0.12052849680185318 -0.19196699559688568 -0.7890499830245972
v 0.16717499494552612 -0.24117949604988098 -0.7681800127029419
v 0.13205750286579132 -0.2564780116081238 -0.7625349760055542
v 0.16070449352264404 -0.17709599435329437 -0.794219970703125
v 0.16070449352264404 -0.12690700590610504 -0.8118199706077576
v 0.20229199528694153 -0.16595050692558289 -0.7930150032043457
v 0.20229199528694153 -0.16595050692558289 -0.7930150032043457
v 0.20229199528694153 -0.22588050365447998 -0.7738199830055237
v 0.16070449352264404 -0.17709599435329437 -0.794219970703125
v 0.20229199528694153 0.07291299849748611 -0.8262050151824951
v 0.16070449352264404 0.07313399761915207 -0.8422350287437439
v 0.16070449352264404 0.21085099875926971 -0.8325099945068359
v 0.16070449352264404 0.21085099875926971 -0.8325099945068359
v 0.20229199528694153 0.2373570054769516 -0.8155949711799622
v 0.20229199528694153 0.07291299849748611 -0.8262050151824951
v 0 -0.27034449577331543 -0.7612500190734863
v 0 -0.21433299779891968 -0.7826949954032898
v 0.08035250008106232 -0.20683850347995758 -0.7838749885559082
v 0.08035250008106232 -0.20683850347995758 -0.7838749885559082
v 0.13205750286579132 -0.2564780116081238 -0.7625349760055542
v 0 -0.27034449577331543 -0.7612500190734863
v 0.20229199528694153 0.2373570054769516 -0.8155949711799622
v 0.16070449352264404 0.21085099875926971 -0.8325099945068359
v 0.16070449352264404 0.2700729966163635 -0.8133649826049805
v 0.16070449352264404 0.2700729966163635 -0.8133649826049805
v 0.20229199528694153 0.3080720007419586 -0.7947049736976624
v 0.20229199528694153 0.2373570054769516 -0.8155949711799622
v 0.12052849680185318 0.3415150046348572 -0.7902799844741821
v 0.08035250008106232 0.3537349998950958 -0.7863450050354004
v 0.10114599764347076 0.40797150135040283 -0.7652249932289124
v 0.10114599764347076 0.40797150135040283 -0.7652249932289124
v 0.15171900391578674 0.3933795094490051 -0.7695249915122986
v 0.12052849680185318 0.3415150046348572 -0.7902799844741821
v 0.08035250008106232 0.3537349998950958 -0.7863450050354004
v 0 0.36288198828697205 -0.7863450050354004
v 0 0.4188934862613678 -0.7652249932289124
v 0 0.4188934862613678 -0.7652249932289124
v 0.10114599764347076 0.40797150135040283 -0.7652249932289124
v 0.08035250008106232 0.3537349998950958 -0.7863450050354004
v 0.16070449352264404 -0.07671750336885452 -0.8294150233268738
v 0.16070449352264404 0.07313399761915207 -0.8422350287437439
v 0.20229199528694153 0.07291299849748611 -0.8262050151824951
v 0.20229199528694153 0.07291299849748611 -0.8262050151824951
v 0.20229199528694153 -0.10602100193500519 -0.8122100234031677
v 0.16070449352264404 -0.07671750336885452 -0.8294150233268738
v 0.08035250008106232 -0.20683850347995758 -0.7838749885559082
v 0.07624299824237823 -0.1924625039100647 -0.7590199708938599
v 0.11436449736356735 -0.1783515065908432 -0.7641900181770325
v 0.11436449736356735 -0.1783515065908432 -0.7641900181770325
v 0.12052849680185318 -0.19196699559688568 -0.7890499830245972
v 0.08035250008106232 -0.20683850347995758 -0.7838749885559082
v 0.15248599648475647 -0.1642404943704605 -0.7693650126457214
v 0.15248599648475647 -0.11661799997091293 -0.7869549989700317
v 0.16070449352264404 -0.12690700590610504 -0.8118199706077576
v 0.16070449352264404 -0.12690700590610504 -0.8118199706077576
v 0.16070449352264404 -0.17709599435329437 -0.794219970703125
v 0.15248599648475647 -0.1642404943704605 -0.7693650126457214
v 0.16070449352264404 0.07313399761915207 -0.8422350287437439
v 0.15248599648475647 0.07319249957799911 -0.8173800110816956
v 0.15248599648475647 0.20386649668216705 -0.8076500296592712
v 0.15248599648475647 0.20386649668216705 -0.8076500296592712
v 0.16070449352264404 0.21085099875926971 -0.8325099945068359
v 0.16070449352264404 0.07313399761915207 -0.8422350287437439
v 0 -0.21433299779891968 -0.7826949954032898
v 0 -0.19957350194454193 -0.7578349709510803
v 0.07624299824237823 -0.1924625039100647 -0.7590199708938599
v 0.07624299824237823 -0.1924625039100647 -0.7590199708938599
v 0.08035250008106232 -0.20683850347995758 -0.7838749885559082
v 0 -0.21433299779891968 -0.7826949954032898
v 0.16070449352264404 0.21085099875926971 -0.8325099945068359
v 0.15248599648475647 0.20386649668216705 -0.8076500296592712
v 0.15248599648475647 0.26005950570106506 -0.7885100245475769
v 0.15248599648475647 0.26005950570106506 -0.7885100245475769
v 0.16070449352264404 0.2700729966163635 -0.8133649826049805
v 0.16070449352264404 0.21085099875926971 -0.8325099945068359
v 0.11436449736356735 0.32784798741340637 -0.7654250264167786
v 0.07624299824237823 0.33944350481033325 -0.7614799737930298
v 0.08035250008106232 0.3537349998950958 -0.7863450050354004
v 0.08035250008106232 0.3537349998950958 -0.7863450050354004
v 0.12052849680185318 0.3415150046348572 -0.7902799844741821
v 0.11436449736356735 0.32784798741340637 -0.7654250264167786
v 0.07624299824237823 0.33944350481033325 -0.7614799737930298
v 0 0.3481225073337555 -0.7614799737930298
v 0 0.36288198828697205 -0.7863450050354004
v 0 0.36288198828697205 -0.7863450050354004
v 0.08035250008106232 0.3537349998950958 -0.7863450050354004
v 0.07624299824237823 0.33944350481033325 -0.7614799737930298
v 0.15248599648475647 -0.06899549812078476 -0.804544985294342
v 0.15248599648475647 0.07319249957799911 -0.8173800110816956
v 0.16070449352264404 0.07313399761915207 -0.8422350287437439
v 0.16070449352264404 0.07313399761915207 -0.8422350287437439
v 0.16070449352264404 -0.07671750336885452 -0.8294150233268738
v 0.15248599648475647 -0.06899549812078476 -0.804544985294342
v 0.11729100346565247 -0.22131499648094177 -0.4360694885253906
v 0.11264249682426453 -0.2648029923439026 -0.4341585040092468
v 0.1205660030245781 -0.2972415089607239 -0.5773699879646301
v 0.1205660030245781 -0.2972415089607239 -0.5773699879646301
v 0.12864799797534943 -0.23958800733089447 -0.5977749824523926
v 0.11729100346565247 -0.22131499648094177 -0.4360694885253906
v 0.12390399724245071 -0.3211219906806946 -0.7259150147438049
v 0 -0.3329170048236847 -0.7246249914169312
v 0 -0.27034449577331543 -0.7612500190734863
v 0 -0.27034449577331543 -0.7612500190734863
v 0.13205750286579132 -0.2564780116081238 -0.7625349760055542
v 0.12390399724245071 -0.3211219906806946 -0.7259150147438049
v 0.09036699682474136 -0.1986819952726364 -0.20979200303554535
v 0.11264249682426453 -0.2648029923439026 -0.4341585040092468
v 0.11729100346565247 -0.22131499648094177 -0.4360694885253906
v 0.13205750286579132 -0.2564780116081238 -0.7625349760055542
v 0.16717499494552612 -0.24117949604988098 -0.7681800127029419
v 0.16206100583076477 -0.22428950667381287 -0.6005849838256836
v 0.16206100583076477 -0.22428950667381287 -0.6005849838256836
v 0.12864799797534943 -0.23958800733089447 -0.5977749824523926
v 0.13205750286579132 -0.2564780116081238 -0.7625349760055542
v 0.12390399724245071 -0.3211219906806946 -0.7259150147438049
v 0.13205750286579132 -0.2564780116081238 -0.7625349760055542
v 0.12864799797534943 -0.23958800733089447 -0.5977749824523926
v 0.12864799797534943 -0.23958800733089447 -0.5977749824523926
v 0.1205660030245781 -0.2972415089607239 -0.5773699879646301
v 0.12390399724245071 -0.3211219906806946 -0.7259150147438049
v 0.08693700283765793 -0.4099484980106354 -0.6755899786949158
v 0.0844385027885437 -0.3764599859714508 -0.5493350028991699
v 0 -0.3856959939002991 -0.548009991645813
v 0 -0.3856959939002991 -0.548009991645813
v 0 -0.4188934862613678 -0.674310028553009
v 0.08693700283765793 -0.4099484980106354 -0.6755899786949158
v 0 0.4188934862613678 -0.7652249932289124
v 0 0.41769251227378845 -0.5941299796104431
v 0.09773650020360947 0.4067704975605011 -0.5941299796104431
v 0.09773650020360947 0.4067704975605011 -0.5941299796104431
v 0.10114599764347076 0.40797150135040283 -0.7652249932289124
v 0 0.4188934862613678 -0.7652249932289124
v 0.10114599764347076 0.40797150135040283 -0.7652249932289124
v 0.09773650020360947 0.4067704975605011 -0.5941299796104431
v 0.1466049998998642 0.3921785056591034 -0.5962700247764587
v 0.1466049998998642 0.3921785056591034 -0.5962700247764587
v 0.15171900391578674 0.3933795094490051 -0.7695249915122986
v 0.10114599764347076 0.40797150135040283 -0.7652249932289124
v 0.20229199528694153 0.3080720007419586 -0.7947049736976624
v 0.19547350704669952 0.3089970052242279 -0.6093800067901611
v 0.19547350704669952 0.2404080033302307 -0.6203550100326538
v 0.19547350704669952 0.2404080033302307 -0.6203550100326538
v 0.20229199528694153 0.2373570054769516 -0.8155949711799622
v 0.20229199528694153 0.3080720007419586 -0.7947049736976624
v 0.20229199528694153 0.2373570054769516 -0.8155949711799622
v 0.19547350704669952 0.2404080033302307 -0.6203550100326538
v 0.19547350704669952 0.08085250109434128 -0.626990020275116
v 0.19547350704669952 0.08085250109434128 -0.626990020275116
v 0.20229199528694153 0.07291299849748611 -0.8262050151824951
v 0.20229199528694153 0.2373570054769516 -0.8155949711799622
v 0.20229199528694153 0.07291299849748611 -0.8262050151824951
v 0.19547350704669952 0.08085250109434128 -0.626990020275116
v 0.19547350704669952 -0.09269700199365616 -0.6215000152587891
v 0.19547350704669952 -0.09269700199365616 -0.6215000152587891
v 0.20229199528694153 -0.10602100193500519 -0.8122100234031677
v 0.20229199528694153 0.07291299849748611 -0.8262050151824951
v 0.20229199528694153 -0.22588050365447998 -0.7738199830055237
v 0.20229199528694153 -0.16595050692558289 -0.7930150032043457
v 0.19547350704669952 -0.15084399282932281 -0.6124449968338013
v 0.19547350704669952 -0.15084399282932281 -0.6124449968338013
v 0.19547350704669952 -0.20899100601673126 -0.6033899784088135
v 0.20229199528694153 -0.22588050365447998 -0.7738199830055237
v 0.08693700283765793 -0.4099484980106354 -0.6755899786949158
v 0 -0.4188934862613678 -0.674310028553009
v 0 -0.3329170048236847 -0.7246249914169312
v 0 -0.3329170048236847 -0.7246249914169312
v 0.12390399724245071 -0.3211219906806946 -0.7259150147438049
v 0.08693700283765793 -0.4099484980106354 -0.6755899786949158
v 0.08693700283765793 -0.4099484980106354 -0.6755899786949158
v 0.12390399724245071 -0.3211219906806946 -0.7259150147438049
v 0.1205660030245781 -0.2972415089607239 -0.5773699879646301
v 0.1205660030245781 -0.2972415089607239 -0.5773699879646301
v 0.0844385027885437 -0.3764599859714508 -0.5493350028991699
v 0.08693700283765793 -0.4099484980106354 -0.6755899786949158
v 0.08196499943733215 -0.32455798983573914 -0.43153300881385803
v 0.0844385027885437 -0.3764599859714508 -0.5493350028991699
v 0.1205660030245781 -0.2972415089607239 -0.5773699879646301
v 0.1205660030245781 -0.2972415089607239 -0.5773699879646301
v 0.11264249682426453 -0.2648029923439026 -0.4341585040092468
v 0.08196499943733215 -0.32455798983573914 -0.43153300881385803
v 0.09036699682474136 -0.1986819952726364 -0.20979200303554535
v 0.08196499943733215 -0.32455798983573914 -0.43153300881385803
v 0.11264249682426453 -0.2648029923439026 -0.4341585040092468
v 0.12849250435829163 0.27964749932289124 0.14972950518131256
v 0.12849250435829163 0.2361540049314499 0.19322249293327332
v 0.22829699516296387 0.22298550605773926 0.170414000749588
v 0.22829699516296387 0.22298550605773926 0.170414000749588
v 0.22829699516296387 0.25683850049972534 0.13656049966812134
v 0.12849250435829163 0.27964749932289124 0.14972950518131256
v 0.12849250435829163 0.2361540049314499 0.19322249293327332
v 0.12849250435829163 0.17674100399017334 0.20914199948310852
v 0.22829699516296387 0.17674100399017334 0.18280500173568726
v 0.22829699516296387 0.17674100399017334 0.18280500173568726
v 0.22829699516296387 0.22298550605773926 0.170414000749588
v 0.12849250435829163 0.2361540049314499 0.19322249293327332
v 0.12849250435829163 0.17674100399017334 0.20914199948310852
v 0.12849250435829163 0.11732800304889679 0.19322249293327332
v 0.22829699516296387 0.13049699366092682 0.170414000749588
v 0.22829699516296387 0.13049699366092682 0.170414000749588
v 0.22829699516296387 0.17674100399017334 0.18280500173568726
v 0.12849250435829163 0.17674100399017334 0.20914199948310852
v 0.12849250435829163 0.11732800304889679 0.19322249293327332
v 0.12849250435829163 0.07383500039577484 0.14972950518131256
v 0.22829699516296387 0.09664350003004074 0.13656049966812134
v 0.22829699516296387 0.09664350003004074 0.13656049966812134
v 0.22829699516296387 0.13049699366092682 0.170414000749588
v 0.12849250435829163 0.11732800304889679 0.19322249293327332
v 0.12849250435829163 0.07383500039577484 0.14972950518131256
v 0.12849250435829163 0.05791499838232994 0.09031649678945541
v 0.22829699516296387 0.0842524990439415 0.09031649678945541
v 0.22829699516296387 0.0842524990439415 0.09031649678945541
v 0.22829699516296387 0.09664350003004074 0.13656049966812134
v 0.12849250435829163 0.07383500039577484 0.14972950518131256
v 0.12849250435829163 0.05791499838232994 0.09031649678945541
v 0.12849250435829163 0.07383500039577484 0.030903499573469162
v 0.22829699516296387 0.09664350003004074 0.044071998447179794
v 0.22829699516296387 0.09664350003004074 0.044071998447179794
v 0.22829699516296387 0.0842524990439415 0.09031649678945541
v 0.12849250435829163 0.05791499838232994 0.09031649678945541
v 0.12849250435829163 0.07383500039577484 0.030903499573469162
v 0.12849250435829163 0.11732800304889679 -0.012590000405907631
v 0.22829699516296387 0.13049699366092682 0.010219000279903412
v 0.22829699516296387 0.13049699366092682 0.010219000279903412
v 0.22829699516296387 0.09664350003004074 0.044071998447179794
v 0.12849250435829163 0.07383500039577484 0.030903499573469162
v 0.12849250435829163 0.11732800304889679 -0.012590000405907631
v 0.12849250435829163 0.17674100399017334 -0.02850949950516224
v 0.22829699516296387 0.17674100399017334 -0.0021720100194215775
v 0.22829699516296387 0.17674100399017334 -0.0021720100194215775
v 0.22829699516296387 0.13049699366092682 0.010219000279903412
v 0.12849250435829163 0.11732800304889679 -0.012590000405907631
v 0.12849250435829163 0.17674100399017334 -0.02850949950516224
v 0.12849250435829163 0.2361540049314499 -0.012590000405907631
v 0.22829699516296387 0.22298550605773926 0.010219000279903412
v 0.22829699516296387 0.22298550605773926 0.010219000279903412
v 0.22829699516296387 0.17674100399017334 -0.0021720100194215775
v 0.12849250435829163 0.17674100399017334 -0.02850949950516224
v 0.12849250435829163 0.2361540049314499 -0.012590000405907631
v 0.12849250435829163 0.27964749932289124 0.030903499573469162
v 0.22829699516296387 0.25683850049972534 0.044071998447179794
v 0.22829699516296387 0.25683850049972534 0.044071998447179794
v 0.22829699516296387 0.22298550605773926 0.010219000279903412
v 0.12849250435829163 0.2361540049314499 -0.012590000405907631
v 0.12849250435829163 0.27964749932289124 0.030903499573469162
v 0.12849250435829163 0.29556700587272644 0.09031649678945541
v 0.22829699516296387 0.2692295014858246 0.09031649678945541
v 0.22829699516296387 0.2692295014858246 0.09031649678945541
v 0.22829699516296387 0.25683850049972534 0.044071998447179794
v 0.12849250435829163 0.27964749932289124 0.030903499573469162
v 0.12849250435829163 0.29556700587272644 0.09031649678945541
v 0.12849250435829163 0.27964749932289124 0.14972950518131256
v 0.22829699516296387 0.25683850049972534 0.13656049966812134
v 0.22829699516296387 0.25683850049972534 0.13656049966812134
v 0.22829699516296387 0.2692295014858246 0.09031649678945541
v 0.12849250435829163 0.29556700587272644 0.09031649678945541
v 0.22829699516296387 0.22298550605773926 0.170414000749588
v 0.22829699516296387 0.17674100399017334 0.09031649678945541
v 0.22829699516296387 0.25683850049972534 0.13656049966812134
v 0.22829699516296387 0.17674100399017334 0.18280500173568726
v 0.22829699516296387 0.17674100399017334 0.09031649678945541
v 0.22829699516296387 0.22298550605773926 0.170414000749588
v 0.22829699516296387 0.13049699366092682 0.170414000749588
v 0.22829699516296387 0.17674100399017334 0.09031649678945541
v 0.22829699516296387 0.17674100399017334 0.18280500173568726
v 0.22829699516296387 0.09664350003004074 0.13656049966812134
v 0.22829699516296387 0.17674100399017334 0.09031649678945541
v 0.22829699516296387 0.13049699366092682 0.170414000749588
v 0.22829699516296387 0.0842524990439415 0.09031649678945541
v 0.22829699516296387 0.17674100399017334 0.09031649678945541
v 0.22829699516296387 0.09664350003004074 0.13656049966812134
v 0.22829699516296387 0.09664350003004074 0.044071998447179794
v 0.22829699516296387 0.17674100399017334 0.09031649678945541
v 0.22829699516296387 0.0842524990439415 0.09031649678945541
v 0.22829699516296387 0.13049699366092682 0.010219000279903412
v 0.22829699516296387 0.17674100399017334 0.09031649678945541
v 0.22829699516296387 0.09664350003004074 0.044071998447179794
v 0.22829699516296387 0.17674100399017334 -0.0021720100194215775
v 0.22829699516296387 0.17674100399017334 0.09031649678945541
v 0.22829699516296387 0.13049699366092682 0.010219000279903412
v 0.22829699516296387 0.22298550605773926 0.010219000279903412
v 0.22829699516296387 0.17674100399017334 0.09031649678945541
v 0.22829699516296387 0.17674100399017334 -0.0021720100194215775
v 0.22829699516296387 0.25683850049972534 0.044071998447179794
v 0.22829699516296387 0.17674100399017334 0.09031649678945541
v 0.22829699516296387 0.22298550605773926 0.010219000279903412
v 0.22829699516296387 0.2692295014858246 0.09031649678945541
v 0.22829699516296387 0.17674100399017334 0.09031649678945541
v 0.22829699516296387 0.25683850049972534 0.044071998447179794
v 0.22829699516296387 0.25683850049972534 0.13656049966812134
v 0.22829699516296387 0.17674100399017334 0.09031649678945541
v 0.22829699516296387 0.2692295014858246 0.09031649678945541
v -0.1770695000886917 -0.0941149964928627 -0.10469099879264832
v -0.1770695000886917 -0.14538900554180145 -0.10662650316953659
v -0.17337000370025635 -0.12744249403476715 -0.00248049502260983
v -0.17337000370025635 -0.12744249403476715 -0.00248049502260983
v -0.17337000370025635 -0.07778999954462051 -0.00024249650596175343
v -0.1770695000886917 -0.0941149964928627 -0.10469099879264832
v -0.16270649433135986 -0.07853200286626816 0.1212494969367981
v -0.16270649433135986 -0.1253499984741211 0.11097650229930878
v -0.15618999302387238 -0.13641999661922455 0.19258899986743927
v -0.15618999302387238 -0.13641999661922455 0.19258899986743927
v -0.15618999302387238 -0.09562549740076065 0.2126920074224472
v -0.16270649433135986 -0.07853200286626816 0.1212494969367981
v -0.16865000128746033 -0.07811799645423889 0.05353349819779396
v -0.16865000128746033 -0.12651599943637848 0.047738999128341675
v -0.16270649433135986 -0.1253499984741211 0.11097650229930878
v -0.16270649433135986 -0.1253499984741211 0.11097650229930878
v -0.16270649433135986 -0.07853200286626816 0.1212494969367981
v -0.16865000128746033 -0.07811799645423889 0.05353349819779396
v -0.10975849628448486 -0.2956939935684204 0.6968250274658203
v -0.10975849628448486 -0.3239715099334717 0.6821950078010559
v -0.09247150272130966 -0.3255704939365387 0.7164049744606018
v -0.09247150272130966 -0.3255704939365387 0.7164049744606018
v -0.09247150272130966 -0.30022600293159485 0.729574978351593
v -0.10975849628448486 -0.2956939935684204 0.6968250274658203
v -0.19547350704669952 -0.15084399282932281 -0.6124449968338013
v -0.19547350704669952 -0.20899100601673126 -0.6033899784088135
v -0.18872399628162384 -0.19227249920368195 -0.4346944987773895
v -0.18872399628162384 -0.19227249920368195 -0.4346944987773895
v -0.18872399628162384 -0.13589049875736237 -0.4337104856967926
v -0.19547350704669952 -0.15084399282932281 -0.6124449968338013
v -0.10975849628448486 -0.19374999403953552 0.7500799894332886
v -0.09247150272130966 -0.20900949835777283 0.7775350213050842
v -0.09247150272130966 -0.14635750651359558 0.8084549903869629
v -0.09247150272130966 -0.14635750651359558 0.8084549903869629
v -0.10975849628448486 -0.12321250140666962 0.7848899960517883
v -0.10975849628448486 -0.19374999403953552 0.7500799894332886
v -0.16270649433135986 0.10796800255775452 0.16217249631881714
v -0.15618999302387238 0.05416899919509888 0.28550899028778076
v -0.15618999302387238 0.16611149907112122 0.34067249298095703
v -0.15618999302387238 0.16611149907112122 0.34067249298095703
v -0.16270649433135986 0.23643849790096283 0.19036200642585754
v -0.16270649433135986 0.10796800255775452 0.16217249631881714
v -0.16865000128746033 0.2474830001592636 0.09251700341701508
v -0.16865000128746033 0.11467649787664413 0.07661650329828262
v -0.16270649433135986 0.10796800255775452 0.16217249631881714
v -0.16270649433135986 0.10796800255775452 0.16217249631881714
v -0.16270649433135986 0.23643849790096283 0.19036200642585754
v -0.16865000128746033 0.2474830001592636 0.09251700341701508
v -0.1770695000886917 0.1116890013217926 -0.09697949886322021
v -0.17521999776363373 0.11584649980068207 -0.03709150105714798
v -0.17429499328136444 0.1888750046491623 -0.018200499936938286
v -0.17429499328136444 0.1888750046491623 -0.018200499936938286
v -0.1770695000886917 0.25316348671913147 -0.09166699647903442
v -0.1770695000886917 0.1116890013217926 -0.09697949886322021
v -0.18872399628162384 0.08871150016784668 -0.42979100346565247
v -0.18872399628162384 0.24342849850654602 -0.42709100246429443
v -0.19547350704669952 0.2404080033302307 -0.6203550100326538
v -0.19547350704669952 0.2404080033302307 -0.6203550100326538
v -0.19547350704669952 0.08085250109434128 -0.626990020275116
v -0.18872399628162384 0.08871150016784668 -0.42979100346565247
v -0.09773650020360947 0.4067704975605011 -0.5941299796104431
v -0.1466049998998642 0.3921785056591034 -0.5962700247764587
v -0.14154300093650818 0.3909899890422821 -0.4247705042362213
v -0.14154300093650818 0.3909899890422821 -0.4247705042362213
v -0.09436199814081192 0.4055820107460022 -0.4247705042362213
v -0.09773650020360947 0.4067704975605011 -0.5941299796104431
v -0.08853500336408615 0.40327051281929016 -0.0871020033955574
v -0.13280199468135834 0.38867849111557007 -0.0871020033955574
v -0.13002750277519226 0.3879449963569641 0.02009199932217598
v -0.13002750277519226 0.3879449963569641 0.02009199932217598
v -0.08668500185012817 0.4025369882583618 0.02009199932217598
v -0.08853500336408615 0.40327051281929016 -0.0871020033955574
v -0.08432500064373016 0.3886615037918091 0.11143150180578232
v -0.12648749351501465 0.37514200806617737 0.10880699753761292
v -0.12202999740839005 0.35902050137519836 0.22051799297332764
v -0.12202999740839005 0.35902050137519836 0.22051799297332764
v -0.08135350048542023 0.37118950486183167 0.22644749283790588
v -0.08432500064373016 0.3886615037918091 0.11143150180578232
v -0.08135350048542023 0.37118950486183167 0.22644749283790588
v -0.12202999740839005 0.35902050137519836 0.22051799297332764
v -0.11714249849319458 0.27448850870132446 0.3940114974975586
v -0.11714249849319458 0.27448850870132446 0.3940114974975586
v -0.07809499651193619 0.28665751218795776 0.39994049072265625
v -0.08135350048542023 0.37118950486183167 0.22644749283790588
v -0.046235501766204834 -0.07235900312662125 0.8422350287437439
v -0.05487950146198273 -0.04056745022535324 0.8228650093078613
v -0.0823189988732338 -0.054150499403476715 0.8171200156211853
v -0.0823189988732338 -0.054150499403476715 0.8171200156211853
v -0.06935349851846695 -0.08494749665260315 0.8369600176811218
v -0.046235501766204834 -0.07235900312662125 0.8422350287437439
v -0.09247150272130966 -0.14635750651359558 0.8084549903869629
v -0.05347200110554695 -0.17848549783229828 0.8191050291061401
v -0.05347200110554695 -0.13379250466823578 0.8326349854469299
v -0.05347200110554695 -0.13379250466823578 0.8326349854469299
v -0.09247150272130966 -0.09753599762916565 0.8316749930381775
v -0.09247150272130966 -0.14635750651359558 0.8084549903869629
v -0.05347200110554695 -0.2638719975948334 0.7737600207328796
v -0.05347200110554695 -0.21984949707984924 0.7992349863052368
v -0.09247150272130966 -0.20900949835777283 0.7775350213050842
v -0.09247150272130966 -0.20900949835777283 0.7775350213050842
v -0.09247150272130966 -0.274881511926651 0.7427399754524231
v -0.05347200110554695 -0.2638719975948334 0.7737600207328796
v -0.0823189988732338 -0.33803850412368774 0.6714749932289124
v -0.05487950146198273 -0.3521054983139038 0.6607599854469299
v -0.046235501766204834 -0.35098451375961304 0.6961299777030945
v -0.046235501766204834 -0.35098451375961304 0.6961299777030945
v -0.06935349851846695 -0.3382774889469147 0.7062699794769287
v -0.0823189988732338 -0.33803850412368774 0.6714749932289124
v -0.12202999740839005 -0.14386799931526184 0.10505300015211105
v -0.08135350048542023 -0.1623860001564026 0.09912999719381332
v -0.07809499651193619 -0.17345599830150604 0.18074199557304382
v -0.07809499651193619 -0.17345599830150604 0.18074199557304382
v -0.11714249849319458 -0.1549379974603653 0.18666550517082214
v -0.12202999740839005 -0.14386799931526184 0.10505300015211105
v -0.08135350048542023 -0.1623860001564026 0.09912999719381332
v -0.12202999740839005 -0.14386799931526184 0.10505300015211105
v -0.12648749351501465 -0.14461049437522888 0.04511750116944313
v -0.12648749351501465 -0.14461049437522888 0.04511750116944313
v -0.08432500064373016 -0.1627044975757599 0.042495500296354294
v -0.08135350048542023 -0.1623860001564026 0.09912999719381332
v -0.08668500185012817 -0.16295750439167023 -0.00248049502260983
v -0.13002750277519226 -0.1451999992132187 -0.00248049502260983
v -0.13280199468135834 -0.1631470024585724 -0.10662650316953659
v -0.13280199468135834 -0.1631470024585724 -0.10662650316953659
v -0.08853500336408615 -0.18090449273586273 -0.10662650316953659
v -0.08668500185012817 -0.16295750439167023 -0.00248049502260983
v -0.12864799797534943 -0.23958800733089447 -0.5977749824523926
v -0.11729100346565247 -0.22131499648094177 -0.4360694885253906
v -0.15300750732421875 -0.20679399371147156 -0.43538200855255127
v -0.15300750732421875 -0.20679399371147156 -0.43538200855255127
v -0.16206100583076477 -0.22428950667381287 -0.6005849838256836
v -0.12864799797534943 -0.23958800733089447 -0.5977749824523926
v -0.07624299824237823 -0.13917699456214905 -0.7798349857330322
v -0.07624299824237823 -0.1924625039100647 -0.7590199708938599
v -0.11436449736356735 -0.1783515065908432 -0.7641900181770325
v -0.11436449736356735 -0.1783515065908432 -0.7641900181770325
v -0.11436449736356735 -0.1278975009918213 -0.783394992351532
v -0.07624299824237823 -0.13917699456214905 -0.7798349857330322
v -0.07624299824237823 0.07319249957799911 -0.8173800110816956
v -0.11436449736356735 0.07319249957799911 -0.8173800110816956
v -0.11436449736356735 0.21010249853134155 -0.8063250184059143
v -0.11436449736356735 0.21010249853134155 -0.8063250184059143
v -0.07624299824237823 0.21633850038051605 -0.8049899935722351
v -0.07624299824237823 0.07319249957799911 -0.8173800110816956
v 0 0.41769251227378845 -0.5941299796104431
v -0.09773650020360947 0.4067704975605011 -0.5941299796104431
v -0.09436199814081192 0.4055820107460022 -0.4247705042362213
v -0.09436199814081192 0.4055820107460022 -0.4247705042362213
v 0 0.41650399565696716 -0.4247705042362213
v 0 0.41769251227378845 -0.5941299796104431
v 0 0.4141924977302551 -0.0871020033955574
v -0.08853500336408615 0.40327051281929016 -0.0871020033955574
v -0.08668500185012817 0.4025369882583618 0.02009199932217598
v -0.08668500185012817 0.4025369882583618 0.02009199932217598
v 0 0.41345900297164917 0.02009199932217598
v 0 0.4141924977302551 -0.0871020033955574
v 0 0.4012194871902466 0.11333899945020676
v -0.08432500064373016 0.3886615037918091 0.11143150180578232
v -0.08135350048542023 0.37118950486183167 0.22644749283790588
v -0.08135350048542023 0.37118950486183167 0.22644749283790588
v 0 0.38374748826026917 0.22835500538349152
v 0 0.4012194871902466 0.11333899945020676
v 0 0.38374748826026917 0.22835500538349152
v -0.08135350048542023 0.37118950486183167 0.22644749283790588
v -0.07809499651193619 0.28665751218795776 0.39994049072265625
v -0.07809499651193619 0.28665751218795776 0.39994049072265625
v 0 0.29501399397850037 0.4064064919948578
v 0 0.38374748826026917 0.22835500538349152
v 0 -0.032210949808359146 0.8293300271034241
v -0.05487950146198273 -0.04056745022535324 0.8228650093078613
v -0.046235501766204834 -0.07235900312662125 0.8422350287437439
v -0.046235501766204834 -0.07235900312662125 0.8422350287437439
v 0 -0.07235900312662125 0.8422350287437439
v 0 -0.032210949808359146 0.8293300271034241
v 0 -0.13379250466823578 0.8326349854469299
v -0.05347200110554695 -0.13379250466823578 0.8326349854469299
v -0.05347200110554695 -0.17848549783229828 0.8191050291061401
v -0.05347200110554695 -0.17848549783229828 0.8191050291061401
v 0 -0.17848549783229828 0.8191050291061401
v 0 -0.13379250466823578 0.8326349854469299
v 0 -0.3045650124549866 0.7419400215148926
v -0.05347200110554695 -0.3045650124549866 0.7419400215148926
v -0.046235501766204834 -0.35098451375961304 0.6961299777030945
v -0.046235501766204834 -0.35098451375961304 0.6961299777030945
v 0 -0.3556565046310425 0.6962850093841553
v 0 -0.3045650124549866 0.7419400215148926
v 0 -0.35677748918533325 0.6609150171279907
v 0 -0.3556565046310425 0.6962850093841553
v -0.046235501766204834 -0.35098451375961304 0.6961299777030945
v -0.046235501766204834 -0.35098451375961304 0.6961299777030945
v -0.05487950146198273 -0.3521054983139038 0.6607599854469299
v 0 -0.35677748918533325 0.6609150171279907
v 0 -0.1683795005083084 0.09916400164365768
v 0 -0.18283049762248993 0.17725299298763275
v -0.07809499651193619 -0.17345599830150604 0.18074199557304382
v -0.07809499651193619 -0.17345599830150604 0.18074199557304382
v -0.08135350048542023 -0.1623860001564026 0.09912999719381332
v 0 -0.1683795005083084 0.09916400164365768
v 0 -0.1686979979276657 0.04252900183200836
v 0 -0.1683795005083084 0.09916400164365768
v -0.08135350048542023 -0.1623860001564026 0.09912999719381332
v -0.08135350048542023 -0.1623860001564026 0.09912999719381332
v -0.08432500064373016 -0.1627044975757599 0.042495500296354294
v 0 -0.1686979979276657 0.04252900183200836
v 0 -0.1898529976606369 -0.10533799976110458
v 0 -0.1719059944152832 -0.0011914899805560708
v -0.08668500185012817 -0.16295750439167023 -0.00248049502260983
v -0.08668500185012817 -0.16295750439167023 -0.00248049502260983
v -0.08853500336408615 -0.18090449273586273 -0.10662650316953659
v 0 -0.1898529976606369 -0.10533799976110458
v 0 -0.33407849073410034 -0.43017449975013733
v -0.08196499943733215 -0.32455798983573914 -0.43153300881385803
v -0.0844385027885437 -0.3764599859714508 -0.5493350028991699
v -0.0844385027885437 -0.3764599859714508 -0.5493350028991699
v 0 -0.3856959939002991 -0.548009991645813
v 0 -0.33407849073410034 -0.43017449975013733
v 0 -0.14273250102996826 -0.7792450189590454
v 0 -0.19957350194454193 -0.7578349709510803
v -0.07624299824237823 -0.1924625039100647 -0.7590199708938599
v -0.07624299824237823 -0.1924625039100647 -0.7590199708938599
v -0.07624299824237823 -0.13917699456214905 -0.7798349857330322
v 0 -0.14273250102996826 -0.7792450189590454
v 0 0.07319249957799911 -0.8173800110816956
v -0.07624299824237823 0.07319249957799911 -0.8173800110816956
v -0.07624299824237823 0.21633850038051605 -0.8049899935722351
v -0.07624299824237823 0.21633850038051605 -0.8049899935722351
v 0 0.21633850038051605 -0.8049899935722351
v 0 0.07319249957799911 -0.8173800110816956
v -0.07624299824237823 0.21633850038051605 -0.8049899935722351
v -0.11436449736356735 0.21010249853134155 -0.8063250184059143
v -0.11436449736356735 0.26897549629211426 -0.7858750224113464
v -0.11436449736356735 0.26897549629211426 -0.7858750224113464
v -0.07624299824237823 0.27789101004600525 -0.783240020275116
v -0.07624299824237823 0.21633850038051605 -0.8049899935722351
v 0 0.21633850038051605 -0.8049899935722351
v -0.07624299824237823 0.21633850038051605 -0.8049899935722351
v -0.07624299824237823 0.27789101004600525 -0.783240020275116
v -0.07624299824237823 0.27789101004600525 -0.783240020275116
v 0 0.2822304964065552 -0.783240020275116
v 0 0.21633850038051605 -0.8049899935722351
v 0 -0.13379250466823578 0.8326349854469299
v 0 -0.07235900312662125 0.8422350287437439
v -0.046235501766204834 -0.07235900312662125 0.8422350287437439
v -0.046235501766204834 -0.07235900312662125 0.8422350287437439
v -0.05347200110554695 -0.13379250466823578 0.8326349854469299
v 0 -0.13379250466823578 0.8326349854469299
v -0.06935349851846695 -0.08494749665260315 0.8369600176811218
v -0.09247150272130966 -0.09753599762916565 0.8316749930381775
v -0.05347200110554695 -0.13379250466823578 0.8326349854469299
v -0.05347200110554695 -0.13379250466823578 0.8326349854469299
v -0.046235501766204834 -0.07235900312662125 0.8422350287437439
v -0.06935349851846695 -0.08494749665260315 0.8369600176811218
v -0.10975849628448486 -0.12321250140666962 0.7848899960517883
v -0.09247150272130966 -0.14635750651359558 0.8084549903869629
v -0.09247150272130966 -0.09753599762916565 0.8316749930381775
v -0.09247150272130966 -0.09753599762916565 0.8316749930381775
v -0.10975849628448486 -0.06773299723863602 0.8113800287246704
v -0.10975849628448486 -0.12321250140666962 0.7848899960517883
v -0.16270649433135986 0.23643849790096283 0.19036200642585754
v -0.15618999302387238 0.16611149907112122 0.34067249298095703
v -0.15618999302387238 0.26231950521469116 0.38808250427246094
v -0.15618999302387238 0.26231950521469116 0.38808250427246094
v -0.16270649433135986 0.34685149788856506 0.21458899974822998
v -0.16270649433135986 0.23643849790096283 0.19036200642585754
v -0.16270649433135986 0.34685149788856506 0.21458899974822998
v -0.1656785011291504 0.2665790021419525 0.1478624939918518
v -0.16270649433135986 0.23643849790096283 0.19036200642585754
v -0.1770695000886917 0.3136250078678131 -0.08938450366258621
v -0.1770695000886917 0.25316348671913147 -0.09166699647903442
v -0.17337000370025635 0.2562539875507355 0.014813999645411968
v -0.17337000370025635 0.2562539875507355 0.014813999645411968
v -0.17337000370025635 0.31480351090431213 0.01745299994945526
v -0.1770695000886917 0.3136250078678131 -0.08938450366258621
v -0.18872399628162384 0.24342849850654602 -0.42709100246429443
v -0.18872399628162384 0.3099130094051361 -0.42593100666999817
v -0.19547350704669952 0.3089970052242279 -0.6093800067901611
v -0.19547350704669952 0.3089970052242279 -0.6093800067901611
v -0.19547350704669952 0.2404080033302307 -0.6203550100326538
v -0.18872399628162384 0.24342849850654602 -0.42709100246429443
v -0.07624299824237823 0.07319249957799911 -0.8173800110816956
v -0.07624299824237823 -0.08589150011539459 -0.8006550073623657
v -0.11436449736356735 -0.07744350284337997 -0.8026000261306763
v -0.11436449736356735 -0.07744350284337997 -0.8026000261306763
v -0.11436449736356735 0.07319249957799911 -0.8173800110816956
v -0.07624299824237823 0.07319249957799911 -0.8173800110816956
v 0 -0.08589150011539459 -0.8006550073623657
v -0.07624299824237823 -0.08589150011539459 -0.8006550073623657
v -0.07624299824237823 0.07319249957799911 -0.8173800110816956
v -0.07624299824237823 0.07319249957799911 -0.8173800110816956
v 0 0.07319249957799911 -0.8173800110816956
v 0 -0.08589150011539459 -0.8006550073623657
v 0 -0.2638719975948334 0.7737600207328796
v 0 -0.21984949707984924 0.7992349863052368
v -0.05347200110554695 -0.21984949707984924 0.7992349863052368
v -0.05347200110554695 -0.21984949707984924 0.7992349863052368
v -0.05347200110554695 -0.2638719975948334 0.7737600207328796
v 0 -0.2638719975948334 0.7737600207328796
v -0.10975849628448486 -0.19374999403953552 0.7500799894332886
v -0.10975849628448486 -0.26741600036621094 0.7114499807357788
v -0.09247150272130966 -0.274881511926651 0.7427399754524231
v -0.09247150272130966 -0.274881511926651 0.7427399754524231
v -0.09247150272130966 -0.20900949835777283 0.7775350213050842
v -0.10975849628448486 -0.19374999403953552 0.7500799894332886
v -0.16270649433135986 -0.03171449899673462 0.1315225064754486
v -0.15618999302387238 -0.05483099818229675 0.23279449343681335
v -0.15618999302387238 0.05416899919509888 0.28550899028778076
v -0.15618999302387238 0.05416899919509888 0.28550899028778076
v -0.16270649433135986 0.10796800255775452 0.16217249631881714
v -0.16270649433135986 -0.03171449899673462 0.1315225064754486
v -0.16865000128746033 0.11467649787664413 0.07661650329828262
v -0.16865000128746033 -0.029720500111579895 0.059328000992536545
v -0.16270649433135986 -0.03171449899673462 0.1315225064754486
v -0.16270649433135986 -0.03171449899673462 0.1315225064754486
v -0.16270649433135986 0.10796800255775452 0.16217249631881714
v -0.16865000128746033 0.11467649787664413 0.07661650329828262
v -0.1770695000886917 0.1116890013217926 -0.09697949886322021
v -0.1770695000886917 0.013104500249028206 -0.10066399723291397
v -0.17614449560642242 0.05741399899125099 -0.06534700095653534
v -0.17614449560642242 0.05741399899125099 -0.06534700095653534
v -0.17521999776363373 0.11584649980068207 -0.03709150105714798
v -0.1770695000886917 0.1116890013217926 -0.09697949886322021
v -0.18872399628162384 -0.07950799912214279 -0.43272700905799866
v -0.18872399628162384 0.08871150016784668 -0.42979100346565247
v -0.19547350704669952 0.08085250109434128 -0.626990020275116
v -0.19547350704669952 0.08085250109434128 -0.626990020275116
v -0.19547350704669952 -0.09269700199365616 -0.6215000152587891
v -0.18872399628162384 -0.07950799912214279 -0.43272700905799866
v -0.11893749982118607 -0.14473900198936462 0.658240020275116
v -0.10975849628448486 -0.19374999403953552 0.7500799894332886
v -0.10975849628448486 -0.12321250140666962 0.7848899960517883
v -0.10975849628448486 -0.12321250140666962 0.7848899960517883
v -0.11893749982118607 -0.06601650267839432 0.6970800161361694
v -0.11893749982118607 -0.14473900198936462 0.658240020275116
v -0.11893749982118607 -0.14473900198936462 0.658240020275116
v -0.11893749982118607 -0.2253904938697815 0.6168249845504761
v -0.10975849628448486 -0.26741600036621094 0.7114499807357788
v -0.10975849628448486 -0.26741600036621094 0.7114499807357788
v -0.10975849628448486 -0.19374999403953552 0.7500799894332886
v -0.11893749982118607 -0.14473900198936462 0.658240020275116
v -0.11893749982118607 -0.2561424970626831 0.6011149883270264
v -0.11893749982118607 -0.2868945002555847 0.5853999853134155
v -0.10975849628448486 -0.3239715099334717 0.6821950078010559
v -0.10975849628448486 -0.3239715099334717 0.6821950078010559
v -0.10975849628448486 -0.2956939935684204 0.6968250274658203
v -0.11893749982118607 -0.2561424970626831 0.6011149883270264
v -0.08920349925756454 -0.30184149742126465 0.5756350159645081
v -0.05946899950504303 -0.3167884945869446 0.5658649802207947
v -0.05487950146198273 -0.3521054983139038 0.6607599854469299
v -0.05487950146198273 -0.3521054983139038 0.6607599854469299
v -0.0823189988732338 -0.33803850412368774 0.6714749932289124
v -0.08920349925756454 -0.30184149742126465 0.5756350159645081
v 0 -0.32616350054740906 0.5623850226402283
v 0 -0.35677748918533325 0.6609150171279907
v -0.05487950146198273 -0.3521054983139038 0.6607599854469299
v -0.05487950146198273 -0.3521054983139038 0.6607599854469299
v -0.05946899950504303 -0.3167884945869446 0.5658649802207947
v 0 -0.32616350054740906 0.5623850226402283
v -0.05487950146198273 -0.04056745022535324 0.8228650093078613
v 0 -0.032210949808359146 0.8293300271034241
v 0 0.03247755020856857 0.7457200288772583
v 0 0.03247755020856857 0.7457200288772583
v -0.05946899950504303 0.024121049791574478 0.7392600178718567
v -0.05487950146198273 -0.04056745022535324 0.8228650093078613
v -0.05487950146198273 -0.04056745022535324 0.8228650093078613
v -0.05946899950504303 0.024121049791574478 0.7392600178718567
v -0.08920349925756454 0.010818050242960453 0.7334750294685364
v -0.08920349925756454 0.010818050242960453 0.7334750294685364
v -0.0823189988732338 -0.054150499403476715 0.8171200156211853
v -0.05487950146198273 -0.04056745022535324 0.8228650093078613
v -0.11893749982118607 -0.06601650267839432 0.6970800161361694
v -0.10975849628448486 -0.12321250140666962 0.7848899960517883
v -0.10975849628448486 -0.06773299723863602 0.8113800287246704
v -0.10975849628448486 -0.06773299723863602 0.8113800287246704
v -0.11893749982118607 -0.002485469914972782 0.7276949882507324
v -0.11893749982118607 -0.06601650267839432 0.6970800161361694
v -0.06935349851846695 -0.3382774889469147 0.7062699794769287
v -0.046235501766204834 -0.35098451375961304 0.6961299777030945
v -0.05347200110554695 -0.3045650124549866 0.7419400215148926
v -0.05347200110554695 -0.3045650124549866 0.7419400215148926
v -0.09247150272130966 -0.3255704939365387 0.7164049744606018
v -0.06935349851846695 -0.3382774889469147 0.7062699794769287
v -0.09247150272130966 -0.20900949835777283 0.7775350213050842
v -0.05347200110554695 -0.21984949707984924 0.7992349863052368
v -0.05347200110554695 -0.17848549783229828 0.8191050291061401
v -0.05347200110554695 -0.17848549783229828 0.8191050291061401
v -0.09247150272130966 -0.14635750651359558 0.8084549903869629
v -0.09247150272130966 -0.20900949835777283 0.7775350213050842
v 0 -0.17848549783229828 0.8191050291061401
v -0.05347200110554695 -0.17848549783229828 0.8191050291061401
v -0.05347200110554695 -0.21984949707984924 0.7992349863052368
v -0.05347200110554695 -0.21984949707984924 0.7992349863052368
v 0 -0.21984949707984924 0.7992349863052368
v 0 -0.17848549783229828 0.8191050291061401
v -0.09247150272130966 -0.30022600293159485 0.729574978351593
v -0.09247150272130966 -0.3255704939365387 0.7164049744606018
v -0.05347200110554695 -0.3045650124549866 0.7419400215148926
v -0.05347200110554695 -0.3045650124549866 0.7419400215148926
v -0.05347200110554695 -0.2842184901237488 0.7578449845314026
v -0.09247150272130966 -0.30022600293159485 0.729574978351593
v 0 -0.3045650124549866 0.7419400215148926
v 0 -0.2842184901237488 0.7578449845314026
v -0.05347200110554695 -0.2842184901237488 0.7578449845314026
v -0.05347200110554695 -0.2842184901237488 0.7578449845314026
v -0.05347200110554695 -0.3045650124549866 0.7419400215148926
v 0 -0.3045650124549866 0.7419400215148926
v -0.18872399628162384 0.24342849850654602 -0.42709100246429443
v -0.18872399628162384 0.08871150016784668 -0.42979100346565247
v -0.18073450028896332 0.10345199704170227 -0.20163600146770477
v -0.18073450028896332 0.10345199704170227 -0.20163600146770477
v -0.18073450028896332 0.2501024901866913 -0.1971455067396164
v -0.18872399628162384 0.24342849850654602 -0.42709100246429443
v -0.18872399628162384 0.08871150016784668 -0.42979100346565247
v -0.18872399628162384 -0.07950799912214279 -0.43272700905799866
v -0.18073450028896332 -0.057406000792980194 -0.2065189927816391
v -0.18073450028896332 -0.057406000792980194 -0.2065189927816391
v -0.18073450028896332 0.10345199704170227 -0.20163600146770477
v -0.18872399628162384 0.08871150016784668 -0.42979100346565247
v -0.18872399628162384 -0.13589049875736237 -0.4337104856967926
v -0.18872399628162384 -0.19227249920368195 -0.4346944987773895
v -0.18073450028896332 -0.16316699981689453 -0.20979200303554535
v -0.18073450028896332 -0.16316699981689453 -0.20979200303554535
v -0.18073450028896332 -0.11028649657964706 -0.20815549790859222
v -0.18872399628162384 -0.13589049875736237 -0.4337104856967926
v -0.11729100346565247 -0.22131499648094177 -0.4360694885253906
v -0.09036699682474136 -0.1986819952726364 -0.20979200303554535
v -0.13555100560188293 -0.18092450499534607 -0.20979200303554535
v -0.13555100560188293 -0.18092450499534607 -0.20979200303554535
v -0.15300750732421875 -0.20679399371147156 -0.43538200855255127
v -0.11729100346565247 -0.22131499648094177 -0.4360694885253906
v 0 -0.20763100683689117 -0.20850299298763275
v -0.09036699682474136 -0.1986819952726364 -0.20979200303554535
v -0.08196499943733215 -0.32455798983573914 -0.43153300881385803
v -0.08196499943733215 -0.32455798983573914 -0.43153300881385803
v 0 -0.33407849073410034 -0.43017449975013733
v 0 -0.20763100683689117 -0.20850299298763275
v -0.09036699682474136 0.4039975106716156 -0.1932860016822815
v 0 0.41491949558258057 -0.1932860016822815
v 0 0.41650399565696716 -0.4247705042362213
v 0 0.41650399565696716 -0.4247705042362213
v -0.09436199814081192 0.4055820107460022 -0.4247705042362213
v -0.09036699682474136 0.4039975106716156 -0.1932860016822815
v -0.13555100560188293 0.3894054889678955 -0.1932860016822815
v -0.09036699682474136 0.4039975106716156 -0.1932860016822815
v -0.09436199814081192 0.4055820107460022 -0.4247705042362213
v -0.09436199814081192 0.4055820107460022 -0.4247705042362213
v -0.14154300093650818 0.3909899890422821 -0.4247705042362213
v -0.13555100560188293 0.3894054889678955 -0.1932860016822815
v -0.18872399628162384 0.3099130094051361 -0.42593100666999817
v -0.18872399628162384 0.24342849850654602 -0.42709100246429443
v -0.18073450028896332 0.2501024901866913 -0.1971455067396164
v -0.18073450028896332 0.2501024901866913 -0.1971455067396164
v -0.18073450028896332 0.31245800852775574 -0.19521549344062805
v -0.18872399628162384 0.3099130094051361 -0.42593100666999817
v -0.18073450028896332 0.10345199704170227 -0.20163600146770477
v -0.18073450028896332 -0.057406000792980194 -0.2065189927816391
v -0.1770695000886917 0.013104500249028206 -0.10066399723291397
v -0.1770695000886917 0.013104500249028206 -0.10066399723291397
v -0.1770695000886917 0.1116890013217926 -0.09697949886322021
v -0.18073450028896332 0.10345199704170227 -0.20163600146770477
v -0.18073450028896332 -0.11028649657964706 -0.20815549790859222
v -0.18073450028896332 -0.16316699981689453 -0.20979200303554535
v -0.1770695000886917 -0.14538900554180145 -0.10662650316953659
v -0.1770695000886917 -0.14538900554180145 -0.10662650316953659
v -0.1770695000886917 -0.0941149964928627 -0.10469099879264832
v -0.18073450028896332 -0.11028649657964706 -0.20815549790859222
v -0.08853500336408615 -0.18090449273586273 -0.10662650316953659
v -0.13280199468135834 -0.1631470024585724 -0.10662650316953659
v -0.13555100560188293 -0.18092450499534607 -0.20979200303554535
v -0.13555100560188293 -0.18092450499534607 -0.20979200303554535
v -0.09036699682474136 -0.1986819952726364 -0.20979200303554535
v -0.08853500336408615 -0.18090449273586273 -0.10662650316953659
v 0 -0.20763100683689117 -0.20850299298763275
v 0 -0.1898529976606369 -0.10533799976110458
v -0.08853500336408615 -0.18090449273586273 -0.10662650316953659
v -0.08853500336408615 -0.18090449273586273 -0.10662650316953659
v -0.09036699682474136 -0.1986819952726364 -0.20979200303554535
v 0 -0.20763100683689117 -0.20850299298763275
v -0.08853500336408615 0.40327051281929016 -0.0871020033955574
v 0 0.4141924977302551 -0.0871020033955574
v 0 0.41491949558258057 -0.1932860016822815
v 0 0.41491949558258057 -0.1932860016822815
v -0.09036699682474136 0.4039975106716156 -0.1932860016822815
v -0.08853500336408615 0.40327051281929016 -0.0871020033955574
v -0.13280199468135834 0.38867849111557007 -0.0871020033955574
v -0.08853500336408615 0.40327051281929016 -0.0871020033955574
v -0.09036699682474136 0.4039975106716156 -0.1932860016822815
v -0.09036699682474136 0.4039975106716156 -0.1932860016822815
v -0.13555100560188293 0.3894054889678955 -0.1932860016822815
v -0.13280199468135834 0.38867849111557007 -0.0871020033955574
v -0.18073450028896332 0.31245800852775574 -0.19521549344062805
v -0.18073450028896332 0.2501024901866913 -0.1971455067396164
v -0.1770695000886917 0.25316348671913147 -0.09166699647903442
v -0.1770695000886917 0.25316348671913147 -0.09166699647903442
v -0.1770695000886917 0.3136250078678131 -0.08938450366258621
v -0.18073450028896332 0.31245800852775574 -0.19521549344062805
v -0.18073450028896332 0.2501024901866913 -0.1971455067396164
v -0.18073450028896332 0.10345199704170227 -0.20163600146770477
v -0.1770695000886917 0.1116890013217926 -0.09697949886322021
v -0.1770695000886917 0.1116890013217926 -0.09697949886322021
v -0.1770695000886917 0.25316348671913147 -0.09166699647903442
v -0.18073450028896332 0.2501024901866913 -0.1971455067396164
v -0.17337000370025635 0.12000399827957153 0.008673000149428844
v -0.17337000370025635 -0.028137000277638435 0.0019954999443143606
v -0.16865000128746033 -0.029720500111579895 0.059328000992536545
v -0.16865000128746033 -0.029720500111579895 0.059328000992536545
v -0.16865000128746033 0.11467649787664413 0.07661650329828262
v -0.17337000370025635 0.12000399827957153 0.008673000149428844
v -0.17337000370025635 -0.07778999954462051 -0.00024249650596175343
v -0.17337000370025635 -0.12744249403476715 -0.00248049502260983
v -0.16865000128746033 -0.12651599943637848 0.047738999128341675
v -0.16865000128746033 -0.12651599943637848 0.047738999128341675
v -0.16865000128746033 -0.07811799645423889 0.05353349819779396
v -0.17337000370025635 -0.07778999954462051 -0.00024249650596175343
v -0.08668500185012817 -0.16295750439167023 -0.00248049502260983
v -0.08432500064373016 -0.1627044975757599 0.042495500296354294
v -0.12648749351501465 -0.14461049437522888 0.04511750116944313
v -0.12648749351501465 -0.14461049437522888 0.04511750116944313
v -0.13002750277519226 -0.1451999992132187 -0.00248049502260983
v -0.08668500185012817 -0.16295750439167023 -0.00248049502260983
v 0 -0.1719059944152832 -0.0011914899805560708
v 0 -0.1686979979276657 0.04252900183200836
v -0.08432500064373016 -0.1627044975757599 0.042495500296354294
v -0.08432500064373016 -0.1627044975757599 0.042495500296354294
v -0.08668500185012817 -0.16295750439167023 -0.00248049502260983
v 0 -0.1719059944152832 -0.0011914899805560708
v 0 0.4012194871902466 0.11333899945020676
v 0 0.41345900297164917 0.02009199932217598
v -0.08668500185012817 0.4025369882583618 0.02009199932217598
v -0.08668500185012817 0.4025369882583618 0.02009199932217598
v -0.08432500064373016 0.3886615037918091 0.11143150180578232
v 0 0.4012194871902466 0.11333899945020676
v -0.12648749351501465 0.37514200806617737 0.10880699753761292
v -0.08432500064373016 0.3886615037918091 0.11143150180578232
v -0.08668500185012817 0.4025369882583618 0.02009199932217598
v -0.08668500185012817 0.4025369882583618 0.02009199932217598
v -0.13002750277519226 0.3879449963569641 0.02009199932217598
v -0.12648749351501465 0.37514200806617737 0.10880699753761292
v -0.17101000249385834 0.2779875099658966 0.05544000118970871
v -0.16865000128746033 0.27712351083755493 0.09606549888849258
v -0.16865000128746033 0.36162251234054565 0.10618250072002411
v -0.16865000128746033 0.36162251234054565 0.10618250072002411
v -0.17337000370025635 0.3733530044555664 0.02009199932217598
v -0.17101000249385834 0.2779875099658966 0.05544000118970871
v -0.17337000370025635 0.12000399827957153 0.008673000149428844
v -0.16865000128746033 0.11467649787664413 0.07661650329828262
v -0.16865000128746033 0.2474830001592636 0.09251700341701508
v -0.16865000128746033 0.2474830001592636 0.09251700341701508
v -0.17337000370025635 0.2562539875507355 0.014813999645411968
v -0.17337000370025635 0.12000399827957153 0.008673000149428844
v -0.1770695000886917 0.013104500249028206 -0.10066399723291397
v -0.18073450028896332 -0.057406000792980194 -0.2065189927816391
v -0.1770695000886917 -0.04284049943089485 -0.10275500267744064
v -0.17614449560642242 0.05741399899125099 -0.06534700095653534
v -0.17337000370025635 -0.028137000277638435 0.0019954999443143606
v -0.17337000370025635 0.12000399827957153 0.008673000149428844
v -0.17337000370025635 0.12000399827957153 0.008673000149428844
v -0.17521999776363373 0.11584649980068207 -0.03709150105714798
v -0.17614449560642242 0.05741399899125099 -0.06534700095653534
v -0.17429499328136444 0.1888750046491623 -0.018200499936938286
v -0.17521999776363373 0.11584649980068207 -0.03709150105714798
v -0.17337000370025635 0.12000399827957153 0.008673000149428844
v -0.17337000370025635 0.12000399827957153 0.008673000149428844
v -0.17337000370025635 0.2562539875507355 0.014813999645411968
v -0.17429499328136444 0.1888750046491623 -0.018200499936938286
v -0.17101000249385834 0.2779875099658966 0.05544000118970871
v -0.17337000370025635 0.2562539875507355 0.014813999645411968
v -0.16865000128746033 0.2474830001592636 0.09251700341701508
v -0.16865000128746033 0.2474830001592636 0.09251700341701508
v -0.16865000128746033 0.27712351083755493 0.09606549888849258
v -0.17101000249385834 0.2779875099658966 0.05544000118970871
v -0.1656785011291504 0.2665790021419525 0.1478624939918518
v -0.16865000128746033 0.27712351083755493 0.09606549888849258
v -0.16865000128746033 0.2474830001592636 0.09251700341701508
v -0.16865000128746033 0.2474830001592636 0.09251700341701508
v -0.16270649433135986 0.23643849790096283 0.19036200642585754
v -0.1656785011291504 0.2665790021419525 0.1478624939918518
v -0.17614449560642242 0.05741399899125099 -0.06534700095653534
v -0.1770695000886917 0.013104500249028206 -0.10066399723291397
v -0.1770695000886917 -0.04284049943089485 -0.10275500267744064
v -0.1770695000886917 -0.04284049943089485 -0.10275500267744064
v -0.17337000370025635 -0.028137000277638435 0.0019954999443143606
v -0.17614449560642242 0.05741399899125099 -0.06534700095653534
v -0.1770695000886917 0.25316348671913147 -0.09166699647903442
v -0.17429499328136444 0.1888750046491623 -0.018200499936938286
v -0.17337000370025635 0.2562539875507355 0.014813999645411968
v -0.17101000249385834 0.2779875099658966 0.05544000118970871
v -0.17337000370025635 0.3733530044555664 0.02009199932217598
v -0.17337000370025635 0.31480351090431213 0.01745299994945526
v -0.17337000370025635 0.31480351090431213 0.01745299994945526
v -0.17337000370025635 0.2562539875507355 0.014813999645411968
v -0.17101000249385834 0.2779875099658966 0.05544000118970871
v -0.16865000128746033 0.36162251234054565 0.10618250072002411
v -0.16865000128746033 0.27712351083755493 0.09606549888849258
v -0.1656785011291504 0.2665790021419525 0.1478624939918518
v -0.1656785011291504 0.2665790021419525 0.1478624939918518
v -0.16270649433135986 0.34685149788856506 0.21458899974822998
v -0.16865000128746033 0.36162251234054565 0.10618250072002411
v -0.15618999302387238 0.05416899919509888 0.28550899028778076
v -0.11893749982118607 -0.14473900198936462 0.658240020275116
v -0.11893749982118607 -0.06601650267839432 0.6970800161361694
v -0.11893749982118607 -0.06601650267839432 0.6970800161361694
v -0.15618999302387238 0.16611149907112122 0.34067249298095703
v -0.15618999302387238 0.05416899919509888 0.28550899028778076
v -0.15618999302387238 -0.05483099818229675 0.23279449343681335
v -0.11893749982118607 -0.2253904938697815 0.6168249845504761
v -0.11893749982118607 -0.14473900198936462 0.658240020275116
v -0.11893749982118607 -0.14473900198936462 0.658240020275116
v -0.15618999302387238 0.05416899919509888 0.28550899028778076
v -0.15618999302387238 -0.05483099818229675 0.23279449343681335
v -0.15618999302387238 -0.09562549740076065 0.2126920074224472
v -0.15618999302387238 -0.13641999661922455 0.19258899986743927
v -0.11893749982118607 -0.2868945002555847 0.5853999853134155
v -0.11893749982118607 -0.2868945002555847 0.5853999853134155
v -0.11893749982118607 -0.2561424970626831 0.6011149883270264
v -0.15618999302387238 -0.09562549740076065 0.2126920074224472
v -0.07809499651193619 -0.17345599830150604 0.18074199557304382
v -0.05946899950504303 -0.3167884945869446 0.5658649802207947
v -0.08920349925756454 -0.30184149742126465 0.5756350159645081
v -0.08920349925756454 -0.30184149742126465 0.5756350159645081
v -0.11714249849319458 -0.1549379974603653 0.18666550517082214
v -0.07809499651193619 -0.17345599830150604 0.18074199557304382
v 0 -0.18283049762248993 0.17725299298763275
v 0 -0.32616350054740906 0.5623850226402283
v -0.05946899950504303 -0.3167884945869446 0.5658649802207947
v -0.05946899950504303 -0.3167884945869446 0.5658649802207947
v -0.07809499651193619 -0.17345599830150604 0.18074199557304382
v 0 -0.18283049762248993 0.17725299298763275
v -0.05946899950504303 0.024121049791574478 0.7392600178718567
v 0 0.03247755020856857 0.7457200288772583
v 0 0.29501399397850037 0.4064064919948578
v 0 0.29501399397850037 0.4064064919948578
v -0.07809499651193619 0.28665751218795776 0.39994049072265625
v -0.05946899950504303 0.024121049791574478 0.7392600178718567
v -0.05946899950504303 0.024121049791574478 0.7392600178718567
v -0.07809499651193619 0.28665751218795776 0.39994049072265625
v -0.11714249849319458 0.27448850870132446 0.3940114974975586
v -0.11714249849319458 0.27448850870132446 0.3940114974975586
v -0.08920349925756454 0.010818050242960453 0.7334750294685364
v -0.05946899950504303 0.024121049791574478 0.7392600178718567
v -0.15618999302387238 0.16611149907112122 0.34067249298095703
v -0.11893749982118607 -0.06601650267839432 0.6970800161361694
v -0.11893749982118607 -0.002485469914972782 0.7276949882507324
v -0.11893749982118607 -0.002485469914972782 0.7276949882507324
v -0.15618999302387238 0.26231950521469116 0.38808250427246094
v -0.15618999302387238 0.16611149907112122 0.34067249298095703
v -0.13205750286579132 -0.2564780116081238 -0.7625349760055542
v -0.16717499494552612 -0.24117949604988098 -0.7681800127029419
v -0.12052849680185318 -0.19196699559688568 -0.7890499830245972
v -0.12052849680185318 -0.19196699559688568 -0.7890499830245972
v -0.08035250008106232 -0.20683850347995758 -0.7838749885559082
v -0.13205750286579132 -0.2564780116081238 -0.7625349760055542
v -0.20229199528694153 -0.16595050692558289 -0.7930150032043457
v -0.16070449352264404 -0.12690700590610504 -0.8118199706077576
v -0.16070449352264404 -0.17709599435329437 -0.794219970703125
v -0.16070449352264404 -0.17709599435329437 -0.794219970703125
v -0.20229199528694153 -0.22588050365447998 -0.7738199830055237
v -0.20229199528694153 -0.16595050692558289 -0.7930150032043457
v -0.20229199528694153 0.07291299849748611 -0.8262050151824951
v -0.20229199528694153 0.2373570054769516 -0.8155949711799622
v -0.16070449352264404 0.21085099875926971 -0.8325099945068359
v -0.16070449352264404 0.21085099875926971 -0.8325099945068359
v -0.16070449352264404 0.07313399761915207 -0.8422350287437439
v -0.20229199528694153 0.07291299849748611 -0.8262050151824951
v 0 -0.27034449577331543 -0.7612500190734863
v -0.13205750286579132 -0.2564780116081238 -0.7625349760055542
v -0.08035250008106232 -0.20683850347995758 -0.7838749885559082
v -0.08035250008106232 -0.20683850347995758 -0.7838749885559082
v 0 -0.21433299779891968 -0.7826949954032898
v 0 -0.27034449577331543 -0.7612500190734863
v -0.20229199528694153 0.2373570054769516 -0.8155949711799622
v -0.20229199528694153 0.3080720007419586 -0.7947049736976624
v -0.16070449352264404 0.2700729966163635 -0.8133649826049805
v -0.16070449352264404 0.2700729966163635 -0.8133649826049805
v -0.16070449352264404 0.21085099875926971 -0.8325099945068359
v -0.20229199528694153 0.2373570054769516 -0.8155949711799622
v -0.10114599764347076 0.40797150135040283 -0.7652249932289124
v -0.08035250008106232 0.3537349998950958 -0.7863450050354004
v -0.12052849680185318 0.3415150046348572 -0.7902799844741821
v -0.12052849680185318 0.3415150046348572 -0.7902799844741821
v -0.15171900391578674 0.3933795094490051 -0.7695249915122986
v -0.10114599764347076 0.40797150135040283 -0.7652249932289124
v 0 0.4188934862613678 -0.7652249932289124
v 0 0.36288198828697205 -0.7863450050354004
v -0.08035250008106232 0.3537349998950958 -0.7863450050354004
v -0.08035250008106232 0.3537349998950958 -0.7863450050354004
v -0.10114599764347076 0.40797150135040283 -0.7652249932289124
v 0 0.4188934862613678 -0.7652249932289124
v -0.20229199528694153 0.07291299849748611 -0.8262050151824951
v -0.16070449352264404 0.07313399761915207 -0.8422350287437439
v -0.16070449352264404 -0.07671750336885452 -0.8294150233268738
v -0.16070449352264404 -0.07671750336885452 -0.8294150233268738
v -0.20229199528694153 -0.10602100193500519 -0.8122100234031677
v -0.20229199528694153 0.07291299849748611 -0.8262050151824951
v -0.08035250008106232 -0.20683850347995758 -0.7838749885559082
v -0.12052849680185318 -0.19196699559688568 -0.7890499830245972
v -0.11436449736356735 -0.1783515065908432 -0.7641900181770325
v -0.11436449736356735 -0.1783515065908432 -0.7641900181770325
v -0.07624299824237823 -0.1924625039100647 -0.7590199708938599
v -0.08035250008106232 -0.20683850347995758 -0.7838749885559082
v -0.16070449352264404 -0.12690700590610504 -0.8118199706077576
v -0.15248599648475647 -0.11661799997091293 -0.7869549989700317
v -0.15248599648475647 -0.1642404943704605 -0.7693650126457214
v -0.15248599648475647 -0.1642404943704605 -0.7693650126457214
v -0.16070449352264404 -0.17709599435329437 -0.794219970703125
v -0.16070449352264404 -0.12690700590610504 -0.8118199706077576
v -0.16070449352264404 0.07313399761915207 -0.8422350287437439
v -0.16070449352264404 0.21085099875926971 -0.8325099945068359
v -0.15248599648475647 0.20386649668216705 -0.8076500296592712
v -0.15248599648475647 0.20386649668216705 -0.8076500296592712
v -0.15248599648475647 0.07319249957799911 -0.8173800110816956
v -0.16070449352264404 0.07313399761915207 -0.8422350287437439
v 0 -0.21433299779891968 -0.7826949954032898
v -0.08035250008106232 -0.20683850347995758 -0.7838749885559082
v -0.07624299824237823 -0.1924625039100647 -0.7590199708938599
v -0.07624299824237823 -0.1924625039100647 -0.7590199708938599
v 0 -0.19957350194454193 -0.7578349709510803
v 0 -0.21433299779891968 -0.7826949954032898
v -0.16070449352264404 0.21085099875926971 -0.8325099945068359
v -0.16070449352264404 0.2700729966163635 -0.8133649826049805
v -0.15248599648475647 0.26005950570106506 -0.7885100245475769
v -0.15248599648475647 0.26005950570106506 -0.7885100245475769
v -0.15248599648475647 0.20386649668216705 -0.8076500296592712
v -0.16070449352264404 0.21085099875926971 -0.8325099945068359
v -0.08035250008106232 0.3537349998950958 -0.7863450050354004
v -0.07624299824237823 0.33944350481033325 -0.7614799737930298
v -0.11436449736356735 0.32784798741340637 -0.7654250264167786
v -0.11436449736356735 0.32784798741340637 -0.7654250264167786
v -0.12052849680185318 0.3415150046348572 -0.7902799844741821
v -0.08035250008106232 0.3537349998950958 -0.7863450050354004
v 0 0.36288198828697205 -0.7863450050354004
v 0 0.3481225073337555 -0.7614799737930298
v -0.07624299824237823 0.33944350481033325 -0.7614799737930298
v -0.07624299824237823 0.33944350481033325 -0.7614799737930298
v -0.08035250008106232 0.3537349998950958 -0.7863450050354004
v 0 0.36288198828697205 -0.7863450050354004
v -0.16070449352264404 0.07313399761915207 -0.8422350287437439
v -0.15248599648475647 0.07319249957799911 -0.8173800110816956
v -0.15248599648475647 -0.06899549812078476 -0.804544985294342
v -0.15248599648475647 -0.06899549812078476 -0.804544985294342
v -0.16070449352264404 -0.07671750336885452 -0.8294150233268738
v -0.16070449352264404 0.07313399761915207 -0.8422350287437439
v -0.11729100346565247 -0.22131499648094177 -0.4360694885253906
v -0.12864799797534943 -0.23958800733089447 -0.5977749824523926
v -0.1205660030245781 -0.2972415089607239 -0.5773699879646301
v -0.1205660030245781 -0.2972415089607239 -0.5773699879646301
v -0.11264249682426453 -0.2648029923439026 -0.4341585040092468
v -0.11729100346565247 -0.22131499648094177 -0.4360694885253906
v 0 -0.27034449577331543 -0.7612500190734863
v 0 -0.3329170048236847 -0.7246249914169312
v -0.12390399724245071 -0.3211219906806946 -0.7259150147438049
v -0.12390399724245071 -0.3211219906806946 -0.7259150147438049
v -0.13205750286579132 -0.2564780116081238 -0.7625349760055542
v 0 -0.27034449577331543 -0.7612500190734863
v -0.09036699682474136 -0.1986819952726364 -0.20979200303554535
v -0.11729100346565247 -0.22131499648094177 -0.4360694885253906
v -0.11264249682426453 -0.2648029923439026 -0.4341585040092468
v -0.13205750286579132 -0.2564780116081238 -0.7625349760055542
v -0.12864799797534943 -0.23958800733089447 -0.5977749824523926
v -0.16206100583076477 -0.22428950667381287 -0.6005849838256836
v -0.16206100583076477 -0.22428950667381287 -0.6005849838256836
v -0.16717499494552612 -0.24117949604988098 -0.7681800127029419
v -0.13205750286579132 -0.2564780116081238 -0.7625349760055542
v -0.12864799797534943 -0.23958800733089447 -0.5977749824523926
v -0.13205750286579132 -0.2564780116081238 -0.7625349760055542
v -0.12390399724245071 -0.3211219906806946 -0.7259150147438049
v -0.12390399724245071 -0.3211219906806946 -0.7259150147438049
v -0.1205660030245781 -0.2972415089607239 -0.5773699879646301
v -0.12864799797534943 -0.23958800733089447 -0.5977749824523926
v 0 -0.3856959939002991 -0.548009991645813
v -0.0844385027885437 -0.3764599859714508 -0.5493350028991699
v -0.08693700283765793 -0.4099484980106354 -0.6755899786949158
v -0.08693700283765793 -0.4099484980106354 -0.6755899786949158
v 0 -0.4188934862613678 -0.674310028553009
v 0 -0.3856959939002991 -0.548009991645813
v 0 0.4188934862613678 -0.7652249932289124
v -0.10114599764347076 0.40797150135040283 -0.7652249932289124
v -0.09773650020360947 0.4067704975605011 -0.5941299796104431
v -0.09773650020360947 0.4067704975605011 -0.5941299796104431
v 0 0.41769251227378845 -0.5941299796104431
v 0 0.4188934862613678 -0.7652249932289124
v -0.10114599764347076 0.40797150135040283 -0.7652249932289124
v -0.15171900391578674 0.3933795094490051 -0.7695249915122986
v -0.1466049998998642 0.3921785056591034 -0.5962700247764587
v -0.1466049998998642 0.3921785056591034 -0.5962700247764587
v -0.09773650020360947 0.4067704975605011 -0.5941299796104431
v -0.10114599764347076 0.40797150135040283 -0.7652249932289124
v -0.19547350704669952 0.2404080033302307 -0.6203550100326538
v -0.19547350704669952 0.3089970052242279 -0.6093800067901611
v -0.20229199528694153 0.3080720007419586 -0.7947049736976624
v -0.20229199528694153 0.3080720007419586 -0.7947049736976624
v -0.20229199528694153 0.2373570054769516 -0.8155949711799622
v -0.19547350704669952 0.2404080033302307 -0.6203550100326538
v -0.19547350704669952 0.08085250109434128 -0.626990020275116
v -0.19547350704669952 0.2404080033302307 -0.6203550100326538
v -0.20229199528694153 0.2373570054769516 -0.8155949711799622
v -0.20229199528694153 0.2373570054769516 -0.8155949711799622
v -0.20229199528694153 0.07291299849748611 -0.8262050151824951
v -0.19547350704669952 0.08085250109434128 -0.626990020275116
v -0.19547350704669952 -0.09269700199365616 -0.6215000152587891
v -0.19547350704669952 0.08085250109434128 -0.626990020275116
v -0.20229199528694153 0.07291299849748611 -0.8262050151824951
v -0.20229199528694153 0.07291299849748611 -0.8262050151824951
v -0.20229199528694153 -0.10602100193500519 -0.8122100234031677
v -0.19547350704669952 -0.09269700199365616 -0.6215000152587891
v -0.20229199528694153 -0.22588050365447998 -0.7738199830055237
v -0.19547350704669952 -0.20899100601673126 -0.6033899784088135
v -0.19547350704669952 -0.15084399282932281 -0.6124449968338013
v -0.19547350704669952 -0.15084399282932281 -0.6124449968338013
v -0.20229199528694153 -0.16595050692558289 -0.7930150032043457
v -0.20229199528694153 -0.22588050365447998 -0.7738199830055237
v 0 -0.3329170048236847 -0.7246249914169312
v 0 -0.4188934862613678 -0.674310028553009
v -0.08693700283765793 -0.4099484980106354 -0.6755899786949158
v -0.08693700283765793 -0.4099484980106354 -0.6755899786949158
v -0.12390399724245071 -0.3211219906806946 -0.7259150147438049
v 0 -0.3329170048236847 -0.7246249914169312
v -0.1205660030245781 -0.2972415089607239 -0.5773699879646301
v -0.12390399724245071 -0.3211219906806946 -0.7259150147438049
v -0.08693700283765793 -0.4099484980106354 -0.6755899786949158
v -0.08693700283765793 -0.4099484980106354 -0.6755899786949158
v -0.0844385027885437 -0.3764599859714508 -0.5493350028991699
v -0.1205660030245781 -0.2972415089607239 -0.5773699879646301
v -0.1205660030245781 -0.2972415089607239 -0.5773699879646301
v -0.0844385027885437 -0.3764599859714508 -0.5493350028991699
v -0.08196499943733215 -0.32455798983573914 -0.43153300881385803
v -0.08196499943733215 -0.32455798983573914 -0.43153300881385803
v -0.11264249682426453 -0.2648029923439026 -0.4341585040092468
v -0.1205660030245781 -0.2972415089607239 -0.5773699879646301
v -0.09036699682474136 -0.1986819952726364 -0.20979200303554535
v -0.11264249682426453 -0.2648029923439026 -0.4341585040092468
v -0.08196499943733215 -0.32455798983573914 -0.43153300881385803
v -0.22829699516296387 0.22298550605773926 0.170414000749588
v -0.12849250435829163 0.2361540049314499 0.19322249293327332
v -0.12849250435829163 0.27964749932289124 0.14972950518131256
v -0.12849250435829163 0.27964749932289124 0.14972950518131256
v -0.22829699516296387 0.25683850049972534 0.13656049966812134
v -0.22829699516296387 0.22298550605773926 0.170414000749588
v -0.22829699516296387 0.17674100399017334 0.18280500173568726
v -0.12849250435829163 0.17674100399017334 0.20914199948310852
v -0.12849250435829163 0.2361540049314499 0.19322249293327332
v -0.12849250435829163 0.2361540049314499 0.19322249293327332
v -0.22829699516296387 0.22298550605773926 0.170414000749588
v -0.22829699516296387 0.17674100399017334 0.18280500173568726
v -0.22829699516296387 0.13049699366092682 0.170414000749588
v -0.12849250435829163 0.11732800304889679 0.19322249293327332
v -0.12849250435829163 0.17674100399017334 0.20914199948310852
v -0.12849250435829163 0.17674100399017334 0.20914199948310852
v -0.22829699516296387 0.17674100399017334 0.18280500173568726
v -0.22829699516296387 0.13049699366092682 0.170414000749588
v -0.22829699516296387 0.09664350003004074 0.13656049966812134
v -0.12849250435829163 0.07383500039577484 0.14972950518131256
v -0.12849250435829163 0.11732800304889679 0.19322249293327332
v -0.12849250435829163 0.11732800304889679 0.19322249293327332
v -0.22829699516296387 0.13049699366092682 0.170414000749588
v -0.22829699516296387 0.09664350003004074 0.13656049966812134
v -0.22829699516296387 0.0842524990439415 0.09031649678945541
v -0.12849250435829163 0.05791499838232994 0.09031649678945541
v -0.12849250435829163 0.07383500039577484 0.14972950518131256
v -0.12849250435829163 0.07383500039577484 0.14972950518131256
v -0.22829699516296387 0.09664350003004074 0.13656049966812134
v -0.22829699516296387 0.0842524990439415 0.09031649678945541
v -0.22829699516296387 0.09664350003004074 0.044071998447179794
v -0.12849250435829163 0.07383500039577484 0.030903499573469162
v -0.12849250435829163 0.05791499838232994 0.09031649678945541
v -0.12849250435829163 0.05791499838232994 0.09031649678945541
v -0.22829699516296387 0.0842524990439415 0.09031649678945541
v -0.22829699516296387 0.09664350003004074 0.044071998447179794
v -0.22829699516296387 0.13049699366092682 0.010219000279903412
v -0.12849250435829163 0.11732800304889679 -0.012590000405907631
v -0.12849250435829163 0.07383500039577484 0.030903499573469162
v -0.12849250435829163 0.07383500039577484 0.030903499573469162
v -0.22829699516296387 0.09664350003004074 0.044071998447179794
v -0.22829699516296387 0.13049699366092682 0.010219000279903412
v -0.22829699516296387 0.17674100399017334 -0.0021720100194215775
v -0.12849250435829163 0.17674100399017334 -0.02850949950516224
v -0.12849250435829163 0.11732800304889679 -0.012590000405907631
v -0.12849250435829163 0.11732800304889679 -0.012590000405907631
v -0.22829699516296387 0.13049699366092682 0.010219000279903412
v -0.22829699516296387 0.17674100399017334 -0.0021720100194215775
v -0.22829699516296387 0.22298550605773926 0.010219000279903412
v -0.12849250435829163 0.2361540049314499 -0.012590000405907631
v -0.12849250435829163 0.17674100399017334 -0.02850949950516224
v -0.12849250435829163 0.17674100399017334 -0.02850949950516224
v -0.22829699516296387 0.17674100399017334 -0.0021720100194215775
v -0.22829699516296387 0.22298550605773926 0.010219000279903412
v -0.22829699516296387 0.25683850049972534 0.044071998447179794
v -0.12849250435829163 0.27964749932289124 0.030903499573469162
v -0.12849250435829163 0.2361540049314499 -0.012590000405907631
v -0.12849250435829163 0.2361540049314499 -0.012590000405907631
v -0.22829699516296387 0.22298550605773926 0.010219000279903412
v -0.22829699516296387 0.25683850049972534 0.044071998447179794
v -0.22829699516296387 0.2692295014858246 0.09031649678945541
v -0.12849250435829163 0.29556700587272644 0.09031649678945541
v -0.12849250435829163 0.27964749932289124 0.030903499573469162
v -0.12849250435829163 0.27964749932289124 0.030903499573469162
v -0.22829699516296387 0.25683850049972534 0.044071998447179794
v -0.22829699516296387 0.2692295014858246 0.09031649678945541
v -0.22829699516296387 0.25683850049972534 0.13656049966812134
v -0.12849250435829163 0.27964749932289124 0.14972950518131256
v -0.12849250435829163 0.29556700587272644 0.09031649678945541
v -0.12849250435829163 0.29556700587272644 0.09031649678945541
v -0.22829699516296387 0.2692295014858246 0.09031649678945541
v -0.22829699516296387 0.25683850049972534 0.13656049966812134
v -0.22829699516296387 0.22298550605773926 0.170414000749588
v -0.22829699516296387 0.25683850049972534 0.13656049966812134
v -0.22829699516296387 0.17674100399017334 0.09031649678945541
v -0.22829699516296387 0.17674100399017334 0.18280500173568726
v -0.22829699516296387 0.22298550605773926 0.170414000749588
v -0.22829699516296387 0.17674100399017334 0.09031649678945541
v -0.22829699516296387 0.13049699366092682 0.170414000749588
v -0.22829699516296387 0.17674100399017334 0.18280500173568726
v -0.22829699516296387 0.17674100399017334 0.09031649678945541
v -0.22829699516296387 0.09664350003004074 0.13656049966812134
v -0.22829699516296387 0.13049699366092682 0.170414000749588
v -0.22829699516296387 0.17674100399017334 0.09031649678945541
v -0.22829699516296387 0.0842524990439415 0.09031649678945541
v -0.22829699516296387 0.09664350003004074 0.13656049966812134
v -0.22829699516296387 0.17674100399017334 0.09031649678945541
v -0.22829699516296387 0.09664350003004074 0.044071998447179794
v -0.22829699516296387 0.0842524990439415 0.09031649678945541
v -0.22829699516296387 0.17674100399017334 0.09031649678945541
v -0.22829699516296387 0.13049699366092682 0.010219000279903412
v -0.22829699516296387 0.09664350003004074 0.044071998447179794
v -0.22829699516296387 0.17674100399017334 0.09031649678945541
v -0.22829699516296387 0.17674100399017334 -0.0021720100194215775
v -0.22829699516296387 0.13049699366092682 0.010219000279903412
v -0.22829699516296387 0.17674100399017334 0.09031649678945541
v -0.22829699516296387 0.22298550605773926 0.010219000279903412
v -0.22829699516296387 0.17674100399017334 -0.0021720100194215775
v -0.22829699516296387 0.17674100399017334 0.09031649678945541
v -0.22829699516296387 0.25683850049972534 0.044071998447179794
v -0.22829699516296387 0.22298550605773926 0.010219000279903412
v -0.22829699516296387 0.17674100399017334 0.09031649678945541
v -0.22829699516296387 0.2692295014858246 0.09031649678945541
v -0.22829699516296387 0.25683850049972534 0.044071998447179794
v -0.22829699516296387 0.17674100399017334 0.09031649678945541
v -0.22829699516296387 0.25683850049972534 0.13656049966812134
v -0.22829699516296387 0.2692295014858246 0.09031649678945541
v -0.22829699516296387 0.17674100399017334 0.09031649678945541
v -0.0823189988732338 -0.33803850412368774 0.6714749932289124
v -0.06935349851846695 -0.3382774889469147 0.7062699794769287
v -0.09247150272130966 -0.3255704939365387 0.7164049744606018
v -0.09247150272130966 -0.3255704939365387 0.7164049744606018
v -0.10975849628448486 -0.3239715099334717 0.6821950078010559
v -0.0823189988732338 -0.33803850412368774 0.6714749932289124
v -0.11893749982118607 -0.2868945002555847 0.5853999853134155
v -0.08920349925756454 -0.30184149742126465 0.5756350159645081
v -0.0823189988732338 -0.33803850412368774 0.6714749932289124
v -0.0823189988732338 -0.33803850412368774 0.6714749932289124
v -0.10975849628448486 -0.3239715099334717 0.6821950078010559
v -0.11893749982118607 -0.2868945002555847 0.5853999853134155
v -0.11714249849319458 -0.1549379974603653 0.18666550517082214
v -0.08920349925756454 -0.30184149742126465 0.5756350159645081
v -0.11893749982118607 -0.2868945002555847 0.5853999853134155
v -0.11893749982118607 -0.2868945002555847 0.5853999853134155
v -0.15618999302387238 -0.13641999661922455 0.19258899986743927
v -0.11714249849319458 -0.1549379974603653 0.18666550517082214
v -0.16270649433135986 -0.1253499984741211 0.11097650229930878
v -0.12202999740839005 -0.14386799931526184 0.10505300015211105
v -0.11714249849319458 -0.1549379974603653 0.18666550517082214
v -0.11714249849319458 -0.1549379974603653 0.18666550517082214
v -0.15618999302387238 -0.13641999661922455 0.19258899986743927
v -0.16270649433135986 -0.1253499984741211 0.11097650229930878
v -0.12202999740839005 -0.14386799931526184 0.10505300015211105
v -0.16270649433135986 -0.1253499984741211 0.11097650229930878
v -0.16865000128746033 -0.12651599943637848 0.047738999128341675
v -0.16865000128746033 -0.12651599943637848 0.047738999128341675
v -0.12648749351501465 -0.14461049437522888 0.04511750116944313
v -0.12202999740839005 -0.14386799931526184 0.10505300015211105
v -0.13002750277519226 -0.1451999992132187 -0.00248049502260983
v -0.12648749351501465 -0.14461049437522888 0.04511750116944313
v -0.16865000128746033 -0.12651599943637848 0.047738999128341675
v -0.16865000128746033 -0.12651599943637848 0.047738999128341675
v -0.17337000370025635 -0.12744249403476715 -0.00248049502260983
v -0.13002750277519226 -0.1451999992132187 -0.00248049502260983
v -0.13002750277519226 -0.1451999992132187 -0.00248049502260983
v -0.17337000370025635 -0.12744249403476715 -0.00248049502260983
v -0.1770695000886917 -0.14538900554180145 -0.10662650316953659
v -0.1770695000886917 -0.14538900554180145 -0.10662650316953659
v -0.13280199468135834 -0.1631470024585724 -0.10662650316953659
v -0.13002750277519226 -0.1451999992132187 -0.00248049502260983
v -0.13280199468135834 -0.1631470024585724 -0.10662650316953659
v -0.1770695000886917 -0.14538900554180145 -0.10662650316953659
v -0.18073450028896332 -0.16316699981689453 -0.20979200303554535
v -0.18073450028896332 -0.16316699981689453 -0.20979200303554535
v -0.13555100560188293 -0.18092450499534607 -0.20979200303554535
v -0.13280199468135834 -0.1631470024585724 -0.10662650316953659
v -0.13555100560188293 -0.18092450499534607 -0.20979200303554535
v -0.18073450028896332 -0.16316699981689453 -0.20979200303554535
v -0.18872399628162384 -0.19227249920368195 -0.4346944987773895
v -0.18872399628162384 -0.19227249920368195 -0.4346944987773895
v -0.15300750732421875 -0.20679399371147156 -0.43538200855255127
v -0.13555100560188293 -0.18092450499534607 -0.20979200303554535
v -0.16206100583076477 -0.22428950667381287 -0.6005849838256836
v -0.15300750732421875 -0.20679399371147156 -0.43538200855255127
v -0.18872399628162384 -0.19227249920368195 -0.4346944987773895
v -0.18872399628162384 -0.19227249920368195 -0.4346944987773895
v -0.19547350704669952 -0.20899100601673126 -0.6033899784088135
v -0.16206100583076477 -0.22428950667381287 -0.6005849838256836
v -0.16717499494552612 -0.24117949604988098 -0.7681800127029419
v -0.16206100583076477 -0.22428950667381287 -0.6005849838256836
v -0.19547350704669952 -0.20899100601673126 -0.6033899784088135
v -0.19547350704669952 -0.20899100601673126 -0.6033899784088135
v -0.20229199528694153 -0.22588050365447998 -0.7738199830055237
v -0.16717499494552612 -0.24117949604988098 -0.7681800127029419
v -0.16717499494552612 -0.24117949604988098 -0.7681800127029419
v -0.20229199528694153 -0.22588050365447998 -0.7738199830055237
v -0.16070449352264404 -0.17709599435329437 -0.794219970703125
v -0.16070449352264404 -0.17709599435329437 -0.794219970703125
v -0.12052849680185318 -0.19196699559688568 -0.7890499830245972
v -0.16717499494552612 -0.24117949604988098 -0.7681800127029419
v -0.12052849680185318 -0.19196699559688568 -0.7890499830245972
v -0.16070449352264404 -0.17709599435329437 -0.794219970703125
v -0.15248599648475647 -0.1642404943704605 -0.7693650126457214
v -0.15248599648475647 -0.1642404943704605 -0.7693650126457214
v -0.11436449736356735 -0.1783515065908432 -0.7641900181770325
v -0.12052849680185318 -0.19196699559688568 -0.7890499830245972
v -0.11436449736356735 -0.1278975009918213 -0.783394992351532
v -0.11436449736356735 -0.1783515065908432 -0.7641900181770325
v -0.15248599648475647 -0.1642404943704605 -0.7693650126457214
v -0.15248599648475647 -0.1642404943704605 -0.7693650126457214
v -0.15248599648475647 -0.11661799997091293 -0.7869549989700317
v -0.11436449736356735 -0.1278975009918213 -0.783394992351532
v -0.11436449736356735 0.07319249957799911 -0.8173800110816956
v -0.11436449736356735 -0.07744350284337997 -0.8026000261306763
v -0.15248599648475647 -0.06899549812078476 -0.804544985294342
v -0.15248599648475647 -0.06899549812078476 -0.804544985294342
v -0.15248599648475647 0.07319249957799911 -0.8173800110816956
v -0.11436449736356735 0.07319249957799911 -0.8173800110816956
v -0.11436449736356735 0.07319249957799911 -0.8173800110816956
v -0.15248599648475647 0.07319249957799911 -0.8173800110816956
v -0.15248599648475647 0.20386649668216705 -0.8076500296592712
v -0.15248599648475647 0.20386649668216705 -0.8076500296592712
v -0.11436449736356735 0.21010249853134155 -0.8063250184059143
v -0.11436449736356735 0.07319249957799911 -0.8173800110816956
v -0.11436449736356735 0.21010249853134155 -0.8063250184059143
v -0.15248599648475647 0.20386649668216705 -0.8076500296592712
v -0.15248599648475647 0.26005950570106506 -0.7885100245475769
v -0.15248599648475647 0.26005950570106506 -0.7885100245475769
v -0.11436449736356735 0.26897549629211426 -0.7858750224113464
v -0.11436449736356735 0.21010249853134155 -0.8063250184059143
v -0.12052849680185318 0.3415150046348572 -0.7902799844741821
v -0.11436449736356735 0.32784798741340637 -0.7654250264167786
v -0.15248599648475647 0.3162524998188019 -0.7693650126457214
v -0.15248599648475647 0.3162524998188019 -0.7693650126457214
v -0.16070449352264404 0.32929450273513794 -0.794219970703125
v -0.12052849680185318 0.3415150046348572 -0.7902799844741821
v -0.15171900391578674 0.3933795094490051 -0.7695249915122986
v -0.12052849680185318 0.3415150046348572 -0.7902799844741821
v -0.16070449352264404 0.32929450273513794 -0.794219970703125
v -0.16070449352264404 0.32929450273513794 -0.794219970703125
v -0.20229199528694153 0.37878748774528503 -0.7738199830055237
v -0.15171900391578674 0.3933795094490051 -0.7695249915122986
v -0.15171900391578674 0.3933795094490051 -0.7695249915122986
v -0.20229199528694153 0.37878748774528503 -0.7738199830055237
v -0.19547350704669952 0.3775865137577057 -0.5984050035476685
v -0.19547350704669952 0.3775865137577057 -0.5984050035476685
v -0.1466049998998642 0.3921785056591034 -0.5962700247764587
v -0.15171900391578674 0.3933795094490051 -0.7695249915122986
v -0.1466049998998642 0.3921785056591034 -0.5962700247764587
v -0.19547350704669952 0.3775865137577057 -0.5984050035476685
v -0.18872399628162384 0.3763979971408844 -0.4247705042362213
v -0.18872399628162384 0.3763979971408844 -0.4247705042362213
v -0.14154300093650818 0.3909899890422821 -0.4247705042362213
v -0.1466049998998642 0.3921785056591034 -0.5962700247764587
v -0.18073450028896332 0.3748134970664978 -0.1932860016822815
v -0.13555100560188293 0.3894054889678955 -0.1932860016822815
v -0.14154300093650818 0.3909899890422821 -0.4247705042362213
v -0.14154300093650818 0.3909899890422821 -0.4247705042362213
v -0.18872399628162384 0.3763979971408844 -0.4247705042362213
v -0.18073450028896332 0.3748134970664978 -0.1932860016822815
v -0.1770695000886917 0.37408649921417236 -0.0871020033955574
v -0.13280199468135834 0.38867849111557007 -0.0871020033955574
v -0.13555100560188293 0.3894054889678955 -0.1932860016822815
v -0.13555100560188293 0.3894054889678955 -0.1932860016822815
v -0.18073450028896332 0.3748134970664978 -0.1932860016822815
v -0.1770695000886917 0.37408649921417236 -0.0871020033955574
v -0.13280199468135834 0.38867849111557007 -0.0871020033955574
v -0.1770695000886917 0.37408649921417236 -0.0871020033955574
v -0.17337000370025635 0.3733530044555664 0.02009199932217598
v -0.17337000370025635 0.3733530044555664 0.02009199932217598
v -0.13002750277519226 0.3879449963569641 0.02009199932217598
v -0.13280199468135834 0.38867849111557007 -0.0871020033955574
v -0.16865000128746033 0.36162251234054565 0.10618250072002411
v -0.12648749351501465 0.37514200806617737 0.10880699753761292
v -0.13002750277519226 0.3879449963569641 0.02009199932217598
v -0.13002750277519226 0.3879449963569641 0.02009199932217598
v -0.17337000370025635 0.3733530044555664 0.02009199932217598
v -0.16865000128746033 0.36162251234054565 0.10618250072002411
v -0.12648749351501465 0.37514200806617737 0.10880699753761292
v -0.16865000128746033 0.36162251234054565 0.10618250072002411
v -0.16270649433135986 0.34685149788856506 0.21458899974822998
v -0.16270649433135986 0.34685149788856506 0.21458899974822998
v -0.12202999740839005 0.35902050137519836 0.22051799297332764
v -0.12648749351501465 0.37514200806617737 0.10880699753761292
v -0.12202999740839005 0.35902050137519836 0.22051799297332764
v -0.16270649433135986 0.34685149788856506 0.21458899974822998
v -0.15618999302387238 0.26231950521469116 0.38808250427246094
v -0.15618999302387238 0.26231950521469116 0.38808250427246094
v -0.11714249849319458 0.27448850870132446 0.3940114974975586
v -0.12202999740839005 0.35902050137519836 0.22051799297332764
v -0.08920349925756454 0.010818050242960453 0.7334750294685364
v -0.11714249849319458 0.27448850870132446 0.3940114974975586
v -0.15618999302387238 0.26231950521469116 0.38808250427246094
v -0.15618999302387238 0.26231950521469116 0.38808250427246094
v -0.11893749982118607 -0.002485469914972782 0.7276949882507324
v -0.08920349925756454 0.010818050242960453 0.7334750294685364
v -0.0823189988732338 -0.054150499403476715 0.8171200156211853
v -0.08920349925756454 0.010818050242960453 0.7334750294685364
v -0.11893749982118607 -0.002485469914972782 0.7276949882507324
v -0.11893749982118607 -0.002485469914972782 0.7276949882507324
v -0.10975849628448486 -0.06773299723863602 0.8113800287246704
v -0.0823189988732338 -0.054150499403476715 0.8171200156211853
v -0.0823189988732338 -0.054150499403476715 0.8171200156211853
v -0.10975849628448486 -0.06773299723863602 0.8113800287246704
v -0.09247150272130966 -0.09753599762916565 0.8316749930381775
v -0.09247150272130966 -0.09753599762916565 0.8316749930381775
v -0.06935349851846695 -0.08494749665260315 0.8369600176811218
v -0.0823189988732338 -0.054150499403476715 0.8171200156211853
v 0.09247150272130966 -0.09753599762916565 0.8316749930381775
v 0.10975849628448486 -0.06773299723863602 0.8113800287246704
v 0.0823189988732338 -0.054150499403476715 0.8171200156211853
v 0.0823189988732338 -0.054150499403476715 0.8171200156211853
v 0.06935349851846695 -0.08494749665260315 0.8369600176811218
v 0.09247150272130966 -0.09753599762916565 0.8316749930381775
v 0.11893749982118607 -0.002485469914972782 0.7276949882507324
v 0.08920349925756454 0.010818050242960453 0.7334750294685364
v 0.0823189988732338 -0.054150499403476715 0.8171200156211853
v 0.0823189988732338 -0.054150499403476715 0.8171200156211853
v 0.10975849628448486 -0.06773299723863602 0.8113800287246704
v 0.11893749982118607 -0.002485469914972782 0.7276949882507324
v 0.15618999302387238 0.26231950521469116 0.38808250427246094
v 0.11714249849319458 0.27448850870132446 0.3940114974975586
v 0.08920349925756454 0.010818050242960453 0.7334750294685364
v 0.08920349925756454 0.010818050242960453 0.7334750294685364
v 0.11893749982118607 -0.002485469914972782 0.7276949882507324
v 0.15618999302387238 0.26231950521469116 0.38808250427246094
v 0.12202999740839005 0.35902050137519836 0.22051799297332764
v 0.11714249849319458 0.27448850870132446 0.3940114974975586
v 0.15618999302387238 0.26231950521469116 0.38808250427246094
v 0.15618999302387238 0.26231950521469116 0.38808250427246094
v 0.16270649433135986 0.34685149788856506 0.21458899974822998
v 0.12202999740839005 0.35902050137519836 0.22051799297332764
v 0.12648749351501465 0.37514200806617737 0.10880699753761292
v 0.12202999740839005 0.35902050137519836 0.22051799297332764
v 0.16270649433135986 0.34685149788856506 0.21458899974822998
v 0.16270649433135986 0.34685149788856506 0.21458899974822998
v 0.16865000128746033 0.36162251234054565 0.10618250072002411
v 0.12648749351501465 0.37514200806617737 0.10880699753761292
v 0.16865000128746033 0.36162251234054565 0.10618250072002411
v 0.17337000370025635 0.3733530044555664 0.02009199932217598
v 0.13002750277519226 0.3879449963569641 0.02009199932217598
v 0.13002750277519226 0.3879449963569641 0.02009199932217598
v 0.12648749351501465 0.37514200806617737 0.10880699753761292
v 0.16865000128746033 0.36162251234054565 0.10618250072002411
v 0.13280199468135834 0.38867849111557007 -0.0871020033955574
v 0.13002750277519226 0.3879449963569641 0.02009199932217598
v 0.17337000370025635 0.3733530044555664 0.02009199932217598
v 0.17337000370025635 0.3733530044555664 0.02009199932217598
v 0.1770695000886917 0.37408649921417236 -0.0871020033955574
v 0.13280199468135834 0.38867849111557007 -0.0871020033955574
v 0.1770695000886917 0.37408649921417236 -0.0871020033955574
v 0.18073450028896332 0.3748134970664978 -0.1932860016822815
v 0.13555100560188293 0.3894054889678955 -0.1932860016822815
v 0.13555100560188293 0.3894054889678955 -0.1932860016822815
v 0.13280199468135834 0.38867849111557007 -0.0871020033955574
v 0.1770695000886917 0.37408649921417236 -0.0871020033955574
v 0.18073450028896332 0.3748134970664978 -0.1932860016822815
v 0.18872399628162384 0.3763979971408844 -0.4247705042362213
v 0.14154300093650818 0.3909899890422821 -0.4247705042362213
v 0.14154300093650818 0.3909899890422821 -0.4247705042362213
v 0.13555100560188293 0.3894054889678955 -0.1932860016822815
v 0.18073450028896332 0.3748134970664978 -0.1932860016822815
v 0.1466049998998642 0.3921785056591034 -0.5962700247764587
v 0.14154300093650818 0.3909899890422821 -0.4247705042362213
v 0.18872399628162384 0.3763979971408844 -0.4247705042362213
v 0.18872399628162384 0.3763979971408844 -0.4247705042362213
v 0.19547350704669952 0.3775865137577057 -0.5984050035476685
v 0.1466049998998642 0.3921785056591034 -0.5962700247764587
v 0.15171900391578674 0.3933795094490051 -0.7695249915122986
v 0.1466049998998642 0.3921785056591034 -0.5962700247764587
v 0.19547350704669952 0.3775865137577057 -0.5984050035476685
v 0.19547350704669952 0.3775865137577057 -0.5984050035476685
v 0.20229199528694153 0.37878748774528503 -0.7738199830055237
v 0.15171900391578674 0.3933795094490051 -0.7695249915122986
v 0.16070449352264404 0.32929450273513794 -0.794219970703125
v 0.12052849680185318 0.3415150046348572 -0.7902799844741821
v 0.15171900391578674 0.3933795094490051 -0.7695249915122986
v 0.15171900391578674 0.3933795094490051 -0.7695249915122986
v 0.20229199528694153 0.37878748774528503 -0.7738199830055237
v 0.16070449352264404 0.32929450273513794 -0.794219970703125
v 0.15248599648475647 0.3162524998188019 -0.7693650126457214
v 0.11436449736356735 0.32784798741340637 -0.7654250264167786
v 0.12052849680185318 0.3415150046348572 -0.7902799844741821
v 0.12052849680185318 0.3415150046348572 -0.7902799844741821
v 0.16070449352264404 0.32929450273513794 -0.794219970703125
v 0.15248599648475647 0.3162524998188019 -0.7693650126457214
v 0.11436449736356735 0.21010249853134155 -0.8063250184059143
v 0.11436449736356735 0.26897549629211426 -0.7858750224113464
v 0.15248599648475647 0.26005950570106506 -0.7885100245475769
v 0.15248599648475647 0.26005950570106506 -0.7885100245475769
v 0.15248599648475647 0.20386649668216705 -0.8076500296592712
v 0.11436449736356735 0.21010249853134155 -0.8063250184059143
v 0.11436449736356735 0.07319249957799911 -0.8173800110816956
v 0.11436449736356735 0.21010249853134155 -0.8063250184059143
v 0.15248599648475647 0.20386649668216705 -0.8076500296592712
v 0.15248599648475647 0.20386649668216705 -0.8076500296592712
v 0.15248599648475647 0.07319249957799911 -0.8173800110816956
v 0.11436449736356735 0.07319249957799911 -0.8173800110816956
v 0.11436449736356735 0.07319249957799911 -0.8173800110816956
v 0.15248599648475647 0.07319249957799911 -0.8173800110816956
v 0.15248599648475647 -0.06899549812078476 -0.804544985294342
v 0.15248599648475647 -0.06899549812078476 -0.804544985294342
v 0.11436449736356735 -0.07744350284337997 -0.8026000261306763
v 0.11436449736356735 0.07319249957799911 -0.8173800110816956
v 0.11436449736356735 -0.1278975009918213 -0.783394992351532
v 0.15248599648475647 -0.11661799997091293 -0.7869549989700317
v 0.15248599648475647 -0.1642404943704605 -0.7693650126457214
v 0.15248599648475647 -0.1642404943704605 -0.7693650126457214
v 0.11436449736356735 -0.1783515065908432 -0.7641900181770325
v 0.11436449736356735 -0.1278975009918213 -0.783394992351532
v 0.12052849680185318 -0.19196699559688568 -0.7890499830245972
v 0.11436449736356735 -0.1783515065908432 -0.7641900181770325
v 0.15248599648475647 -0.1642404943704605 -0.7693650126457214
v 0.15248599648475647 -0.1642404943704605 -0.7693650126457214
v 0.16070449352264404 -0.17709599435329437 -0.794219970703125
v 0.12052849680185318 -0.19196699559688568 -0.7890499830245972
v 0.16717499494552612 -0.24117949604988098 -0.7681800127029419
v 0.12052849680185318 -0.19196699559688568 -0.7890499830245972
v 0.16070449352264404 -0.17709599435329437 -0.794219970703125
v 0.16070449352264404 -0.17709599435329437 -0.794219970703125
v 0.20229199528694153 -0.22588050365447998 -0.7738199830055237
v 0.16717499494552612 -0.24117949604988098 -0.7681800127029419
v 0.16717499494552612 -0.24117949604988098 -0.7681800127029419
v 0.20229199528694153 -0.22588050365447998 -0.7738199830055237
v 0.19547350704669952 -0.20899100601673126 -0.6033899784088135
v 0.19547350704669952 -0.20899100601673126 -0.6033899784088135
v 0.16206100583076477 -0.22428950667381287 -0.6005849838256836
v 0.16717499494552612 -0.24117949604988098 -0.7681800127029419
v 0.16206100583076477 -0.22428950667381287 -0.6005849838256836
v 0.19547350704669952 -0.20899100601673126 -0.6033899784088135
v 0.18872399628162384 -0.19227249920368195 -0.4346944987773895
v 0.18872399628162384 -0.19227249920368195 -0.4346944987773895
v 0.15300750732421875 -0.20679399371147156 -0.43538200855255127
v 0.16206100583076477 -0.22428950667381287 -0.6005849838256836
v 0.15300750732421875 -0.20679399371147156 -0.43538200855255127
v 0.18872399628162384 -0.19227249920368195 -0.4346944987773895
v 0.18073450028896332 -0.16316699981689453 -0.20979200303554535
v 0.18073450028896332 -0.16316699981689453 -0.20979200303554535
v 0.13555100560188293 -0.18092450499534607 -0.20979200303554535
v 0.15300750732421875 -0.20679399371147156 -0.43538200855255127
v 0.13280199468135834 -0.1631470024585724 -0.10662650316953659
v 0.13555100560188293 -0.18092450499534607 -0.20979200303554535
v 0.18073450028896332 -0.16316699981689453 -0.20979200303554535
v 0.18073450028896332 -0.16316699981689453 -0.20979200303554535
v 0.1770695000886917 -0.14538900554180145 -0.10662650316953659
v 0.13280199468135834 -0.1631470024585724 -0.10662650316953659
v 0.13002750277519226 -0.1451999992132187 -0.00248049502260983
v 0.13280199468135834 -0.1631470024585724 -0.10662650316953659
v 0.1770695000886917 -0.14538900554180145 -0.10662650316953659
v 0.1770695000886917 -0.14538900554180145 -0.10662650316953659
v 0.17337000370025635 -0.12744249403476715 -0.00248049502260983
v 0.13002750277519226 -0.1451999992132187 -0.00248049502260983
v 0.13002750277519226 -0.1451999992132187 -0.00248049502260983
v 0.17337000370025635 -0.12744249403476715 -0.00248049502260983
v 0.16865000128746033 -0.12651599943637848 0.047738999128341675
v 0.16865000128746033 -0.12651599943637848 0.047738999128341675
v 0.12648749351501465 -0.14461049437522888 0.04511750116944313
v 0.13002750277519226 -0.1451999992132187 -0.00248049502260983
v 0.12202999740839005 -0.14386799931526184 0.10505300015211105
v 0.12648749351501465 -0.14461049437522888 0.04511750116944313
v 0.16865000128746033 -0.12651599943637848 0.047738999128341675
v 0.16865000128746033 -0.12651599943637848 0.047738999128341675
v 0.16270649433135986 -0.1253499984741211 0.11097650229930878
v 0.12202999740839005 -0.14386799931526184 0.10505300015211105
v 0.16270649433135986 -0.1253499984741211 0.11097650229930878
v 0.15618999302387238 -0.13641999661922455 0.19258899986743927
v 0.11714249849319458 -0.1549379974603653 0.18666550517082214
v 0.11714249849319458 -0.1549379974603653 0.18666550517082214
v 0.12202999740839005 -0.14386799931526184 0.10505300015211105
v 0.16270649433135986 -0.1253499984741211 0.11097650229930878
v 0.11893749982118607 -0.2868945002555847 0.5853999853134155
v 0.08920349925756454 -0.30184149742126465 0.5756350159645081
v 0.11714249849319458 -0.1549379974603653 0.18666550517082214
v 0.11714249849319458 -0.1549379974603653 0.18666550517082214
v 0.15618999302387238 -0.13641999661922455 0.19258899986743927
v 0.11893749982118607 -0.2868945002555847 0.5853999853134155
v 0.11893749982118607 -0.2868945002555847 0.5853999853134155
v 0.10975849628448486 -0.3239715099334717 0.6821950078010559
v 0.0823189988732338 -0.33803850412368774 0.6714749932289124
v 0.0823189988732338 -0.33803850412368774 0.6714749932289124
v 0.08920349925756454 -0.30184149742126465 0.5756350159645081
v 0.11893749982118607 -0.2868945002555847 0.5853999853134155
v 0.09247150272130966 -0.3255704939365387 0.7164049744606018
v 0.06935349851846695 -0.3382774889469147 0.7062699794769287
v 0.0823189988732338 -0.33803850412368774 0.6714749932289124
v 0.0823189988732338 -0.33803850412368774 0.6714749932289124
v 0.10975849628448486 -0.3239715099334717 0.6821950078010559
v 0.09247150272130966 -0.3255704939365387 0.7164049744606018
v -0.1770695000886917 0.37408649921417236 -0.0871020033955574
v -0.1770695000886917 0.3136250078678131 -0.08938450366258621
v -0.17337000370025635 0.31480351090431213 0.01745299994945526
v -0.17337000370025635 0.31480351090431213 0.01745299994945526
v -0.17337000370025635 0.3733530044555664 0.02009199932217598
v -0.1770695000886917 0.37408649921417236 -0.0871020033955574
v -0.18073450028896332 0.3748134970664978 -0.1932860016822815
v -0.18073450028896332 0.31245800852775574 -0.19521549344062805
v -0.1770695000886917 0.3136250078678131 -0.08938450366258621
v -0.1770695000886917 0.3136250078678131 -0.08938450366258621
v -0.1770695000886917 0.37408649921417236 -0.0871020033955574
v -0.18073450028896332 0.3748134970664978 -0.1932860016822815
v -0.18872399628162384 0.3763979971408844 -0.4247705042362213
v -0.18872399628162384 0.3099130094051361 -0.42593100666999817
v -0.18073450028896332 0.31245800852775574 -0.19521549344062805
v -0.18073450028896332 0.31245800852775574 -0.19521549344062805
v -0.18073450028896332 0.3748134970664978 -0.1932860016822815
v -0.18872399628162384 0.3763979971408844 -0.4247705042362213
v -0.18872399628162384 0.3099130094051361 -0.42593100666999817
v -0.18872399628162384 0.3763979971408844 -0.4247705042362213
v -0.19547350704669952 0.3775865137577057 -0.5984050035476685
v -0.19547350704669952 0.3775865137577057 -0.5984050035476685
v -0.19547350704669952 0.3089970052242279 -0.6093800067901611
v -0.18872399628162384 0.3099130094051361 -0.42593100666999817
v -0.19547350704669952 0.3089970052242279 -0.6093800067901611
v -0.19547350704669952 0.3775865137577057 -0.5984050035476685
v -0.20229199528694153 0.37878748774528503 -0.7738199830055237
v -0.20229199528694153 0.37878748774528503 -0.7738199830055237
v -0.20229199528694153 0.3080720007419586 -0.7947049736976624
v -0.19547350704669952 0.3089970052242279 -0.6093800067901611
v -0.20229199528694153 0.3080720007419586 -0.7947049736976624
v -0.20229199528694153 0.37878748774528503 -0.7738199830055237
v -0.16070449352264404 0.32929450273513794 -0.794219970703125
v -0.16070449352264404 0.32929450273513794 -0.794219970703125
v -0.16070449352264404 0.2700729966163635 -0.8133649826049805
v -0.20229199528694153 0.3080720007419586 -0.7947049736976624
v -0.16070449352264404 0.2700729966163635 -0.8133649826049805
v -0.16070449352264404 0.32929450273513794 -0.794219970703125
v -0.15248599648475647 0.3162524998188019 -0.7693650126457214
v -0.15248599648475647 0.3162524998188019 -0.7693650126457214
v -0.15248599648475647 0.26005950570106506 -0.7885100245475769
v -0.16070449352264404 0.2700729966163635 -0.8133649826049805
v -0.11436449736356735 0.26897549629211426 -0.7858750224113464
v -0.15248599648475647 0.26005950570106506 -0.7885100245475769
v -0.15248599648475647 0.3162524998188019 -0.7693650126457214
v -0.15248599648475647 0.3162524998188019 -0.7693650126457214
v -0.11436449736356735 0.32784798741340637 -0.7654250264167786
v -0.11436449736356735 0.26897549629211426 -0.7858750224113464
v -0.07624299824237823 0.27789101004600525 -0.783240020275116
v -0.11436449736356735 0.26897549629211426 -0.7858750224113464
v -0.11436449736356735 0.32784798741340637 -0.7654250264167786
v -0.11436449736356735 0.32784798741340637 -0.7654250264167786
v -0.07624299824237823 0.33944350481033325 -0.7614799737930298
v -0.07624299824237823 0.27789101004600525 -0.783240020275116
v 0 0.2822304964065552 -0.783240020275116
v -0.07624299824237823 0.27789101004600525 -0.783240020275116
v -0.07624299824237823 0.33944350481033325 -0.7614799737930298
v -0.07624299824237823 0.33944350481033325 -0.7614799737930298
v 0 0.3481225073337555 -0.7614799737930298
v 0 0.2822304964065552 -0.783240020275116
v 0.07624299824237823 0.33944350481033325 -0.7614799737930298
v 0.07624299824237823 0.27789101004600525 -0.783240020275116
v 0 0.2822304964065552 -0.783240020275116
v 0 0.2822304964065552 -0.783240020275116
v 0 0.3481225073337555 -0.7614799737930298
v 0.07624299824237823 0.33944350481033325 -0.7614799737930298
v 0.11436449736356735 0.32784798741340637 -0.7654250264167786
v 0.11436449736356735 0.26897549629211426 -0.7858750224113464
v 0.07624299824237823 0.27789101004600525 -0.783240020275116
v 0.07624299824237823 0.27789101004600525 -0.783240020275116
v 0.07624299824237823 0.33944350481033325 -0.7614799737930298
v 0.11436449736356735 0.32784798741340637 -0.7654250264167786
v 0.11436449736356735 0.26897549629211426 -0.7858750224113464
v 0.11436449736356735 0.32784798741340637 -0.7654250264167786
v 0.15248599648475647 0.3162524998188019 -0.7693650126457214
v 0.15248599648475647 0.3162524998188019 -0.7693650126457214
v 0.15248599648475647 0.26005950570106506 -0.7885100245475769
v 0.11436449736356735 0.26897549629211426 -0.7858750224113464
v 0.16070449352264404 0.2700729966163635 -0.8133649826049805
v 0.15248599648475647 0.26005950570106506 -0.7885100245475769
v 0.15248599648475647 0.3162524998188019 -0.7693650126457214
v 0.15248599648475647 0.3162524998188019 -0.7693650126457214
v 0.16070449352264404 0.32929450273513794 -0.794219970703125
v 0.16070449352264404 0.2700729966163635 -0.8133649826049805
v 0.20229199528694153 0.3080720007419586 -0.7947049736976624
v 0.16070449352264404 0.2700729966163635 -0.8133649826049805
v 0.16070449352264404 0.32929450273513794 -0.794219970703125
v 0.16070449352264404 0.32929450273513794 -0.794219970703125
v 0.20229199528694153 0.37878748774528503 -0.7738199830055237
v 0.20229199528694153 0.3080720007419586 -0.7947049736976624
v 0.19547350704669952 0.3089970052242279 -0.6093800067901611
v 0.20229199528694153 0.3080720007419586 -0.7947049736976624
v 0.20229199528694153 0.37878748774528503 -0.7738199830055237
v 0.20229199528694153 0.37878748774528503 -0.7738199830055237
v 0.19547350704669952 0.3775865137577057 -0.5984050035476685
v 0.19547350704669952 0.3089970052242279 -0.6093800067901611
v 0.18872399628162384 0.3099130094051361 -0.42593100666999817
v 0.19547350704669952 0.3089970052242279 -0.6093800067901611
v 0.19547350704669952 0.3775865137577057 -0.5984050035476685
v 0.19547350704669952 0.3775865137577057 -0.5984050035476685
v 0.18872399628162384 0.3763979971408844 -0.4247705042362213
v 0.18872399628162384 0.3099130094051361 -0.42593100666999817
v 0.18872399628162384 0.3763979971408844 -0.4247705042362213
v 0.18073450028896332 0.3748134970664978 -0.1932860016822815
v 0.18073450028896332 0.31245800852775574 -0.19521549344062805
v 0.18073450028896332 0.31245800852775574 -0.19521549344062805
v 0.18872399628162384 0.3099130094051361 -0.42593100666999817
v 0.18872399628162384 0.3763979971408844 -0.4247705042362213
v 0.18073450028896332 0.3748134970664978 -0.1932860016822815
v 0.1770695000886917 0.37408649921417236 -0.0871020033955574
v 0.1770695000886917 0.3136250078678131 -0.08938450366258621
v 0.1770695000886917 0.3136250078678131 -0.08938450366258621
v 0.18073450028896332 0.31245800852775574 -0.19521549344062805
v 0.18073450028896332 0.3748134970664978 -0.1932860016822815
v 0.1770695000886917 0.37408649921417236 -0.0871020033955574
v 0.17337000370025635 0.3733530044555664 0.02009199932217598
v 0.17337000370025635 0.31480351090431213 0.01745299994945526
v 0.17337000370025635 0.31480351090431213 0.01745299994945526
v 0.1770695000886917 0.3136250078678131 -0.08938450366258621
v 0.1770695000886917 0.37408649921417236 -0.0871020033955574
v -0.20229199528694153 -0.10602100193500519 -0.8122100234031677
v -0.16070449352264404 -0.07671750336885452 -0.8294150233268738
v -0.16070449352264404 -0.12690700590610504 -0.8118199706077576
v -0.16070449352264404 -0.12690700590610504 -0.8118199706077576
v -0.20229199528694153 -0.16595050692558289 -0.7930150032043457
v -0.20229199528694153 -0.10602100193500519 -0.8122100234031677
v -0.16070449352264404 -0.12690700590610504 -0.8118199706077576
v -0.16070449352264404 -0.07671750336885452 -0.8294150233268738
v -0.15248599648475647 -0.06899549812078476 -0.804544985294342
v -0.15248599648475647 -0.06899549812078476 -0.804544985294342
v -0.15248599648475647 -0.11661799997091293 -0.7869549989700317
v -0.16070449352264404 -0.12690700590610504 -0.8118199706077576
v -0.11436449736356735 -0.07744350284337997 -0.8026000261306763
v -0.11436449736356735 -0.1278975009918213 -0.783394992351532
v -0.15248599648475647 -0.11661799997091293 -0.7869549989700317
v -0.15248599648475647 -0.11661799997091293 -0.7869549989700317
v -0.15248599648475647 -0.06899549812078476 -0.804544985294342
v -0.11436449736356735 -0.07744350284337997 -0.8026000261306763
v -0.07624299824237823 -0.08589150011539459 -0.8006550073623657
v -0.07624299824237823 -0.13917699456214905 -0.7798349857330322
v -0.11436449736356735 -0.1278975009918213 -0.783394992351532
v -0.11436449736356735 -0.1278975009918213 -0.783394992351532
v -0.11436449736356735 -0.07744350284337997 -0.8026000261306763
v -0.07624299824237823 -0.08589150011539459 -0.8006550073623657
v 0 -0.08589150011539459 -0.8006550073623657
v 0 -0.14273250102996826 -0.7792450189590454
v -0.07624299824237823 -0.13917699456214905 -0.7798349857330322
v -0.07624299824237823 -0.13917699456214905 -0.7798349857330322
v -0.07624299824237823 -0.08589150011539459 -0.8006550073623657
v 0 -0.08589150011539459 -0.8006550073623657
v 0 -0.08589150011539459 -0.8006550073623657
v 0.07624299824237823 -0.08589150011539459 -0.8006550073623657
v 0.07624299824237823 -0.13917699456214905 -0.7798349857330322
v 0.07624299824237823 -0.13917699456214905 -0.7798349857330322
v 0 -0.14273250102996826 -0.7792450189590454
v 0 -0.08589150011539459 -0.8006550073623657
v 0.07624299824237823 -0.08589150011539459 -0.8006550073623657
v 0.11436449736356735 -0.07744350284337997 -0.8026000261306763
v 0.11436449736356735 -0.1278975009918213 -0.783394992351532
v 0.11436449736356735 -0.1278975009918213 -0.783394992351532
v 0.07624299824237823 -0.13917699456214905 -0.7798349857330322
v 0.07624299824237823 -0.08589150011539459 -0.8006550073623657
v 0.15248599648475647 -0.11661799997091293 -0.7869549989700317
v 0.11436449736356735 -0.1278975009918213 -0.783394992351532
v 0.11436449736356735 -0.07744350284337997 -0.8026000261306763
v 0.11436449736356735 -0.07744350284337997 -0.8026000261306763
v 0.15248599648475647 -0.06899549812078476 -0.804544985294342
v 0.15248599648475647 -0.11661799997091293 -0.7869549989700317
v 0.15248599648475647 -0.11661799997091293 -0.7869549989700317
v 0.15248599648475647 -0.06899549812078476 -0.804544985294342
v 0.16070449352264404 -0.07671750336885452 -0.8294150233268738
v 0.16070449352264404 -0.07671750336885452 -0.8294150233268738
v 0.16070449352264404 -0.12690700590610504 -0.8118199706077576
v 0.15248599648475647 -0.11661799997091293 -0.7869549989700317
v 0.16070449352264404 -0.12690700590610504 -0.8118199706077576
v 0.16070449352264404 -0.07671750336885452 -0.8294150233268738
v 0.20229199528694153 -0.10602100193500519 -0.8122100234031677
v 0.20229199528694153 -0.10602100193500519 -0.8122100234031677
v 0.20229199528694153 -0.16595050692558289 -0.7930150032043457
v 0.16070449352264404 -0.12690700590610504 -0.8118199706077576
v 0.20229199528694153 -0.16595050692558289 -0.7930150032043457
v 0.20229199528694153 -0.10602100193500519 -0.8122100234031677
v 0.19547350704669952 -0.09269700199365616 -0.6215000152587891
v 0.19547350704669952 -0.09269700199365616 -0.6215000152587891
v 0.19547350704669952 -0.15084399282932281 -0.6124449968338013
v 0.20229199528694153 -0.16595050692558289 -0.7930150032043457
v 0.18872399628162384 -0.07950799912214279 -0.43272700905799866
v 0.18872399628162384 -0.13589049875736237 -0.4337104856967926
v 0.19547350704669952 -0.15084399282932281 -0.6124449968338013
v 0.19547350704669952 -0.15084399282932281 -0.6124449968338013
v 0.19547350704669952 -0.09269700199365616 -0.6215000152587891
v 0.18872399628162384 -0.07950799912214279 -0.43272700905799866
v 0.18872399628162384 -0.07950799912214279 -0.43272700905799866
v 0.18073450028896332 -0.057406000792980194 -0.2065189927816391
v 0.18073450028896332 -0.11028649657964706 -0.20815549790859222
v 0.18073450028896332 -0.11028649657964706 -0.20815549790859222
v 0.18872399628162384 -0.13589049875736237 -0.4337104856967926
v 0.18872399628162384 -0.07950799912214279 -0.43272700905799866
v 0.18073450028896332 -0.057406000792980194 -0.2065189927816391
v 0.1770695000886917 -0.04284049943089485 -0.10275500267744064
v 0.1770695000886917 -0.0941149964928627 -0.10469049960374832
v 0.1770695000886917 -0.0941149964928627 -0.10469049960374832
v 0.18073450028896332 -0.11028649657964706 -0.20815549790859222
v 0.18073450028896332 -0.057406000792980194 -0.2065189927816391
v 0.1770695000886917 -0.04284049943089485 -0.10275500267744064
v 0.17337000370025635 -0.028137000277638435 0.0019954999443143606
v 0.17337000370025635 -0.07778999954462051 -0.00024249650596175343
v 0.17337000370025635 -0.07778999954462051 -0.00024249650596175343
v 0.1770695000886917 -0.0941149964928627 -0.10469049960374832
v 0.1770695000886917 -0.04284049943089485 -0.10275500267744064
v 0.17337000370025635 -0.028137000277638435 0.0019954999443143606
v 0.16865000128746033 -0.029720500111579895 0.059328000992536545
v 0.16865000128746033 -0.07811799645423889 0.05353349819779396
v 0.16865000128746033 -0.07811799645423889 0.05353349819779396
v 0.17337000370025635 -0.07778999954462051 -0.00024249650596175343
v 0.17337000370025635 -0.028137000277638435 0.0019954999443143606
v 0.16865000128746033 -0.029720500111579895 0.059328000992536545
v 0.16270649433135986 -0.03171449899673462 0.1315225064754486
v 0.16270649433135986 -0.07853200286626816 0.1212494969367981
v 0.16270649433135986 -0.07853200286626816 0.1212494969367981
v 0.16865000128746033 -0.07811799645423889 0.05353349819779396
v 0.16865000128746033 -0.029720500111579895 0.059328000992536545
v 0.16270649433135986 -0.03171449899673462 0.1315225064754486
v 0.15618999302387238 -0.05483099818229675 0.23279449343681335
v 0.15618999302387238 -0.09562549740076065 0.2126920074224472
v 0.15618999302387238 -0.09562549740076065 0.2126920074224472
v 0.16270649433135986 -0.07853200286626816 0.1212494969367981
v 0.16270649433135986 -0.03171449899673462 0.1315225064754486
v 0.15618999302387238 -0.05483099818229675 0.23279449343681335
v 0.11893749982118607 -0.2253904938697815 0.6168249845504761
v 0.11893749982118607 -0.2561424970626831 0.6011149883270264
v 0.11893749982118607 -0.2561424970626831 0.6011149883270264
v 0.15618999302387238 -0.09562549740076065 0.2126920074224472
v 0.15618999302387238 -0.05483099818229675 0.23279449343681335
v 0.11893749982118607 -0.2253904938697815 0.6168249845504761
v 0.10975849628448486 -0.26741600036621094 0.7114499807357788
v 0.10975849628448486 -0.2956939935684204 0.6968250274658203
v 0.10975849628448486 -0.2956939935684204 0.6968250274658203
v 0.11893749982118607 -0.2561424970626831 0.6011149883270264
v 0.11893749982118607 -0.2253904938697815 0.6168249845504761
v 0.10975849628448486 -0.26741600036621094 0.7114499807357788
v 0.09247150272130966 -0.274881511926651 0.7427399754524231
v 0.09247150272130966 -0.30022600293159485 0.729574978351593
v 0.09247150272130966 -0.30022600293159485 0.729574978351593
v 0.10975849628448486 -0.2956939935684204 0.6968250274658203
v 0.10975849628448486 -0.26741600036621094 0.7114499807357788
v 0.09247150272130966 -0.274881511926651 0.7427399754524231
v 0.05347200110554695 -0.2638719975948334 0.7737600207328796
v 0.05347200110554695 -0.2842184901237488 0.7578449845314026
v 0.05347200110554695 -0.2842184901237488 0.7578449845314026
v 0.09247150272130966 -0.30022600293159485 0.729574978351593
v 0.09247150272130966 -0.274881511926651 0.7427399754524231
v 0.05347200110554695 -0.2842184901237488 0.7578449845314026
v 0.05347200110554695 -0.2638719975948334 0.7737600207328796
v 0 -0.2638719975948334 0.7737600207328796
v 0 -0.2638719975948334 0.7737600207328796
v 0 -0.2842184901237488 0.7578449845314026
v 0.05347200110554695 -0.2842184901237488 0.7578449845314026
v 0 -0.2842184901237488 0.7578449845314026
v 0 -0.2638719975948334 0.7737600207328796
v -0.05347200110554695 -0.2638719975948334 0.7737600207328796
v -0.05347200110554695 -0.2638719975948334 0.7737600207328796
v -0.05347200110554695 -0.2842184901237488 0.7578449845314026
v 0 -0.2842184901237488 0.7578449845314026
v -0.09247150272130966 -0.274881511926651 0.7427399754524231
v -0.09247150272130966 -0.30022600293159485 0.729574978351593
v -0.05347200110554695 -0.2842184901237488 0.7578449845314026
v -0.05347200110554695 -0.2842184901237488 0.7578449845314026
v -0.05347200110554695 -0.2638719975948334 0.7737600207328796
v -0.09247150272130966 -0.274881511926651 0.7427399754524231
v -0.10975849628448486 -0.26741600036621094 0.7114499807357788
v -0.10975849628448486 -0.2956939935684204 0.6968250274658203
v -0.09247150272130966 -0.30022600293159485 0.729574978351593
v -0.09247150272130966 -0.30022600293159485 0.729574978351593
v -0.09247150272130966 -0.274881511926651 0.7427399754524231
v -0.10975849628448486 -0.26741600036621094 0.7114499807357788
v -0.11893749982118607 -0.2253904938697815 0.6168249845504761
v -0.11893749982118607 -0.2561424970626831 0.6011149883270264
v -0.10975849628448486 -0.2956939935684204 0.6968250274658203
v -0.10975849628448486 -0.2956939935684204 0.6968250274658203
v -0.10975849628448486 -0.26741600036621094 0.7114499807357788
v -0.11893749982118607 -0.2253904938697815 0.6168249845504761
v -0.15618999302387238 -0.05483099818229675 0.23279449343681335
v -0.15618999302387238 -0.09562549740076065 0.2126920074224472
v -0.11893749982118607 -0.2561424970626831 0.6011149883270264
v -0.11893749982118607 -0.2561424970626831 0.6011149883270264
v -0.11893749982118607 -0.2253904938697815 0.6168249845504761
v -0.15618999302387238 -0.05483099818229675 0.23279449343681335
v -0.16270649433135986 -0.03171449899673462 0.1315225064754486
v -0.16270649433135986 -0.07853200286626816 0.1212494969367981
v -0.15618999302387238 -0.09562549740076065 0.2126920074224472
v -0.15618999302387238 -0.09562549740076065 0.2126920074224472
v -0.15618999302387238 -0.05483099818229675 0.23279449343681335
v -0.16270649433135986 -0.03171449899673462 0.1315225064754486
v -0.16865000128746033 -0.029720500111579895 0.059328000992536545
v -0.16865000128746033 -0.07811799645423889 0.05353349819779396
v -0.16270649433135986 -0.07853200286626816 0.1212494969367981
v -0.16270649433135986 -0.07853200286626816 0.1212494969367981
v -0.16270649433135986 -0.03171449899673462 0.1315225064754486
v -0.16865000128746033 -0.029720500111579895 0.059328000992536545
v -0.17337000370025635 -0.028137000277638435 0.0019954999443143606
v -0.17337000370025635 -0.07778999954462051 -0.00024249650596175343
v -0.16865000128746033 -0.07811799645423889 0.05353349819779396
v -0.16865000128746033 -0.07811799645423889 0.05353349819779396
v -0.16865000128746033 -0.029720500111579895 0.059328000992536545
v -0.17337000370025635 -0.028137000277638435 0.0019954999443143606
v -0.1770695000886917 -0.04284049943089485 -0.10275500267744064
v -0.1770695000886917 -0.0941149964928627 -0.10469099879264832
v -0.17337000370025635 -0.07778999954462051 -0.00024249650596175343
v -0.17337000370025635 -0.07778999954462051 -0.00024249650596175343
v -0.17337000370025635 -0.028137000277638435 0.0019954999443143606
v -0.1770695000886917 -0.04284049943089485 -0.10275500267744064
v -0.18073450028896332 -0.057406000792980194 -0.2065189927816391
v -0.18073450028896332 -0.11028649657964706 -0.20815549790859222
v -0.1770695000886917 -0.0941149964928627 -0.10469099879264832
v -0.1770695000886917 -0.0941149964928627 -0.10469099879264832
v -0.1770695000886917 -0.04284049943089485 -0.10275500267744064
v -0.18073450028896332 -0.057406000792980194 -0.2065189927816391
v -0.18872399628162384 -0.07950799912214279 -0.43272700905799866
v -0.18872399628162384 -0.13589049875736237 -0.4337104856967926
v -0.18073450028896332 -0.11028649657964706 -0.20815549790859222
v -0.18073450028896332 -0.11028649657964706 -0.20815549790859222
v -0.18073450028896332 -0.057406000792980194 -0.2065189927816391
v -0.18872399628162384 -0.07950799912214279 -0.43272700905799866
v -0.19547350704669952 -0.15084399282932281 -0.6124449968338013
v -0.18872399628162384 -0.13589049875736237 -0.4337104856967926
v -0.18872399628162384 -0.07950799912214279 -0.43272700905799866
v -0.18872399628162384 -0.07950799912214279 -0.43272700905799866
v -0.19547350704669952 -0.09269700199365616 -0.6215000152587891
v -0.19547350704669952 -0.15084399282932281 -0.6124449968338013
v -0.20229199528694153 -0.16595050692558289 -0.7930150032043457
v -0.19547350704669952 -0.15084399282932281 -0.6124449968338013
v -0.19547350704669952 -0.09269700199365616 -0.6215000152587891
v -0.19547350704669952 -0.09269700199365616 -0.6215000152587891
v -0.20229199528694153 -0.10602100193500519 -0.8122100234031677
v -0.20229199528694153 -0.16595050692558289 -0.7930150032043457

vn 1.7623300552368164 -0.002500270027667284 0.06297250092029572
vn 1.3699599504470825 -0.002202620031312108 0.0488675981760025
vn 0.84135502576828 -0.5304369926452637 0.10372500121593475
vn 0.84135502576828 -0.5304369926452637 0.10372500121593475
vn 0.8244990110397339 -0.5521829724311829 0.12367600202560425
vn 1.7623300552368164 -0.002500270027667284 0.06297250092029572
vn 0.9967889785766602 -0.017629100009799004 0.07811170071363449
vn 1.2949999570846558 -0.04164139926433563 0.08450180292129517
vn 1.8876399993896484 -0.05246639996767044 0.12985199689865112
vn 1.8876399993896484 -0.05246639996767044 0.12985199689865112
vn 0.8478440046310425 -0.5287669897079468 0.03956940025091171
vn 0.9967889785766602 -0.017629100009799004 0.07811170071363449
vn 1.6762299537658691 -0.024288900196552277 0.15346400439739227
vn 0.9967889785766602 -0.017629100009799004 0.07811170071363449
vn 0.8478440046310425 -0.5287669897079468 0.03956940025091171
vn 0.8478440046310425 -0.5287669897079468 0.03956940025091171
vn 0.8283259868621826 -0.5541189908981323 0.08263400197029114
vn 1.6762299537658691 -0.024288900196552277 0.15346400439739227
vn 1.6355799436569214 -0.4178439974784851 0.8062589764595032
vn 0.6510679721832275 -0.36373600363731384 0.6661880016326904
vn 0.6681849956512451 -0.5771579742431641 0.4694870114326477
vn 0.6681849956512451 -0.5771579742431641 0.4694870114326477
vn 1.0392600297927856 -0.26524999737739563 0.512686014175415
vn 1.6355799436569214 -0.4178439974784851 0.8062589764595032
vn 1.498710036277771 0.007073480170220137 0.05855749920010567
vn 1.4688999652862549 -0.0009695059852674603 0.055550798773765564
vn 0.8247479796409607 -0.5570350289344788 0.09748339653015137
vn 0.8247479796409607 -0.5570350289344788 0.09748339653015137
vn 0.8428249955177307 -0.5313199758529663 0.08570989966392517
vn 1.498710036277771 0.007073480170220137 0.05855749920010567
vn 0.8758130073547363 -0.21362900733947754 0.43279799818992615
vn 0.8758130073547363 -0.21362900733947754 0.43279799818992615
vn 0.8758130073547363 -0.21362900733947754 0.43279799818992615
vn 0.8758130073547363 -0.21362900733947754 0.43279799818992615
vn 0.8758500218391418 -0.2135629951953888 0.4327560067176819
vn 0.8758130073547363 -0.21362900733947754 0.43279799818992615
vn 0.9988269805908203 -0.021404799073934555 0.04343640059232712
vn 0.9988269805908203 -0.021404799073934555 0.043436501175165176
vn 0.9988269805908203 -0.021404799073934555 0.043436501175165176
vn 0.9988269805908203 -0.021404799073934555 0.043436501175165176
vn 0.9991909861564636 -0.008620140142738819 0.03928529843688011
vn 0.9988269805908203 -0.021404799073934555 0.04343640059232712
vn 0.9981639981269836 -0.012982700020074844 0.05916709825396538
vn 0.9991909861564636 -0.008620140142738819 0.03928529843688011
vn 0.9988269805908203 -0.021404799073934555 0.043436501175165176
vn 0.9988269805908203 -0.021404799073934555 0.043436501175165176
vn 0.9976059794425964 -0.008220249786973 0.06865839660167694
vn 0.9981639981269836 -0.012982700020074844 0.05916709825396538
vn 0.9995219707489014 0.004760880023241043 0.030537400394678116
vn 0.9995219707489014 0.004760880023241043 0.030537400394678116
vn 0.9995219707489014 0.004760880023241043 0.030537400394678116
vn 0.9995219707489014 0.004760880023241043 0.030537400394678116
vn 0.8891909718513489 -0.001220869948156178 0.03251250088214874
vn 0.9995219707489014 0.004760880023241043 0.030537400394678116
vn 0.6872209906578064 -0.0004189560131635517 0.024007199332118034
vn 1.5368000268936157 -0.0009368910104967654 0.05368629842996597
vn 0.9993900060653687 -0.0006092650000937283 0.03491250053048134
vn 0.9993900060653687 -0.0006092650000937283 0.03491250053048134
vn 0.9994120001792908 -0.0014248499646782875 0.03426399827003479
vn 0.6872209906578064 -0.0004189560131635517 0.024007199332118034
vn 0.19974400103092194 0.9797859787940979 0.011058899573981762
vn 0.20608000457286835 0.9784759879112244 0.010786700062453747
vn 0.29541099071502686 0.9552559852600098 0.01475489977747202
vn 0.29541099071502686 0.9552559852600098 0.01475489977747202
vn 0.2866789996623993 0.9579079747200012 0.015096600167453289
vn 0.19974400103092194 0.9797859787940979 0.011058899573981762
vn 0.5058010220527649 1.5105799436569214 0.020182499662041664
vn 0.31303200125694275 0.9496300220489502 0.014610099606215954
vn 0.21890699863433838 0.9756870269775391 0.010670600458979607
vn 0.21890699863433838 0.9756870269775391 0.010670600458979607
vn 0.9054970145225525 4.584219932556152 0.24993500113487244
vn 0.5058010220527649 1.5105799436569214 0.020182499662041664
vn 0.31366801261901855 0.9043290019035339 0.28948700428009033
vn 0.47113698720932007 1.425719976425171 0.2245510071516037
vn 0.9643610119819641 4.579969882965088 0.7172200083732605
vn 0.9643610119819641 4.579969882965088 0.7172200083732605
vn 0.2314780056476593 0.9264129996299744 0.29694700241088867
vn 0.31366801261901855 0.9043290019035339 0.28948700428009033
vn 0.32646799087524414 0.7959809899330139 0.509738028049469
vn 0.31366801261901855 0.9043290019035339 0.28948700428009033
vn 0.2314780056476593 0.9264129996299744 0.29694700241088867
vn 0.2314780056476593 0.9264129996299744 0.29694700241088867
vn 0.23103199899196625 0.8228899836540222 0.5191109776496887
vn 0.32646799087524414 0.7959809899330139 0.509738028049469
vn 0.1699579954147339 0.23017099499702454 0.9581940174102783
vn 0.39527401328086853 0.374004989862442 0.8389750123023987
vn 0.4253680109977722 0.5440179705619812 0.7232609987258911
vn 0.4253680109977722 0.5440179705619812 0.7232609987258911
vn 0.3083919882774353 0.6110470294952393 0.7290509939193726
vn 0.1699579954147339 0.23017099499702454 0.9581940174102783
vn 0.8758130073547363 -0.21362900733947754 0.43279799818992615
vn 0.3567590117454529 -0.3635129928588867 0.764307975769043
vn 0.4376470148563385 -0.44593098759651184 0.9375979900360107
vn 0.4376470148563385 -0.44593098759651184 0.9375979900360107
vn 0.44968798756599426 -0.260560005903244 0.8606929779052734
vn 0.8758130073547363 -0.21362900733947754 0.43279799818992615
vn 0.8758130073547363 -0.21362900733947754 0.43279799818992615
vn 0.8114719986915588 -0.6546710133552551 1.1310900449752808
vn 0.39510899782180786 -0.31876200437545776 0.5507349967956543
vn 0.39510899782180786 -0.31876200437545776 0.5507349967956543
vn 0.5339459776878357 -0.43641799688339233 0.826321005821228
vn 0.8758130073547363 -0.21362900733947754 0.43279799818992615
vn 0.4772830009460449 -0.8766390085220337 -0.060860298573970795
vn 0.42410799860954285 -0.8927789926528931 0.15191300213336945
vn 0.19566799700260162 -0.924705982208252 0.3265480101108551
vn 0.19566799700260162 -0.924705982208252 0.3265480101108551
vn 0.2997109889984131 -0.9462550282478333 -0.12155000120401382
vn 0.4772830009460449 -0.8766390085220337 -0.060860298573970795
vn 0.41679999232292175 -0.9085999727249146 -0.02692130021750927
vn 0.677793025970459 -1.3822200298309326 -0.14689500629901886
vn 0.2861599922180176 -0.9316800236701965 -0.22379499673843384
vn 0.2861599922180176 -0.9316800236701965 -0.22379499673843384
vn 0.24839599430561066 -0.9675400257110596 -0.046530500054359436
vn 0.41679999232292175 -0.9085999727249146 -0.02692130021750927
vn 0.3923240005970001 -0.9190970063209534 0.03663180023431778
vn 0.41679999232292175 -0.9085999727249146 -0.02692130021750927
vn 0.24839599430561066 -0.9675400257110596 -0.046530500054359436
vn 0.24839599430561066 -0.9675400257110596 -0.046530500054359436
vn 0.24082399904727936 -0.9702960252761841 0.02299549989402294
vn 0.3923240005970001 -0.9190970063209534 0.03663180023431778
vn 0.3670549988746643 -0.9150040149688721 0.16744700074195862
vn 0.3781299889087677 -0.9196479916572571 0.10613799840211868
vn 0.2472189962863922 -0.9640529751777649 0.0973924994468689
vn 0.2472189962863922 -0.9640529751777649 0.0973924994468689
vn 0.23588000237941742 -0.9568949937820435 0.16945099830627441
vn 0.3670549988746643 -0.9150040149688721 0.16744700074195862
vn 0.4177750051021576 -0.90174800157547 0.11097200214862823
vn 0.41920700669288635 -0.9014859795570374 0.10764999687671661
vn 0.37288400530815125 -0.9189850091934204 0.12815900146961212
vn 0.37288400530815125 -0.9189850091934204 0.12815900146961212
vn 0.3705750107765198 -0.9193540215492249 0.13214799761772156
vn 0.4177750051021576 -0.90174800157547 0.11097200214862823
vn 0.011784500442445278 -0.36114200949668884 -0.9324359893798828
vn 0.01779250055551529 -0.35560500621795654 -0.9344670176506042
vn 0.023287799209356308 -0.7022179961204529 -1.8150800466537476
vn 0.023287799209356308 -0.7022179961204529 -1.8150800466537476
vn -0.14143800735473633 0.3420189917087555 -0.928987979888916
vn 0.011784500442445278 -0.36114200949668884 -0.9324359893798828
vn -0.030247200280427933 0.1479959934949875 -1.7285399436950684
vn -0.002194700064137578 -0.008270399644970894 -0.9999629855155945
vn -0.001983929891139269 -0.008940880186855793 -0.9999579787254333
vn -0.001983929891139269 -0.008940880186855793 -0.9999579787254333
vn 0.00034367499756626785 0.21696700155735016 -0.9761790037155151
vn -0.030247200280427933 0.1479959934949875 -1.7285399436950684
vn 0 0.999970018863678 0.007768840063363314
vn 0 0.999970018863678 0.007691219914704561
vn 0.20608000457286835 0.9784759879112244 0.010786700062453747
vn 0.20608000457286835 0.9784759879112244 0.010786700062453747
vn 0.19974400103092194 0.9797859787940979 0.011058899573981762
vn 0 0.999970018863678 0.007768840063363314
vn 0.9054970145225525 4.584219932556152 0.24993500113487244
vn 0.21890699863433838 0.9756870269775391 0.010670600458979607
vn 0 0.9999719858169556 0.007445290219038725
vn 0 0.9999719858169556 0.007445290219038725
vn 0 0.9976660013198853 0.06828950345516205
vn 0.9054970145225525 4.584219932556152 0.24993500113487244
vn 0.2314780056476593 0.9264129996299744 0.29694700241088867
vn 0.9643610119819641 4.579969882965088 0.7172200083732605
vn 0 0.989063024520874 0.147490993142128
vn 0 0.989063024520874 0.147490993142128
vn 0 0.954774022102356 0.2973330020904541
vn 0.2314780056476593 0.9264129996299744 0.29694700241088867
vn 0.23103199899196625 0.8228899836540222 0.5191109776496887
vn 0.2314780056476593 0.9264129996299744 0.29694700241088867
vn 0 0.954774022102356 0.2973330020904541
vn 0 0.954774022102356 0.2973330020904541
vn 0 0.8451740145683289 0.5344910025596619
vn 0.23103199899196625 0.8228899836540222 0.5191109776496887
vn 0.1699579954147339 0.23017099499702454 0.9581940174102783
vn 0.3083919882774353 0.6110470294952393 0.7290509939193726
vn 0 0.6139810085296631 0.7893210053443909
vn 0 0.6139810085296631 0.7893210053443909
vn 0 0.07797270268201828 0.9969559907913208
vn 0.1699579954147339 0.23017099499702454 0.9581940174102783
vn 0.44968798756599426 -0.260560005903244 0.8606929779052734
vn 0.4376470148563385 -0.44593098759651184 0.9375979900360107
vn 0 -0.22260600328445435 0.9749079942703247
vn 0 -0.22260600328445435 0.9749079942703247
vn 0 -0.36244601011276245 0.932004988193512
vn 0.44968798756599426 -0.260560005903244 0.8606929779052734
vn 0.19566799700260162 -0.924705982208252 0.3265480101108551
vn 0.1331229954957962 -0.6202229857444763 0.7730469703674316
vn 0 -0.6529480218887329 0.7574030160903931
vn 0 -0.6529480218887329 0.7574030160903931
vn 0 -0.9102110266685486 0.41414499282836914
vn 0.19566799700260162 -0.924705982208252 0.3265480101108551
vn 0.19566799700260162 -0.924705982208252 0.3265480101108551
vn 0 -0.9102110266685486 0.41414499282836914
vn 0 -0.991686999797821 -0.12867499887943268
vn 0 -0.991686999797821 -0.12867499887943268
vn 0.2997109889984131 -0.9462550282478333 -0.12155000120401382
vn 0.19566799700260162 -0.924705982208252 0.3265480101108551
vn 0.2861599922180176 -0.9316800236701965 -0.22379499673843384
vn 0 -0.9647279977798462 -0.2632499933242798
vn 0 -0.9971290230751038 -0.07572139799594879
vn 0 -0.9971290230751038 -0.07572139799594879
vn 0.24839599430561066 -0.9675400257110596 -0.046530500054359436
vn 0.2861599922180176 -0.9316800236701965 -0.22379499673843384
vn 0 -0.9991919994354248 0.040195900946855545
vn 0.24082399904727936 -0.9702960252761841 0.02299549989402294
vn 0.24839599430561066 -0.9675400257110596 -0.046530500054359436
vn 0.24839599430561066 -0.9675400257110596 -0.046530500054359436
vn 0 -0.9971290230751038 -0.07572139799594879
vn 0 -0.9991919994354248 0.040195900946855545
vn 0 -0.9853900074958801 0.1703149974346161
vn 0.23588000237941742 -0.9568949937820435 0.16945099830627441
vn 0.2472189962863922 -0.9640529751777649 0.0973924994468689
vn 0.2472189962863922 -0.9640529751777649 0.0973924994468689
vn 0 -0.9937160015106201 0.11192700266838074
vn 0 -0.9853900074958801 0.1703149974346161
vn 0.1089320033788681 -0.9378039836883545 0.3296310007572174
vn 0.1087149977684021 -0.8869029879570007 0.4489800035953522
vn 0 -0.8934770226478577 0.4491089880466461
vn 0 -0.8934770226478577 0.4491089880466461
vn 0 -0.9443190097808838 0.3290320038795471
vn 0.1089320033788681 -0.9378039836883545 0.3296310007572174
vn 0 -0.35486000776290894 -0.9349200129508972
vn 0.011784500442445278 -0.36114200949668884 -0.9324359893798828
vn -0.14143800735473633 0.3420189917087555 -0.928987979888916
vn -0.14143800735473633 0.3420189917087555 -0.928987979888916
vn 0 0.36187300086021423 -0.9322270154953003
vn 0 -0.35486000776290894 -0.9349200129508972
vn 0.00034367499756626785 0.21696700155735016 -0.9761790037155151
vn -0.001983929891139269 -0.008940880186855793 -0.9999579787254333
vn 0 -0.009221450425684452 -0.9999579787254333
vn 0 -0.009221450425684452 -0.9999579787254333
vn 0 0.20581400394439697 -0.9785910248756409
vn 0.00034367499756626785 0.21696700155735016 -0.9761790037155151
vn 0.011355199851095676 0.3280549943447113 -0.9445899724960327
vn -0.030247200280427933 0.1479959934949875 -1.7285399436950684
vn 0.00034367499756626785 0.21696700155735016 -0.9761790037155151
vn 0.00034367499756626785 0.21696700155735016 -0.9761790037155151
vn 0.011997600086033344 0.3298650085926056 -0.9439520239830017
vn 0.011355199851095676 0.3280549943447113 -0.9445899724960327
vn 0.011997600086033344 0.3298650085926056 -0.9439520239830017
vn 0.00034367499756626785 0.21696700155735016 -0.9761790037155151
vn 0 0.20581400394439697 -0.9785910248756409
vn 0 0.20581400394439697 -0.9785910248756409
vn 0 0.31810998916625977 -0.9480540156364441
vn 0.011997600086033344 0.3298650085926056 -0.9439520239830017
vn 0.1699579954147339 0.23017099499702454 0.9581940174102783
vn 0 0.07797270268201828 0.9969559907913208
vn 0 -0.22260600328445435 0.9749079942703247
vn 0 -0.22260600328445435 0.9749079942703247
vn 0.4376470148563385 -0.44593098759651184 0.9375979900360107
vn 0.1699579954147339 0.23017099499702454 0.9581940174102783
vn 0.4376470148563385 -0.44593098759651184 0.9375979900360107
vn 0.3567590117454529 -0.3635129928588867 0.764307975769043
vn 0.39527401328086853 0.374004989862442 0.8389750123023987
vn 0.39527401328086853 0.374004989862442 0.8389750123023987
vn 0.1699579954147339 0.23017099499702454 0.9581940174102783
vn 0.4376470148563385 -0.44593098759651184 0.9375979900360107
vn 0.3567590117454529 -0.3635129928588867 0.764307975769043
vn 0.8758130073547363 -0.21362900733947754 0.43279799818992615
vn 0.8758500218391418 -0.2135629951953888 0.4327560067176819
vn 0.8758500218391418 -0.2135629951953888 0.4327560067176819
vn 0.9616119861602783 -0.22983799874782562 0.4814540147781372
vn 0.3567590117454529 -0.3635129928588867 0.764307975769043
vn 0.9823769927024841 -0.017055299133062363 0.03460979834198952
vn 0.9988269805908203 -0.021404799073934555 0.04343640059232712
vn 0.9991909861564636 -0.008620140142738819 0.03928529843688011
vn 0.9991909861564636 -0.008620140142738819 0.03928529843688011
vn 1.3327499628067017 -0.009923060424625874 0.04522370174527168
vn 0.9823769927024841 -0.017055299133062363 0.03460979834198952
vn 1.3327499628067017 -0.009923060424625874 0.04522370174527168
vn 0.9991909861564636 -0.008620140142738819 0.03928529843688011
vn 0.9980859756469727 -0.013252600096166134 0.06039790064096451
vn 0.9994000196456909 -0.0013074500020593405 0.03462349995970726
vn 0.9994009733200073 -0.0015158300520852208 0.034573301672935486
vn 0.9993979930877686 -0.0014802600489929318 0.03466790169477463
vn 0.9993979930877686 -0.0014802600489929318 0.03466790169477463
vn 0.8891909718513489 -0.001220869948156178 0.03251250088214874
vn 0.9994000196456909 -0.0013074500020593405 0.03462349995970726
vn 0.9993039965629578 -0.005921709816902876 0.03682110086083412
vn 0.9993469715118408 -0.0009663180098868906 0.03612149879336357
vn 1.5368000268936157 -0.0009368910104967654 0.05368629842996597
vn 1.5368000268936157 -0.0009368910104967654 0.05368629842996597
vn 0.6872209906578064 -0.0004189560131635517 0.024007199332118034
vn 0.9993039965629578 -0.005921709816902876 0.03682110086083412
vn -0.001983929891139269 -0.008940880186855793 -0.9999579787254333
vn -0.002194700064137578 -0.008270399644970894 -0.9999629855155945
vn -0.08209069818258286 -0.31731700897216797 -3.1244399547576904
vn -0.08209069818258286 -0.31731700897216797 -3.1244399547576904
vn 0.0017930800095200539 -0.24408000707626343 -0.9697530269622803
vn -0.001983929891139269 -0.008940880186855793 -0.9999579787254333
vn -0.001983929891139269 -0.008940880186855793 -0.9999579787254333
vn 0.0017930800095200539 -0.24408000707626343 -0.9697530269622803
vn 0 -0.23282399773597717 -0.9725189805030823
vn 0 -0.23282399773597717 -0.9725189805030823
vn 0 -0.009221450425684452 -0.9999579787254333
vn -0.001983929891139269 -0.008940880186855793 -0.9999579787254333
vn 0.8114719986915588 -0.6546710133552551 1.1310900449752808
vn 0 -0.4673140048980713 0.8840910196304321
vn 0 -0.5598130226135254 0.8286190032958984
vn 0 -0.5598130226135254 0.8286190032958984
vn 0.39510899782180786 -0.31876200437545776 0.5507349967956543
vn 0.8114719986915588 -0.6546710133552551 1.1310900449752808
vn 0.8758130073547363 -0.21362900733947754 0.43279799818992615
vn 0.8758130073547363 -0.21362900733947754 0.43279799818992615
vn 0.5339459776878357 -0.43641799688339233 0.826321005821228
vn 0.5339459776878357 -0.43641799688339233 0.826321005821228
vn 1.1825799942016602 -0.30451101064682007 0.5806919932365417
vn 0.8758130073547363 -0.21362900733947754 0.43279799818992615
vn 0.9988269805908203 -0.021404799073934555 0.043436501175165176
vn 1.792680025100708 -0.05024050176143646 0.10388399660587311
vn 0.7311440110206604 -0.020490599796175957 0.04236939921975136
vn 0.7311440110206604 -0.020490599796175957 0.04236939921975136
vn 0.9988269805908203 -0.021404799073934555 0.043436501175165176
vn 0.9988269805908203 -0.021404799073934555 0.043436501175165176
vn 0.9976059794425964 -0.008220249786973 0.06865839660167694
vn 0.9988269805908203 -0.021404799073934555 0.043436501175165176
vn 0.7311440110206604 -0.020490599796175957 0.04236939921975136
vn 0.7311440110206604 -0.020490599796175957 0.04236939921975136
vn 1.4745299816131592 -0.014486299827694893 0.1209930032491684
vn 0.9976059794425964 -0.008220249786973 0.06865839660167694
vn 0.9995219707489014 0.004760880023241043 0.030537400394678116
vn 0.9995219707489014 0.004760880023241043 0.030537400394678116
vn 0.9995250105857849 0.0009184820228256285 0.03080430068075657
vn 0.9995250105857849 0.0009184820228256285 0.03080430068075657
vn 0.9996219873428345 -0.001026649959385395 0.02746959961950779
vn 0.9995219707489014 0.004760880023241043 0.030537400394678116
vn 0.9994120001792908 -0.0014248499646782875 0.03426399827003479
vn 0.9993900060653687 -0.0006092650000937283 0.03491250053048134
vn 0.8979139924049377 -0.0005367730045691133 0.03075459972023964
vn 0.8979139924049377 -0.0005367730045691133 0.03075459972023964
vn 1.5317100286483765 0.0017286499496549368 0.05464579910039902
vn 0.9994120001792908 -0.0014248499646782875 0.03426399827003479
vn 0.8758500218391418 -0.2135629951953888 0.4327560067176819
vn 0.8758130073547363 -0.21362900733947754 0.43279799818992615
vn 0.9961320161819458 -0.03888839855790138 0.0788016989827156
vn 0.9961320161819458 -0.03888839855790138 0.0788016989827156
vn 0.9961320161819458 -0.038878198713064194 0.07880000025033951
vn 0.8758500218391418 -0.2135629951953888 0.4327560067176819
vn 0.9961320161819458 -0.03888839855790138 0.0788016989827156
vn 0.8758130073547363 -0.21362900733947754 0.43279799818992615
vn 1.1825799942016602 -0.30451101064682007 0.5806919932365417
vn 1.1825799942016602 -0.30451101064682007 0.5806919932365417
vn 1.5086899995803833 -0.06118910014629364 0.11917400360107422
vn 0.9961320161819458 -0.03888839855790138 0.0788016989827156
vn 1.6444599628448486 -0.06674659997224808 0.1303340047597885
vn 1.6355799436569214 -0.4178439974784851 0.8062589764595032
vn 1.0392600297927856 -0.26524999737739563 0.512686014175415
vn 1.0392600297927856 -0.26524999737739563 0.512686014175415
vn 0.8616359829902649 -0.4951159954071045 -0.11155299842357635
vn 1.6444599628448486 -0.06674659997224808 0.1303340047597885
vn 0.8225640058517456 -1.3259400129318237 -0.45124301314353943
vn 0.4772830009460449 -0.8766390085220337 -0.060860298573970795
vn 0.2997109889984131 -0.9462550282478333 -0.12155000120401382
vn 0.2997109889984131 -0.9462550282478333 -0.12155000120401382
vn 0.3388350009918213 -0.8864189982414246 -0.31536099314689636
vn 0.8225640058517456 -1.3259400129318237 -0.45124301314353943
vn 0.2997109889984131 -0.9462550282478333 -0.12155000120401382
vn 0 -0.991686999797821 -0.12867499887943268
vn 0 -0.9411090016365051 -0.3381040096282959
vn 0 -0.9411090016365051 -0.3381040096282959
vn 0.3388350009918213 -0.8864189982414246 -0.31536099314689636
vn 0.2997109889984131 -0.9462550282478333 -0.12155000120401382
vn 0.3083919882774353 0.6110470294952393 0.7290509939193726
vn 0.29978299140930176 0.7459009885787964 0.5947790145874023
vn 0.2816399931907654 1.2171499729156494 0.9521700143814087
vn 0.2816399931907654 1.2171499729156494 0.9521700143814087
vn 0 0.6139810085296631 0.7893210053443909
vn 0.3083919882774353 0.6110470294952393 0.7290509939193726
vn 0.4243350028991699 0.6976730227470398 0.5772280097007751
vn 0.29978299140930176 0.7459009885787964 0.5947790145874023
vn 0.3083919882774353 0.6110470294952393 0.7290509939193726
vn 0.3083919882774353 0.6110470294952393 0.7290509939193726
vn 0.4253680109977722 0.5440179705619812 0.7232609987258911
vn 0.4243350028991699 0.6976730227470398 0.5772280097007751
vn 0.9616119861602783 -0.22983799874782562 0.4814540147781372
vn 0.8758500218391418 -0.2135629951953888 0.4327560067176819
vn 0.9961320161819458 -0.038878198713064194 0.07880000025033951
vn 0.9961320161819458 -0.038878198713064194 0.07880000025033951
vn 1.3531800508499146 -0.05199839919805527 0.10788799822330475
vn 0.9616119861602783 -0.22983799874782562 0.4814540147781372
vn 0.1331229954957962 -0.6202229857444763 0.7730469703674316
vn 0.19566799700260162 -0.924705982208252 0.3265480101108551
vn 0.42410799860954285 -0.8927789926528931 0.15191300213336945
vn 0.42410799860954285 -0.8927789926528931 0.15191300213336945
vn 0.6681849956512451 -0.5771579742431641 0.4694870114326477
vn 0.1331229954957962 -0.6202229857444763 0.7730469703674316
vn 0.44968798756599426 -0.260560005903244 0.8606929779052734
vn 0.8114719986915588 -0.6546710133552551 1.1310900449752808
vn 0.8758130073547363 -0.21362900733947754 0.43279799818992615
vn 0.8758130073547363 -0.21362900733947754 0.43279799818992615
vn 0.8758130073547363 -0.21362900733947754 0.43279799818992615
vn 0.44968798756599426 -0.260560005903244 0.8606929779052734
vn 0.8114719986915588 -0.6546710133552551 1.1310900449752808
vn 0.44968798756599426 -0.260560005903244 0.8606929779052734
vn 0 -0.36244601011276245 0.932004988193512
vn 0 -0.36244601011276245 0.932004988193512
vn 0 -0.4673140048980713 0.8840910196304321
vn 0.8114719986915588 -0.6546710133552551 1.1310900449752808
vn 0.6510679721832275 -0.36373600363731384 0.6661880016326904
vn 0.19442200660705566 -0.5913950204849243 0.7825930118560791
vn 0.1331229954957962 -0.6202229857444763 0.7730469703674316
vn 0.1331229954957962 -0.6202229857444763 0.7730469703674316
vn 0.6681849956512451 -0.5771579742431641 0.4694870114326477
vn 0.6510679721832275 -0.36373600363731384 0.6661880016326904
vn 0.19442200660705566 -0.5913950204849243 0.7825930118560791
vn 0 -0.61598801612854 0.7877560257911682
vn 0 -0.6529480218887329 0.7574030160903931
vn 0 -0.6529480218887329 0.7574030160903931
vn 0.1331229954957962 -0.6202229857444763 0.7730469703674316
vn 0.19442200660705566 -0.5913950204849243 0.7825930118560791
vn 1.5368000268936157 -0.0009368910104967654 0.05368629842996597
vn 1.5102900266647339 -0.0016082399524748325 0.052521999925374985
vn 0.9993950128555298 -0.0010642099659889936 0.03475499898195267
vn 0.9993950128555298 -0.0010642099659889936 0.03475499898195267
vn 0.9993900060653687 -0.0006092650000937283 0.03491250053048134
vn 1.5368000268936157 -0.0009368910104967654 0.05368629842996597
vn 0.9993900060653687 -0.0006092650000937283 0.03491250053048134
vn 0.9993950128555298 -0.0010642099659889936 0.03475499898195267
vn 1.021299958229065 -0.0010877699824050069 0.03583399951457977
vn 1.021299958229065 -0.0010877699824050069 0.03583399951457977
vn 0.8979139924049377 -0.0005367730045691133 0.03075459972023964
vn 0.9993900060653687 -0.0006092650000937283 0.03491250053048134
vn 1.4688999652862549 -0.0009695059852674603 0.055550798773765564
vn 0.9993669986724854 -0.0010998599464073777 0.03554530069231987
vn 0.8197569847106934 -0.5613309741020203 0.11360599845647812
vn 0.8197569847106934 -0.5613309741020203 0.11360599845647812
vn 0.8247479796409607 -0.5570350289344788 0.09748339653015137
vn 1.4688999652862549 -0.0009695059852674603 0.055550798773765564
vn 0.3705750107765198 -0.9193540215492249 0.13214799761772156
vn 0.37288400530815125 -0.9189850091934204 0.12815900146961212
vn 0.362278014421463 -0.9198319911956787 0.15054400265216827
vn 0.362278014421463 -0.9198319911956787 0.15054400265216827
vn 0.23283399641513824 -0.9414209723472595 0.2439579963684082
vn 0.3705750107765198 -0.9193540215492249 0.13214799761772156
vn 0.1087149977684021 -0.8869029879570007 0.4489800035953522
vn 0.23283399641513824 -0.9414209723472595 0.2439579963684082
vn 0 -0.9410390257835388 0.3382990062236786
vn 0 -0.9410390257835388 0.3382990062236786
vn 0 -0.8934770226478577 0.4491089880466461
vn 0.1087149977684021 -0.8869029879570007 0.4489800035953522
vn 0.214711993932724 0.9766209721565247 0.010490999557077885
vn 0.20608000457286835 0.9784759879112244 0.010786700062453747
vn 0 0.999970018863678 0.007691219914704561
vn 0 0.999970018863678 0.007691219914704561
vn 0 0.9999719858169556 0.0074240597896277905
vn 0.214711993932724 0.9766209721565247 0.010490999557077885
vn 0.3072719871997833 0.9515129923820496 0.014381200075149536
vn 0.29541099071502686 0.9552559852600098 0.01475489977747202
vn 0.20608000457286835 0.9784759879112244 0.010786700062453747
vn 0.20608000457286835 0.9784759879112244 0.010786700062453747
vn 0.214711993932724 0.9766209721565247 0.010490999557077885
vn 0.3072719871997833 0.9515129923820496 0.014381200075149536
vn 0.9993469715118408 -0.0009663180098868906 0.03612149879336357
vn 0.9994000196456909 -0.0010701699648052454 0.03461579978466034
vn 1.5102900266647339 -0.0016082399524748325 0.052521999925374985
vn 1.5102900266647339 -0.0016082399524748325 0.052521999925374985
vn 1.5368000268936157 -0.0009368910104967654 0.05368629842996597
vn 0.9993469715118408 -0.0009663180098868906 0.03612149879336357
vn 0.9993950128555298 -0.0010642099659889936 0.03475499898195267
vn 0.9995219707489014 0.004760880023241043 0.030537400394678116
vn 0.9996219873428345 -0.001026649959385395 0.02746959961950779
vn 0.9996219873428345 -0.001026649959385395 0.02746959961950779
vn 1.021299958229065 -0.0010877699824050069 0.03583399951457977
vn 0.9993950128555298 -0.0010642099659889936 0.03475499898195267
vn 0.9993669986724854 -0.0010998599464073777 0.03554530069231987
vn 1.7623300552368164 -0.002500270027667284 0.06297250092029572
vn 0.8244990110397339 -0.5521829724311829 0.12367600202560425
vn 0.8244990110397339 -0.5521829724311829 0.12367600202560425
vn 0.8197569847106934 -0.5613309741020203 0.11360599845647812
vn 0.9993669986724854 -0.0010998599464073777 0.03554530069231987
vn 0.362278014421463 -0.9198319911956787 0.15054400265216827
vn 0.3670549988746643 -0.9150040149688721 0.16744700074195862
vn 0.23588000237941742 -0.9568949937820435 0.16945099830627441
vn 0.23588000237941742 -0.9568949937820435 0.16945099830627441
vn 0.23283399641513824 -0.9414209723472595 0.2439579963684082
vn 0.362278014421463 -0.9198319911956787 0.15054400265216827
vn 0 -0.9410390257835388 0.3382990062236786
vn 0.23283399641513824 -0.9414209723472595 0.2439579963684082
vn 0.23588000237941742 -0.9568949937820435 0.16945099830627441
vn 0.23588000237941742 -0.9568949937820435 0.16945099830627441
vn 0 -0.9853900074958801 0.1703149974346161
vn 0 -0.9410390257835388 0.3382990062236786
vn 0.21890699863433838 0.9756870269775391 0.010670600458979607
vn 0.214711993932724 0.9766209721565247 0.010490999557077885
vn 0 0.9999719858169556 0.0074240597896277905
vn 0 0.9999719858169556 0.0074240597896277905
vn 0 0.9999719858169556 0.007445290219038725
vn 0.21890699863433838 0.9756870269775391 0.010670600458979607
vn 0.31303200125694275 0.9496300220489502 0.014610099606215954
vn 0.3072719871997833 0.9515129923820496 0.014381200075149536
vn 0.214711993932724 0.9766209721565247 0.010490999557077885
vn 0.214711993932724 0.9766209721565247 0.010490999557077885
vn 0.21890699863433838 0.9756870269775391 0.010670600458979607
vn 0.31303200125694275 0.9496300220489502 0.014610099606215954
vn 0.9994000196456909 -0.0010701699648052454 0.03461579978466034
vn 0.9994000196456909 -0.0013074500020593405 0.03462349995970726
vn 0.8891909718513489 -0.001220869948156178 0.03251250088214874
vn 0.8891909718513489 -0.001220869948156178 0.03251250088214874
vn 1.5102900266647339 -0.0016082399524748325 0.052521999925374985
vn 0.9994000196456909 -0.0010701699648052454 0.03461579978466034
vn 1.5102900266647339 -0.0016082399524748325 0.052521999925374985
vn 0.8891909718513489 -0.001220869948156178 0.03251250088214874
vn 0.9995219707489014 0.004760880023241043 0.030537400394678116
vn 0.9995219707489014 0.004760880023241043 0.030537400394678116
vn 0.9993950128555298 -0.0010642099659889936 0.03475499898195267
vn 1.5102900266647339 -0.0016082399524748325 0.052521999925374985
vn 0.9976059794425964 -0.008220430463552475 0.06865870207548141
vn 0.9976059794425964 -0.008220249786973 0.06865839660167694
vn 1.4745299816131592 -0.014486299827694893 0.1209930032491684
vn 1.4745299816131592 -0.014486299827694893 0.1209930032491684
vn 1.5481899976730347 -0.0057380301877856255 0.1272989958524704
vn 0.9976059794425964 -0.008220430463552475 0.06865870207548141
vn 1.3699599504470825 -0.002202620031312108 0.0488675981760025
vn 1.6762299537658691 -0.024288900196552277 0.15346400439739227
vn 0.8283259868621826 -0.5541189908981323 0.08263400197029114
vn 0.8283259868621826 -0.5541189908981323 0.08263400197029114
vn 0.84135502576828 -0.5304369926452637 0.10372500121593475
vn 1.3699599504470825 -0.002202620031312108 0.0488675981760025
vn 0.2472189962863922 -0.9640529751777649 0.0973924994468689
vn 0.3781299889087677 -0.9196479916572571 0.10613799840211868
vn 0.3923240005970001 -0.9190970063209534 0.03663180023431778
vn 0.3923240005970001 -0.9190970063209534 0.03663180023431778
vn 0.24082399904727936 -0.9702960252761841 0.02299549989402294
vn 0.2472189962863922 -0.9640529751777649 0.0973924994468689
vn 0 -0.9937160015106201 0.11192700266838074
vn 0.2472189962863922 -0.9640529751777649 0.0973924994468689
vn 0.24082399904727936 -0.9702960252761841 0.02299549989402294
vn 0.24082399904727936 -0.9702960252761841 0.02299549989402294
vn 0 -0.9991919994354248 0.040195900946855545
vn 0 -0.9937160015106201 0.11192700266838074
vn 0.9054970145225525 4.584219932556152 0.24993500113487244
vn 0 0.9976660013198853 0.06828950345516205
vn 0 0.989063024520874 0.147490993142128
vn 0 0.989063024520874 0.147490993142128
vn 0.9643610119819641 4.579969882965088 0.7172200083732605
vn 0.9054970145225525 4.584219932556152 0.24993500113487244
vn 0.47113698720932007 1.425719976425171 0.2245510071516037
vn 0.5058010220527649 1.5105799436569214 0.020182499662041664
vn 0.9054970145225525 4.584219932556152 0.24993500113487244
vn 0.9054970145225525 4.584219932556152 0.24993500113487244
vn 0.9643610119819641 4.579969882965088 0.7172200083732605
vn 0.47113698720932007 1.425719976425171 0.2245510071516037
vn 0.42609500885009766 -0.0029560800176113844 0.024689700454473495
vn 0.9983019828796387 -0.006925819907337427 0.05784570053219795
vn 0.9983019828796387 -0.006925819907337427 0.05784570053219795
vn 0.9983019828796387 -0.006925819907337427 0.05784570053219795
vn 1.078320026397705 -0.0050255898386240005 0.05843539908528328
vn 0.42609500885009766 -0.0029560800176113844 0.024689700454473495
vn 0.9981639981269836 -0.012982700020074844 0.05916709825396538
vn 0.9976059794425964 -0.008220249786973 0.06865839660167694
vn 0.9976059794425964 -0.008220430463552475 0.06865870207548141
vn 0.9976059794425964 -0.008220430463552475 0.06865870207548141
vn 0.9993979930877686 -0.0014802600489929318 0.03466790169477463
vn 0.9981639981269836 -0.012982700020074844 0.05916709825396538
vn 0.9996219873428345 -0.001026649959385395 0.02746959961950779
vn 1.746399998664856 -0.0023176600225269794 0.0620093010365963
vn 1.021299958229065 -0.0010877699824050069 0.03583399951457977
vn 0.9976059794425964 -0.008220430463552475 0.06865870207548141
vn 1.5481899976730347 -0.0057380301877856255 0.1272989958524704
vn 0.9995250105857849 0.0009184820228256285 0.03080430068075657
vn 0.9995250105857849 0.0009184820228256285 0.03080430068075657
vn 0.9995219707489014 0.004760880023241043 0.030537400394678116
vn 0.9976059794425964 -0.008220430463552475 0.06865870207548141
vn 0.9976059794425964 -0.008220430463552475 0.06865870207548141
vn 0.9995219707489014 0.004760880023241043 0.030537400394678116
vn 0.9995219707489014 0.004760880023241043 0.030537400394678116
vn 0.9995219707489014 0.004760880023241043 0.030537400394678116
vn 0.9993979930877686 -0.0014802600489929318 0.03466790169477463
vn 0.9976059794425964 -0.008220430463552475 0.06865870207548141
vn 0.9981639981269836 -0.012982700020074844 0.05916709825396538
vn 0.9993979930877686 -0.0014802600489929318 0.03466790169477463
vn 0.9983019828796387 -0.006925819907337427 0.05784570053219795
vn 0.9983019828796387 -0.006925819907337427 0.05784570053219795
vn 0.9983019828796387 -0.006925819907337427 0.05784570053219795
vn 0.9981639981269836 -0.012982700020074844 0.05916709825396538
vn 0.9981639981269836 -0.012982700020074844 0.05916709825396538
vn 0.9983019828796387 -0.006925819907337427 0.05784570053219795
vn 0.9980859756469727 -0.013252600096166134 0.06039790064096451
vn 0.9980859756469727 -0.013252600096166134 0.06039790064096451
vn 0.9991909861564636 -0.008620140142738819 0.03928529843688011
vn 0.9981639981269836 -0.012982700020074844 0.05916709825396538
vn 0.9995250105857849 0.0009184820228256285 0.03080430068075657
vn 1.5481899976730347 -0.0057380301877856255 0.1272989958524704
vn 1.746399998664856 -0.0023176600225269794 0.0620093010365963
vn 1.746399998664856 -0.0023176600225269794 0.0620093010365963
vn 0.9996219873428345 -0.001026649959385395 0.02746959961950779
vn 0.9995250105857849 0.0009184820228256285 0.03080430068075657
vn 0.8891909718513489 -0.001220869948156178 0.03251250088214874
vn 0.9993979930877686 -0.0014802600489929318 0.03466790169477463
vn 0.9995219707489014 0.004760880023241043 0.030537400394678116
vn 0.9994009733200073 -0.0015158300520852208 0.034573301672935486
vn 1.078320026397705 -0.0050255898386240005 0.05843539908528328
vn 0.9983019828796387 -0.006925819907337427 0.05784570053219795
vn 0.9983019828796387 -0.006925819907337427 0.05784570053219795
vn 0.9993979930877686 -0.0014802600489929318 0.03466790169477463
vn 0.9994009733200073 -0.0015158300520852208 0.034573301672935486
vn 0.42609500885009766 -0.0029560800176113844 0.024689700454473495
vn 1.3327499628067017 -0.009923060424625874 0.04522370174527168
vn 0.9980859756469727 -0.013252600096166134 0.06039790064096451
vn 0.9980859756469727 -0.013252600096166134 0.06039790064096451
vn 0.9983019828796387 -0.006925819907337427 0.05784570053219795
vn 0.42609500885009766 -0.0029560800176113844 0.024689700454473495
vn 0.9961320161819458 -0.038878198713064194 0.07880000025033951
vn 0.9961320161819458 -0.03888839855790138 0.0788016989827156
vn 0.9988269805908203 -0.021404799073934555 0.043436501175165176
vn 0.9988269805908203 -0.021404799073934555 0.043436501175165176
vn 0.9988269805908203 -0.021404799073934555 0.04343640059232712
vn 0.9961320161819458 -0.038878198713064194 0.07880000025033951
vn 0.9961320161819458 -0.03888839855790138 0.0788016989827156
vn 1.5086899995803833 -0.06118910014629364 0.11917400360107422
vn 1.792680025100708 -0.05024050176143646 0.10388399660587311
vn 1.792680025100708 -0.05024050176143646 0.10388399660587311
vn 0.9988269805908203 -0.021404799073934555 0.043436501175165176
vn 0.9961320161819458 -0.03888839855790138 0.0788016989827156
vn 1.2949999570846558 -0.04164139926433563 0.08450180292129517
vn 1.6444599628448486 -0.06674659997224808 0.1303340047597885
vn 0.8616359829902649 -0.4951159954071045 -0.11155299842357635
vn 0.8616359829902649 -0.4951159954071045 -0.11155299842357635
vn 1.8876399993896484 -0.05246639996767044 0.12985199689865112
vn 1.2949999570846558 -0.04164139926433563 0.08450180292129517
vn 0.8225640058517456 -1.3259400129318237 -0.45124301314353943
vn 0.3388350009918213 -0.8864189982414246 -0.31536099314689636
vn 0.2861599922180176 -0.9316800236701965 -0.22379499673843384
vn 0.2861599922180176 -0.9316800236701965 -0.22379499673843384
vn 0.677793025970459 -1.3822200298309326 -0.14689500629901886
vn 0.8225640058517456 -1.3259400129318237 -0.45124301314353943
vn 0.3388350009918213 -0.8864189982414246 -0.31536099314689636
vn 0 -0.9411090016365051 -0.3381040096282959
vn 0 -0.9647279977798462 -0.2632499933242798
vn 0 -0.9647279977798462 -0.2632499933242798
vn 0.2861599922180176 -0.9316800236701965 -0.22379499673843384
vn 0.3388350009918213 -0.8864189982414246 -0.31536099314689636
vn 0.29978299140930176 0.7459009885787964 0.5947790145874023
vn 0.23103199899196625 0.8228899836540222 0.5191109776496887
vn 0 0.8451740145683289 0.5344910025596619
vn 0 0.8451740145683289 0.5344910025596619
vn 0.2816399931907654 1.2171499729156494 0.9521700143814087
vn 0.29978299140930176 0.7459009885787964 0.5947790145874023
vn 0.32646799087524414 0.7959809899330139 0.509738028049469
vn 0.23103199899196625 0.8228899836540222 0.5191109776496887
vn 0.29978299140930176 0.7459009885787964 0.5947790145874023
vn 0.29978299140930176 0.7459009885787964 0.5947790145874023
vn 0.4243350028991699 0.6976730227470398 0.5772280097007751
vn 0.32646799087524414 0.7959809899330139 0.509738028049469
vn 1.3531800508499146 -0.05199839919805527 0.10788799822330475
vn 0.9961320161819458 -0.038878198713064194 0.07880000025033951
vn 0.9988269805908203 -0.021404799073934555 0.04343640059232712
vn 0.9988269805908203 -0.021404799073934555 0.04343640059232712
vn 0.9823769927024841 -0.017055299133062363 0.03460979834198952
vn 1.3531800508499146 -0.05199839919805527 0.10788799822330475
vn 0.16577200591564178 -0.661217987537384 -0.7316489815711975
vn -0.12627500295639038 0.25442999601364136 -0.9588119983673096
vn -0.21945199370384216 0.26242300868034363 -0.9396679997444153
vn -0.21945199370384216 0.26242300868034363 -0.9396679997444153
vn 0.27071699500083923 -0.8103820085525513 -0.5196099877357483
vn 0.16577200591564178 -0.661217987537384 -0.7316489815711975
vn -0.2863070070743561 -0.10419899970293045 -0.9524549841880798
vn -0.5372959971427917 -0.2734520137310028 -0.7978320121765137
vn 0.76044100522995 -0.20422300696372986 -0.6164600253105164
vn 0.76044100522995 -0.20422300696372986 -0.6164600253105164
vn 0.6898239850997925 -0.554997980594635 -0.4648880064487457
vn -0.2863070070743561 -0.10419899970293045 -0.9524549841880798
vn 0.359281986951828 0.06573689728975296 -0.9309110045433044
vn 0.359281986951828 0.06573689728975296 -0.9309110045433044
vn 0.11287199705839157 0.020651800557971 -0.2924540042877197
vn 0.11287199705839157 0.020651800557971 -0.2924540042877197
vn 0.3477500081062317 0.06134840101003647 -0.9508389830589294
vn 0.359281986951828 0.06573689728975296 -0.9309110045433044
vn 0 -0.43798699975013733 -0.898980975151062
vn 0 0.29510000348091125 -0.9554659724235535
vn -0.12627500295639038 0.25442999601364136 -0.9588119983673096
vn -0.12627500295639038 0.25442999601364136 -0.9588119983673096
vn 0.16577200591564178 -0.661217987537384 -0.7316489815711975
vn 0 -0.43798699975013733 -0.898980975151062
vn 0.3477500081062317 0.06134840101003647 -0.9508389830589294
vn 0.11287199705839157 0.020651800557971 -0.2924540042877197
vn -0.5247870087623596 0.25568199157714844 -0.8119270205497742
vn -0.5247870087623596 0.25568199157714844 -0.8119270205497742
vn 0.7691349983215332 0.18775799870491028 -0.6108829975128174
vn 0.3477500081062317 0.06134840101003647 -0.9508389830589294
vn -0.17945800721645355 -0.28829100728034973 -0.9405760169029236
vn -0.10818900167942047 -0.28451400995254517 -0.9525480270385742
vn 0.14240999519824982 0.8303290009498596 -0.5387700200080872
vn 0.14240999519824982 0.8303290009498596 -0.5387700200080872
vn 0.18507899343967438 0.8074619770050049 -0.560135006904602
vn -0.17945800721645355 -0.28829100728034973 -0.9405760169029236
vn -0.10818900167942047 -0.28451400995254517 -0.9525480270385742
vn 0 -0.2884190082550049 -0.9575039744377136
vn 0 0.8362799882888794 -0.5483019948005676
vn 0 0.8362799882888794 -0.5483019948005676
vn 0.14240999519824982 0.8303290009498596 -0.5387700200080872
vn -0.10818900167942047 -0.28451400995254517 -0.9525480270385742
vn 0.10419300198554993 -0.02315489947795868 -0.270550012588501
vn 0.359281986951828 0.06573689728975296 -0.9309110045433044
vn 0.359281986951828 0.06573689728975296 -0.9309110045433044
vn 0.359281986951828 0.06573689728975296 -0.9309110045433044
vn 0.3250429928302765 -0.07089520245790482 -0.9064350128173828
vn 0.10419300198554993 -0.02315489947795868 -0.270550012588501
vn -0.12627500295639038 0.25442999601364136 -0.9588119983673096
vn -0.14143800735473633 0.3420189917087555 -0.928987979888916
vn 0.023287799209356308 -0.7022179961204529 -1.8150800466537476
vn 0.023287799209356308 -0.7022179961204529 -1.8150800466537476
vn -0.21945199370384216 0.26242300868034363 -0.9396679997444153
vn -0.12627500295639038 0.25442999601364136 -0.9588119983673096
vn -1.6182299852371216 -0.16260899603366852 -0.45625099539756775
vn -1.4669699668884277 -0.15538200736045837 -0.42061498761177063
vn -0.5372959971427917 -0.2734520137310028 -0.7978320121765137
vn -0.5372959971427917 -0.2734520137310028 -0.7978320121765137
vn -0.2863070070743561 -0.10419899970293045 -0.9524549841880798
vn -1.6182299852371216 -0.16260899603366852 -0.45625099539756775
vn 0.359281986951828 0.06573689728975296 -0.9309110045433044
vn -1.56003999710083 0.038388900458812714 -0.5158259868621826
vn -0.18411099910736084 0.004530529957264662 -0.06087610125541687
vn -0.18411099910736084 0.004530529957264662 -0.06087610125541687
vn 0.11287199705839157 0.020651800557971 -0.2924540042877197
vn 0.359281986951828 0.06573689728975296 -0.9309110045433044
vn 0 0.29510000348091125 -0.9554659724235535
vn 0 0.36187300086021423 -0.9322270154953003
vn -0.14143800735473633 0.3420189917087555 -0.928987979888916
vn -0.14143800735473633 0.3420189917087555 -0.928987979888916
vn -0.12627500295639038 0.25442999601364136 -0.9588119983673096
vn 0 0.29510000348091125 -0.9554659724235535
vn 0.11287199705839157 0.020651800557971 -0.2924540042877197
vn -0.18411099910736084 0.004530529957264662 -0.06087610125541687
vn -1.550029993057251 0.14985600113868713 -0.45706498622894287
vn -1.550029993057251 0.14985600113868713 -0.45706498622894287
vn -0.5247870087623596 0.25568199157714844 -0.8119270205497742
vn 0.11287199705839157 0.020651800557971 -0.2924540042877197
vn -0.9327549934387207 -2.5265700817108154 -1.617419958114624
vn -0.11800400167703629 -0.3513289988040924 -0.9287859797477722
vn -0.10818900167942047 -0.28451400995254517 -0.9525480270385742
vn -0.10818900167942047 -0.28451400995254517 -0.9525480270385742
vn -0.17945800721645355 -0.28829100728034973 -0.9405760169029236
vn -0.9327549934387207 -2.5265700817108154 -1.617419958114624
vn -0.11800400167703629 -0.3513289988040924 -0.9287859797477722
vn 0 -0.3888390064239502 -0.9213060140609741
vn 0 -0.2884190082550049 -0.9575039744377136
vn 0 -0.2884190082550049 -0.9575039744377136
vn -0.10818900167942047 -0.28451400995254517 -0.9525480270385742
vn -0.11800400167703629 -0.3513289988040924 -0.9287859797477722
vn -0.1690489947795868 -0.005041679833084345 -0.05587419867515564
vn -1.56003999710083 0.038388900458812714 -0.5158259868621826
vn 0.359281986951828 0.06573689728975296 -0.9309110045433044
vn 0.359281986951828 0.06573689728975296 -0.9309110045433044
vn 0.10419300198554993 -0.02315489947795868 -0.270550012588501
vn -0.1690489947795868 -0.005041679833084345 -0.05587419867515564
vn 0.3705750107765198 -0.9193540215492249 0.13214799761772156
vn 0.9916560053825378 -0.10256800055503845 0.07809670269489288
vn 0.9916560053825378 -0.10256800055503845 0.07809670269489288
vn 0.9916560053825378 -0.10256800055503845 0.07809670269489288
vn 0.4177750051021576 -0.90174800157547 0.11097200214862823
vn 0.3705750107765198 -0.9193540215492249 0.13214799761772156
vn 0.041028399020433426 -0.5013629794120789 -0.8642640113830566
vn 0 -0.5051289796829224 -0.863044023513794
vn 0 -0.43798699975013733 -0.898980975151062
vn 0 -0.43798699975013733 -0.898980975151062
vn 0.16577200591564178 -0.661217987537384 -0.7316489815711975
vn 0.041028399020433426 -0.5013629794120789 -0.8642640113830566
vn 0.23283399641513824 -0.9414209723472595 0.2439579963684082
vn 0.9916560053825378 -0.10256800055503845 0.07809670269489288
vn 0.3705750107765198 -0.9193540215492249 0.13214799761772156
vn 0.16577200591564178 -0.661217987537384 -0.7316489815711975
vn 0.27071699500083923 -0.8103820085525513 -0.5196099877357483
vn 0.41920700669288635 -0.9014859795570374 0.10764999687671661
vn 0.41920700669288635 -0.9014859795570374 0.10764999687671661
vn 0.4177750051021576 -0.90174800157547 0.11097200214862823
vn 0.16577200591564178 -0.661217987537384 -0.7316489815711975
vn 0.041028399020433426 -0.5013629794120789 -0.8642640113830566
vn 0.16577200591564178 -0.661217987537384 -0.7316489815711975
vn 0.4177750051021576 -0.90174800157547 0.11097200214862823
vn 0.4177750051021576 -0.90174800157547 0.11097200214862823
vn 0.9916560053825378 -0.10256800055503845 0.07809670269489288
vn 0.041028399020433426 -0.5013629794120789 -0.8642640113830566
vn 0.08488179743289948 -0.8798519968986511 -0.46760499477386475
vn 0.1089320033788681 -0.9378039836883545 0.3296310007572174
vn 0 -0.9443190097808838 0.3290320038795471
vn 0 -0.9443190097808838 0.3290320038795471
vn 0 -0.9313099980354309 -0.3642269968986511
vn 0.08488179743289948 -0.8798519968986511 -0.46760499477386475
vn 0 0.8362799882888794 -0.5483019948005676
vn 0 0.999970018863678 0.007768840063363314
vn 0.19974400103092194 0.9797859787940979 0.011058899573981762
vn 0.19974400103092194 0.9797859787940979 0.011058899573981762
vn 0.14240999519824982 0.8303290009498596 -0.5387700200080872
vn 0 0.8362799882888794 -0.5483019948005676
vn 0.14240999519824982 0.8303290009498596 -0.5387700200080872
vn 0.19974400103092194 0.9797859787940979 0.011058899573981762
vn 0.2866789996623993 0.9579079747200012 0.015096600167453289
vn 0.2866789996623993 0.9579079747200012 0.015096600167453289
vn 0.18507899343967438 0.8074619770050049 -0.560135006904602
vn 0.14240999519824982 0.8303290009498596 -0.5387700200080872
vn 0.7691349983215332 0.18775799870491028 -0.6108829975128174
vn 0.9993039965629578 -0.005921709816902876 0.03682110086083412
vn 0.6872209906578064 -0.0004189560131635517 0.024007199332118034
vn 0.6872209906578064 -0.0004189560131635517 0.024007199332118034
vn 0.3477500081062317 0.06134840101003647 -0.9508389830589294
vn 0.7691349983215332 0.18775799870491028 -0.6108829975128174
vn 0.3477500081062317 0.06134840101003647 -0.9508389830589294
vn 0.6872209906578064 -0.0004189560131635517 0.024007199332118034
vn 0.9994120001792908 -0.0014248499646782875 0.03426399827003479
vn 0.9994120001792908 -0.0014248499646782875 0.03426399827003479
vn 0.359281986951828 0.06573689728975296 -0.9309110045433044
vn 0.3477500081062317 0.06134840101003647 -0.9508389830589294
vn 0.359281986951828 0.06573689728975296 -0.9309110045433044
vn 0.9994120001792908 -0.0014248499646782875 0.03426399827003479
vn 1.5317100286483765 0.0017286499496549368 0.05464579910039902
vn 1.5317100286483765 0.0017286499496549368 0.05464579910039902
vn 0.3250429928302765 -0.07089520245790482 -0.9064350128173828
vn 0.359281986951828 0.06573689728975296 -0.9309110045433044
vn 0.6898239850997925 -0.554997980594635 -0.4648880064487457
vn 0.76044100522995 -0.20422300696372986 -0.6164600253105164
vn 1.498710036277771 0.007073480170220137 0.05855749920010567
vn 1.498710036277771 0.007073480170220137 0.05855749920010567
vn 0.8428249955177307 -0.5313199758529663 0.08570989966392517
vn 0.6898239850997925 -0.554997980594635 -0.4648880064487457
vn 0.08488179743289948 -0.8798519968986511 -0.46760499477386475
vn 0 -0.9313099980354309 -0.3642269968986511
vn 0 -0.5051289796829224 -0.863044023513794
vn 0 -0.5051289796829224 -0.863044023513794
vn 0.041028399020433426 -0.5013629794120789 -0.8642640113830566
vn 0.08488179743289948 -0.8798519968986511 -0.46760499477386475
vn 0.08488179743289948 -0.8798519968986511 -0.46760499477386475
vn 0.041028399020433426 -0.5013629794120789 -0.8642640113830566
vn 0.9916560053825378 -0.10256800055503845 0.07809670269489288
vn 0.9916560053825378 -0.10256800055503845 0.07809670269489288
vn 0.1089320033788681 -0.9378039836883545 0.3296310007572174
vn 0.08488179743289948 -0.8798519968986511 -0.46760499477386475
vn 0.1087149977684021 -0.8869029879570007 0.4489800035953522
vn 0.1089320033788681 -0.9378039836883545 0.3296310007572174
vn 0.9916560053825378 -0.10256800055503845 0.07809670269489288
vn 0.9916560053825378 -0.10256800055503845 0.07809670269489288
vn 0.9916560053825378 -0.10256800055503845 0.07809670269489288
vn 0.1087149977684021 -0.8869029879570007 0.4489800035953522
vn 0.23283399641513824 -0.9414209723472595 0.2439579963684082
vn 0.1087149977684021 -0.8869029879570007 0.4489800035953522
vn 0.9916560053825378 -0.10256800055503845 0.07809670269489288
vn 0.24699699878692627 0.6851940155029297 0.6852020025253296
vn 0.24699699878692627 0.6851940155029297 0.6852020025253296
vn 0.24699699878692627 0.6851940155029297 0.6852020025253296
vn 0.24699699878692627 0.6851940155029297 0.6852020025253296
vn 0.24700400233268738 0.6852020025253296 0.6851919889450073
vn 0.24699699878692627 0.6851940155029297 0.6852020025253296
vn 0.24699699878692627 0.6851940155029297 0.6852020025253296
vn 0.24699699878692627 0.25079798698425293 0.9359980225563049
vn 0.24699699878692627 0.25079798698425293 0.9359980225563049
vn 0.24699699878692627 0.25079798698425293 0.9359980225563049
vn 0.24699699878692627 0.6851940155029297 0.6852020025253296
vn 0.24699699878692627 0.6851940155029297 0.6852020025253296
vn 0.24699699878692627 0.25079798698425293 0.9359980225563049
vn 0.24699699878692627 -0.25079700350761414 0.9359980225563049
vn 0.24699699878692627 -0.25079700350761414 0.9359980225563049
vn 0.24699699878692627 -0.25079700350761414 0.9359980225563049
vn 0.24699699878692627 0.25079798698425293 0.9359980225563049
vn 0.24699699878692627 0.25079798698425293 0.9359980225563049
vn 0.24699699878692627 -0.25079700350761414 0.9359980225563049
vn 0.24699999392032623 -0.6851969957351685 0.6851980090141296
vn 0.24699999392032623 -0.6851969957351685 0.6851980090141296
vn 0.24699999392032623 -0.6851969957351685 0.6851980090141296
vn 0.24699699878692627 -0.25079700350761414 0.9359980225563049
vn 0.24699699878692627 -0.25079700350761414 0.9359980225563049
vn 0.24699999392032623 -0.6851969957351685 0.6851980090141296
vn 0.24700100719928741 -0.9359959959983826 0.25080499053001404
vn 0.24700100719928741 -0.9359959959983826 0.25080499053001404
vn 0.24700100719928741 -0.9359959959983826 0.25080499053001404
vn 0.24699999392032623 -0.6851969957351685 0.6851980090141296
vn 0.24699999392032623 -0.6851969957351685 0.6851980090141296
vn 0.24700100719928741 -0.9359959959983826 0.25080499053001404
vn 0.24699699878692627 -0.9359970092773438 -0.25080499053001404
vn 0.24699699878692627 -0.9359970092773438 -0.25080499053001404
vn 0.24699699878692627 -0.9359970092773438 -0.25080499053001404
vn 0.24700100719928741 -0.9359959959983826 0.25080499053001404
vn 0.24700100719928741 -0.9359959959983826 0.25080499053001404
vn 0.24699699878692627 -0.9359970092773438 -0.25080499053001404
vn 0.2470030039548874 -0.6852009892463684 -0.6851930022239685
vn 0.2470030039548874 -0.6852009892463684 -0.6851930022239685
vn 0.2470030039548874 -0.6852009892463684 -0.6851930022239685
vn 0.24699699878692627 -0.9359970092773438 -0.25080499053001404
vn 0.24699699878692627 -0.9359970092773438 -0.25080499053001404
vn 0.2470030039548874 -0.6852009892463684 -0.6851930022239685
vn 0.24700100719928741 -0.25079700350761414 -0.9359970092773438
vn 0.24700100719928741 -0.25079700350761414 -0.9359970092773438
vn 0.24700100719928741 -0.25079700350761414 -0.9359970092773438
vn 0.2470030039548874 -0.6852009892463684 -0.6851930022239685
vn 0.2470030039548874 -0.6852009892463684 -0.6851930022239685
vn 0.24700100719928741 -0.25079700350761414 -0.9359970092773438
vn 0.24700100719928741 0.25079700350761414 -0.9359980225563049
vn 0.24700100719928741 0.25079700350761414 -0.9359980225563049
vn 0.24700100719928741 0.25079700350761414 -0.9359980225563049
vn 0.24700100719928741 -0.25079700350761414 -0.9359970092773438
vn 0.24700100719928741 -0.25079700350761414 -0.9359970092773438
vn 0.24700100719928741 0.25079700350761414 -0.9359980225563049
vn 0.24699999392032623 0.6851969957351685 -0.6851969957351685
vn 0.24699999392032623 0.6851969957351685 -0.6851969957351685
vn 0.24699999392032623 0.6851969957351685 -0.6851969957351685
vn 0.24700100719928741 0.25079700350761414 -0.9359980225563049
vn 0.24700100719928741 0.25079700350761414 -0.9359980225563049
vn 0.24699999392032623 0.6851969957351685 -0.6851969957351685
vn 0.24700100719928741 0.9359970092773438 -0.25079700350761414
vn 0.24700100719928741 0.9359970092773438 -0.25079700350761414
vn 0.24700100719928741 0.9359970092773438 -0.25079700350761414
vn 0.24699999392032623 0.6851969957351685 -0.6851969957351685
vn 0.24699999392032623 0.6851969957351685 -0.6851969957351685
vn 0.24700100719928741 0.9359970092773438 -0.25079700350761414
vn 0.24699699878692627 0.6851940155029297 0.6852020025253296
vn 0.24700400233268738 0.6852020025253296 0.6851919889450073
vn 0.24700400233268738 0.6852020025253296 0.6851919889450073
vn 0.24700100719928741 0.9359970092773438 -0.25079700350761414
vn 0.24700100719928741 0.9359970092773438 -0.25079700350761414
vn 0.24699699878692627 0.6851940155029297 0.6852020025253296
vn 1 0 0
vn 0.24700400233268738 0.6852020025253296 0.6851919889450073
vn 0.24699699878692627 0.25079798698425293 0.9359980225563049
vn 1 0 0
vn 0.24699699878692627 0.6851940155029297 0.6852020025253296
vn 0.24699699878692627 -0.25079700350761414 0.9359980225563049
vn 1 0 0
vn 0.24699699878692627 0.25079798698425293 0.9359980225563049
vn 0.24699999392032623 -0.6851969957351685 0.6851980090141296
vn 1 0 0
vn 0.24699699878692627 -0.25079700350761414 0.9359980225563049
vn 0.24700100719928741 -0.9359959959983826 0.25080499053001404
vn 1 0 0
vn 0.24699999392032623 -0.6851969957351685 0.6851980090141296
vn 0.24699699878692627 -0.9359970092773438 -0.25080499053001404
vn 1 0 0
vn 0.24700100719928741 -0.9359959959983826 0.25080499053001404
vn 0.2470030039548874 -0.6852009892463684 -0.6851930022239685
vn 1 0 0
vn 0.24699699878692627 -0.9359970092773438 -0.25080499053001404
vn 0.24700100719928741 -0.25079700350761414 -0.9359970092773438
vn 1 0 0
vn 0.2470030039548874 -0.6852009892463684 -0.6851930022239685
vn 0.24700100719928741 0.25079700350761414 -0.9359980225563049
vn 1 0 0
vn 0.24700100719928741 -0.25079700350761414 -0.9359970092773438
vn 0.24699999392032623 0.6851969957351685 -0.6851969957351685
vn 1 0 0
vn 0.24700100719928741 0.25079700350761414 -0.9359980225563049
vn 0.24700100719928741 0.9359970092773438 -0.25079700350761414
vn 1 0 0
vn 0.24699999392032623 0.6851969957351685 -0.6851969957351685
vn 0.24700400233268738 0.6852020025253296 0.6851919889450073
vn 1 0 0
vn 0.24700100719928741 0.9359970092773438 -0.25079700350761414
vn -0.999364972114563 -0.0013445799704641104 0.035609498620033264
vn -0.8244990110397339 -0.5521829724311829 0.12367600202560425
vn -0.84135502576828 -0.5304369926452637 0.10372500121593475
vn -0.84135502576828 -0.5304369926452637 0.10372500121593475
vn -0.9980490207672119 -0.0036044700536876917 0.062336698174476624
vn -0.999364972114563 -0.0013445799704641104 0.035609498620033264
vn -0.9967889785766602 -0.017629100009799004 0.07811170071363449
vn -0.8478440046310425 -0.5287669897079468 0.03956940025091171
vn -0.8612629771232605 -0.5051149725914001 -0.05553650110960007
vn -0.8612629771232605 -0.5051149725914001 -0.05553650110960007
vn -0.9969199895858765 -0.03352529928088188 0.07089590281248093
vn -0.9967889785766602 -0.017629100009799004 0.07811170071363449
vn -0.996101975440979 -0.010634600184857845 0.08757010102272034
vn -0.8283259868621826 -0.5541189908981323 0.08263400197029114
vn -0.8478440046310425 -0.5287669897079468 0.03956940025091171
vn -0.8478440046310425 -0.5287669897079468 0.03956940025091171
vn -0.9967889785766602 -0.017629100009799004 0.07811170071363449
vn -0.996101975440979 -0.010634600184857845 0.08757010102272034
vn -0.9560289978981018 -0.1348319947719574 0.26044100522994995
vn -0.8136839866638184 -0.5730839967727661 0.0974327027797699
vn -0.6681849956512451 -0.5771579742431641 0.4694870114326477
vn -0.6681849956512451 -0.5771579742431641 0.4694870114326477
vn -0.6510679721832275 -0.36373600363731384 0.6661880016326904
vn -0.9560289978981018 -0.1348319947719574 0.26044100522994995
vn -0.9992730021476746 0.0055763800628483295 0.0377018004655838
vn -0.8428249955177307 -0.5313199758529663 0.08570989966392517
vn -0.8245469927787781 -0.5572360157966614 0.09803289920091629
vn -0.8245469927787781 -0.5572360157966614 0.09803289920091629
vn -0.9993280172348022 -0.0006574729923158884 0.036658599972724915
vn -0.9992730021476746 0.0055763800628483295 0.0377018004655838
vn -0.8758130073547363 -0.21362900733947754 0.43279799818992615
vn -0.8758130073547363 -0.21362900733947754 0.43279799818992615
vn -0.8758130073547363 -0.21362900733947754 0.43279799818992615
vn -0.8758130073547363 -0.21362900733947754 0.43279799818992615
vn -0.8758500218391418 -0.2135629951953888 0.4327560067176819
vn -0.8758130073547363 -0.21362900733947754 0.43279799818992615
vn -0.9988269805908203 -0.021404799073934555 0.04343640059232712
vn -0.9988269805908203 -0.021404799073934555 0.043436501175165176
vn -0.9988269805908203 -0.021404799073934555 0.04343640059232712
vn -0.9988269805908203 -0.021404799073934555 0.04343640059232712
vn -0.9991909861564636 -0.008620140142738819 0.03928529843688011
vn -0.9988269805908203 -0.021404799073934555 0.04343640059232712
vn -0.9976059794425964 -0.008220249786973 0.06865839660167694
vn -0.9976059794425964 -0.008220249786973 0.06865839660167694
vn -0.9988269805908203 -0.021404799073934555 0.04343640059232712
vn -0.9988269805908203 -0.021404799073934555 0.04343640059232712
vn -0.9991909861564636 -0.008620140142738819 0.03928529843688011
vn -0.9976059794425964 -0.008220249786973 0.06865839660167694
vn -0.9995219707489014 0.004760880023241043 0.030537400394678116
vn -0.9995219707489014 0.004760880023241043 0.030537400394678116
vn -0.9995219707489014 0.004760880023241043 0.030537400394678116
vn -0.9995219707489014 0.004760880023241043 0.030537400394678116
vn -0.8891909718513489 -0.001220869948156178 0.03251250088214874
vn -0.9995219707489014 0.004760880023241043 0.030537400394678116
vn -0.9993900060653687 -0.0006092650000937283 0.03491250053048134
vn -1.5368000268936157 -0.0009368910104967654 0.05368629842996597
vn -0.6872220039367676 -0.0004189560131635517 0.024007199332118034
vn -0.6872220039367676 -0.0004189560131635517 0.024007199332118034
vn -0.9994120001792908 -0.0014248499646782875 0.03426399827003479
vn -0.9993900060653687 -0.0006092650000937283 0.03491250053048134
vn -0.19974400103092194 0.9797859787940979 0.011058899573981762
vn -0.2866789996623993 0.9579079747200012 0.015096600167453289
vn -0.29541099071502686 0.9552559852600098 0.01475489977747202
vn -0.29541099071502686 0.9552559852600098 0.01475489977747202
vn -0.20608000457286835 0.9784759879112244 0.010786700062453747
vn -0.19974400103092194 0.9797859787940979 0.011058899573981762
vn -0.21890699863433838 0.9756870269775391 0.010670600458979607
vn -0.31303200125694275 0.9496300220489502 0.014610099606215954
vn -0.3172470033168793 0.9449219703674316 0.0804746001958847
vn -0.3172470033168793 0.9449219703674316 0.0804746001958847
vn -0.22398200631141663 0.971526026725769 0.07726210355758667
vn -0.21890699863433838 0.9756870269775391 0.010670600458979607
vn -0.2300260066986084 0.9613310098648071 0.15142999589443207
vn -0.31028199195861816 0.939079999923706 0.14782899618148804
vn -0.31366801261901855 0.9043290019035339 0.28948700428009033
vn -0.31366801261901855 0.9043290019035339 0.28948700428009033
vn -0.2314780056476593 0.9264129996299744 0.29694700241088867
vn -0.2300260066986084 0.9613310098648071 0.15142999589443207
vn -0.2314780056476593 0.9264129996299744 0.29694700241088867
vn -0.31366801261901855 0.9043290019035339 0.28948700428009033
vn -0.5197499990463257 1.351199984550476 0.6687639951705933
vn -0.5197499990463257 1.351199984550476 0.6687639951705933
vn -0.9328240156173706 3.941970109939575 2.296070098876953
vn -0.2314780056476593 0.9264129996299744 0.29694700241088867
vn -0.1699579954147339 0.23017099499702454 0.9581940174102783
vn -0.3083919882774353 0.6110470294952393 0.7290509939193726
vn -0.4253680109977722 0.5440179705619812 0.7232609987258911
vn -0.4253680109977722 0.5440179705619812 0.7232609987258911
vn -0.39527401328086853 0.374004989862442 0.8389750123023987
vn -0.1699579954147339 0.23017099499702454 0.9581940174102783
vn -0.8758130073547363 -0.21362900733947754 0.43279799818992615
vn -0.44968798756599426 -0.260560005903244 0.8606929779052734
vn -0.5184800028800964 -0.30041900277137756 0.9923589825630188
vn -0.5184800028800964 -0.30041900277137756 0.9923589825630188
vn -0.3567590117454529 -0.3635129928588867 0.764307975769043
vn -0.8758130073547363 -0.21362900733947754 0.43279799818992615
vn -0.39510899782180786 -0.31876200437545776 0.5507339835166931
vn -0.8114719986915588 -0.6546710133552551 1.1310900449752808
vn -0.8758130073547363 -0.21362900733947754 0.43279799818992615
vn -0.8758130073547363 -0.21362900733947754 0.43279799818992615
vn -0.5339459776878357 -0.43641799688339233 0.826321005821228
vn -0.39510899782180786 -0.31876200437545776 0.5507339835166931
vn -0.4772830009460449 -0.8766390085220337 -0.060860298573970795
vn -0.2997109889984131 -0.9462550282478333 -0.12155000120401382
vn -0.7282729744911194 -1.5605700016021729 0.24642300605773926
vn -0.7282729744911194 -1.5605700016021729 0.24642300605773926
vn -0.42410799860954285 -0.8927789926528931 0.15191300213336945
vn -0.4772830009460449 -0.8766390085220337 -0.060860298573970795
vn -0.41679999232292175 -0.9085999727249146 -0.02692130021750927
vn -0.24839599430561066 -0.9675400257110596 -0.046530500054359436
vn -0.2861599922180176 -0.9316800236701965 -0.22379499673843384
vn -0.2861599922180176 -0.9316800236701965 -0.22379499673843384
vn -0.4436759948730469 -0.8758789896965027 -0.1897049993276596
vn -0.41679999232292175 -0.9085999727249146 -0.02692130021750927
vn -0.24839599430561066 -0.9675400257110596 -0.046530500054359436
vn -0.41679999232292175 -0.9085999727249146 -0.02692130021750927
vn -0.3923240005970001 -0.9190970063209534 0.03663180023431778
vn -0.3923240005970001 -0.9190970063209534 0.03663180023431778
vn -0.24082399904727936 -0.9702960252761841 0.02299549989402294
vn -0.24839599430561066 -0.9675400257110596 -0.046530500054359436
vn -0.2472189962863922 -0.9640529751777649 0.09739259630441666
vn -0.3781299889087677 -0.9196479916572571 0.10613799840211868
vn -0.3670549988746643 -0.9150040149688721 0.16744700074195862
vn -0.3670549988746643 -0.9150040149688721 0.16744700074195862
vn -0.23588000237941742 -0.9568949937820435 0.16945099830627441
vn -0.2472189962863922 -0.9640529751777649 0.09739259630441666
vn -0.4177750051021576 -0.90174800157547 0.11097200214862823
vn -0.3705750107765198 -0.9193540215492249 0.13214799761772156
vn -0.3731420040130615 -0.918819010257721 0.12859299778938293
vn -0.3731420040130615 -0.918819010257721 0.12859299778938293
vn -0.41920700669288635 -0.9014859795570374 0.10764999687671661
vn -0.4177750051021576 -0.90174800157547 0.11097200214862823
vn -0.011784500442445278 -0.36114200949668884 -0.9324359893798828
vn 0.14143800735473633 0.3420189917087555 -0.928987979888916
vn 0.2248460054397583 0.2719449996948242 -0.9356759786605835
vn 0.2248460054397583 0.2719449996948242 -0.9356759786605835
vn -0.01779250055551529 -0.35560500621795654 -0.9344670176506042
vn -0.011784500442445278 -0.36114200949668884 -0.9324359893798828
vn 0.001983929891139269 -0.008940880186855793 -0.9999579787254333
vn 0.002194700064137578 -0.008270399644970894 -0.9999629855155945
vn 0.00038951801252551377 0.2062380015850067 -0.9785019755363464
vn 0.00038951801252551377 0.2062380015850067 -0.9785019755363464
vn -0.00034367499756626785 0.21696600317955017 -0.9761790037155151
vn 0.001983929891139269 -0.008940880186855793 -0.9999579787254333
vn 0 0.999970018863678 0.007768840063363314
vn -0.19974400103092194 0.9797859787940979 0.011058899573981762
vn -0.20608000457286835 0.9784759879112244 0.010786700062453747
vn -0.20608000457286835 0.9784759879112244 0.010786700062453747
vn 0 0.999970018863678 0.007691219914704561
vn 0 0.999970018863678 0.007768840063363314
vn 0 0.9999719858169556 0.007445290219038725
vn -0.21890699863433838 0.9756870269775391 0.010670600458979607
vn -0.22398200631141663 0.971526026725769 0.07726210355758667
vn -0.22398200631141663 0.971526026725769 0.07726210355758667
vn 0 0.9976660013198853 0.06828950345516205
vn 0 0.9999719858169556 0.007445290219038725
vn 0 0.989063024520874 0.147490993142128
vn -0.2300260066986084 0.9613310098648071 0.15142999589443207
vn -0.2314780056476593 0.9264129996299744 0.29694700241088867
vn -0.2314780056476593 0.9264129996299744 0.29694700241088867
vn 0 0.954774022102356 0.2973330020904541
vn 0 0.989063024520874 0.147490993142128
vn 0 0.954774022102356 0.2973330020904541
vn -0.2314780056476593 0.9264129996299744 0.29694700241088867
vn -0.9328240156173706 3.941970109939575 2.296070098876953
vn -0.9328240156173706 3.941970109939575 2.296070098876953
vn 0 0.8451740145683289 0.5344910025596619
vn 0 0.954774022102356 0.2973330020904541
vn 0 0.6139810085296631 0.7893210053443909
vn -0.3083919882774353 0.6110470294952393 0.7290509939193726
vn -0.1699579954147339 0.23017099499702454 0.9581940174102783
vn -0.1699579954147339 0.23017099499702454 0.9581940174102783
vn 0 0.07797270268201828 0.9969559907913208
vn 0 0.6139810085296631 0.7893210053443909
vn 0 -0.22260600328445435 0.9749079942703247
vn -0.5184800028800964 -0.30041900277137756 0.9923589825630188
vn -0.44968798756599426 -0.260560005903244 0.8606929779052734
vn -0.44968798756599426 -0.260560005903244 0.8606929779052734
vn 0 -0.36244601011276245 0.932004988193512
vn 0 -0.22260600328445435 0.9749079942703247
vn 0 -0.6529480218887329 0.7574030160903931
vn -0.1331229954957962 -0.6202229857444763 0.7730469703674316
vn -0.7282729744911194 -1.5605700016021729 0.24642300605773926
vn -0.7282729744911194 -1.5605700016021729 0.24642300605773926
vn 0 -0.9102110266685486 0.41414499282836914
vn 0 -0.6529480218887329 0.7574030160903931
vn 0 -0.991686999797821 -0.12867499887943268
vn 0 -0.9102110266685486 0.41414499282836914
vn -0.7282729744911194 -1.5605700016021729 0.24642300605773926
vn -0.7282729744911194 -1.5605700016021729 0.24642300605773926
vn -0.2997109889984131 -0.9462550282478333 -0.12155000120401382
vn 0 -0.991686999797821 -0.12867499887943268
vn 0 -0.9971290230751038 -0.07572139799594879
vn 0 -0.9647279977798462 -0.2632499933242798
vn -0.2861599922180176 -0.9316800236701965 -0.22379499673843384
vn -0.2861599922180176 -0.9316800236701965 -0.22379499673843384
vn -0.24839599430561066 -0.9675400257110596 -0.046530500054359436
vn 0 -0.9971290230751038 -0.07572139799594879
vn 0 -0.9991919994354248 0.040195900946855545
vn 0 -0.9971290230751038 -0.07572139799594879
vn -0.24839599430561066 -0.9675400257110596 -0.046530500054359436
vn -0.24839599430561066 -0.9675400257110596 -0.046530500054359436
vn -0.24082399904727936 -0.9702960252761841 0.02299549989402294
vn 0 -0.9991919994354248 0.040195900946855545
vn 0 -0.9853900074958801 0.1703149974346161
vn 0 -0.9937160015106201 0.11192700266838074
vn -0.2472189962863922 -0.9640529751777649 0.09739259630441666
vn -0.2472189962863922 -0.9640529751777649 0.09739259630441666
vn -0.23588000237941742 -0.9568949937820435 0.16945099830627441
vn 0 -0.9853900074958801 0.1703149974346161
vn 0 -0.8934770226478577 0.4491089880466461
vn -0.1087149977684021 -0.8869029879570007 0.4489800035953522
vn -0.1089320033788681 -0.9378039836883545 0.3296310007572174
vn -0.1089320033788681 -0.9378039836883545 0.3296310007572174
vn 0 -0.9443190097808838 0.3290320038795471
vn 0 -0.8934770226478577 0.4491089880466461
vn 0 -0.35486000776290894 -0.9349200129508972
vn 0 0.36187300086021423 -0.9322270154953003
vn 0.14143800735473633 0.3420189917087555 -0.928987979888916
vn 0.14143800735473633 0.3420189917087555 -0.928987979888916
vn -0.011784500442445278 -0.36114200949668884 -0.9324359893798828
vn 0 -0.35486000776290894 -0.9349200129508972
vn 0 -0.009221450425684452 -0.9999579787254333
vn 0.001983929891139269 -0.008940880186855793 -0.9999579787254333
vn -0.00034367499756626785 0.21696600317955017 -0.9761790037155151
vn -0.00034367499756626785 0.21696600317955017 -0.9761790037155151
vn 0 0.20581400394439697 -0.9785910248756409
vn 0 -0.009221450425684452 -0.9999579787254333
vn -0.00034367499756626785 0.21696600317955017 -0.9761790037155151
vn 0.00038951801252551377 0.2062380015850067 -0.9785019755363464
vn -0.011355199851095676 0.3280549943447113 -0.9445899724960327
vn -0.011355199851095676 0.3280549943447113 -0.9445899724960327
vn -0.011997600086033344 0.3298650085926056 -0.9439520239830017
vn -0.00034367499756626785 0.21696600317955017 -0.9761790037155151
vn 0 0.20581400394439697 -0.9785910248756409
vn -0.00034367499756626785 0.21696600317955017 -0.9761790037155151
vn -0.011997600086033344 0.3298650085926056 -0.9439520239830017
vn -0.011997600086033344 0.3298650085926056 -0.9439520239830017
vn 0 0.31810998916625977 -0.9480540156364441
vn 0 0.20581400394439697 -0.9785910248756409
vn 0 -0.22260600328445435 0.9749079942703247
vn 0 0.07797270268201828 0.9969559907913208
vn -0.1699579954147339 0.23017099499702454 0.9581940174102783
vn -0.1699579954147339 0.23017099499702454 0.9581940174102783
vn -0.5184800028800964 -0.30041900277137756 0.9923589825630188
vn 0 -0.22260600328445435 0.9749079942703247
vn -0.39527401328086853 0.374004989862442 0.8389750123023987
vn -0.3567590117454529 -0.3635129928588867 0.764307975769043
vn -0.5184800028800964 -0.30041900277137756 0.9923589825630188
vn -0.5184800028800964 -0.30041900277137756 0.9923589825630188
vn -0.1699579954147339 0.23017099499702454 0.9581940174102783
vn -0.39527401328086853 0.374004989862442 0.8389750123023987
vn -0.8758500218391418 -0.2135629951953888 0.4327560067176819
vn -0.8758130073547363 -0.21362900733947754 0.43279799818992615
vn -0.3567590117454529 -0.3635129928588867 0.764307975769043
vn -0.3567590117454529 -0.3635129928588867 0.764307975769043
vn -0.9616119861602783 -0.22983799874782562 0.4814540147781372
vn -0.8758500218391418 -0.2135629951953888 0.4327560067176819
vn -0.9991909861564636 -0.008620140142738819 0.03928529843688011
vn -0.9988269805908203 -0.021404799073934555 0.04343640059232712
vn -0.9823769927024841 -0.017055200412869453 0.03460979834198952
vn -0.9823769927024841 -0.017055200412869453 0.03460979834198952
vn -1.3327499628067017 -0.009923060424625874 0.04522370174527168
vn -0.9991909861564636 -0.008620140142738819 0.03928529843688011
vn -1.3327499628067017 -0.009923060424625874 0.04522370174527168
vn -0.9980859756469727 -0.013252600096166134 0.06039790064096451
vn -0.9991909861564636 -0.008620140142738819 0.03928529843688011
vn -0.9994000196456909 -0.0013074500020593405 0.03462349995970726
vn -0.8891909718513489 -0.001220869948156178 0.03251250088214874
vn -0.9993979930877686 -0.0014802600489929318 0.03466790169477463
vn -0.9993979930877686 -0.0014802600489929318 0.03466790169477463
vn -0.9994009733200073 -0.0015158300520852208 0.034573301672935486
vn -0.9994000196456909 -0.0013074500020593405 0.03462349995970726
vn -1.5368000268936157 -0.0009368910104967654 0.05368629842996597
vn -0.9993469715118408 -0.0009663180098868906 0.03612149879336357
vn -0.9993039965629578 -0.005921709816902876 0.03682110086083412
vn -0.9993039965629578 -0.005921709816902876 0.03682110086083412
vn -0.6872220039367676 -0.0004189560131635517 0.024007199332118034
vn -1.5368000268936157 -0.0009368910104967654 0.05368629842996597
vn 0.001983929891139269 -0.008940880186855793 -0.9999579787254333
vn -0.001793090021237731 -0.24408000707626343 -0.9697530269622803
vn -0.0005730320117436349 -0.2287590056657791 -0.9734830260276794
vn -0.0005730320117436349 -0.2287590056657791 -0.9734830260276794
vn 0.002194700064137578 -0.008270399644970894 -0.9999629855155945
vn 0.001983929891139269 -0.008940880186855793 -0.9999579787254333
vn 0 -0.23282399773597717 -0.9725189805030823
vn -0.001793090021237731 -0.24408000707626343 -0.9697530269622803
vn 0.001983929891139269 -0.008940880186855793 -0.9999579787254333
vn 0.001983929891139269 -0.008940880186855793 -0.9999579787254333
vn 0 -0.009221450425684452 -0.9999579787254333
vn 0 -0.23282399773597717 -0.9725189805030823
vn 0 -0.5598130226135254 0.8286190032958984
vn 0 -0.4673140048980713 0.8840910196304321
vn -0.8114719986915588 -0.6546710133552551 1.1310900449752808
vn -0.8114719986915588 -0.6546710133552551 1.1310900449752808
vn -0.39510899782180786 -0.31876200437545776 0.5507339835166931
vn 0 -0.5598130226135254 0.8286190032958984
vn -0.8758130073547363 -0.21362900733947754 0.43279799818992615
vn -1.1825799942016602 -0.30451101064682007 0.5806919932365417
vn -0.5339459776878357 -0.43641799688339233 0.826321005821228
vn -0.5339459776878357 -0.43641799688339233 0.826321005821228
vn -0.8758130073547363 -0.21362900733947754 0.43279799818992615
vn -0.8758130073547363 -0.21362900733947754 0.43279799818992615
vn -0.7311440110206604 -0.020490599796175957 0.04236939921975136
vn -1.792680025100708 -0.05024050176143646 0.10388399660587311
vn -0.9988269805908203 -0.021404799073934555 0.043436501175165176
vn -0.9988269805908203 -0.021404799073934555 0.043436501175165176
vn -0.9988269805908203 -0.021404799073934555 0.04343640059232712
vn -0.7311440110206604 -0.020490599796175957 0.04236939921975136
vn -0.9976059794425964 -0.008220249786973 0.06865839660167694
vn -1.4745299816131592 -0.014486299827694893 0.1209930032491684
vn -0.7311440110206604 -0.020490599796175957 0.04236939921975136
vn -0.7311440110206604 -0.020490599796175957 0.04236939921975136
vn -0.9988269805908203 -0.021404799073934555 0.04343640059232712
vn -0.9976059794425964 -0.008220249786973 0.06865839660167694
vn -0.9995219707489014 0.004760880023241043 0.030537400394678116
vn -0.9996219873428345 -0.001026649959385395 0.02746959961950779
vn -0.9996219873428345 -0.001026649959385395 0.02746959961950779
vn -0.9996219873428345 -0.001026649959385395 0.02746959961950779
vn -0.9995219707489014 0.004760880023241043 0.030537400394678116
vn -0.9995219707489014 0.004760880023241043 0.030537400394678116
vn -0.8979139924049377 -0.0005367730045691133 0.03075459972023964
vn -0.9993900060653687 -0.0006092650000937283 0.03491250053048134
vn -0.9994120001792908 -0.0014248499646782875 0.03426399827003479
vn -0.9994120001792908 -0.0014248499646782875 0.03426399827003479
vn -1.5317100286483765 0.0017286499496549368 0.05464579910039902
vn -0.8979139924049377 -0.0005367730045691133 0.03075459972023964
vn -0.9961320161819458 -0.03888839855790138 0.0788016989827156
vn -0.8758130073547363 -0.21362900733947754 0.43279799818992615
vn -0.8758500218391418 -0.2135629951953888 0.4327560067176819
vn -0.8758500218391418 -0.2135629951953888 0.4327560067176819
vn -0.9961320161819458 -0.038878198713064194 0.07880000025033951
vn -0.9961320161819458 -0.03888839855790138 0.0788016989827156
vn -0.9961320161819458 -0.03888839855790138 0.0788016989827156
vn -1.5086899995803833 -0.06118910014629364 0.11917400360107422
vn -1.1825799942016602 -0.30451101064682007 0.5806919932365417
vn -1.1825799942016602 -0.30451101064682007 0.5806919932365417
vn -0.8758130073547363 -0.21362900733947754 0.43279799818992615
vn -0.9961320161819458 -0.03888839855790138 0.0788016989827156
vn -0.9960700273513794 -0.04029859974980354 0.0788716971874237
vn -0.8616359829902649 -0.4951159954071045 -0.11155299842357635
vn -0.8136839866638184 -0.5730839967727661 0.0974327027797699
vn -0.8136839866638184 -0.5730839967727661 0.0974327027797699
vn -0.9560289978981018 -0.1348319947719574 0.26044100522994995
vn -0.9960700273513794 -0.04029859974980354 0.0788716971874237
vn -0.5025730133056641 -0.8191490173339844 -0.2764340043067932
vn -0.3388350009918213 -0.8864189982414246 -0.31536099314689636
vn -0.2997109889984131 -0.9462550282478333 -0.12155000120401382
vn -0.2997109889984131 -0.9462550282478333 -0.12155000120401382
vn -0.4772830009460449 -0.8766390085220337 -0.060860298573970795
vn -0.5025730133056641 -0.8191490173339844 -0.2764340043067932
vn 0 -0.9411090016365051 -0.3381040096282959
vn 0 -0.991686999797821 -0.12867499887943268
vn -0.2997109889984131 -0.9462550282478333 -0.12155000120401382
vn -0.2997109889984131 -0.9462550282478333 -0.12155000120401382
vn -0.3388350009918213 -0.8864189982414246 -0.31536099314689636
vn 0 -0.9411090016365051 -0.3381040096282959
vn -0.3083919882774353 0.6110470294952393 0.7290509939193726
vn 0 0.6139810085296631 0.7893210053443909
vn 0.2816399931907654 1.2171499729156494 0.9521700143814087
vn 0.2816399931907654 1.2171499729156494 0.9521700143814087
vn -1.1812299489974976 3.497390031814575 2.7571499347686768
vn -0.3083919882774353 0.6110470294952393 0.7290509939193726
vn -0.3083919882774353 0.6110470294952393 0.7290509939193726
vn -1.1812299489974976 3.497390031814575 2.7571499347686768
vn -0.6991329789161682 1.135740041732788 0.9213830232620239
vn -0.6991329789161682 1.135740041732788 0.9213830232620239
vn -0.4253680109977722 0.5440179705619812 0.7232609987258911
vn -0.3083919882774353 0.6110470294952393 0.7290509939193726
vn -0.9961320161819458 -0.038878198713064194 0.07880000025033951
vn -0.8758500218391418 -0.2135629951953888 0.4327560067176819
vn -0.9616119861602783 -0.22983799874782562 0.4814540147781372
vn -0.9616119861602783 -0.22983799874782562 0.4814540147781372
vn -1.3531800508499146 -0.05199839919805527 0.10788799822330475
vn -0.9961320161819458 -0.038878198713064194 0.07880000025033951
vn -0.42410799860954285 -0.8927789926528931 0.15191300213336945
vn -0.7282729744911194 -1.5605700016021729 0.24642300605773926
vn -0.1331229954957962 -0.6202229857444763 0.7730469703674316
vn -0.1331229954957962 -0.6202229857444763 0.7730469703674316
vn -0.6681849956512451 -0.5771579742431641 0.4694870114326477
vn -0.42410799860954285 -0.8927789926528931 0.15191300213336945
vn -0.8758130073547363 -0.21362900733947754 0.43279799818992615
vn -0.8114719986915588 -0.6546710133552551 1.1310900449752808
vn -0.44968798756599426 -0.260560005903244 0.8606929779052734
vn -0.44968798756599426 -0.260560005903244 0.8606929779052734
vn -0.8758130073547363 -0.21362900733947754 0.43279799818992615
vn -0.8758130073547363 -0.21362900733947754 0.43279799818992615
vn 0 -0.36244601011276245 0.932004988193512
vn -0.44968798756599426 -0.260560005903244 0.8606929779052734
vn -0.8114719986915588 -0.6546710133552551 1.1310900449752808
vn -0.8114719986915588 -0.6546710133552551 1.1310900449752808
vn 0 -0.4673140048980713 0.8840910196304321
vn 0 -0.36244601011276245 0.932004988193512
vn -0.6510679721832275 -0.36373600363731384 0.6661880016326904
vn -0.6681849956512451 -0.5771579742431641 0.4694870114326477
vn -0.1331229954957962 -0.6202229857444763 0.7730469703674316
vn -0.1331229954957962 -0.6202229857444763 0.7730469703674316
vn -0.19442200660705566 -0.5913950204849243 0.7825930118560791
vn -0.6510679721832275 -0.36373600363731384 0.6661880016326904
vn 0 -0.6529480218887329 0.7574030160903931
vn 0 -0.61598801612854 0.7877560257911682
vn -0.19442200660705566 -0.5913950204849243 0.7825930118560791
vn -0.19442200660705566 -0.5913950204849243 0.7825930118560791
vn -0.1331229954957962 -0.6202229857444763 0.7730469703674316
vn 0 -0.6529480218887329 0.7574030160903931
vn -1.5368000268936157 -0.0009368910104967654 0.05368629842996597
vn -0.9993900060653687 -0.0006092650000937283 0.03491250053048134
vn -0.9993860125541687 -0.0006114179850555956 0.03503580018877983
vn -0.9993860125541687 -0.0006114179850555956 0.03503580018877983
vn -1.5102900266647339 -0.0016082399524748325 0.052521999925374985
vn -1.5368000268936157 -0.0009368910104967654 0.05368629842996597
vn -0.9993900060653687 -0.0006092650000937283 0.03491250053048134
vn -0.8979139924049377 -0.0005367730045691133 0.03075459972023964
vn -0.6761090159416199 -0.00041749401134438813 0.02392050065100193
vn -0.6761090159416199 -0.00041749401134438813 0.02392050065100193
vn -0.9993860125541687 -0.0006114179850555956 0.03503580018877983
vn -0.9993900060653687 -0.0006092650000937283 0.03491250053048134
vn -0.9993280172348022 -0.0006574729923158884 0.036658599972724915
vn -0.8245469927787781 -0.5572360157966614 0.09803289920091629
vn -0.8196359872817993 -0.5615860223770142 0.11321300268173218
vn -0.8196359872817993 -0.5615860223770142 0.11321300268173218
vn -0.9993669986724854 -0.0010998400393873453 0.03554540127515793
vn -0.9993280172348022 -0.0006574729923158884 0.036658599972724915
vn -0.3705750107765198 -0.9193540215492249 0.13214799761772156
vn -0.23283399641513824 -0.9414209723472595 0.2439579963684082
vn -0.36252498626708984 -0.9197890162467957 0.15021300315856934
vn -0.36252498626708984 -0.9197890162467957 0.15021300315856934
vn -0.3731420040130615 -0.918819010257721 0.12859299778938293
vn -0.3705750107765198 -0.9193540215492249 0.13214799761772156
vn 0 -0.9410390257835388 0.3382990062236786
vn -0.23283399641513824 -0.9414209723472595 0.2439579963684082
vn -0.1087149977684021 -0.8869029879570007 0.4489800035953522
vn -0.1087149977684021 -0.8869029879570007 0.4489800035953522
vn 0 -0.8934770226478577 0.4491089880466461
vn 0 -0.9410390257835388 0.3382990062236786
vn -0.214711993932724 0.9766209721565247 0.010490999557077885
vn 0 0.9999719858169556 0.0074240597896277905
vn 0 0.999970018863678 0.007691219914704561
vn 0 0.999970018863678 0.007691219914704561
vn -0.20608000457286835 0.9784759879112244 0.010786700062453747
vn -0.214711993932724 0.9766209721565247 0.010490999557077885
vn -0.3072719871997833 0.9515129923820496 0.014381200075149536
vn -0.214711993932724 0.9766209721565247 0.010490999557077885
vn -0.20608000457286835 0.9784759879112244 0.010786700062453747
vn -0.20608000457286835 0.9784759879112244 0.010786700062453747
vn -0.29541099071502686 0.9552559852600098 0.01475489977747202
vn -0.3072719871997833 0.9515129923820496 0.014381200075149536
vn -0.9993469715118408 -0.0009663180098868906 0.03612149879336357
vn -1.5368000268936157 -0.0009368910104967654 0.05368629842996597
vn -1.5102900266647339 -0.0016082399524748325 0.052521999925374985
vn -1.5102900266647339 -0.0016082399524748325 0.052521999925374985
vn -0.9994000196456909 -0.0010701699648052454 0.03461579978466034
vn -0.9993469715118408 -0.0009663180098868906 0.03612149879336357
vn -0.9993860125541687 -0.0006114179850555956 0.03503580018877983
vn -0.6761090159416199 -0.00041749401134438813 0.02392050065100193
vn -0.9996219873428345 -0.001026649959385395 0.02746959961950779
vn -0.9996219873428345 -0.001026649959385395 0.02746959961950779
vn -0.9995219707489014 0.004760880023241043 0.030537400394678116
vn -0.9993860125541687 -0.0006114179850555956 0.03503580018877983
vn -0.9993669986724854 -0.0010998400393873453 0.03554540127515793
vn -0.8196359872817993 -0.5615860223770142 0.11321300268173218
vn -0.8244990110397339 -0.5521829724311829 0.12367600202560425
vn -0.8244990110397339 -0.5521829724311829 0.12367600202560425
vn -0.999364972114563 -0.0013445799704641104 0.035609498620033264
vn -0.9993669986724854 -0.0010998400393873453 0.03554540127515793
vn -0.23588000237941742 -0.9568949937820435 0.16945099830627441
vn -0.3670549988746643 -0.9150040149688721 0.16744700074195862
vn -0.36252498626708984 -0.9197890162467957 0.15021300315856934
vn -0.36252498626708984 -0.9197890162467957 0.15021300315856934
vn -0.23283399641513824 -0.9414209723472595 0.2439579963684082
vn -0.23588000237941742 -0.9568949937820435 0.16945099830627441
vn 0 -0.9410390257835388 0.3382990062236786
vn 0 -0.9853900074958801 0.1703149974346161
vn -0.23588000237941742 -0.9568949937820435 0.16945099830627441
vn -0.23588000237941742 -0.9568949937820435 0.16945099830627441
vn -0.23283399641513824 -0.9414209723472595 0.2439579963684082
vn 0 -0.9410390257835388 0.3382990062236786
vn -0.21890699863433838 0.9756870269775391 0.010670600458979607
vn 0 0.9999719858169556 0.007445290219038725
vn 0 0.9999719858169556 0.0074240597896277905
vn 0 0.9999719858169556 0.0074240597896277905
vn -0.214711993932724 0.9766209721565247 0.010490999557077885
vn -0.21890699863433838 0.9756870269775391 0.010670600458979607
vn -0.31303200125694275 0.9496300220489502 0.014610099606215954
vn -0.21890699863433838 0.9756870269775391 0.010670600458979607
vn -0.214711993932724 0.9766209721565247 0.010490999557077885
vn -0.214711993932724 0.9766209721565247 0.010490999557077885
vn -0.3072719871997833 0.9515129923820496 0.014381200075149536
vn -0.31303200125694275 0.9496300220489502 0.014610099606215954
vn -0.9994000196456909 -0.0010701699648052454 0.03461579978466034
vn -1.5102900266647339 -0.0016082399524748325 0.052521999925374985
vn -0.8891909718513489 -0.001220869948156178 0.03251250088214874
vn -0.8891909718513489 -0.001220869948156178 0.03251250088214874
vn -0.9994000196456909 -0.0013074500020593405 0.03462349995970726
vn -0.9994000196456909 -0.0010701699648052454 0.03461579978466034
vn -1.5102900266647339 -0.0016082399524748325 0.052521999925374985
vn -0.9993860125541687 -0.0006114179850555956 0.03503580018877983
vn -0.9995219707489014 0.004760880023241043 0.030537400394678116
vn -0.9995219707489014 0.004760880023241043 0.030537400394678116
vn -0.8891909718513489 -0.001220869948156178 0.03251250088214874
vn -1.5102900266647339 -0.0016082399524748325 0.052521999925374985
vn -0.9966300129890442 -0.003693799953907728 0.08194729685783386
vn -1.5481899976730347 -0.0057380301877856255 0.1272989958524704
vn -1.4745299816131592 -0.014486299827694893 0.1209930032491684
vn -1.4745299816131592 -0.014486299827694893 0.1209930032491684
vn -0.9976059794425964 -0.008220249786973 0.06865839660167694
vn -0.9966300129890442 -0.003693799953907728 0.08194729685783386
vn -0.9980490207672119 -0.0036044700536876917 0.062336698174476624
vn -0.84135502576828 -0.5304369926452637 0.10372500121593475
vn -0.8283259868621826 -0.5541189908981323 0.08263400197029114
vn -0.8283259868621826 -0.5541189908981323 0.08263400197029114
vn -0.996101975440979 -0.010634600184857845 0.08757010102272034
vn -0.9980490207672119 -0.0036044700536876917 0.062336698174476624
vn -0.2472189962863922 -0.9640529751777649 0.09739259630441666
vn -0.24082399904727936 -0.9702960252761841 0.02299549989402294
vn -0.3923240005970001 -0.9190970063209534 0.03663180023431778
vn -0.3923240005970001 -0.9190970063209534 0.03663180023431778
vn -0.3781299889087677 -0.9196479916572571 0.10613799840211868
vn -0.2472189962863922 -0.9640529751777649 0.09739259630441666
vn 0 -0.9937160015106201 0.11192700266838074
vn 0 -0.9991919994354248 0.040195900946855545
vn -0.24082399904727936 -0.9702960252761841 0.02299549989402294
vn -0.24082399904727936 -0.9702960252761841 0.02299549989402294
vn -0.2472189962863922 -0.9640529751777649 0.09739259630441666
vn 0 -0.9937160015106201 0.11192700266838074
vn 0 0.989063024520874 0.147490993142128
vn 0 0.9976660013198853 0.06828950345516205
vn -0.22398200631141663 0.971526026725769 0.07726210355758667
vn -0.22398200631141663 0.971526026725769 0.07726210355758667
vn -0.2300260066986084 0.9613310098648071 0.15142999589443207
vn 0 0.989063024520874 0.147490993142128
vn -0.31028199195861816 0.939079999923706 0.14782899618148804
vn -0.2300260066986084 0.9613310098648071 0.15142999589443207
vn -0.22398200631141663 0.971526026725769 0.07726210355758667
vn -0.22398200631141663 0.971526026725769 0.07726210355758667
vn -0.3172470033168793 0.9449219703674316 0.0804746001958847
vn -0.31028199195861816 0.939079999923706 0.14782899618148804
vn -0.9983019828796387 -0.006925819907337427 0.05784570053219795
vn -0.9983019828796387 -0.006925819907337427 0.05784570053219795
vn -0.42609500885009766 -0.0029560700058937073 0.024689700454473495
vn -0.42609500885009766 -0.0029560700058937073 0.024689700454473495
vn -1.078320026397705 -0.0050255898386240005 0.05843539908528328
vn -0.9983019828796387 -0.006925819907337427 0.05784570053219795
vn -0.9966300129890442 -0.003693799953907728 0.08194729685783386
vn -0.9976059794425964 -0.008220249786973 0.06865839660167694
vn -0.9976059794425964 -0.008220249786973 0.06865839660167694
vn -0.9976059794425964 -0.008220249786973 0.06865839660167694
vn -0.9993979930877686 -0.0014802600489929318 0.03466790169477463
vn -0.9966300129890442 -0.003693799953907728 0.08194729685783386
vn -0.9996219873428345 -0.001026649959385395 0.02746959961950779
vn -0.6761090159416199 -0.00041749401134438813 0.02392050065100193
vn -1.746399998664856 -0.0023176600225269794 0.0620093010365963
vn -0.9996219873428345 -0.001026649959385395 0.02746959961950779
vn -1.5481899976730347 -0.0057380301877856255 0.1272989958524704
vn -0.9966300129890442 -0.003693799953907728 0.08194729685783386
vn -0.9966300129890442 -0.003693799953907728 0.08194729685783386
vn -0.9995219707489014 0.004760880023241043 0.030537400394678116
vn -0.9996219873428345 -0.001026649959385395 0.02746959961950779
vn -0.9995219707489014 0.004760880023241043 0.030537400394678116
vn -0.9995219707489014 0.004760880023241043 0.030537400394678116
vn -0.9966300129890442 -0.003693799953907728 0.08194729685783386
vn -0.9966300129890442 -0.003693799953907728 0.08194729685783386
vn -0.9993979930877686 -0.0014802600489929318 0.03466790169477463
vn -0.9995219707489014 0.004760880023241043 0.030537400394678116
vn -0.9983019828796387 -0.006925819907337427 0.05784570053219795
vn -0.9993979930877686 -0.0014802600489929318 0.03466790169477463
vn -0.9976059794425964 -0.008220249786973 0.06865839660167694
vn -0.9976059794425964 -0.008220249786973 0.06865839660167694
vn -0.9983019828796387 -0.006925819907337427 0.05784570053219795
vn -0.9983019828796387 -0.006925819907337427 0.05784570053219795
vn -0.9980859756469727 -0.013252600096166134 0.06039790064096451
vn -0.9983019828796387 -0.006925819907337427 0.05784570053219795
vn -0.9976059794425964 -0.008220249786973 0.06865839660167694
vn -0.9976059794425964 -0.008220249786973 0.06865839660167694
vn -0.9991909861564636 -0.008620140142738819 0.03928529843688011
vn -0.9980859756469727 -0.013252600096166134 0.06039790064096451
vn -0.9996219873428345 -0.001026649959385395 0.02746959961950779
vn -0.9996219873428345 -0.001026649959385395 0.02746959961950779
vn -1.746399998664856 -0.0023176600225269794 0.0620093010365963
vn -1.746399998664856 -0.0023176600225269794 0.0620093010365963
vn -1.5481899976730347 -0.0057380301877856255 0.1272989958524704
vn -0.9996219873428345 -0.001026649959385395 0.02746959961950779
vn -0.8891909718513489 -0.001220869948156178 0.03251250088214874
vn -0.9995219707489014 0.004760880023241043 0.030537400394678116
vn -0.9993979930877686 -0.0014802600489929318 0.03466790169477463
vn -0.9983019828796387 -0.006925819907337427 0.05784570053219795
vn -1.078320026397705 -0.0050255898386240005 0.05843539908528328
vn -0.9994009733200073 -0.0015158300520852208 0.034573301672935486
vn -0.9994009733200073 -0.0015158300520852208 0.034573301672935486
vn -0.9993979930877686 -0.0014802600489929318 0.03466790169477463
vn -0.9983019828796387 -0.006925819907337427 0.05784570053219795
vn -0.42609500885009766 -0.0029560700058937073 0.024689700454473495
vn -0.9983019828796387 -0.006925819907337427 0.05784570053219795
vn -0.9980859756469727 -0.013252600096166134 0.06039790064096451
vn -0.9980859756469727 -0.013252600096166134 0.06039790064096451
vn -1.3327499628067017 -0.009923060424625874 0.04522370174527168
vn -0.42609500885009766 -0.0029560700058937073 0.024689700454473495
vn -0.9988269805908203 -0.021404799073934555 0.043436501175165176
vn -0.9961320161819458 -0.03888839855790138 0.0788016989827156
vn -0.9961320161819458 -0.038878198713064194 0.07880000025033951
vn -0.9961320161819458 -0.038878198713064194 0.07880000025033951
vn -0.9988269805908203 -0.021404799073934555 0.04343640059232712
vn -0.9988269805908203 -0.021404799073934555 0.043436501175165176
vn -1.792680025100708 -0.05024050176143646 0.10388399660587311
vn -1.5086899995803833 -0.06118910014629364 0.11917400360107422
vn -0.9961320161819458 -0.03888839855790138 0.0788016989827156
vn -0.9961320161819458 -0.03888839855790138 0.0788016989827156
vn -0.9988269805908203 -0.021404799073934555 0.043436501175165176
vn -1.792680025100708 -0.05024050176143646 0.10388399660587311
vn -0.9969199895858765 -0.03352529928088188 0.07089590281248093
vn -0.8612629771232605 -0.5051149725914001 -0.05553650110960007
vn -0.8616359829902649 -0.4951159954071045 -0.11155299842357635
vn -0.8616359829902649 -0.4951159954071045 -0.11155299842357635
vn -0.9960700273513794 -0.04029859974980354 0.0788716971874237
vn -0.9969199895858765 -0.03352529928088188 0.07089590281248093
vn -0.2861599922180176 -0.9316800236701965 -0.22379499673843384
vn -0.3388350009918213 -0.8864189982414246 -0.31536099314689636
vn -0.5025730133056641 -0.8191490173339844 -0.2764340043067932
vn -0.5025730133056641 -0.8191490173339844 -0.2764340043067932
vn -0.4436759948730469 -0.8758789896965027 -0.1897049993276596
vn -0.2861599922180176 -0.9316800236701965 -0.22379499673843384
vn 0 -0.9647279977798462 -0.2632499933242798
vn 0 -0.9411090016365051 -0.3381040096282959
vn -0.3388350009918213 -0.8864189982414246 -0.31536099314689636
vn -0.3388350009918213 -0.8864189982414246 -0.31536099314689636
vn -0.2861599922180176 -0.9316800236701965 -0.22379499673843384
vn 0 -0.9647279977798462 -0.2632499933242798
vn -1.1812299489974976 3.497390031814575 2.7571499347686768
vn 0.2816399931907654 1.2171499729156494 0.9521700143814087
vn 0 0.8451740145683289 0.5344910025596619
vn 0 0.8451740145683289 0.5344910025596619
vn -0.9328240156173706 3.941970109939575 2.296070098876953
vn -1.1812299489974976 3.497390031814575 2.7571499347686768
vn -1.1812299489974976 3.497390031814575 2.7571499347686768
vn -0.9328240156173706 3.941970109939575 2.296070098876953
vn -0.5197499990463257 1.351199984550476 0.6687639951705933
vn -0.5197499990463257 1.351199984550476 0.6687639951705933
vn -0.6991329789161682 1.135740041732788 0.9213830232620239
vn -1.1812299489974976 3.497390031814575 2.7571499347686768
vn -0.9988269805908203 -0.021404799073934555 0.04343640059232712
vn -0.9961320161819458 -0.038878198713064194 0.07880000025033951
vn -1.3531800508499146 -0.05199839919805527 0.10788799822330475
vn -1.3531800508499146 -0.05199839919805527 0.10788799822330475
vn -0.9823769927024841 -0.017055200412869453 0.03460979834198952
vn -0.9988269805908203 -0.021404799073934555 0.04343640059232712
vn -0.16577200591564178 -0.661217987537384 -0.7316499948501587
vn -0.27071699500083923 -0.8103820085525513 -0.5196099877357483
vn 0.21945199370384216 0.26242300868034363 -0.9396679997444153
vn 0.21945199370384216 0.26242300868034363 -0.9396679997444153
vn 0.12627500295639038 0.25442999601364136 -0.9588119983673096
vn -0.16577200591564178 -0.661217987537384 -0.7316499948501587
vn -0.7604399919509888 -0.20422300696372986 -0.6164600253105164
vn 0.5367469787597656 -0.2745729982852936 -0.7978169918060303
vn 0.2863070070743561 -0.10419899970293045 -0.9524549841880798
vn 0.2863070070743561 -0.10419899970293045 -0.9524549841880798
vn -0.6898239850997925 -0.554997980594635 -0.4648880064487457
vn -0.7604399919509888 -0.20422300696372986 -0.6164600253105164
vn -0.342849999666214 0.06048399955034256 -0.9374409914016724
vn -0.3477500081062317 0.06134840101003647 -0.9508389830589294
vn -0.6223660111427307 0.1097949966788292 -1.7017099857330322
vn -0.6223660111427307 0.1097949966788292 -1.7017099857330322
vn -0.359281986951828 0.06573689728975296 -0.9309110045433044
vn -0.342849999666214 0.06048399955034256 -0.9374409914016724
vn 0 -0.43798699975013733 -0.898980975151062
vn -0.16577200591564178 -0.661217987537384 -0.7316499948501587
vn 0.12627500295639038 0.25442999601364136 -0.9588119983673096
vn 0.12627500295639038 0.25442999601364136 -0.9588119983673096
vn 0 0.29510000348091125 -0.9554659724235535
vn 0 -0.43798699975013733 -0.898980975151062
vn -0.3477500081062317 0.06134840101003647 -0.9508389830589294
vn -0.7691349983215332 0.18775799870491028 -0.6108829975128174
vn 0.5247870087623596 0.25568199157714844 -0.8119270205497742
vn 0.5247870087623596 0.25568199157714844 -0.8119270205497742
vn -0.6223660111427307 0.1097949966788292 -1.7017099857330322
vn -0.3477500081062317 0.06134840101003647 -0.9508389830589294
vn -0.14240999519824982 0.8303290009498596 -0.5387700200080872
vn 0.10818900167942047 -0.28451400995254517 -0.9525480270385742
vn 0.17945800721645355 -0.28829100728034973 -0.9405760169029236
vn 0.17945800721645355 -0.28829100728034973 -0.9405760169029236
vn -0.18507899343967438 0.8074619770050049 -0.560135006904602
vn -0.14240999519824982 0.8303290009498596 -0.5387700200080872
vn 0 0.8362799882888794 -0.5483019948005676
vn 0 -0.2884190082550049 -0.9575039744377136
vn 0.10818900167942047 -0.28451400995254517 -0.9525480270385742
vn 0.10818900167942047 -0.28451400995254517 -0.9525480270385742
vn -0.14240999519824982 0.8303290009498596 -0.5387700200080872
vn 0 0.8362799882888794 -0.5483019948005676
vn -0.342849999666214 0.06048399955034256 -0.9374409914016724
vn -0.359281986951828 0.06573689728975296 -0.9309110045433044
vn -0.10419300198554993 -0.02315489947795868 -0.270550012588501
vn -0.10419300198554993 -0.02315489947795868 -0.270550012588501
vn -0.3250429928302765 -0.07089520245790482 -0.9064350128173828
vn -0.342849999666214 0.06048399955034256 -0.9374409914016724
vn 0.12627500295639038 0.25442999601364136 -0.9588119983673096
vn 0.21945199370384216 0.26242300868034363 -0.9396679997444153
vn 0.2248460054397583 0.2719449996948242 -0.9356759786605835
vn 0.2248460054397583 0.2719449996948242 -0.9356759786605835
vn 0.14143800735473633 0.3420189917087555 -0.928987979888916
vn 0.12627500295639038 0.25442999601364136 -0.9588119983673096
vn 0.5367469787597656 -0.2745729982852936 -0.7978169918060303
vn 1.4669699668884277 -0.15538200736045837 -0.42061498761177063
vn 0.5670729875564575 0.1380860060453415 -0.8120099902153015
vn 0.5670729875564575 0.1380860060453415 -0.8120099902153015
vn 0.2863070070743561 -0.10419899970293045 -0.9524549841880798
vn 0.5367469787597656 -0.2745729982852936 -0.7978169918060303
vn -0.359281986951828 0.06573689728975296 -0.9309110045433044
vn -0.6223660111427307 0.1097949966788292 -1.7017099857330322
vn 1.4902100563049316 0.03411199897527695 -0.48306599259376526
vn 1.4902100563049316 0.03411199897527695 -0.48306599259376526
vn 1.56003999710083 0.038388900458812714 -0.5158259868621826
vn -0.359281986951828 0.06573689728975296 -0.9309110045433044
vn 0 0.29510000348091125 -0.9554659724235535
vn 0.12627500295639038 0.25442999601364136 -0.9588119983673096
vn 0.14143800735473633 0.3420189917087555 -0.928987979888916
vn 0.14143800735473633 0.3420189917087555 -0.928987979888916
vn 0 0.36187300086021423 -0.9322270154953003
vn 0 0.29510000348091125 -0.9554659724235535
vn -0.6223660111427307 0.1097949966788292 -1.7017099857330322
vn 0.5247870087623596 0.25568199157714844 -0.8119270205497742
vn 0.5886809825897217 0.2609800100326538 -0.7650780081748962
vn 0.5886809825897217 0.2609800100326538 -0.7650780081748962
vn 1.4902100563049316 0.03411199897527695 -0.48306599259376526
vn -0.6223660111427307 0.1097949966788292 -1.7017099857330322
vn 0.10818900167942047 -0.28451400995254517 -0.9525480270385742
vn 0.11800400167703629 -0.3513289988040924 -0.9287859797477722
vn 0.18713299930095673 -0.3036060035228729 -0.9342399835586548
vn 0.18713299930095673 -0.3036060035228729 -0.9342399835586548
vn 0.17945800721645355 -0.28829100728034973 -0.9405760169029236
vn 0.10818900167942047 -0.28451400995254517 -0.9525480270385742
vn 0 -0.2884190082550049 -0.9575039744377136
vn 0 -0.3888390064239502 -0.9213060140609741
vn 0.11800400167703629 -0.3513289988040924 -0.9287859797477722
vn 0.11800400167703629 -0.3513289988040924 -0.9287859797477722
vn 0.10818900167942047 -0.28451400995254517 -0.9525480270385742
vn 0 -0.2884190082550049 -0.9575039744377136
vn -0.359281986951828 0.06573689728975296 -0.9309110045433044
vn 1.56003999710083 0.038388900458812714 -0.5158259868621826
vn 0.1690489947795868 -0.005041690077632666 -0.05587419867515564
vn 0.1690489947795868 -0.005041690077632666 -0.05587419867515564
vn -0.10419300198554993 -0.02315489947795868 -0.270550012588501
vn -0.359281986951828 0.06573689728975296 -0.9309110045433044
vn -0.3705750107765198 -0.9193540215492249 0.13214799761772156
vn -0.4177750051021576 -0.90174800157547 0.11097200214862823
vn -0.9905620217323303 -0.10984399914741516 0.0819811001420021
vn -0.9905620217323303 -0.10984399914741516 0.0819811001420021
vn -0.9916560053825378 -0.10256800055503845 0.07809670269489288
vn -0.3705750107765198 -0.9193540215492249 0.13214799761772156
vn 0 -0.43798699975013733 -0.898980975151062
vn 0 -0.5051289796829224 -0.863044023513794
vn -0.041028399020433426 -0.5013629794120789 -0.8642640113830566
vn -0.041028399020433426 -0.5013629794120789 -0.8642640113830566
vn -0.16577200591564178 -0.661217987537384 -0.7316499948501587
vn 0 -0.43798699975013733 -0.898980975151062
vn -0.23283399641513824 -0.9414209723472595 0.2439579963684082
vn -0.3705750107765198 -0.9193540215492249 0.13214799761772156
vn -0.9916560053825378 -0.10256800055503845 0.07809670269489288
vn -0.16577200591564178 -0.661217987537384 -0.7316499948501587
vn -0.4177750051021576 -0.90174800157547 0.11097200214862823
vn -0.41920700669288635 -0.9014859795570374 0.10764999687671661
vn -0.41920700669288635 -0.9014859795570374 0.10764999687671661
vn -0.27071699500083923 -0.8103820085525513 -0.5196099877357483
vn -0.16577200591564178 -0.661217987537384 -0.7316499948501587
vn -0.4177750051021576 -0.90174800157547 0.11097200214862823
vn -0.16577200591564178 -0.661217987537384 -0.7316499948501587
vn -0.041028399020433426 -0.5013629794120789 -0.8642640113830566
vn -0.041028399020433426 -0.5013629794120789 -0.8642640113830566
vn -0.9905620217323303 -0.10984399914741516 0.0819811001420021
vn -0.4177750051021576 -0.90174800157547 0.11097200214862823
vn 0 -0.9443190097808838 0.3290320038795471
vn -0.1089320033788681 -0.9378039836883545 0.3296310007572174
vn -0.08488179743289948 -0.8798519968986511 -0.46760499477386475
vn -0.08488179743289948 -0.8798519968986511 -0.46760499477386475
vn 0 -0.9313099980354309 -0.3642269968986511
vn 0 -0.9443190097808838 0.3290320038795471
vn 0 0.8362799882888794 -0.5483019948005676
vn -0.14240999519824982 0.8303290009498596 -0.5387700200080872
vn -0.19974400103092194 0.9797859787940979 0.011058899573981762
vn -0.19974400103092194 0.9797859787940979 0.011058899573981762
vn 0 0.999970018863678 0.007768840063363314
vn 0 0.8362799882888794 -0.5483019948005676
vn -0.14240999519824982 0.8303290009498596 -0.5387700200080872
vn -0.18507899343967438 0.8074619770050049 -0.560135006904602
vn -0.2866789996623993 0.9579079747200012 0.015096600167453289
vn -0.2866789996623993 0.9579079747200012 0.015096600167453289
vn -0.19974400103092194 0.9797859787940979 0.011058899573981762
vn -0.14240999519824982 0.8303290009498596 -0.5387700200080872
vn -0.6872220039367676 -0.0004189560131635517 0.024007199332118034
vn -0.9993039965629578 -0.005921709816902876 0.03682110086083412
vn -0.7691349983215332 0.18775799870491028 -0.6108829975128174
vn -0.7691349983215332 0.18775799870491028 -0.6108829975128174
vn -0.3477500081062317 0.06134840101003647 -0.9508389830589294
vn -0.6872220039367676 -0.0004189560131635517 0.024007199332118034
vn -0.9994120001792908 -0.0014248499646782875 0.03426399827003479
vn -0.6872220039367676 -0.0004189560131635517 0.024007199332118034
vn -0.3477500081062317 0.06134840101003647 -0.9508389830589294
vn -0.3477500081062317 0.06134840101003647 -0.9508389830589294
vn -0.342849999666214 0.06048399955034256 -0.9374409914016724
vn -0.9994120001792908 -0.0014248499646782875 0.03426399827003479
vn -1.5317100286483765 0.0017286499496549368 0.05464579910039902
vn -0.9994120001792908 -0.0014248499646782875 0.03426399827003479
vn -0.342849999666214 0.06048399955034256 -0.9374409914016724
vn -0.342849999666214 0.06048399955034256 -0.9374409914016724
vn -0.3250429928302765 -0.07089520245790482 -0.9064350128173828
vn -1.5317100286483765 0.0017286499496549368 0.05464579910039902
vn -0.6898239850997925 -0.554997980594635 -0.4648880064487457
vn -0.8428249955177307 -0.5313199758529663 0.08570989966392517
vn -0.9992730021476746 0.0055763800628483295 0.0377018004655838
vn -0.9992730021476746 0.0055763800628483295 0.0377018004655838
vn -0.7604399919509888 -0.20422300696372986 -0.6164600253105164
vn -0.6898239850997925 -0.554997980594635 -0.4648880064487457
vn 0 -0.5051289796829224 -0.863044023513794
vn 0 -0.9313099980354309 -0.3642269968986511
vn -0.08488179743289948 -0.8798519968986511 -0.46760499477386475
vn -0.08488179743289948 -0.8798519968986511 -0.46760499477386475
vn -0.041028399020433426 -0.5013629794120789 -0.8642640113830566
vn 0 -0.5051289796829224 -0.863044023513794
vn -0.9905620217323303 -0.10984399914741516 0.0819811001420021
vn -0.041028399020433426 -0.5013629794120789 -0.8642640113830566
vn -0.08488179743289948 -0.8798519968986511 -0.46760499477386475
vn -0.08488179743289948 -0.8798519968986511 -0.46760499477386475
vn -0.1089320033788681 -0.9378039836883545 0.3296310007572174
vn -0.9905620217323303 -0.10984399914741516 0.0819811001420021
vn -0.9905620217323303 -0.10984399914741516 0.0819811001420021
vn -0.1089320033788681 -0.9378039836883545 0.3296310007572174
vn -0.1087149977684021 -0.8869029879570007 0.4489800035953522
vn -0.1087149977684021 -0.8869029879570007 0.4489800035953522
vn -0.9916560053825378 -0.10256800055503845 0.07809670269489288
vn -0.9905620217323303 -0.10984399914741516 0.0819811001420021
vn -0.23283399641513824 -0.9414209723472595 0.2439579963684082
vn -0.9916560053825378 -0.10256800055503845 0.07809670269489288
vn -0.1087149977684021 -0.8869029879570007 0.4489800035953522
vn -0.24699699878692627 0.6851940155029297 0.6852020025253296
vn -0.24699699878692627 0.6851940155029297 0.6852020025253296
vn -0.24699699878692627 0.6851940155029297 0.6852020025253296
vn -0.24699699878692627 0.6851940155029297 0.6852020025253296
vn -0.24700400233268738 0.6852020025253296 0.6851919889450073
vn -0.24699699878692627 0.6851940155029297 0.6852020025253296
vn -0.24699699878692627 0.25079798698425293 0.9359980225563049
vn -0.24699699878692627 0.25079798698425293 0.9359980225563049
vn -0.24699699878692627 0.6851940155029297 0.6852020025253296
vn -0.24699699878692627 0.6851940155029297 0.6852020025253296
vn -0.24699699878692627 0.6851940155029297 0.6852020025253296
vn -0.24699699878692627 0.25079798698425293 0.9359980225563049
vn -0.24699699878692627 -0.25079700350761414 0.9359980225563049
vn -0.24699699878692627 -0.25079700350761414 0.9359980225563049
vn -0.24699699878692627 0.25079798698425293 0.9359980225563049
vn -0.24699699878692627 0.25079798698425293 0.9359980225563049
vn -0.24699699878692627 0.25079798698425293 0.9359980225563049
vn -0.24699699878692627 -0.25079700350761414 0.9359980225563049
vn -0.24699999392032623 -0.6851969957351685 0.6851980090141296
vn -0.24699999392032623 -0.6851969957351685 0.6851980090141296
vn -0.24699699878692627 -0.25079700350761414 0.9359980225563049
vn -0.24699699878692627 -0.25079700350761414 0.9359980225563049
vn -0.24699699878692627 -0.25079700350761414 0.9359980225563049
vn -0.24699999392032623 -0.6851969957351685 0.6851980090141296
vn -0.24700100719928741 -0.9359959959983826 0.25080499053001404
vn -0.24700100719928741 -0.9359959959983826 0.25080499053001404
vn -0.24699999392032623 -0.6851969957351685 0.6851980090141296
vn -0.24699999392032623 -0.6851969957351685 0.6851980090141296
vn -0.24699999392032623 -0.6851969957351685 0.6851980090141296
vn -0.24700100719928741 -0.9359959959983826 0.25080499053001404
vn -0.24699699878692627 -0.9359970092773438 -0.25080499053001404
vn -0.24699699878692627 -0.9359970092773438 -0.25080499053001404
vn -0.24700100719928741 -0.9359959959983826 0.25080499053001404
vn -0.24700100719928741 -0.9359959959983826 0.25080499053001404
vn -0.24700100719928741 -0.9359959959983826 0.25080499053001404
vn -0.24699699878692627 -0.9359970092773438 -0.25080499053001404
vn -0.2470030039548874 -0.6852009892463684 -0.6851930022239685
vn -0.2470030039548874 -0.6852009892463684 -0.6851930022239685
vn -0.24699699878692627 -0.9359970092773438 -0.25080499053001404
vn -0.24699699878692627 -0.9359970092773438 -0.25080499053001404
vn -0.24699699878692627 -0.9359970092773438 -0.25080499053001404
vn -0.2470030039548874 -0.6852009892463684 -0.6851930022239685
vn -0.24700100719928741 -0.25079700350761414 -0.9359970092773438
vn -0.24700100719928741 -0.25079700350761414 -0.9359970092773438
vn -0.2470030039548874 -0.6852009892463684 -0.6851930022239685
vn -0.2470030039548874 -0.6852009892463684 -0.6851930022239685
vn -0.2470030039548874 -0.6852009892463684 -0.6851930022239685
vn -0.24700100719928741 -0.25079700350761414 -0.9359970092773438
vn -0.24700100719928741 0.25079700350761414 -0.9359980225563049
vn -0.24700100719928741 0.25079700350761414 -0.9359980225563049
vn -0.24700100719928741 -0.25079700350761414 -0.9359970092773438
vn -0.24700100719928741 -0.25079700350761414 -0.9359970092773438
vn -0.24700100719928741 -0.25079700350761414 -0.9359970092773438
vn -0.24700100719928741 0.25079700350761414 -0.9359980225563049
vn -0.24699999392032623 0.6851969957351685 -0.6851969957351685
vn -0.24699999392032623 0.6851969957351685 -0.6851969957351685
vn -0.24700100719928741 0.25079700350761414 -0.9359980225563049
vn -0.24700100719928741 0.25079700350761414 -0.9359980225563049
vn -0.24700100719928741 0.25079700350761414 -0.9359980225563049
vn -0.24699999392032623 0.6851969957351685 -0.6851969957351685
vn -0.24700100719928741 0.9359970092773438 -0.25079700350761414
vn -0.24700100719928741 0.9359970092773438 -0.25079700350761414
vn -0.24699999392032623 0.6851969957351685 -0.6851969957351685
vn -0.24699999392032623 0.6851969957351685 -0.6851969957351685
vn -0.24699999392032623 0.6851969957351685 -0.6851969957351685
vn -0.24700100719928741 0.9359970092773438 -0.25079700350761414
vn -0.24700400233268738 0.6852020025253296 0.6851919889450073
vn -0.24699699878692627 0.6851940155029297 0.6852020025253296
vn -0.24700100719928741 0.9359970092773438 -0.25079700350761414
vn -0.24700100719928741 0.9359970092773438 -0.25079700350761414
vn -0.24700100719928741 0.9359970092773438 -0.25079700350761414
vn -0.24700400233268738 0.6852020025253296 0.6851919889450073
vn -0.24699699878692627 0.6851940155029297 0.6852020025253296
vn -0.24700400233268738 0.6852020025253296 0.6851919889450073
vn -1 0 0
vn -0.24699699878692627 0.25079798698425293 0.9359980225563049
vn -0.24699699878692627 0.6851940155029297 0.6852020025253296
vn -1 0 0
vn -0.24699699878692627 -0.25079700350761414 0.9359980225563049
vn -0.24699699878692627 0.25079798698425293 0.9359980225563049
vn -1 0 0
vn -0.24699999392032623 -0.6851969957351685 0.6851980090141296
vn -0.24699699878692627 -0.25079700350761414 0.9359980225563049
vn -1 0 0
vn -0.24700100719928741 -0.9359959959983826 0.25080499053001404
vn -0.24699999392032623 -0.6851969957351685 0.6851980090141296
vn -1 0 0
vn -0.24699699878692627 -0.9359970092773438 -0.25080499053001404
vn -0.24700100719928741 -0.9359959959983826 0.25080499053001404
vn -1 0 0
vn -0.2470030039548874 -0.6852009892463684 -0.6851930022239685
vn -0.24699699878692627 -0.9359970092773438 -0.25080499053001404
vn -1 0 0
vn -0.24700100719928741 -0.25079700350761414 -0.9359970092773438
vn -0.2470030039548874 -0.6852009892463684 -0.6851930022239685
vn -1 0 0
vn -0.24700100719928741 0.25079700350761414 -0.9359980225563049
vn -0.24700100719928741 -0.25079700350761414 -0.9359970092773438
vn -1 0 0
vn -0.24699999392032623 0.6851969957351685 -0.6851969957351685
vn -0.24700100719928741 0.25079700350761414 -0.9359980225563049
vn -1 0 0
vn -0.24700100719928741 0.9359970092773438 -0.25079700350761414
vn -0.24699999392032623 0.6851969957351685 -0.6851969957351685
vn -1 0 0
vn -0.24700400233268738 0.6852020025253296 0.6851919889450073
vn -0.24700100719928741 0.9359970092773438 -0.25079700350761414
vn -1 0 0
vn -0.4772830009460449 -0.8766390085220337 -0.060860298573970795
vn -0.42410799860954285 -0.8927789926528931 0.15191300213336945
vn -0.6681849956512451 -0.5771579742431641 0.4694870114326477
vn -0.6681849956512451 -0.5771579742431641 0.4694870114326477
vn -0.8136839866638184 -0.5730839967727661 0.0974327027797699
vn -0.4772830009460449 -0.8766390085220337 -0.060860298573970795
vn -0.8616359829902649 -0.4951159954071045 -0.11155299842357635
vn -0.5025730133056641 -0.8191490173339844 -0.2764340043067932
vn -0.4772830009460449 -0.8766390085220337 -0.060860298573970795
vn -0.4772830009460449 -0.8766390085220337 -0.060860298573970795
vn -0.8136839866638184 -0.5730839967727661 0.0974327027797699
vn -0.8616359829902649 -0.4951159954071045 -0.11155299842357635
vn -0.4436759948730469 -0.8758789896965027 -0.1897049993276596
vn -0.5025730133056641 -0.8191490173339844 -0.2764340043067932
vn -0.8616359829902649 -0.4951159954071045 -0.11155299842357635
vn -0.8616359829902649 -0.4951159954071045 -0.11155299842357635
vn -0.8612629771232605 -0.5051149725914001 -0.05553650110960007
vn -0.4436759948730469 -0.8758789896965027 -0.1897049993276596
vn -0.8478440046310425 -0.5287669897079468 0.03956940025091171
vn -0.41679999232292175 -0.9085999727249146 -0.02692130021750927
vn -0.4436759948730469 -0.8758789896965027 -0.1897049993276596
vn -0.4436759948730469 -0.8758789896965027 -0.1897049993276596
vn -0.8612629771232605 -0.5051149725914001 -0.05553650110960007
vn -0.8478440046310425 -0.5287669897079468 0.03956940025091171
vn -0.41679999232292175 -0.9085999727249146 -0.02692130021750927
vn -0.8478440046310425 -0.5287669897079468 0.03956940025091171
vn -0.8283259868621826 -0.5541189908981323 0.08263400197029114
vn -0.8283259868621826 -0.5541189908981323 0.08263400197029114
vn -0.3923240005970001 -0.9190970063209534 0.03663180023431778
vn -0.41679999232292175 -0.9085999727249146 -0.02692130021750927
vn -0.3781299889087677 -0.9196479916572571 0.10613799840211868
vn -0.3923240005970001 -0.9190970063209534 0.03663180023431778
vn -0.8283259868621826 -0.5541189908981323 0.08263400197029114
vn -0.8283259868621826 -0.5541189908981323 0.08263400197029114
vn -0.84135502576828 -0.5304369926452637 0.10372500121593475
vn -0.3781299889087677 -0.9196479916572571 0.10613799840211868
vn -0.3781299889087677 -0.9196479916572571 0.10613799840211868
vn -0.84135502576828 -0.5304369926452637 0.10372500121593475
vn -0.8244990110397339 -0.5521829724311829 0.12367600202560425
vn -0.8244990110397339 -0.5521829724311829 0.12367600202560425
vn -0.3670549988746643 -0.9150040149688721 0.16744700074195862
vn -0.3781299889087677 -0.9196479916572571 0.10613799840211868
vn -0.3670549988746643 -0.9150040149688721 0.16744700074195862
vn -0.8244990110397339 -0.5521829724311829 0.12367600202560425
vn -0.8196359872817993 -0.5615860223770142 0.11321300268173218
vn -0.8196359872817993 -0.5615860223770142 0.11321300268173218
vn -0.36252498626708984 -0.9197890162467957 0.15021300315856934
vn -0.3670549988746643 -0.9150040149688721 0.16744700074195862
vn -0.36252498626708984 -0.9197890162467957 0.15021300315856934
vn -0.8196359872817993 -0.5615860223770142 0.11321300268173218
vn -0.8245469927787781 -0.5572360157966614 0.09803289920091629
vn -0.8245469927787781 -0.5572360157966614 0.09803289920091629
vn -0.3731420040130615 -0.918819010257721 0.12859299778938293
vn -0.36252498626708984 -0.9197890162467957 0.15021300315856934
vn -0.41920700669288635 -0.9014859795570374 0.10764999687671661
vn -0.3731420040130615 -0.918819010257721 0.12859299778938293
vn -0.8245469927787781 -0.5572360157966614 0.09803289920091629
vn -0.8245469927787781 -0.5572360157966614 0.09803289920091629
vn -0.8428249955177307 -0.5313199758529663 0.08570989966392517
vn -0.41920700669288635 -0.9014859795570374 0.10764999687671661
vn -0.27071699500083923 -0.8103820085525513 -0.5196099877357483
vn -0.41920700669288635 -0.9014859795570374 0.10764999687671661
vn -0.8428249955177307 -0.5313199758529663 0.08570989966392517
vn -0.8428249955177307 -0.5313199758529663 0.08570989966392517
vn -0.6898239850997925 -0.554997980594635 -0.4648880064487457
vn -0.27071699500083923 -0.8103820085525513 -0.5196099877357483
vn -0.27071699500083923 -0.8103820085525513 -0.5196099877357483
vn -0.6898239850997925 -0.554997980594635 -0.4648880064487457
vn 0.2863070070743561 -0.10419899970293045 -0.9524549841880798
vn 0.2863070070743561 -0.10419899970293045 -0.9524549841880798
vn 0.21945199370384216 0.26242300868034363 -0.9396679997444153
vn -0.27071699500083923 -0.8103820085525513 -0.5196099877357483
vn 0.21945199370384216 0.26242300868034363 -0.9396679997444153
vn 0.2863070070743561 -0.10419899970293045 -0.9524549841880798
vn 0.5670729875564575 0.1380860060453415 -0.8120099902153015
vn 0.5670729875564575 0.1380860060453415 -0.8120099902153015
vn 0.2248460054397583 0.2719449996948242 -0.9356759786605835
vn 0.21945199370384216 0.26242300868034363 -0.9396679997444153
vn -0.01779250055551529 -0.35560500621795654 -0.9344670176506042
vn 0.2248460054397583 0.2719449996948242 -0.9356759786605835
vn 0.5670729875564575 0.1380860060453415 -0.8120099902153015
vn 0.5670729875564575 0.1380860060453415 -0.8120099902153015
vn 1.4669699668884277 -0.15538200736045837 -0.42061498761177063
vn -0.01779250055551529 -0.35560500621795654 -0.9344670176506042
vn 0.002194700064137578 -0.008270399644970894 -0.9999629855155945
vn -0.0005730320117436349 -0.2287590056657791 -0.9734830260276794
vn 0.1690489947795868 -0.005041690077632666 -0.05587419867515564
vn 0.1690489947795868 -0.005041690077632666 -0.05587419867515564
vn 1.56003999710083 0.038388900458812714 -0.5158259868621826
vn 0.002194700064137578 -0.008270399644970894 -0.9999629855155945
vn 0.002194700064137578 -0.008270399644970894 -0.9999629855155945
vn 1.56003999710083 0.038388900458812714 -0.5158259868621826
vn 1.4902100563049316 0.03411199897527695 -0.48306599259376526
vn 1.4902100563049316 0.03411199897527695 -0.48306599259376526
vn 0.00038951801252551377 0.2062380015850067 -0.9785019755363464
vn 0.002194700064137578 -0.008270399644970894 -0.9999629855155945
vn 0.00038951801252551377 0.2062380015850067 -0.9785019755363464
vn 1.4902100563049316 0.03411199897527695 -0.48306599259376526
vn 0.5886809825897217 0.2609800100326538 -0.7650780081748962
vn 0.5886809825897217 0.2609800100326538 -0.7650780081748962
vn -0.011355199851095676 0.3280549943447113 -0.9445899724960327
vn 0.00038951801252551377 0.2062380015850067 -0.9785019755363464
vn 0.17945800721645355 -0.28829100728034973 -0.9405760169029236
vn 0.18713299930095673 -0.3036060035228729 -0.9342399835586548
vn 0.5554770231246948 -0.17246399819850922 -0.8134509921073914
vn 0.5554770231246948 -0.17246399819850922 -0.8134509921073914
vn 0.252157986164093 0.08445949852466583 -0.9639930129051208
vn 0.17945800721645355 -0.28829100728034973 -0.9405760169029236
vn -0.18507899343967438 0.8074619770050049 -0.560135006904602
vn 0.17945800721645355 -0.28829100728034973 -0.9405760169029236
vn 0.252157986164093 0.08445949852466583 -0.9639930129051208
vn 0.252157986164093 0.08445949852466583 -0.9639930129051208
vn -0.6742849946022034 0.5684390068054199 -0.4713979959487915
vn -0.18507899343967438 0.8074619770050049 -0.560135006904602
vn -0.18507899343967438 0.8074619770050049 -0.560135006904602
vn -0.6742849946022034 0.5684390068054199 -0.4713979959487915
vn -0.8028939962387085 0.5951489806175232 0.03404559940099716
vn -0.8028939962387085 0.5951489806175232 0.03404559940099716
vn -0.2866789996623993 0.9579079747200012 0.015096600167453289
vn -0.18507899343967438 0.8074619770050049 -0.560135006904602
vn -0.2866789996623993 0.9579079747200012 0.015096600167453289
vn -0.8028939962387085 0.5951489806175232 0.03404559940099716
vn -0.803928017616272 0.5938159823417664 0.03289699926972389
vn -0.803928017616272 0.5938159823417664 0.03289699926972389
vn -0.29541099071502686 0.9552559852600098 0.01475489977747202
vn -0.2866789996623993 0.9579079747200012 0.015096600167453289
vn -0.8080779910087585 0.5882480144500732 0.031219899654388428
vn -0.3072719871997833 0.9515129923820496 0.014381200075149536
vn -0.29541099071502686 0.9552559852600098 0.01475489977747202
vn -0.29541099071502686 0.9552559852600098 0.01475489977747202
vn -0.803928017616272 0.5938159823417664 0.03289699926972389
vn -0.8080779910087585 0.5882480144500732 0.031219899654388428
vn -0.8099240064620972 0.5856959819793701 0.03136799857020378
vn -0.31303200125694275 0.9496300220489502 0.014610099606215954
vn -0.3072719871997833 0.9515129923820496 0.014381200075149536
vn -0.3072719871997833 0.9515129923820496 0.014381200075149536
vn -0.8080779910087585 0.5882480144500732 0.031219899654388428
vn -0.8099240064620972 0.5856959819793701 0.03136799857020378
vn -0.31303200125694275 0.9496300220489502 0.014610099606215954
vn -0.8099240064620972 0.5856959819793701 0.03136799857020378
vn -1.078320026397705 -0.0050255898386240005 0.05843539908528328
vn -1.078320026397705 -0.0050255898386240005 0.05843539908528328
vn -0.3172470033168793 0.9449219703674316 0.0804746001958847
vn -0.31303200125694275 0.9496300220489502 0.014610099606215954
vn -0.42609500885009766 -0.0029560700058937073 0.024689700454473495
vn -0.31028199195861816 0.939079999923706 0.14782899618148804
vn -0.3172470033168793 0.9449219703674316 0.0804746001958847
vn -0.3172470033168793 0.9449219703674316 0.0804746001958847
vn -1.078320026397705 -0.0050255898386240005 0.05843539908528328
vn -0.42609500885009766 -0.0029560700058937073 0.024689700454473495
vn -0.31028199195861816 0.939079999923706 0.14782899618148804
vn -0.42609500885009766 -0.0029560700058937073 0.024689700454473495
vn -1.3327499628067017 -0.009923060424625874 0.04522370174527168
vn -1.3327499628067017 -0.009923060424625874 0.04522370174527168
vn -0.31366801261901855 0.9043290019035339 0.28948700428009033
vn -0.31028199195861816 0.939079999923706 0.14782899618148804
vn -0.31366801261901855 0.9043290019035339 0.28948700428009033
vn -1.3327499628067017 -0.009923060424625874 0.04522370174527168
vn -0.9823769927024841 -0.017055200412869453 0.03460979834198952
vn -0.9823769927024841 -0.017055200412869453 0.03460979834198952
vn -0.5197499990463257 1.351199984550476 0.6687639951705933
vn -0.31366801261901855 0.9043290019035339 0.28948700428009033
vn -0.6991329789161682 1.135740041732788 0.9213830232620239
vn -0.5197499990463257 1.351199984550476 0.6687639951705933
vn -0.9823769927024841 -0.017055200412869453 0.03460979834198952
vn -0.9823769927024841 -0.017055200412869453 0.03460979834198952
vn -1.3531800508499146 -0.05199839919805527 0.10788799822330475
vn -0.6991329789161682 1.135740041732788 0.9213830232620239
vn -0.4253680109977722 0.5440179705619812 0.7232609987258911
vn -0.6991329789161682 1.135740041732788 0.9213830232620239
vn -1.3531800508499146 -0.05199839919805527 0.10788799822330475
vn -1.3531800508499146 -0.05199839919805527 0.10788799822330475
vn -0.9616119861602783 -0.22983799874782562 0.4814540147781372
vn -0.4253680109977722 0.5440179705619812 0.7232609987258911
vn -0.4253680109977722 0.5440179705619812 0.7232609987258911
vn -0.9616119861602783 -0.22983799874782562 0.4814540147781372
vn -0.3567590117454529 -0.3635129928588867 0.764307975769043
vn -0.3567590117454529 -0.3635129928588867 0.764307975769043
vn -0.39527401328086853 0.374004989862442 0.8389750123023987
vn -0.4253680109977722 0.5440179705619812 0.7232609987258911
vn 0.3567590117454529 -0.3635129928588867 0.764307975769043
vn 0.9616119861602783 -0.22983799874782562 0.4814540147781372
vn 0.4253680109977722 0.5440179705619812 0.7232609987258911
vn 0.4253680109977722 0.5440179705619812 0.7232609987258911
vn 0.39527401328086853 0.374004989862442 0.8389750123023987
vn 0.3567590117454529 -0.3635129928588867 0.764307975769043
vn 1.3531800508499146 -0.05199839919805527 0.10788799822330475
vn 0.4243350028991699 0.6976730227470398 0.5772280097007751
vn 0.4253680109977722 0.5440179705619812 0.7232609987258911
vn 0.4253680109977722 0.5440179705619812 0.7232609987258911
vn 0.9616119861602783 -0.22983799874782562 0.4814540147781372
vn 1.3531800508499146 -0.05199839919805527 0.10788799822330475
vn 0.9823769927024841 -0.017055299133062363 0.03460979834198952
vn 0.32646799087524414 0.7959809899330139 0.509738028049469
vn 0.4243350028991699 0.6976730227470398 0.5772280097007751
vn 0.4243350028991699 0.6976730227470398 0.5772280097007751
vn 1.3531800508499146 -0.05199839919805527 0.10788799822330475
vn 0.9823769927024841 -0.017055299133062363 0.03460979834198952
vn 0.31366801261901855 0.9043290019035339 0.28948700428009033
vn 0.32646799087524414 0.7959809899330139 0.509738028049469
vn 0.9823769927024841 -0.017055299133062363 0.03460979834198952
vn 0.9823769927024841 -0.017055299133062363 0.03460979834198952
vn 1.3327499628067017 -0.009923060424625874 0.04522370174527168
vn 0.31366801261901855 0.9043290019035339 0.28948700428009033
vn 0.47113698720932007 1.425719976425171 0.2245510071516037
vn 0.31366801261901855 0.9043290019035339 0.28948700428009033
vn 1.3327499628067017 -0.009923060424625874 0.04522370174527168
vn 1.3327499628067017 -0.009923060424625874 0.04522370174527168
vn 0.42609500885009766 -0.0029560800176113844 0.024689700454473495
vn 0.47113698720932007 1.425719976425171 0.2245510071516037
vn 0.42609500885009766 -0.0029560800176113844 0.024689700454473495
vn 1.078320026397705 -0.0050255898386240005 0.05843539908528328
vn 0.5058010220527649 1.5105799436569214 0.020182499662041664
vn 0.5058010220527649 1.5105799436569214 0.020182499662041664
vn 0.47113698720932007 1.425719976425171 0.2245510071516037
vn 0.42609500885009766 -0.0029560800176113844 0.024689700454473495
vn 0.31303200125694275 0.9496300220489502 0.014610099606215954
vn 0.5058010220527649 1.5105799436569214 0.020182499662041664
vn 1.078320026397705 -0.0050255898386240005 0.05843539908528328
vn 1.078320026397705 -0.0050255898386240005 0.05843539908528328
vn 0.8099240064620972 0.5856959819793701 0.03136799857020378
vn 0.31303200125694275 0.9496300220489502 0.014610099606215954
vn 0.8099240064620972 0.5856959819793701 0.03136799857020378
vn 0.8080779910087585 0.5882480144500732 0.031219899654388428
vn 0.3072719871997833 0.9515129923820496 0.014381200075149536
vn 0.3072719871997833 0.9515129923820496 0.014381200075149536
vn 0.31303200125694275 0.9496300220489502 0.014610099606215954
vn 0.8099240064620972 0.5856959819793701 0.03136799857020378
vn 0.8080779910087585 0.5882480144500732 0.031219899654388428
vn 0.803928017616272 0.5938159823417664 0.03289699926972389
vn 0.29541099071502686 0.9552559852600098 0.01475489977747202
vn 0.29541099071502686 0.9552559852600098 0.01475489977747202
vn 0.3072719871997833 0.9515129923820496 0.014381200075149536
vn 0.8080779910087585 0.5882480144500732 0.031219899654388428
vn 0.2866789996623993 0.9579079747200012 0.015096600167453289
vn 0.29541099071502686 0.9552559852600098 0.01475489977747202
vn 0.803928017616272 0.5938159823417664 0.03289699926972389
vn 0.803928017616272 0.5938159823417664 0.03289699926972389
vn 0.8028939962387085 0.5951489806175232 0.03404559940099716
vn 0.2866789996623993 0.9579079747200012 0.015096600167453289
vn 0.18507899343967438 0.8074619770050049 -0.560135006904602
vn 0.2866789996623993 0.9579079747200012 0.015096600167453289
vn 0.8028939962387085 0.5951489806175232 0.03404559940099716
vn 0.8028939962387085 0.5951489806175232 0.03404559940099716
vn 0.6742849946022034 0.5684390068054199 -0.4713979959487915
vn 0.18507899343967438 0.8074619770050049 -0.560135006904602
vn -0.252157986164093 0.08445949852466583 -0.9639930129051208
vn -0.17945800721645355 -0.28829100728034973 -0.9405760169029236
vn 0.18507899343967438 0.8074619770050049 -0.560135006904602
vn 0.18507899343967438 0.8074619770050049 -0.560135006904602
vn 0.6742849946022034 0.5684390068054199 -0.4713979959487915
vn -0.252157986164093 0.08445949852466583 -0.9639930129051208
vn -0.5312119722366333 -1.4409600496292114 -0.9285889863967896
vn -0.9327549934387207 -2.5265700817108154 -1.617419958114624
vn -0.17945800721645355 -0.28829100728034973 -0.9405760169029236
vn -0.17945800721645355 -0.28829100728034973 -0.9405760169029236
vn -0.252157986164093 0.08445949852466583 -0.9639930129051208
vn -0.5312119722366333 -1.4409600496292114 -0.9285889863967896
vn -0.030247200280427933 0.1479959934949875 -1.7285399436950684
vn 0.011355199851095676 0.3280549943447113 -0.9445899724960327
vn -1.550029993057251 0.14985600113868713 -0.45706498622894287
vn -1.550029993057251 0.14985600113868713 -0.45706498622894287
vn -0.18411099910736084 0.004530529957264662 -0.06087610125541687
vn -0.030247200280427933 0.1479959934949875 -1.7285399436950684
vn -0.002194700064137578 -0.008270399644970894 -0.9999629855155945
vn -0.030247200280427933 0.1479959934949875 -1.7285399436950684
vn -0.18411099910736084 0.004530529957264662 -0.06087610125541687
vn -0.18411099910736084 0.004530529957264662 -0.06087610125541687
vn -1.56003999710083 0.038388900458812714 -0.5158259868621826
vn -0.002194700064137578 -0.008270399644970894 -0.9999629855155945
vn -0.002194700064137578 -0.008270399644970894 -0.9999629855155945
vn -1.56003999710083 0.038388900458812714 -0.5158259868621826
vn -0.1690489947795868 -0.005041679833084345 -0.05587419867515564
vn -0.1690489947795868 -0.005041679833084345 -0.05587419867515564
vn -0.08209069818258286 -0.31731700897216797 -3.1244399547576904
vn -0.002194700064137578 -0.008270399644970894 -0.9999629855155945
vn 0.01779250055551529 -0.35560500621795654 -0.9344670176506042
vn -1.4669699668884277 -0.15538200736045837 -0.42061498761177063
vn -1.6182299852371216 -0.16260899603366852 -0.45625099539756775
vn -1.6182299852371216 -0.16260899603366852 -0.45625099539756775
vn 0.023287799209356308 -0.7022179961204529 -1.8150800466537476
vn 0.01779250055551529 -0.35560500621795654 -0.9344670176506042
vn -0.21945199370384216 0.26242300868034363 -0.9396679997444153
vn 0.023287799209356308 -0.7022179961204529 -1.8150800466537476
vn -1.6182299852371216 -0.16260899603366852 -0.45625099539756775
vn -1.6182299852371216 -0.16260899603366852 -0.45625099539756775
vn -0.2863070070743561 -0.10419899970293045 -0.9524549841880798
vn -0.21945199370384216 0.26242300868034363 -0.9396679997444153
vn 0.27071699500083923 -0.8103820085525513 -0.5196099877357483
vn -0.21945199370384216 0.26242300868034363 -0.9396679997444153
vn -0.2863070070743561 -0.10419899970293045 -0.9524549841880798
vn -0.2863070070743561 -0.10419899970293045 -0.9524549841880798
vn 0.6898239850997925 -0.554997980594635 -0.4648880064487457
vn 0.27071699500083923 -0.8103820085525513 -0.5196099877357483
vn 0.27071699500083923 -0.8103820085525513 -0.5196099877357483
vn 0.6898239850997925 -0.554997980594635 -0.4648880064487457
vn 0.8428249955177307 -0.5313199758529663 0.08570989966392517
vn 0.8428249955177307 -0.5313199758529663 0.08570989966392517
vn 0.41920700669288635 -0.9014859795570374 0.10764999687671661
vn 0.27071699500083923 -0.8103820085525513 -0.5196099877357483
vn 0.41920700669288635 -0.9014859795570374 0.10764999687671661
vn 0.8428249955177307 -0.5313199758529663 0.08570989966392517
vn 0.8247479796409607 -0.5570350289344788 0.09748339653015137
vn 0.8247479796409607 -0.5570350289344788 0.09748339653015137
vn 0.37288400530815125 -0.9189850091934204 0.12815900146961212
vn 0.41920700669288635 -0.9014859795570374 0.10764999687671661
vn 0.37288400530815125 -0.9189850091934204 0.12815900146961212
vn 0.8247479796409607 -0.5570350289344788 0.09748339653015137
vn 0.8197569847106934 -0.5613309741020203 0.11360599845647812
vn 0.8197569847106934 -0.5613309741020203 0.11360599845647812
vn 0.362278014421463 -0.9198319911956787 0.15054400265216827
vn 0.37288400530815125 -0.9189850091934204 0.12815900146961212
vn 0.3670549988746643 -0.9150040149688721 0.16744700074195862
vn 0.362278014421463 -0.9198319911956787 0.15054400265216827
vn 0.8197569847106934 -0.5613309741020203 0.11360599845647812
vn 0.8197569847106934 -0.5613309741020203 0.11360599845647812
vn 0.8244990110397339 -0.5521829724311829 0.12367600202560425
vn 0.3670549988746643 -0.9150040149688721 0.16744700074195862
vn 0.3781299889087677 -0.9196479916572571 0.10613799840211868
vn 0.3670549988746643 -0.9150040149688721 0.16744700074195862
vn 0.8244990110397339 -0.5521829724311829 0.12367600202560425
vn 0.8244990110397339 -0.5521829724311829 0.12367600202560425
vn 0.84135502576828 -0.5304369926452637 0.10372500121593475
vn 0.3781299889087677 -0.9196479916572571 0.10613799840211868
vn 0.3781299889087677 -0.9196479916572571 0.10613799840211868
vn 0.84135502576828 -0.5304369926452637 0.10372500121593475
vn 0.8283259868621826 -0.5541189908981323 0.08263400197029114
vn 0.8283259868621826 -0.5541189908981323 0.08263400197029114
vn 0.3923240005970001 -0.9190970063209534 0.03663180023431778
vn 0.3781299889087677 -0.9196479916572571 0.10613799840211868
vn 0.41679999232292175 -0.9085999727249146 -0.02692130021750927
vn 0.3923240005970001 -0.9190970063209534 0.03663180023431778
vn 0.8283259868621826 -0.5541189908981323 0.08263400197029114
vn 0.8283259868621826 -0.5541189908981323 0.08263400197029114
vn 0.8478440046310425 -0.5287669897079468 0.03956940025091171
vn 0.41679999232292175 -0.9085999727249146 -0.02692130021750927
vn 0.8478440046310425 -0.5287669897079468 0.03956940025091171
vn 1.8876399993896484 -0.05246639996767044 0.12985199689865112
vn 0.677793025970459 -1.3822200298309326 -0.14689500629901886
vn 0.677793025970459 -1.3822200298309326 -0.14689500629901886
vn 0.41679999232292175 -0.9085999727249146 -0.02692130021750927
vn 0.8478440046310425 -0.5287669897079468 0.03956940025091171
vn 0.8616359829902649 -0.4951159954071045 -0.11155299842357635
vn 0.8225640058517456 -1.3259400129318237 -0.45124301314353943
vn 0.677793025970459 -1.3822200298309326 -0.14689500629901886
vn 0.677793025970459 -1.3822200298309326 -0.14689500629901886
vn 1.8876399993896484 -0.05246639996767044 0.12985199689865112
vn 0.8616359829902649 -0.4951159954071045 -0.11155299842357635
vn 0.8616359829902649 -0.4951159954071045 -0.11155299842357635
vn 1.0392600297927856 -0.26524999737739563 0.512686014175415
vn 0.4772830009460449 -0.8766390085220337 -0.060860298573970795
vn 0.4772830009460449 -0.8766390085220337 -0.060860298573970795
vn 0.8225640058517456 -1.3259400129318237 -0.45124301314353943
vn 0.8616359829902649 -0.4951159954071045 -0.11155299842357635
vn 0.6681849956512451 -0.5771579742431641 0.4694870114326477
vn 0.42410799860954285 -0.8927789926528931 0.15191300213336945
vn 0.4772830009460449 -0.8766390085220337 -0.060860298573970795
vn 0.4772830009460449 -0.8766390085220337 -0.060860298573970795
vn 1.0392600297927856 -0.26524999737739563 0.512686014175415
vn 0.6681849956512451 -0.5771579742431641 0.4694870114326477
vn -0.8099240064620972 0.5856959819793701 0.03136799857020378
vn -0.9994000196456909 -0.0013074500020593405 0.03462349995970726
vn -0.9994009733200073 -0.0015158300520852208 0.034573301672935486
vn -0.9994009733200073 -0.0015158300520852208 0.034573301672935486
vn -1.078320026397705 -0.0050255898386240005 0.05843539908528328
vn -0.8099240064620972 0.5856959819793701 0.03136799857020378
vn -0.8080779910087585 0.5882480144500732 0.031219899654388428
vn -0.9994000196456909 -0.0010701699648052454 0.03461579978466034
vn -0.9994000196456909 -0.0013074500020593405 0.03462349995970726
vn -0.9994000196456909 -0.0013074500020593405 0.03462349995970726
vn -0.8099240064620972 0.5856959819793701 0.03136799857020378
vn -0.8080779910087585 0.5882480144500732 0.031219899654388428
vn -0.803928017616272 0.5938159823417664 0.03289699926972389
vn -0.9993469715118408 -0.0009663180098868906 0.03612149879336357
vn -0.9994000196456909 -0.0010701699648052454 0.03461579978466034
vn -0.9994000196456909 -0.0010701699648052454 0.03461579978466034
vn -0.8080779910087585 0.5882480144500732 0.031219899654388428
vn -0.803928017616272 0.5938159823417664 0.03289699926972389
vn -0.9993469715118408 -0.0009663180098868906 0.03612149879336357
vn -0.803928017616272 0.5938159823417664 0.03289699926972389
vn -0.8028939962387085 0.5951489806175232 0.03404559940099716
vn -0.8028939962387085 0.5951489806175232 0.03404559940099716
vn -0.9993039965629578 -0.005921709816902876 0.03682110086083412
vn -0.9993469715118408 -0.0009663180098868906 0.03612149879336357
vn -0.9993039965629578 -0.005921709816902876 0.03682110086083412
vn -0.8028939962387085 0.5951489806175232 0.03404559940099716
vn -0.6742849946022034 0.5684390068054199 -0.4713979959487915
vn -0.6742849946022034 0.5684390068054199 -0.4713979959487915
vn -0.7691349983215332 0.18775799870491028 -0.6108829975128174
vn -0.9993039965629578 -0.005921709816902876 0.03682110086083412
vn -0.7691349983215332 0.18775799870491028 -0.6108829975128174
vn -0.6742849946022034 0.5684390068054199 -0.4713979959487915
vn 0.252157986164093 0.08445949852466583 -0.9639930129051208
vn 0.252157986164093 0.08445949852466583 -0.9639930129051208
vn 0.5247870087623596 0.25568199157714844 -0.8119270205497742
vn -0.7691349983215332 0.18775799870491028 -0.6108829975128174
vn 0.5247870087623596 0.25568199157714844 -0.8119270205497742
vn 0.252157986164093 0.08445949852466583 -0.9639930129051208
vn 0.5554770231246948 -0.17246399819850922 -0.8134509921073914
vn 0.5554770231246948 -0.17246399819850922 -0.8134509921073914
vn 0.5886809825897217 0.2609800100326538 -0.7650780081748962
vn 0.5247870087623596 0.25568199157714844 -0.8119270205497742
vn -0.011355199851095676 0.3280549943447113 -0.9445899724960327
vn 0.5886809825897217 0.2609800100326538 -0.7650780081748962
vn 0.5554770231246948 -0.17246399819850922 -0.8134509921073914
vn 0.5554770231246948 -0.17246399819850922 -0.8134509921073914
vn 0.18713299930095673 -0.3036060035228729 -0.9342399835586548
vn -0.011355199851095676 0.3280549943447113 -0.9445899724960327
vn -0.011997600086033344 0.3298650085926056 -0.9439520239830017
vn -0.011355199851095676 0.3280549943447113 -0.9445899724960327
vn 0.18713299930095673 -0.3036060035228729 -0.9342399835586548
vn 0.18713299930095673 -0.3036060035228729 -0.9342399835586548
vn 0.11800400167703629 -0.3513289988040924 -0.9287859797477722
vn -0.011997600086033344 0.3298650085926056 -0.9439520239830017
vn 0 0.31810998916625977 -0.9480540156364441
vn -0.011997600086033344 0.3298650085926056 -0.9439520239830017
vn 0.11800400167703629 -0.3513289988040924 -0.9287859797477722
vn 0.11800400167703629 -0.3513289988040924 -0.9287859797477722
vn 0 -0.3888390064239502 -0.9213060140609741
vn 0 0.31810998916625977 -0.9480540156364441
vn -0.11800400167703629 -0.3513289988040924 -0.9287859797477722
vn 0.011997600086033344 0.3298650085926056 -0.9439520239830017
vn 0 0.31810998916625977 -0.9480540156364441
vn 0 0.31810998916625977 -0.9480540156364441
vn 0 -0.3888390064239502 -0.9213060140609741
vn -0.11800400167703629 -0.3513289988040924 -0.9287859797477722
vn -0.9327549934387207 -2.5265700817108154 -1.617419958114624
vn 0.011355199851095676 0.3280549943447113 -0.9445899724960327
vn 0.011997600086033344 0.3298650085926056 -0.9439520239830017
vn 0.011997600086033344 0.3298650085926056 -0.9439520239830017
vn -0.11800400167703629 -0.3513289988040924 -0.9287859797477722
vn -0.9327549934387207 -2.5265700817108154 -1.617419958114624
vn 0.011355199851095676 0.3280549943447113 -0.9445899724960327
vn -0.9327549934387207 -2.5265700817108154 -1.617419958114624
vn -0.5312119722366333 -1.4409600496292114 -0.9285889863967896
vn -0.5312119722366333 -1.4409600496292114 -0.9285889863967896
vn -1.550029993057251 0.14985600113868713 -0.45706498622894287
vn 0.011355199851095676 0.3280549943447113 -0.9445899724960327
vn -0.5247870087623596 0.25568199157714844 -0.8119270205497742
vn -1.550029993057251 0.14985600113868713 -0.45706498622894287
vn -0.5312119722366333 -1.4409600496292114 -0.9285889863967896
vn -0.5312119722366333 -1.4409600496292114 -0.9285889863967896
vn -0.252157986164093 0.08445949852466583 -0.9639930129051208
vn -0.5247870087623596 0.25568199157714844 -0.8119270205497742
vn 0.7691349983215332 0.18775799870491028 -0.6108829975128174
vn -0.5247870087623596 0.25568199157714844 -0.8119270205497742
vn -0.252157986164093 0.08445949852466583 -0.9639930129051208
vn -0.252157986164093 0.08445949852466583 -0.9639930129051208
vn 0.6742849946022034 0.5684390068054199 -0.4713979959487915
vn 0.7691349983215332 0.18775799870491028 -0.6108829975128174
vn 0.9993039965629578 -0.005921709816902876 0.03682110086083412
vn 0.7691349983215332 0.18775799870491028 -0.6108829975128174
vn 0.6742849946022034 0.5684390068054199 -0.4713979959487915
vn 0.6742849946022034 0.5684390068054199 -0.4713979959487915
vn 0.8028939962387085 0.5951489806175232 0.03404559940099716
vn 0.9993039965629578 -0.005921709816902876 0.03682110086083412
vn 0.9993469715118408 -0.0009663180098868906 0.03612149879336357
vn 0.9993039965629578 -0.005921709816902876 0.03682110086083412
vn 0.8028939962387085 0.5951489806175232 0.03404559940099716
vn 0.8028939962387085 0.5951489806175232 0.03404559940099716
vn 0.803928017616272 0.5938159823417664 0.03289699926972389
vn 0.9993469715118408 -0.0009663180098868906 0.03612149879336357
vn 0.803928017616272 0.5938159823417664 0.03289699926972389
vn 0.8080779910087585 0.5882480144500732 0.031219899654388428
vn 0.9994000196456909 -0.0010701699648052454 0.03461579978466034
vn 0.9994000196456909 -0.0010701699648052454 0.03461579978466034
vn 0.9993469715118408 -0.0009663180098868906 0.03612149879336357
vn 0.803928017616272 0.5938159823417664 0.03289699926972389
vn 0.8080779910087585 0.5882480144500732 0.031219899654388428
vn 0.8099240064620972 0.5856959819793701 0.03136799857020378
vn 0.9994000196456909 -0.0013074500020593405 0.03462349995970726
vn 0.9994000196456909 -0.0013074500020593405 0.03462349995970726
vn 0.9994000196456909 -0.0010701699648052454 0.03461579978466034
vn 0.8080779910087585 0.5882480144500732 0.031219899654388428
vn 0.8099240064620972 0.5856959819793701 0.03136799857020378
vn 1.078320026397705 -0.0050255898386240005 0.05843539908528328
vn 0.9994009733200073 -0.0015158300520852208 0.034573301672935486
vn 0.9994009733200073 -0.0015158300520852208 0.034573301672935486
vn 0.9994000196456909 -0.0013074500020593405 0.03462349995970726
vn 0.8099240064620972 0.5856959819793701 0.03136799857020378
vn -0.3250429928302765 -0.07089520245790482 -0.9064350128173828
vn -0.10419300198554993 -0.02315489947795868 -0.270550012588501
vn 0.5367469787597656 -0.2745729982852936 -0.7978169918060303
vn 0.5367469787597656 -0.2745729982852936 -0.7978169918060303
vn -0.7604399919509888 -0.20422300696372986 -0.6164600253105164
vn -0.3250429928302765 -0.07089520245790482 -0.9064350128173828
vn 0.5367469787597656 -0.2745729982852936 -0.7978169918060303
vn -0.10419300198554993 -0.02315489947795868 -0.270550012588501
vn 0.1690489947795868 -0.005041690077632666 -0.05587419867515564
vn 0.1690489947795868 -0.005041690077632666 -0.05587419867515564
vn 1.4669699668884277 -0.15538200736045837 -0.42061498761177063
vn 0.5367469787597656 -0.2745729982852936 -0.7978169918060303
vn -0.0005730320117436349 -0.2287590056657791 -0.9734830260276794
vn -0.01779250055551529 -0.35560500621795654 -0.9344670176506042
vn 1.4669699668884277 -0.15538200736045837 -0.42061498761177063
vn 1.4669699668884277 -0.15538200736045837 -0.42061498761177063
vn 0.1690489947795868 -0.005041690077632666 -0.05587419867515564
vn -0.0005730320117436349 -0.2287590056657791 -0.9734830260276794
vn -0.001793090021237731 -0.24408000707626343 -0.9697530269622803
vn -0.011784500442445278 -0.36114200949668884 -0.9324359893798828
vn -0.01779250055551529 -0.35560500621795654 -0.9344670176506042
vn -0.01779250055551529 -0.35560500621795654 -0.9344670176506042
vn -0.0005730320117436349 -0.2287590056657791 -0.9734830260276794
vn -0.001793090021237731 -0.24408000707626343 -0.9697530269622803
vn 0 -0.23282399773597717 -0.9725189805030823
vn 0 -0.35486000776290894 -0.9349200129508972
vn -0.011784500442445278 -0.36114200949668884 -0.9324359893798828
vn -0.011784500442445278 -0.36114200949668884 -0.9324359893798828
vn -0.001793090021237731 -0.24408000707626343 -0.9697530269622803
vn 0 -0.23282399773597717 -0.9725189805030823
vn 0 -0.23282399773597717 -0.9725189805030823
vn 0.0017930800095200539 -0.24408000707626343 -0.9697530269622803
vn 0.011784500442445278 -0.36114200949668884 -0.9324359893798828
vn 0.011784500442445278 -0.36114200949668884 -0.9324359893798828
vn 0 -0.35486000776290894 -0.9349200129508972
vn 0 -0.23282399773597717 -0.9725189805030823
vn 0.0017930800095200539 -0.24408000707626343 -0.9697530269622803
vn -0.08209069818258286 -0.31731700897216797 -3.1244399547576904
vn 0.01779250055551529 -0.35560500621795654 -0.9344670176506042
vn 0.01779250055551529 -0.35560500621795654 -0.9344670176506042
vn 0.011784500442445278 -0.36114200949668884 -0.9324359893798828
vn 0.0017930800095200539 -0.24408000707626343 -0.9697530269622803
vn -1.4669699668884277 -0.15538200736045837 -0.42061498761177063
vn 0.01779250055551529 -0.35560500621795654 -0.9344670176506042
vn -0.08209069818258286 -0.31731700897216797 -3.1244399547576904
vn -0.08209069818258286 -0.31731700897216797 -3.1244399547576904
vn -0.1690489947795868 -0.005041679833084345 -0.05587419867515564
vn -1.4669699668884277 -0.15538200736045837 -0.42061498761177063
vn -1.4669699668884277 -0.15538200736045837 -0.42061498761177063
vn -0.1690489947795868 -0.005041679833084345 -0.05587419867515564
vn 0.10419300198554993 -0.02315489947795868 -0.270550012588501
vn 0.10419300198554993 -0.02315489947795868 -0.270550012588501
vn -0.5372959971427917 -0.2734520137310028 -0.7978320121765137
vn -1.4669699668884277 -0.15538200736045837 -0.42061498761177063
vn -0.5372959971427917 -0.2734520137310028 -0.7978320121765137
vn 0.10419300198554993 -0.02315489947795868 -0.270550012588501
vn 0.3250429928302765 -0.07089520245790482 -0.9064350128173828
vn 0.3250429928302765 -0.07089520245790482 -0.9064350128173828
vn 0.76044100522995 -0.20422300696372986 -0.6164600253105164
vn -0.5372959971427917 -0.2734520137310028 -0.7978320121765137
vn 0.76044100522995 -0.20422300696372986 -0.6164600253105164
vn 0.3250429928302765 -0.07089520245790482 -0.9064350128173828
vn 1.5317100286483765 0.0017286499496549368 0.05464579910039902
vn 1.5317100286483765 0.0017286499496549368 0.05464579910039902
vn 1.498710036277771 0.007073480170220137 0.05855749920010567
vn 0.76044100522995 -0.20422300696372986 -0.6164600253105164
vn 0.8979139924049377 -0.0005367730045691133 0.03075459972023964
vn 1.4688999652862549 -0.0009695059852674603 0.055550798773765564
vn 1.498710036277771 0.007073480170220137 0.05855749920010567
vn 1.498710036277771 0.007073480170220137 0.05855749920010567
vn 1.5317100286483765 0.0017286499496549368 0.05464579910039902
vn 0.8979139924049377 -0.0005367730045691133 0.03075459972023964
vn 0.8979139924049377 -0.0005367730045691133 0.03075459972023964
vn 1.021299958229065 -0.0010877699824050069 0.03583399951457977
vn 0.9993669986724854 -0.0010998599464073777 0.03554530069231987
vn 0.9993669986724854 -0.0010998599464073777 0.03554530069231987
vn 1.4688999652862549 -0.0009695059852674603 0.055550798773765564
vn 0.8979139924049377 -0.0005367730045691133 0.03075459972023964
vn 1.021299958229065 -0.0010877699824050069 0.03583399951457977
vn 1.746399998664856 -0.0023176600225269794 0.0620093010365963
vn 1.7623300552368164 -0.002500270027667284 0.06297250092029572
vn 1.7623300552368164 -0.002500270027667284 0.06297250092029572
vn 0.9993669986724854 -0.0010998599464073777 0.03554530069231987
vn 1.021299958229065 -0.0010877699824050069 0.03583399951457977
vn 1.746399998664856 -0.0023176600225269794 0.0620093010365963
vn 1.5481899976730347 -0.0057380301877856255 0.1272989958524704
vn 1.3699599504470825 -0.002202620031312108 0.0488675981760025
vn 1.3699599504470825 -0.002202620031312108 0.0488675981760025
vn 1.7623300552368164 -0.002500270027667284 0.06297250092029572
vn 1.746399998664856 -0.0023176600225269794 0.0620093010365963
vn 1.5481899976730347 -0.0057380301877856255 0.1272989958524704
vn 1.4745299816131592 -0.014486299827694893 0.1209930032491684
vn 1.6762299537658691 -0.024288900196552277 0.15346400439739227
vn 1.6762299537658691 -0.024288900196552277 0.15346400439739227
vn 1.3699599504470825 -0.002202620031312108 0.0488675981760025
vn 1.5481899976730347 -0.0057380301877856255 0.1272989958524704
vn 1.4745299816131592 -0.014486299827694893 0.1209930032491684
vn 0.7311440110206604 -0.020490599796175957 0.04236939921975136
vn 0.9967889785766602 -0.017629100009799004 0.07811170071363449
vn 0.9967889785766602 -0.017629100009799004 0.07811170071363449
vn 1.6762299537658691 -0.024288900196552277 0.15346400439739227
vn 1.4745299816131592 -0.014486299827694893 0.1209930032491684
vn 0.7311440110206604 -0.020490599796175957 0.04236939921975136
vn 1.792680025100708 -0.05024050176143646 0.10388399660587311
vn 1.2949999570846558 -0.04164139926433563 0.08450180292129517
vn 1.2949999570846558 -0.04164139926433563 0.08450180292129517
vn 0.9967889785766602 -0.017629100009799004 0.07811170071363449
vn 0.7311440110206604 -0.020490599796175957 0.04236939921975136
vn 1.792680025100708 -0.05024050176143646 0.10388399660587311
vn 1.5086899995803833 -0.06118910014629364 0.11917400360107422
vn 1.6444599628448486 -0.06674659997224808 0.1303340047597885
vn 1.6444599628448486 -0.06674659997224808 0.1303340047597885
vn 1.2949999570846558 -0.04164139926433563 0.08450180292129517
vn 1.792680025100708 -0.05024050176143646 0.10388399660587311
vn 1.5086899995803833 -0.06118910014629364 0.11917400360107422
vn 1.1825799942016602 -0.30451101064682007 0.5806919932365417
vn 1.6355799436569214 -0.4178439974784851 0.8062589764595032
vn 1.6355799436569214 -0.4178439974784851 0.8062589764595032
vn 1.6444599628448486 -0.06674659997224808 0.1303340047597885
vn 1.5086899995803833 -0.06118910014629364 0.11917400360107422
vn 1.1825799942016602 -0.30451101064682007 0.5806919932365417
vn 0.5339459776878357 -0.43641799688339233 0.826321005821228
vn 0.6510679721832275 -0.36373600363731384 0.6661880016326904
vn 0.6510679721832275 -0.36373600363731384 0.6661880016326904
vn 1.6355799436569214 -0.4178439974784851 0.8062589764595032
vn 1.1825799942016602 -0.30451101064682007 0.5806919932365417
vn 0.5339459776878357 -0.43641799688339233 0.826321005821228
vn 0.39510899782180786 -0.31876200437545776 0.5507349967956543
vn 0.19442200660705566 -0.5913950204849243 0.7825930118560791
vn 0.19442200660705566 -0.5913950204849243 0.7825930118560791
vn 0.6510679721832275 -0.36373600363731384 0.6661880016326904
vn 0.5339459776878357 -0.43641799688339233 0.826321005821228
vn 0.19442200660705566 -0.5913950204849243 0.7825930118560791
vn 0.39510899782180786 -0.31876200437545776 0.5507349967956543
vn 0 -0.5598130226135254 0.8286190032958984
vn 0 -0.5598130226135254 0.8286190032958984
vn 0 -0.61598801612854 0.7877560257911682
vn 0.19442200660705566 -0.5913950204849243 0.7825930118560791
vn 0 -0.61598801612854 0.7877560257911682
vn 0 -0.5598130226135254 0.8286190032958984
vn -0.39510899782180786 -0.31876200437545776 0.5507339835166931
vn -0.39510899782180786 -0.31876200437545776 0.5507339835166931
vn -0.19442200660705566 -0.5913950204849243 0.7825930118560791
vn 0 -0.61598801612854 0.7877560257911682
vn -0.5339459776878357 -0.43641799688339233 0.826321005821228
vn -0.6510679721832275 -0.36373600363731384 0.6661880016326904
vn -0.19442200660705566 -0.5913950204849243 0.7825930118560791
vn -0.19442200660705566 -0.5913950204849243 0.7825930118560791
vn -0.39510899782180786 -0.31876200437545776 0.5507339835166931
vn -0.5339459776878357 -0.43641799688339233 0.826321005821228
vn -1.1825799942016602 -0.30451101064682007 0.5806919932365417
vn -0.9560289978981018 -0.1348319947719574 0.26044100522994995
vn -0.6510679721832275 -0.36373600363731384 0.6661880016326904
vn -0.6510679721832275 -0.36373600363731384 0.6661880016326904
vn -0.5339459776878357 -0.43641799688339233 0.826321005821228
vn -1.1825799942016602 -0.30451101064682007 0.5806919932365417
vn -1.5086899995803833 -0.06118910014629364 0.11917400360107422
vn -0.9960700273513794 -0.04029859974980354 0.0788716971874237
vn -0.9560289978981018 -0.1348319947719574 0.26044100522994995
vn -0.9560289978981018 -0.1348319947719574 0.26044100522994995
vn -1.1825799942016602 -0.30451101064682007 0.5806919932365417
vn -1.5086899995803833 -0.06118910014629364 0.11917400360107422
vn -1.792680025100708 -0.05024050176143646 0.10388399660587311
vn -0.9969199895858765 -0.03352529928088188 0.07089590281248093
vn -0.9960700273513794 -0.04029859974980354 0.0788716971874237
vn -0.9960700273513794 -0.04029859974980354 0.0788716971874237
vn -1.5086899995803833 -0.06118910014629364 0.11917400360107422
vn -1.792680025100708 -0.05024050176143646 0.10388399660587311
vn -0.7311440110206604 -0.020490599796175957 0.04236939921975136
vn -0.9967889785766602 -0.017629100009799004 0.07811170071363449
vn -0.9969199895858765 -0.03352529928088188 0.07089590281248093
vn -0.9969199895858765 -0.03352529928088188 0.07089590281248093
vn -1.792680025100708 -0.05024050176143646 0.10388399660587311
vn -0.7311440110206604 -0.020490599796175957 0.04236939921975136
vn -1.4745299816131592 -0.014486299827694893 0.1209930032491684
vn -0.996101975440979 -0.010634600184857845 0.08757010102272034
vn -0.9967889785766602 -0.017629100009799004 0.07811170071363449
vn -0.9967889785766602 -0.017629100009799004 0.07811170071363449
vn -0.7311440110206604 -0.020490599796175957 0.04236939921975136
vn -1.4745299816131592 -0.014486299827694893 0.1209930032491684
vn -1.5481899976730347 -0.0057380301877856255 0.1272989958524704
vn -0.9980490207672119 -0.0036044700536876917 0.062336698174476624
vn -0.996101975440979 -0.010634600184857845 0.08757010102272034
vn -0.996101975440979 -0.010634600184857845 0.08757010102272034
vn -1.4745299816131592 -0.014486299827694893 0.1209930032491684
vn -1.5481899976730347 -0.0057380301877856255 0.1272989958524704
vn -1.746399998664856 -0.0023176600225269794 0.0620093010365963
vn -0.999364972114563 -0.0013445799704641104 0.035609498620033264
vn -0.9980490207672119 -0.0036044700536876917 0.062336698174476624
vn -0.9980490207672119 -0.0036044700536876917 0.062336698174476624
vn -1.5481899976730347 -0.0057380301877856255 0.1272989958524704
vn -1.746399998664856 -0.0023176600225269794 0.0620093010365963
vn -0.6761090159416199 -0.00041749401134438813 0.02392050065100193
vn -0.9993669986724854 -0.0010998400393873453 0.03554540127515793
vn -0.999364972114563 -0.0013445799704641104 0.035609498620033264
vn -0.999364972114563 -0.0013445799704641104 0.035609498620033264
vn -1.746399998664856 -0.0023176600225269794 0.0620093010365963
vn -0.6761090159416199 -0.00041749401134438813 0.02392050065100193
vn -0.8979139924049377 -0.0005367730045691133 0.03075459972023964
vn -0.9993280172348022 -0.0006574729923158884 0.036658599972724915
vn -0.9993669986724854 -0.0010998400393873453 0.03554540127515793
vn -0.9993669986724854 -0.0010998400393873453 0.03554540127515793
vn -0.6761090159416199 -0.00041749401134438813 0.02392050065100193
vn -0.8979139924049377 -0.0005367730045691133 0.03075459972023964
vn -0.9992730021476746 0.0055763800628483295 0.0377018004655838
vn -0.9993280172348022 -0.0006574729923158884 0.036658599972724915
vn -0.8979139924049377 -0.0005367730045691133 0.03075459972023964
vn -0.8979139924049377 -0.0005367730045691133 0.03075459972023964
vn -1.5317100286483765 0.0017286499496549368 0.05464579910039902
vn -0.9992730021476746 0.0055763800628483295 0.0377018004655838
vn -0.7604399919509888 -0.20422300696372986 -0.6164600253105164
vn -0.9992730021476746 0.0055763800628483295 0.0377018004655838
vn -1.5317100286483765 0.0017286499496549368 0.05464579910039902
vn -1.5317100286483765 0.0017286499496549368 0.05464579910039902
vn -0.3250429928302765 -0.07089520245790482 -0.9064350128173828
vn -0.7604399919509888 -0.20422300696372986 -0.6164600253105164

vt 0.4654980003833771 0.29670000076293945
vt 0.5246760249137878 0.3024890124797821
vt 0.5230680108070374 0.2744959890842438
vt 0.5230680108070374 0.2744959890842438
vt 0.4633199870586395 0.26823100447654724
vt 0.4654980003833771 0.29670000076293945
vt 0.5948399901390076 0.2995319962501526
vt 0.6483219861984253 0.29025301337242126
vt 0.6378669738769531 0.2662459909915924
vt 0.6378669738769531 0.2662459909915924
vt 0.5893319845199585 0.2726610004901886
vt 0.5948399901390076 0.2995319962501526
vt 0.5553799867630005 0.3012549877166748
vt 0.5948399901390076 0.2995319962501526
vt 0.5893319845199585 0.2726610004901886
vt 0.5893319845199585 0.2726610004901886
vt 0.5519070029258728 0.2741039991378784
vt 0.5553799867630005 0.3012549877166748
vt 0.2567479908466339 0.9025660157203674
vt 0.25033900141716003 0.9255790114402771
vt 0.2671090066432953 0.9246309995651245
vt 0.2671090066432953 0.9246309995651245
vt 0.27578601241111755 0.903963029384613
vt 0.2567479908466339 0.9025660157203674
vt 0.17360299825668335 0.2835719883441925
vt 0.27539700269699097 0.28616800904273987
vt 0.273591011762619 0.25446200370788574
vt 0.273591011762619 0.25446200370788574
vt 0.17709100246429443 0.25049901008605957
vt 0.17360299825668335 0.2835719883441925
vt 0.15004000067710876 0.9281269907951355
vt 0.18979400396347046 0.9276739954948425
vt 0.18844899535179138 0.902754008769989
vt 0.18844899535179138 0.902754008769989
vt 0.1424430012702942 0.9041619896888733
vt 0.15004000067710876 0.9281269907951355
vt 0.7134209871292114 0.4469969868659973
vt 0.6852880120277405 0.3798539936542511
vt 0.6152009963989258 0.40786299109458923
vt 0.6152009963989258 0.40786299109458923
vt 0.6280369758605957 0.48331499099731445
vt 0.7134209871292114 0.4469969868659973
vt 0.5727599859237671 0.4885619878768921
vt 0.6280369758605957 0.48331499099731445
vt 0.6152009963989258 0.40786299109458923
vt 0.6152009963989258 0.40786299109458923
vt 0.5663229823112488 0.4116710126399994
vt 0.5727599859237671 0.4885619878768921
vt 0.5116609930992126 0.4845620095729828
vt 0.4999240040779114 0.4430350065231323
vt 0.4653330147266388 0.4413360059261322
vt 0.4653330147266388 0.4413360059261322
vt 0.468858003616333 0.5228300094604492
vt 0.5116609930992126 0.4845620095729828
vt 0.170196995139122 0.5227389931678772
vt 0.2794730067253113 0.5219659805297852
vt 0.2761150002479553 0.4322890043258667
vt 0.2761150002479553 0.4322890043258667
vt 0.16487599909305573 0.43037599325180054
vt 0.170196995139122 0.5227389931678772
vt 0.18293599784374237 0.6593980193138123
vt 0.28166499733924866 0.6554110050201416
vt 0.28070199489593506 0.6271669864654541
vt 0.28070199489593506 0.6271669864654541
vt 0.18109899759292603 0.6304979920387268
vt 0.18293599784374237 0.6593980193138123
vt 0.5310479998588562 0.6165900230407715
vt 0.47186800837516785 0.6192640066146851
vt 0.4737530052661896 0.6462339758872986
vt 0.4737530052661896 0.6462339758872986
vt 0.5336809754371643 0.6425909996032715
vt 0.5310479998588562 0.6165900230407715
vt 0.6435040235519409 0.6043440103530884
vt 0.5806819796562195 0.6113240122795105
vt 0.5852180123329163 0.6366050243377686
vt 0.5852180123329163 0.6366050243377686
vt 0.6507390141487122 0.6277469992637634
vt 0.6435040235519409 0.6043440103530884
vt 0.745913028717041 0.5753790140151978
vt 0.6435040235519409 0.6043440103530884
vt 0.6507390141487122 0.6277469992637634
vt 0.6507390141487122 0.6277469992637634
vt 0.7545220255851746 0.5978590250015259
vt 0.745913028717041 0.5753790140151978
vt 0.09509000182151794 0.9491199851036072
vt 0.10639200359582901 0.9387180209159851
vt 0.09081000089645386 0.9192020297050476
vt 0.09081000089645386 0.9192020297050476
vt 0.07529199868440628 0.9316200017929077
vt 0.09509000182151794 0.9491199851036072
vt 0.15004000067710876 0.9281269907951355
vt 0.11769399791955948 0.9283149838447571
vt 0.13322000205516815 0.9558119773864746
vt 0.13322000205516815 0.9558119773864746
vt 0.1632480025291443 0.9583140015602112
vt 0.15004000067710876 0.9281269907951355
vt 0.18979400396347046 0.9276739954948425
vt 0.1911109983921051 0.9588289856910706
vt 0.22280099987983704 0.9567570090293884
vt 0.22280099987983704 0.9567570090293884
vt 0.23356899619102478 0.9265260100364685
vt 0.18979400396347046 0.9276739954948425
vt 0.29355400800704956 0.9134839773178101
vt 0.2818399965763092 0.9329820275306702
vt 0.2965709865093231 0.941332995891571
vt 0.2965709865093231 0.941332995891571
vt 0.31132298707962036 0.923005998134613
vt 0.29355400800704956 0.9134839773178101
vt 0.5867400169372559 0.24649100005626678
vt 0.634814977645874 0.24144700169563293
vt 0.6317629814147949 0.21664799749851227
vt 0.6317629814147949 0.21664799749851227
vt 0.5841479897499084 0.22032099962234497
vt 0.5867400169372559 0.24649100005626678
vt 0.5518209934234619 0.24743199348449707
vt 0.5867400169372559 0.24649100005626678
vt 0.5841479897499084 0.22032099962234497
vt 0.5841479897499084 0.22032099962234497
vt 0.5517339706420898 0.2207610011100769
vt 0.5518209934234619 0.24743199348449707
vt 0.4645969867706299 0.24150300025939941
vt 0.524728000164032 0.2475779950618744
vt 0.5263869762420654 0.22065900266170502
vt 0.5263869762420654 0.22065900266170502
vt 0.46587398648262024 0.2147749960422516
vt 0.4645969867706299 0.24150300025939941
vt 0.1813250035047531 0.2091210037469864
vt 0.17920799553394318 0.22980999946594238
vt 0.2740199863910675 0.23287099599838257
vt 0.2740199863910675 0.23287099599838257
vt 0.2744489908218384 0.21128100156784058
vt 0.1813250035047531 0.2091210037469864
vt 0.8386009931564331 0.6544449925422668
vt 0.8124529719352722 0.6625459790229797
vt 0.8124560117721558 0.6255220174789429
vt 0.8124560117721558 0.6255220174789429
vt 0.8385990262031555 0.6152139902114868
vt 0.8386009931564331 0.6544449925422668
vt 0.8124359846115112 0.897570013999939
vt 0.8124409914016724 0.803371012210846
vt 0.8385840058326721 0.803371012210846
vt 0.8385840058326721 0.803371012210846
vt 0.8385869860649109 0.9019110202789307
vt 0.8124359846115112 0.897570013999939
vt 0.18615199625492096 0.7152789831161499
vt 0.2847850024700165 0.7099199891090393
vt 0.28166499733924866 0.6554110050201416
vt 0.28166499733924866 0.6554110050201416
vt 0.18293599784374237 0.6593980193138123
vt 0.18615199625492096 0.7152789831161499
vt 0.5336809754371643 0.6425909996032715
vt 0.4737530052661896 0.6462339758872986
vt 0.4792320132255554 0.6975769996643066
vt 0.4792320132255554 0.6975769996643066
vt 0.5410320162773132 0.6922469735145569
vt 0.5336809754371643 0.6425909996032715
vt 0.6507390141487122 0.6277469992637634
vt 0.5852180123329163 0.6366050243377686
vt 0.5953710079193115 0.6849660277366638
vt 0.5953710079193115 0.6849660277366638
vt 0.6622530221939087 0.6733279824256897
vt 0.6507390141487122 0.6277469992637634
vt 0.7545220255851746 0.5978590250015259
vt 0.6507390141487122 0.6277469992637634
vt 0.6622530221939087 0.6733279824256897
vt 0.6622530221939087 0.6733279824256897
vt 0.7709190249443054 0.6402360200881958
vt 0.7545220255851746 0.5978590250015259
vt 0.09509000182151794 0.9491199851036072
vt 0.07529199868440628 0.9316200017929077
vt 0.056756000965833664 0.9603899717330933
vt 0.056756000965833664 0.9603899717330933
vt 0.08538199961185455 0.9746639728546143
vt 0.09509000182151794 0.9491199851036072
vt 0.1632480025291443 0.9583140015602112
vt 0.13322000205516815 0.9558119773864746
vt 0.1276019960641861 0.9875689744949341
vt 0.1276019960641861 0.9875689744949341
vt 0.16019199788570404 0.9907220005989075
vt 0.1632480025291443 0.9583140015602112
vt 0.2965709865093231 0.941332995891571
vt 0.2550320029258728 0.9514679908752441
vt 0.2619760036468506 0.9825159907341003
vt 0.2619760036468506 0.9825159907341003
vt 0.3076379895210266 0.9636390209197998
vt 0.2965709865093231 0.941332995891571
vt 0.2965709865093231 0.941332995891571
vt 0.3076379895210266 0.9636390209197998
vt 0.32802900671958923 0.948881983757019
vt 0.32802900671958923 0.948881983757019
vt 0.31132298707962036 0.923005998134613
vt 0.2965709865093231 0.941332995891571
vt 0.6317629814147949 0.21664799749851227
vt 0.6260600090026855 0.17197300493717194
vt 0.5829669833183289 0.17432700097560883
vt 0.5829669833183289 0.17432700097560883
vt 0.5841479897499084 0.22032099962234497
vt 0.6317629814147949 0.21664799749851227
vt 0.5513619780540466 0.17342999577522278
vt 0.5517339706420898 0.2207610011100769
vt 0.5841479897499084 0.22032099962234497
vt 0.5841479897499084 0.22032099962234497
vt 0.5829669833183289 0.17432700097560883
vt 0.5513619780540466 0.17342999577522278
vt 0.46725600957870483 0.16587500274181366
vt 0.46587398648262024 0.2147749960422516
vt 0.5263869762420654 0.22065900266170502
vt 0.5263869762420654 0.22065900266170502
vt 0.5266680121421814 0.17190499603748322
vt 0.46725600957870483 0.16587500274181366
vt 0.1832139939069748 0.0795930027961731
vt 0.2556450068950653 0.07606499642133713
vt 0.253383994102478 0.0287260003387928
vt 0.253383994102478 0.0287260003387928
vt 0.17836199700832367 0.03172200173139572
vt 0.1832139939069748 0.0795930027961731
vt 0.8908929824829102 0.6520259976387024
vt 0.8386009931564331 0.6544449925422668
vt 0.8385990262031555 0.6152139902114868
vt 0.8385990262031555 0.6152139902114868
vt 0.8908969759941101 0.6103709936141968
vt 0.8908929824829102 0.6520259976387024
vt 0.8385869860649109 0.9019110202789307
vt 0.8385840058326721 0.803371012210846
vt 0.8908720016479492 0.8033769726753235
vt 0.8908720016479492 0.8033769726753235
vt 0.8908680081367493 0.9019089937210083
vt 0.8385869860649109 0.9019110202789307
vt 0.8124390244483948 0.9403110146522522
vt 0.8124359846115112 0.897570013999939
vt 0.8385869860649109 0.9019110202789307
vt 0.8385869860649109 0.9019110202789307
vt 0.8385850191116333 0.946681022644043
vt 0.8124390244483948 0.9403110146522522
vt 0.8385850191116333 0.946681022644043
vt 0.8385869860649109 0.9019110202789307
vt 0.8908680081367493 0.9019089937210083
vt 0.8908680081367493 0.9019089937210083
vt 0.8908830285072327 0.9494950175285339
vt 0.8385850191116333 0.946681022644043
vt 0.09509000182151794 0.9491199851036072
vt 0.08538199961185455 0.9746639728546143
vt 0.1276019960641861 0.9875689744949341
vt 0.1276019960641861 0.9875689744949341
vt 0.13322000205516815 0.9558119773864746
vt 0.09509000182151794 0.9491199851036072
vt 0.13322000205516815 0.9558119773864746
vt 0.11769399791955948 0.9283149838447571
vt 0.10639200359582901 0.9387180209159851
vt 0.10639200359582901 0.9387180209159851
vt 0.09509000182151794 0.9491199851036072
vt 0.13322000205516815 0.9558119773864746
vt 0.11769399791955948 0.9283149838447571
vt 0.15004000067710876 0.9281269907951355
vt 0.1424430012702942 0.9041619896888733
vt 0.1424430012702942 0.9041619896888733
vt 0.10632900148630142 0.9067839980125427
vt 0.11769399791955948 0.9283149838447571
vt 0.7373039722442627 0.5528990030288696
vt 0.7242730259895325 0.4944159984588623
vt 0.6308450102806091 0.5174329876899719
vt 0.6308450102806091 0.5174329876899719
vt 0.6362689733505249 0.5809419751167297
vt 0.7373039722442627 0.5528990030288696
vt 0.6362689733505249 0.5809419751167297
vt 0.6308450102806091 0.5174329876899719
vt 0.6038540005683899 0.5322840213775635
vt 0.4694199860095978 0.557561993598938
vt 0.5287669897079468 0.557129979133606
vt 0.5291190147399902 0.5236690044403076
vt 0.5291190147399902 0.5236690044403076
vt 0.468858003616333 0.5228300094604492
vt 0.4694199860095978 0.557561993598938
vt 0.17472900450229645 0.5621690154075623
vt 0.27960601449012756 0.5604439973831177
vt 0.2794730067253113 0.5219659805297852
vt 0.2794730067253113 0.5219659805297852
vt 0.170196995139122 0.5227389931678772
vt 0.17472900450229645 0.5621690154075623
vt 0.8385840058326721 0.803371012210846
vt 0.8124409914016724 0.803371012210846
vt 0.8124499917030334 0.6995700001716614
vt 0.8124499917030334 0.6995700001716614
vt 0.8386030197143555 0.6936759948730469
vt 0.8385840058326721 0.803371012210846
vt 0.8385840058326721 0.803371012210846
vt 0.8386030197143555 0.6936759948730469
vt 0.8908889889717102 0.693681001663208
vt 0.8908889889717102 0.693681001663208
vt 0.8908720016479492 0.8033769726753235
vt 0.8385840058326721 0.803371012210846
vt 0.1911109983921051 0.9588289856910706
vt 0.19162799417972565 0.9907220005989075
vt 0.22639499604701996 0.988415002822876
vt 0.22639499604701996 0.988415002822876
vt 0.22280099987983704 0.9567570090293884
vt 0.1911109983921051 0.9588289856910706
vt 0.18844899535179138 0.902754008769989
vt 0.18979400396347046 0.9276739954948425
vt 0.23356899619102478 0.9265260100364685
vt 0.23356899619102478 0.9265260100364685
vt 0.23771099746227264 0.9011690020561218
vt 0.18844899535179138 0.902754008769989
vt 0.6852880120277405 0.3798539936542511
vt 0.6587769985198975 0.31426098942756653
vt 0.6003479957580566 0.3264029920101166
vt 0.6003479957580566 0.3264029920101166
vt 0.6152009963989258 0.40786299109458923
vt 0.6852880120277405 0.3798539936542511
vt 0.5663229823112488 0.4116710126399994
vt 0.6152009963989258 0.40786299109458923
vt 0.6003479957580566 0.3264029920101166
vt 0.6003479957580566 0.3264029920101166
vt 0.5588520169258118 0.3284069895744324
vt 0.5663229823112488 0.4116710126399994
vt 0.4653330147266388 0.4413360059261322
vt 0.4999240040779114 0.4430350065231323
vt 0.4826349914073944 0.4098460078239441
vt 0.4826349914073944 0.4098460078239441
vt 0.4620400071144104 0.3845759928226471
vt 0.4653330147266388 0.4413360059261322
vt 0.16487599909305573 0.43037599325180054
vt 0.2761150002479553 0.4322890043258667
vt 0.2677220106124878 0.33514800667762756
vt 0.2677220106124878 0.33514800667762756
vt 0.15694700181484222 0.33196499943733215
vt 0.16487599909305573 0.43037599325180054
vt 0.1424430012702942 0.9041619896888733
vt 0.18844899535179138 0.902754008769989
vt 0.18590399622917175 0.8324819803237915
vt 0.18590399622917175 0.8324819803237915
vt 0.12447299808263779 0.8375779986381531
vt 0.1424430012702942 0.9041619896888733
vt 0.18590399622917175 0.8324819803237915
vt 0.18844899535179138 0.902754008769989
vt 0.23771099746227264 0.9011690020561218
vt 0.23771099746227264 0.9011690020561218
vt 0.2485859990119934 0.8346390128135681
vt 0.18590399622917175 0.8324819803237915
vt 0.2730160057544708 0.840300977230072
vt 0.2567479908466339 0.9025660157203674
vt 0.27578601241111755 0.903963029384613
vt 0.27578601241111755 0.903963029384613
vt 0.29744699597358704 0.8459630012512207
vt 0.2730160057544708 0.840300977230072
vt 0.31922799348831177 0.857213020324707
vt 0.29355400800704956 0.9134839773178101
vt 0.31132298707962036 0.923005998134613
vt 0.31132298707962036 0.923005998134613
vt 0.3410100042819977 0.8684639930725098
vt 0.31922799348831177 0.857213020324707
vt 0.31132298707962036 0.923005998134613
vt 0.32802900671958923 0.948881983757019
vt 0.37189099192619324 0.8948869705200195
vt 0.37189099192619324 0.8948869705200195
vt 0.3410100042819977 0.8684639930725098
vt 0.31132298707962036 0.923005998134613
vt 0.07529199868440628 0.9316200017929077
vt 0.035314999520778656 0.87711501121521
vt 0.005698000080883503 0.9071660041809082
vt 0.005698000080883503 0.9071660041809082
vt 0.056756000965833664 0.9603899717330933
vt 0.07529199868440628 0.9316200017929077
vt 0.05453699827194214 0.8640850186347961
vt 0.035314999520778656 0.87711501121521
vt 0.07529199868440628 0.9316200017929077
vt 0.07529199868440628 0.9316200017929077
vt 0.09081000089645386 0.9192020297050476
vt 0.05453699827194214 0.8640850186347961
vt 0.10632900148630142 0.9067839980125427
vt 0.1424430012702942 0.9041619896888733
vt 0.12447299808263779 0.8375779986381531
vt 0.12447299808263779 0.8375779986381531
vt 0.07375899702310562 0.8510540127754211
vt 0.10632900148630142 0.9067839980125427
vt 0.2550320029258728 0.9514679908752441
vt 0.2965709865093231 0.941332995891571
vt 0.2818399965763092 0.9329820275306702
vt 0.2818399965763092 0.9329820275306702
vt 0.2671090066432953 0.9246309995651245
vt 0.2550320029258728 0.9514679908752441
vt 0.1632480025291443 0.9583140015602112
vt 0.1911109983921051 0.9588289856910706
vt 0.18979400396347046 0.9276739954948425
vt 0.18979400396347046 0.9276739954948425
vt 0.15004000067710876 0.9281269907951355
vt 0.1632480025291443 0.9583140015602112
vt 0.1911109983921051 0.9588289856910706
vt 0.1632480025291443 0.9583140015602112
vt 0.16019199788570404 0.9907220005989075
vt 0.16019199788570404 0.9907220005989075
vt 0.19162799417972565 0.9907220005989075
vt 0.1911109983921051 0.9588289856910706
vt 0.25033900141716003 0.9255790114402771
vt 0.23891699314117432 0.9541119933128357
vt 0.2550320029258728 0.9514679908752441
vt 0.2550320029258728 0.9514679908752441
vt 0.2671090066432953 0.9246309995651245
vt 0.25033900141716003 0.9255790114402771
vt 0.23891699314117432 0.9541119933128357
vt 0.24418599903583527 0.9854649901390076
vt 0.2619760036468506 0.9825159907341003
vt 0.2619760036468506 0.9825159907341003
vt 0.2550320029258728 0.9514679908752441
vt 0.23891699314117432 0.9541119933128357
vt 0.2794730067253113 0.5219659805297852
vt 0.4089930057525635 0.5224689841270447
vt 0.4054250121116638 0.4379560053348541
vt 0.4054250121116638 0.4379560053348541
vt 0.2761150002479553 0.4322890043258667
vt 0.2794730067253113 0.5219659805297852
vt 0.2761150002479553 0.4322890043258667
vt 0.4054250121116638 0.4379560053348541
vt 0.4002000093460083 0.3449319899082184
vt 0.4002000093460083 0.3449319899082184
vt 0.2677220106124878 0.33514800667762756
vt 0.2761150002479553 0.4322890043258667
vt 0.27539700269699097 0.28616800904273987
vt 0.4049980044364929 0.29201799631118774
vt 0.4028150141239166 0.2629860043525696
vt 0.4028150141239166 0.2629860043525696
vt 0.273591011762619 0.25446200370788574
vt 0.27539700269699097 0.28616800904273987
vt 0.2744489908218384 0.21128100156784058
vt 0.2740199863910675 0.23287099599838257
vt 0.4038600027561188 0.23601000010967255
vt 0.4038600027561188 0.23601000010967255
vt 0.40490400791168213 0.2090339958667755
vt 0.2744489908218384 0.21128100156784058
vt 0.2556450068950653 0.07606499642133713
vt 0.4003100097179413 0.08448299765586853
vt 0.39961400628089905 0.032239001244306564
vt 0.39961400628089905 0.032239001244306564
vt 0.253383994102478 0.0287260003387928
vt 0.2556450068950653 0.07606499642133713
vt 0.41353198885917664 0.649167001247406
vt 0.28166499733924866 0.6554110050201416
vt 0.2847850024700165 0.7099199891090393
vt 0.2847850024700165 0.7099199891090393
vt 0.4182850122451782 0.7017059922218323
vt 0.41353198885917664 0.649167001247406
vt 0.4121040105819702 0.6218180060386658
vt 0.28070199489593506 0.6271669864654541
vt 0.28166499733924866 0.6554110050201416
vt 0.28166499733924866 0.6554110050201416
vt 0.41353198885917664 0.649167001247406
vt 0.4121040105819702 0.6218180060386658
vt 0.27960601449012756 0.5604439973831177
vt 0.40983399748802185 0.5584700107574463
vt 0.4089930057525635 0.5224689841270447
vt 0.4089930057525635 0.5224689841270447
vt 0.2794730067253113 0.5219659805297852
vt 0.27960601449012756 0.5604439973831177
vt 0.4054250121116638 0.4379560053348541
vt 0.4653330147266388 0.4413360059261322
vt 0.4620400071144104 0.3845759928226471
vt 0.4620400071144104 0.3845759928226471
vt 0.4002000093460083 0.3449319899082184
vt 0.4054250121116638 0.4379560053348541
vt 0.4049980044364929 0.29201799631118774
vt 0.4654980003833771 0.29670000076293945
vt 0.4633199870586395 0.26823100447654724
vt 0.4633199870586395 0.26823100447654724
vt 0.4028150141239166 0.2629860043525696
vt 0.4049980044364929 0.29201799631118774
vt 0.4038600027561188 0.23601000010967255
vt 0.4645969867706299 0.24150300025939941
vt 0.46587398648262024 0.2147749960422516
vt 0.46587398648262024 0.2147749960422516
vt 0.40490400791168213 0.2090339958667755
vt 0.4038600027561188 0.23601000010967255
vt 0.40822499990463257 0.15903499722480774
vt 0.40490400791168213 0.2090339958667755
vt 0.46587398648262024 0.2147749960422516
vt 0.46587398648262024 0.2147749960422516
vt 0.46725600957870483 0.16587500274181366
vt 0.40822499990463257 0.15903499722480774
vt 0.4737530052661896 0.6462339758872986
vt 0.41353198885917664 0.649167001247406
vt 0.4182850122451782 0.7017059922218323
vt 0.4182850122451782 0.7017059922218323
vt 0.4792320132255554 0.6975769996643066
vt 0.4737530052661896 0.6462339758872986
vt 0.47186800837516785 0.6192640066146851
vt 0.4121040105819702 0.6218180060386658
vt 0.41353198885917664 0.649167001247406
vt 0.41353198885917664 0.649167001247406
vt 0.4737530052661896 0.6462339758872986
vt 0.47186800837516785 0.6192640066146851
vt 0.40983399748802185 0.5584700107574463
vt 0.4694199860095978 0.557561993598938
vt 0.468858003616333 0.5228300094604492
vt 0.468858003616333 0.5228300094604492
vt 0.4089930057525635 0.5224689841270447
vt 0.40983399748802185 0.5584700107574463
vt 0.4089930057525635 0.5224689841270447
vt 0.468858003616333 0.5228300094604492
vt 0.4653330147266388 0.4413360059261322
vt 0.4653330147266388 0.4413360059261322
vt 0.4054250121116638 0.4379560053348541
vt 0.4089930057525635 0.5224689841270447
vt 0.5278409719467163 0.41521498560905457
vt 0.5663229823112488 0.4116710126399994
vt 0.5588520169258118 0.3284069895744324
vt 0.5588520169258118 0.3284069895744324
vt 0.5262839794158936 0.33048099279403687
vt 0.5278409719467163 0.41521498560905457
vt 0.5246760249137878 0.3024890124797821
vt 0.5553799867630005 0.3012549877166748
vt 0.5519070029258728 0.2741039991378784
vt 0.5519070029258728 0.2741039991378784
vt 0.5230680108070374 0.2744959890842438
vt 0.5246760249137878 0.3024890124797821
vt 0.5263869762420654 0.22065900266170502
vt 0.524728000164032 0.2475779950618744
vt 0.5518209934234619 0.24743199348449707
vt 0.5518209934234619 0.24743199348449707
vt 0.5517339706420898 0.2207610011100769
vt 0.5263869762420654 0.22065900266170502
vt 0.5266680121421814 0.17190499603748322
vt 0.5263869762420654 0.22065900266170502
vt 0.5517339706420898 0.2207610011100769
vt 0.5517339706420898 0.2207610011100769
vt 0.5513619780540466 0.17342999577522278
vt 0.5266680121421814 0.17190499603748322
vt 0.5336809754371643 0.6425909996032715
vt 0.5410320162773132 0.6922469735145569
vt 0.5953710079193115 0.6849660277366638
vt 0.5953710079193115 0.6849660277366638
vt 0.5852180123329163 0.6366050243377686
vt 0.5336809754371643 0.6425909996032715
vt 0.5806819796562195 0.6113240122795105
vt 0.5310479998588562 0.6165900230407715
vt 0.5336809754371643 0.6425909996032715
vt 0.5336809754371643 0.6425909996032715
vt 0.5852180123329163 0.6366050243377686
vt 0.5806819796562195 0.6113240122795105
vt 0.5761460065841675 0.5860430002212524
vt 0.5738109946250916 0.5370219945907593
vt 0.5508880019187927 0.536607027053833
vt 0.5508880019187927 0.536607027053833
vt 0.5284140110015869 0.5905900001525879
vt 0.5761460065841675 0.5860430002212524
vt 0.5727599859237671 0.4885619878768921
vt 0.5663229823112488 0.4116710126399994
vt 0.5278409719467163 0.41521498560905457
vt 0.5278409719467163 0.41521498560905457
vt 0.52885901927948 0.49316900968551636
vt 0.5727599859237671 0.4885619878768921
vt 0.46865999698638916 0.3566170036792755
vt 0.4676760137081146 0.32516899704933167
vt 0.4071809947490692 0.3210510015487671
vt 0.5278409719467163 0.41521498560905457
vt 0.5262839794158936 0.33048099279403687
vt 0.4875819981098175 0.38078799843788147
vt 0.4875819981098175 0.38078799843788147
vt 0.5022439956665039 0.41334399580955505
vt 0.5278409719467163 0.41521498560905457
vt 0.5278409719467163 0.41521498560905457
vt 0.5022439956665039 0.41334399580955505
vt 0.5112249851226807 0.45452600717544556
vt 0.5112249851226807 0.45452600717544556
vt 0.52885901927948 0.49316900968551636
vt 0.5278409719467163 0.41521498560905457
vt 0.5727599859237671 0.4885619878768921
vt 0.52885901927948 0.49316900968551636
vt 0.5515649914741516 0.5056179761886597
vt 0.5515649914741516 0.5056179761886597
vt 0.5744540095329285 0.5053420066833496
vt 0.5727599859237671 0.4885619878768921
vt 0.5727599859237671 0.4885619878768921
vt 0.5744540095329285 0.5053420066833496
vt 0.6037150025367737 0.4999690055847168
vt 0.6037150025367737 0.4999690055847168
vt 0.6280369758605957 0.48331499099731445
vt 0.5727599859237671 0.4885619878768921
vt 0.4875819981098175 0.38078799843788147
vt 0.5262839794158936 0.33048099279403687
vt 0.4676760137081146 0.32516899704933167
vt 0.4676760137081146 0.32516899704933167
vt 0.46865999698638916 0.3566170036792755
vt 0.4875819981098175 0.38078799843788147
vt 0.468858003616333 0.5228300094604492
vt 0.5291190147399902 0.5236690044403076
vt 0.5116609930992126 0.4845620095729828
vt 0.5287669897079468 0.557129979133606
vt 0.5284140110015869 0.5905900001525879
vt 0.5508880019187927 0.536607027053833
vt 0.5508880019187927 0.536607027053833
vt 0.5291190147399902 0.5236690044403076
vt 0.5287669897079468 0.557129979133606
vt 0.5761460065841675 0.5860430002212524
vt 0.6362689733505249 0.5809419751167297
vt 0.6038540005683899 0.5322840213775635
vt 0.6038540005683899 0.5322840213775635
vt 0.5738109946250916 0.5370219945907593
vt 0.5761460065841675 0.5860430002212524
vt 0.9279739856719971 0.33104100823402405
vt 0.9082850217819214 0.2840220034122467
vt 0.6852880120277405 0.3798539936542511
vt 0.6852880120277405 0.3798539936542511
vt 0.7134209871292114 0.4469969868659973
vt 0.9279739856719971 0.33104100823402405
vt 0.9082850217819214 0.2840220034122467
vt 0.8866519927978516 0.23731300234794617
vt 0.6587769985198975 0.31426098942756653
vt 0.6587769985198975 0.31426098942756653
vt 0.6852880120277405 0.3798539936542511
vt 0.9082850217819214 0.2840220034122467
vt 0.6483219861984253 0.29025301337242126
vt 0.879610002040863 0.21886000037193298
vt 0.8725690245628357 0.2004079967737198
vt 0.8725690245628357 0.2004079967737198
vt 0.6378669738769531 0.2662459909915924
vt 0.6483219861984253 0.29025301337242126
vt 0.8672990202903748 0.18129600584506989
vt 0.8620290160179138 0.16218499839305878
vt 0.6317629814147949 0.21664799749851227
vt 0.6317629814147949 0.21664799749851227
vt 0.634814977645874 0.24144700169563293
vt 0.8672990202903748 0.18129600584506989
vt 0.8620290160179138 0.16218499839305878
vt 0.8569849729537964 0.12772800028324127
vt 0.6260600090026855 0.17197300493717194
vt 0.6260600090026855 0.17197300493717194
vt 0.6317629814147949 0.21664799749851227
vt 0.8620290160179138 0.16218499839305878
vt 0.9763399958610535 0.5089020133018494
vt 0.7545220255851746 0.5978590250015259
vt 0.7709190249443054 0.6402360200881958
vt 0.7709190249443054 0.6402360200881958
vt 0.9907730221748352 0.5397869944572449
vt 0.9763399958610535 0.5089020133018494
vt 0.745913028717041 0.5753790140151978
vt 0.7545220255851746 0.5978590250015259
vt 0.9763399958610535 0.5089020133018494
vt 0.9763399958610535 0.5089020133018494
vt 0.9700700044631958 0.49110400676727295
vt 0.745913028717041 0.5753790140151978
vt 0.963798999786377 0.47330600023269653
vt 0.9569479823112488 0.4346559941768646
vt 0.7242730259895325 0.4944159984588623
vt 0.7242730259895325 0.4944159984588623
vt 0.7373039722442627 0.5528990030288696
vt 0.963798999786377 0.47330600023269653
vt 0.08838299661874771 0.2029539942741394
vt 0.051493000239133835 0.18039900064468384
vt 0.048757001757621765 0.20534199476242065
vt 0.048757001757621765 0.20534199476242065
vt 0.08445800095796585 0.22432799637317657
vt 0.08838299661874771 0.2029539942741394
vt 0.050609998404979706 0.26857998967170715
vt 0.043278999626636505 0.2977069914340973
vt 0.0719510018825531 0.2802630066871643
vt 0.0719510018825531 0.2802630066871643
vt 0.08053400367498398 0.24570199847221375
vt 0.050609998404979706 0.26857998967170715
vt 0.04980099946260452 0.43204501271247864
vt 0.024640999734401703 0.4341450035572052
vt 0.033459000289440155 0.5100119709968567
vt 0.033459000289440155 0.5100119709968567
vt 0.06003899872303009 0.5220990180969238
vt 0.04980099946260452 0.43204501271247864
vt 0.08257299661636353 0.12772800028324127
vt 0.049557000398635864 0.13333800435066223
vt 0.051493000239133835 0.18039900064468384
vt 0.051493000239133835 0.18039900064468384
vt 0.08838299661874771 0.2029539942741394
vt 0.08257299661636353 0.12772800028324127
vt 0.06003899872303009 0.5220990180969238
vt 0.033459000289440155 0.5100119709968567
vt 0.03972899913787842 0.5444869995117188
vt 0.03972899913787842 0.5444869995117188
vt 0.06873799860477448 0.5623819828033447
vt 0.06003899872303009 0.5220990180969238
vt 0.045708999037742615 0.645999014377594
vt 0.04947600141167641 0.6701110005378723
vt 0.08466999977827072 0.6618260145187378
vt 0.08466999977827072 0.6618260145187378
vt 0.0810530036687851 0.6322460174560547
vt 0.045708999037742615 0.645999014377594
vt 0.04947600141167641 0.6701110005378723
vt 0.05195299908518791 0.7169430255889893
vt 0.08664300292730331 0.7191579937934875
vt 0.08664300292730331 0.7191579937934875
vt 0.08466999977827072 0.6618260145187378
vt 0.04947600141167641 0.6701110005378723
vt 0.02082899957895279 0.3505840003490448
vt 0.024640999734401703 0.4341450035572052
vt 0.04980099946260452 0.43204501271247864
vt 0.04980099946260452 0.43204501271247864
vt 0.045722998678684235 0.33196499943733215
vt 0.02082899957895279 0.3505840003490448
vt 0.051493000239133835 0.18039900064468384
vt 0.0346359983086586 0.17870299518108368
vt 0.03250499814748764 0.20200400054454803
vt 0.03250499814748764 0.20200400054454803
vt 0.048757001757621765 0.20534199476242065
vt 0.051493000239133835 0.18039900064468384
vt 0.0344339981675148 0.2665089964866638
vt 0.02789199911057949 0.29446300864219666
vt 0.043278999626636505 0.2977069914340973
vt 0.043278999626636505 0.2977069914340973
vt 0.050609998404979706 0.26857998967170715
vt 0.0344339981675148 0.2665089964866638
vt 0.024640999734401703 0.4341450035572052
vt 0.010192000307142735 0.4354110062122345
vt 0.01849300041794777 0.5106920003890991
vt 0.01849300041794777 0.5106920003890991
vt 0.033459000289440155 0.5100119709968567
vt 0.024640999734401703 0.4341450035572052
vt 0.049557000398635864 0.13333800435066223
vt 0.03311099857091904 0.13473999500274658
vt 0.0346359983086586 0.17870299518108368
vt 0.0346359983086586 0.17870299518108368
vt 0.051493000239133835 0.18039900064468384
vt 0.049557000398635864 0.13333800435066223
vt 0.033459000289440155 0.5100119709968567
vt 0.01849300041794777 0.5106920003890991
vt 0.02377299964427948 0.5449280142784119
vt 0.02377299964427948 0.5449280142784119
vt 0.03972899913787842 0.5444869995117188
vt 0.033459000289440155 0.5100119709968567
vt 0.029229000210762024 0.6505069732666016
vt 0.03258100152015686 0.6731259822845459
vt 0.04947600141167641 0.6701110005378723
vt 0.04947600141167641 0.6701110005378723
vt 0.045708999037742615 0.645999014377594
vt 0.029229000210762024 0.6505069732666016
vt 0.03258100152015686 0.6731259822845459
vt 0.03496300056576729 0.7170199751853943
vt 0.05195299908518791 0.7169430255889893
vt 0.05195299908518791 0.7169430255889893
vt 0.04947600141167641 0.6701110005378723
vt 0.03258100152015686 0.6731259822845459
vt 0.005508000031113625 0.35516300797462463
vt 0.010192000307142735 0.4354110062122345
vt 0.024640999734401703 0.4341450035572052
vt 0.024640999734401703 0.4341450035572052
vt 0.02082899957895279 0.3505840003490448
vt 0.005508000031113625 0.35516300797462463
vt 0.27881699800491333 0.1350259929895401
vt 0.269120991230011 0.11197599768638611
vt 0.1875779926776886 0.13124899566173553
vt 0.1875779926776886 0.13124899566173553
vt 0.19090400636196136 0.16594800353050232
vt 0.27881699800491333 0.1350259929895401
vt 0.0862869992852211 0.07178600132465363
vt 0.015289999544620514 0.07265699654817581
vt 0.01939699985086918 0.11380500346422195
vt 0.01939699985086918 0.11380500346422195
vt 0.09514100104570389 0.1134909987449646
vt 0.0862869992852211 0.07178600132465363
vt 0.4003100097179413 0.08448299765586853
vt 0.269120991230011 0.11197599768638611
vt 0.27881699800491333 0.1350259929895401
vt 0.08838299661874771 0.2029539942741394
vt 0.08445800095796585 0.22432799637317657
vt 0.17920799553394318 0.22980999946594238
vt 0.17920799553394318 0.22980999946594238
vt 0.1813250035047531 0.2091210037469864
vt 0.08838299661874771 0.2029539942741394
vt 0.10442200303077698 0.1523910015821457
vt 0.1009569987654686 0.19457100331783295
vt 0.19090400636196136 0.16594800353050232
vt 0.19090400636196136 0.16594800353050232
vt 0.1875779926776886 0.13124899566173553
vt 0.10442200303077698 0.1523910015821457
vt 0.11010199785232544 0.09048400074243546
vt 0.1832139939069748 0.0795930027961731
vt 0.17836199700832367 0.03172200173139572
vt 0.17836199700832367 0.03172200173139572
vt 0.10442999750375748 0.040713999420404434
vt 0.11010199785232544 0.09048400074243546
vt 0.08664300292730331 0.7191579937934875
vt 0.18615199625492096 0.7152789831161499
vt 0.18293599784374237 0.6593980193138123
vt 0.18293599784374237 0.6593980193138123
vt 0.08466999977827072 0.6618260145187378
vt 0.08664300292730331 0.7191579937934875
vt 0.08466999977827072 0.6618260145187378
vt 0.18293599784374237 0.6593980193138123
vt 0.18109899759292603 0.6304979920387268
vt 0.18109899759292603 0.6304979920387268
vt 0.0810530036687851 0.6322460174560547
vt 0.08466999977827072 0.6618260145187378
vt 0.06873799860477448 0.5623819828033447
vt 0.17472900450229645 0.5621690154075623
vt 0.170196995139122 0.5227389931678772
vt 0.170196995139122 0.5227389931678772
vt 0.06003899872303009 0.5220990180969238
vt 0.06873799860477448 0.5623819828033447
vt 0.06003899872303009 0.5220990180969238
vt 0.170196995139122 0.5227389931678772
vt 0.16487599909305573 0.43037599325180054
vt 0.16487599909305573 0.43037599325180054
vt 0.04980099946260452 0.43204501271247864
vt 0.06003899872303009 0.5220990180969238
vt 0.04980099946260452 0.43204501271247864
vt 0.16487599909305573 0.43037599325180054
vt 0.15694700181484222 0.33196499943733215
vt 0.15694700181484222 0.33196499943733215
vt 0.045722998678684235 0.33196499943733215
vt 0.04980099946260452 0.43204501271247864
vt 0.08053400367498398 0.24570199847221375
vt 0.0719510018825531 0.2802630066871643
vt 0.17360299825668335 0.2835719883441925
vt 0.17360299825668335 0.2835719883441925
vt 0.17709100246429443 0.25049901008605957
vt 0.08053400367498398 0.24570199847221375
vt 0.05951099842786789 0.01594099961221218
vt 0.009655999951064587 0.01610800065100193
vt 0.015289999544620514 0.07265699654817581
vt 0.015289999544620514 0.07265699654817581
vt 0.0862869992852211 0.07178600132465363
vt 0.05951099842786789 0.01594099961221218
vt 0.11010199785232544 0.09048400074243546
vt 0.10442200303077698 0.1523910015821457
vt 0.1875779926776886 0.13124899566173553
vt 0.1875779926776886 0.13124899566173553
vt 0.1832139939069748 0.0795930027961731
vt 0.11010199785232544 0.09048400074243546
vt 0.2556450068950653 0.07606499642133713
vt 0.1832139939069748 0.0795930027961731
vt 0.1875779926776886 0.13124899566173553
vt 0.1875779926776886 0.13124899566173553
vt 0.269120991230011 0.11197599768638611
vt 0.2556450068950653 0.07606499642133713
vt 0.4003100097179413 0.08448299765586853
vt 0.2556450068950653 0.07606499642133713
vt 0.269120991230011 0.11197599768638611
vt 0.4816640019416809 0.8648459911346436
vt 0.5141990184783936 0.8569869995117188
vt 0.4974380135536194 0.8035069704055786
vt 0.4974380135536194 0.8035069704055786
vt 0.47237399220466614 0.8096969723701477
vt 0.4816640019416809 0.8648459911346436
vt 0.5141990184783936 0.8569869995117188
vt 0.5453259944915771 0.8449959754943848
vt 0.5213800072669983 0.7941020131111145
vt 0.5213800072669983 0.7941020131111145
vt 0.4974380135536194 0.8035069704055786
vt 0.5141990184783936 0.8569869995117188
vt 0.5453259944915771 0.8449959754943848
vt 0.5744529962539673 0.8290169835090637
vt 0.5437629818916321 0.7817000150680542
vt 0.5437629818916321 0.7817000150680542
vt 0.5213800072669983 0.7941020131111145
vt 0.5453259944915771 0.8449959754943848
vt 0.5744529962539673 0.8290169835090637
vt 0.601161003112793 0.8093010187149048
vt 0.564624011516571 0.7664160132408142
vt 0.564624011516571 0.7664160132408142
vt 0.5437629818916321 0.7817000150680542
vt 0.5744529962539673 0.8290169835090637
vt 0.601161003112793 0.8093010187149048
vt 0.6249600052833557 0.7861260175704956
vt 0.5833370089530945 0.7485449910163879
vt 0.5833370089530945 0.7485449910163879
vt 0.564624011516571 0.7664160132408142
vt 0.601161003112793 0.8093010187149048
vt 0.267179012298584 0.7876740097999573
vt 0.2921139895915985 0.8107360005378723
vt 0.32741400599479675 0.7670760154724121
vt 0.32741400599479675 0.7670760154724121
vt 0.308351993560791 0.7489089965820312
vt 0.267179012298584 0.7876740097999573
vt 0.2921139895915985 0.8107360005378723
vt 0.3195529878139496 0.8303099870681763
vt 0.34880900382995605 0.7823780179023743
vt 0.34880900382995605 0.7823780179023743
vt 0.32741400599479675 0.7670760154724121
vt 0.2921139895915985 0.8107360005378723
vt 0.3195529878139496 0.8303099870681763
vt 0.3495340049266815 0.8461019992828369
vt 0.37200498580932617 0.7946929931640625
vt 0.37200498580932617 0.7946929931640625
vt 0.34880900382995605 0.7823780179023743
vt 0.3195529878139496 0.8303099870681763
vt 0.3495340049266815 0.8461019992828369
vt 0.3808610141277313 0.8579540252685547
vt 0.3965190052986145 0.803862988948822
vt 0.3965190052986145 0.803862988948822
vt 0.37200498580932617 0.7946929931640625
vt 0.3495340049266815 0.8461019992828369
vt 0.3808610141277313 0.8579540252685547
vt 0.4138309955596924 0.8657619953155518
vt 0.4220539927482605 0.8094919919967651
vt 0.4220539927482605 0.8094919919967651
vt 0.3965190052986145 0.803862988948822
vt 0.3808610141277313 0.8579540252685547
vt 0.4138309955596924 0.8657619953155518
vt 0.44859498739242554 0.8682219982147217
vt 0.44701600074768066 0.8142160177230835
vt 0.44701600074768066 0.8142160177230835
vt 0.4220539927482605 0.8094919919967651
vt 0.4138309955596924 0.8657619953155518
vt 0.44859498739242554 0.8682219982147217
vt 0.4816640019416809 0.8648459911346436
vt 0.47237399220466614 0.8096969723701477
vt 0.47237399220466614 0.8096969723701477
vt 0.44701600074768066 0.8142160177230835
vt 0.44859498739242554 0.8682219982147217
vt 0.4912180006504059 0.7915279865264893
vt 0.44791701436042786 0.7658860087394714
vt 0.47237399220466614 0.8096969723701477
vt 0.4983780086040497 0.7665479779243469
vt 0.44791701436042786 0.7658860087394714
vt 0.4912180006504059 0.7915279865264893
vt 0.4918760061264038 0.7413390278816223
vt 0.44791701436042786 0.7658860087394714
vt 0.4983780086040497 0.7665479779243469
vt 0.47356900572776794 0.722698986530304
vt 0.44791701436042786 0.7658860087394714
vt 0.4918760061264038 0.7413390278816223
vt 0.4484109878540039 0.7157620191574097
vt 0.44791701436042786 0.7658860087394714
vt 0.47356900572776794 0.722698986530304
vt 0.4231649935245514 0.7223560214042664
vt 0.44791701436042786 0.7658860087394714
vt 0.4484109878540039 0.7157620191574097
vt 0.4045889973640442 0.7407310009002686
vt 0.44791701436042786 0.7658860087394714
vt 0.4231649935245514 0.7223560214042664
vt 0.39754998683929443 0.765995979309082
vt 0.44791701436042786 0.7658860087394714
vt 0.4045889973640442 0.7407310009002686
vt 0.40400800108909607 0.7912030220031738
vt 0.44791701436042786 0.7658860087394714
vt 0.39754998683929443 0.765995979309082
vt 0.4220539927482605 0.8094919919967651
vt 0.44791701436042786 0.7658860087394714
vt 0.40400800108909607 0.7912030220031738
vt 0.44701600074768066 0.8142160177230835
vt 0.44791701436042786 0.7658860087394714
vt 0.4220539927482605 0.8094919919967651
vt 0.47237399220466614 0.8096969723701477
vt 0.44791701436042786 0.7658860087394714
vt 0.44701600074768066 0.8142160177230835
vt 0.4654980003833771 0.29670000076293945
vt 0.4633199870586395 0.26823100447654724
vt 0.5230680108070374 0.2744959890842438
vt 0.5230680108070374 0.2744959890842438
vt 0.5246760249137878 0.3024890124797821
vt 0.4654980003833771 0.29670000076293945
vt 0.5948399901390076 0.2995319962501526
vt 0.5893319845199585 0.2726610004901886
vt 0.6378669738769531 0.2662459909915924
vt 0.6378669738769531 0.2662459909915924
vt 0.6483219861984253 0.29025301337242126
vt 0.5948399901390076 0.2995319962501526
vt 0.5553799867630005 0.3012549877166748
vt 0.5519070029258728 0.2741039991378784
vt 0.5893319845199585 0.2726610004901886
vt 0.5893319845199585 0.2726610004901886
vt 0.5948399901390076 0.2995319962501526
vt 0.5553799867630005 0.3012549877166748
vt 0.2567479908466339 0.9025660157203674
vt 0.27578601241111755 0.903963029384613
vt 0.2671090066432953 0.9246309995651245
vt 0.2671090066432953 0.9246309995651245
vt 0.25033900141716003 0.9255790114402771
vt 0.2567479908466339 0.9025660157203674
vt 0.17360299825668335 0.2835719883441925
vt 0.17709100246429443 0.25049901008605957
vt 0.273591011762619 0.25446200370788574
vt 0.273591011762619 0.25446200370788574
vt 0.27539700269699097 0.28616800904273987
vt 0.17360299825668335 0.2835719883441925
vt 0.18844899535179138 0.902754008769989
vt 0.18979400396347046 0.9276739954948425
vt 0.15004000067710876 0.9281269907951355
vt 0.15004000067710876 0.9281269907951355
vt 0.1424430012702942 0.9041619896888733
vt 0.18844899535179138 0.902754008769989
vt 0.6152009963989258 0.40786299109458923
vt 0.6852880120277405 0.3798539936542511
vt 0.7134209871292114 0.4469969868659973
vt 0.7134209871292114 0.4469969868659973
vt 0.6280369758605957 0.48331499099731445
vt 0.6152009963989258 0.40786299109458923
vt 0.5727599859237671 0.4885619878768921
vt 0.5663229823112488 0.4116710126399994
vt 0.6152009963989258 0.40786299109458923
vt 0.6152009963989258 0.40786299109458923
vt 0.6280369758605957 0.48331499099731445
vt 0.5727599859237671 0.4885619878768921
vt 0.4653330147266388 0.4413360059261322
vt 0.4999240040779114 0.4430350065231323
vt 0.5116609930992126 0.4845620095729828
vt 0.5116609930992126 0.4845620095729828
vt 0.468858003616333 0.5228300094604492
vt 0.4653330147266388 0.4413360059261322
vt 0.2761150002479553 0.4322890043258667
vt 0.2794730067253113 0.5219659805297852
vt 0.170196995139122 0.5227389931678772
vt 0.170196995139122 0.5227389931678772
vt 0.16487599909305573 0.43037599325180054
vt 0.2761150002479553 0.4322890043258667
vt 0.18293599784374237 0.6593980193138123
vt 0.18109899759292603 0.6304979920387268
vt 0.28070199489593506 0.6271669864654541
vt 0.28070199489593506 0.6271669864654541
vt 0.28166499733924866 0.6554110050201416
vt 0.18293599784374237 0.6593980193138123
vt 0.4737530052661896 0.6462339758872986
vt 0.47186800837516785 0.6192640066146851
vt 0.5310479998588562 0.6165900230407715
vt 0.5310479998588562 0.6165900230407715
vt 0.5336809754371643 0.6425909996032715
vt 0.4737530052661896 0.6462339758872986
vt 0.5852180123329163 0.6366050243377686
vt 0.5806819796562195 0.6113240122795105
vt 0.6435040235519409 0.6043440103530884
vt 0.6435040235519409 0.6043440103530884
vt 0.6507390141487122 0.6277469992637634
vt 0.5852180123329163 0.6366050243377686
vt 0.6507390141487122 0.6277469992637634
vt 0.6435040235519409 0.6043440103530884
vt 0.745913028717041 0.5753790140151978
vt 0.745913028717041 0.5753790140151978
vt 0.7545220255851746 0.5978590250015259
vt 0.6507390141487122 0.6277469992637634
vt 0.09509000182151794 0.9491199851036072
vt 0.07529199868440628 0.9316200017929077
vt 0.09081000089645386 0.9192020297050476
vt 0.09081000089645386 0.9192020297050476
vt 0.10639200359582901 0.9387180209159851
vt 0.09509000182151794 0.9491199851036072
vt 0.15004000067710876 0.9281269907951355
vt 0.1632480025291443 0.9583140015602112
vt 0.13322000205516815 0.9558119773864746
vt 0.13322000205516815 0.9558119773864746
vt 0.11769399791955948 0.9283149838447571
vt 0.15004000067710876 0.9281269907951355
vt 0.22280099987983704 0.9567570090293884
vt 0.1911109983921051 0.9588289856910706
vt 0.18979400396347046 0.9276739954948425
vt 0.18979400396347046 0.9276739954948425
vt 0.23356899619102478 0.9265260100364685
vt 0.22280099987983704 0.9567570090293884
vt 0.29355400800704956 0.9134839773178101
vt 0.31132298707962036 0.923005998134613
vt 0.2965709865093231 0.941332995891571
vt 0.2965709865093231 0.941332995891571
vt 0.2818399965763092 0.9329820275306702
vt 0.29355400800704956 0.9134839773178101
vt 0.5867400169372559 0.24649100005626678
vt 0.5841479897499084 0.22032099962234497
vt 0.6317629814147949 0.21664799749851227
vt 0.6317629814147949 0.21664799749851227
vt 0.634814977645874 0.24144700169563293
vt 0.5867400169372559 0.24649100005626678
vt 0.5841479897499084 0.22032099962234497
vt 0.5867400169372559 0.24649100005626678
vt 0.5518209934234619 0.24743199348449707
vt 0.5518209934234619 0.24743199348449707
vt 0.5517339706420898 0.2207610011100769
vt 0.5841479897499084 0.22032099962234497
vt 0.5263869762420654 0.22065900266170502
vt 0.524728000164032 0.2475779950618744
vt 0.4645969867706299 0.24150300025939941
vt 0.4645969867706299 0.24150300025939941
vt 0.46587398648262024 0.2147749960422516
vt 0.5263869762420654 0.22065900266170502
vt 0.1813250035047531 0.2091210037469864
vt 0.2744489908218384 0.21128100156784058
vt 0.2740199863910675 0.23287099599838257
vt 0.2740199863910675 0.23287099599838257
vt 0.17920799553394318 0.22980999946594238
vt 0.1813250035047531 0.2091210037469864
vt 0.9436500072479248 0.6544449925422668
vt 0.9436519742012024 0.6152139902114868
vt 0.9697949886322021 0.6255220174789429
vt 0.9697949886322021 0.6255220174789429
vt 0.9697989821434021 0.6625459790229797
vt 0.9436500072479248 0.6544449925422668
vt 0.9436669945716858 0.803371012210846
vt 0.9698100090026855 0.803371012210846
vt 0.9698150157928467 0.897570013999939
vt 0.9698150157928467 0.897570013999939
vt 0.9436650276184082 0.9019110202789307
vt 0.9436669945716858 0.803371012210846
vt 0.18615199625492096 0.7152789831161499
vt 0.18293599784374237 0.6593980193138123
vt 0.28166499733924866 0.6554110050201416
vt 0.28166499733924866 0.6554110050201416
vt 0.2847850024700165 0.7099199891090393
vt 0.18615199625492096 0.7152789831161499
vt 0.4792320132255554 0.6975769996643066
vt 0.4737530052661896 0.6462339758872986
vt 0.5336809754371643 0.6425909996032715
vt 0.5336809754371643 0.6425909996032715
vt 0.5410320162773132 0.6922469735145569
vt 0.4792320132255554 0.6975769996643066
vt 0.5953710079193115 0.6849660277366638
vt 0.5852180123329163 0.6366050243377686
vt 0.6507390141487122 0.6277469992637634
vt 0.6507390141487122 0.6277469992637634
vt 0.6622530221939087 0.6733279824256897
vt 0.5953710079193115 0.6849660277366638
vt 0.6622530221939087 0.6733279824256897
vt 0.6507390141487122 0.6277469992637634
vt 0.7545220255851746 0.5978590250015259
vt 0.7545220255851746 0.5978590250015259
vt 0.7709190249443054 0.6402360200881958
vt 0.6622530221939087 0.6733279824256897
vt 0.056756000965833664 0.9603899717330933
vt 0.07529199868440628 0.9316200017929077
vt 0.09509000182151794 0.9491199851036072
vt 0.09509000182151794 0.9491199851036072
vt 0.08538199961185455 0.9746639728546143
vt 0.056756000965833664 0.9603899717330933
vt 0.1276019960641861 0.9875689744949341
vt 0.13322000205516815 0.9558119773864746
vt 0.1632480025291443 0.9583140015602112
vt 0.1632480025291443 0.9583140015602112
vt 0.16019199788570404 0.9907220005989075
vt 0.1276019960641861 0.9875689744949341
vt 0.2619760036468506 0.9825159907341003
vt 0.2550320029258728 0.9514679908752441
vt 0.2965709865093231 0.941332995891571
vt 0.2965709865093231 0.941332995891571
vt 0.3076379895210266 0.9636390209197998
vt 0.2619760036468506 0.9825159907341003
vt 0.32802900671958923 0.948881983757019
vt 0.3076379895210266 0.9636390209197998
vt 0.2965709865093231 0.941332995891571
vt 0.2965709865093231 0.941332995891571
vt 0.31132298707962036 0.923005998134613
vt 0.32802900671958923 0.948881983757019
vt 0.5829669833183289 0.17432700097560883
vt 0.6260600090026855 0.17197300493717194
vt 0.6317629814147949 0.21664799749851227
vt 0.6317629814147949 0.21664799749851227
vt 0.5841479897499084 0.22032099962234497
vt 0.5829669833183289 0.17432700097560883
vt 0.5513619780540466 0.17342999577522278
vt 0.5829669833183289 0.17432700097560883
vt 0.5841479897499084 0.22032099962234497
vt 0.5841479897499084 0.22032099962234497
vt 0.5517339706420898 0.2207610011100769
vt 0.5513619780540466 0.17342999577522278
vt 0.46725600957870483 0.16587500274181366
vt 0.5266680121421814 0.17190499603748322
vt 0.5263869762420654 0.22065900266170502
vt 0.5263869762420654 0.22065900266170502
vt 0.46587398648262024 0.2147749960422516
vt 0.46725600957870483 0.16587500274181366
vt 0.253383994102478 0.0287260003387928
vt 0.2556450068950653 0.07606499642133713
vt 0.1832139939069748 0.0795930027961731
vt 0.1832139939069748 0.0795930027961731
vt 0.17836199700832367 0.03172200173139572
vt 0.253383994102478 0.0287260003387928
vt 0.8913580179214478 0.6520259976387024
vt 0.8913540244102478 0.6103709936141968
vt 0.9436519742012024 0.6152139902114868
vt 0.9436519742012024 0.6152139902114868
vt 0.9436500072479248 0.6544449925422668
vt 0.8913580179214478 0.6520259976387024
vt 0.8913789987564087 0.8033769726753235
vt 0.9436669945716858 0.803371012210846
vt 0.9436650276184082 0.9019110202789307
vt 0.9436650276184082 0.9019110202789307
vt 0.8913829922676086 0.9019089937210083
vt 0.8913789987564087 0.8033769726753235
vt 0.9436650276184082 0.9019110202789307
vt 0.9698150157928467 0.897570013999939
vt 0.9698129892349243 0.9403110146522522
vt 0.9698129892349243 0.9403110146522522
vt 0.9436659812927246 0.946681022644043
vt 0.9436650276184082 0.9019110202789307
vt 0.8913829922676086 0.9019089937210083
vt 0.9436650276184082 0.9019110202789307
vt 0.9436659812927246 0.946681022644043
vt 0.9436659812927246 0.946681022644043
vt 0.8913679718971252 0.9494950175285339
vt 0.8913829922676086 0.9019089937210083
vt 0.1276019960641861 0.9875689744949341
vt 0.08538199961185455 0.9746639728546143
vt 0.09509000182151794 0.9491199851036072
vt 0.09509000182151794 0.9491199851036072
vt 0.13322000205516815 0.9558119773864746
vt 0.1276019960641861 0.9875689744949341
vt 0.10639200359582901 0.9387180209159851
vt 0.11769399791955948 0.9283149838447571
vt 0.13322000205516815 0.9558119773864746
vt 0.13322000205516815 0.9558119773864746
vt 0.09509000182151794 0.9491199851036072
vt 0.10639200359582901 0.9387180209159851
vt 0.1424430012702942 0.9041619896888733
vt 0.15004000067710876 0.9281269907951355
vt 0.11769399791955948 0.9283149838447571
vt 0.11769399791955948 0.9283149838447571
vt 0.10632900148630142 0.9067839980125427
vt 0.1424430012702942 0.9041619896888733
vt 0.6308450102806091 0.5174329876899719
vt 0.7242730259895325 0.4944159984588623
vt 0.7373039722442627 0.5528990030288696
vt 0.7373039722442627 0.5528990030288696
vt 0.6362689733505249 0.5809419751167297
vt 0.6308450102806091 0.5174329876899719
vt 0.6362689733505249 0.5809419751167297
vt 0.6038540005683899 0.5322840213775635
vt 0.6308450102806091 0.5174329876899719
vt 0.4694199860095978 0.557561993598938
vt 0.468858003616333 0.5228300094604492
vt 0.5291190147399902 0.5236690044403076
vt 0.5291190147399902 0.5236690044403076
vt 0.5287669897079468 0.557129979133606
vt 0.4694199860095978 0.557561993598938
vt 0.2794730067253113 0.5219659805297852
vt 0.27960601449012756 0.5604439973831177
vt 0.17472900450229645 0.5621690154075623
vt 0.17472900450229645 0.5621690154075623
vt 0.170196995139122 0.5227389931678772
vt 0.2794730067253113 0.5219659805297852
vt 0.9436669945716858 0.803371012210846
vt 0.9436479806900024 0.6936759948730469
vt 0.9698020219802856 0.6995700001716614
vt 0.9698020219802856 0.6995700001716614
vt 0.9698100090026855 0.803371012210846
vt 0.9436669945716858 0.803371012210846
vt 0.8913630247116089 0.693681001663208
vt 0.9436479806900024 0.6936759948730469
vt 0.9436669945716858 0.803371012210846
vt 0.9436669945716858 0.803371012210846
vt 0.8913789987564087 0.8033769726753235
vt 0.8913630247116089 0.693681001663208
vt 0.22639499604701996 0.988415002822876
vt 0.19162799417972565 0.9907220005989075
vt 0.1911109983921051 0.9588289856910706
vt 0.1911109983921051 0.9588289856910706
vt 0.22280099987983704 0.9567570090293884
vt 0.22639499604701996 0.988415002822876
vt 0.18844899535179138 0.902754008769989
vt 0.23771099746227264 0.9011690020561218
vt 0.23356899619102478 0.9265260100364685
vt 0.23356899619102478 0.9265260100364685
vt 0.18979400396347046 0.9276739954948425
vt 0.18844899535179138 0.902754008769989
vt 0.6003479957580566 0.3264029920101166
vt 0.6587769985198975 0.31426098942756653
vt 0.6852880120277405 0.3798539936542511
vt 0.6852880120277405 0.3798539936542511
vt 0.6152009963989258 0.40786299109458923
vt 0.6003479957580566 0.3264029920101166
vt 0.5663229823112488 0.4116710126399994
vt 0.5588520169258118 0.3284069895744324
vt 0.6003479957580566 0.3264029920101166
vt 0.6003479957580566 0.3264029920101166
vt 0.6152009963989258 0.40786299109458923
vt 0.5663229823112488 0.4116710126399994
vt 0.4653330147266388 0.4413360059261322
vt 0.4620400071144104 0.3845759928226471
vt 0.4826349914073944 0.4098460078239441
vt 0.4826349914073944 0.4098460078239441
vt 0.4999240040779114 0.4430350065231323
vt 0.4653330147266388 0.4413360059261322
vt 0.2677220106124878 0.33514800667762756
vt 0.2761150002479553 0.4322890043258667
vt 0.16487599909305573 0.43037599325180054
vt 0.16487599909305573 0.43037599325180054
vt 0.15694700181484222 0.33196499943733215
vt 0.2677220106124878 0.33514800667762756
vt 0.18590399622917175 0.8324819803237915
vt 0.18844899535179138 0.902754008769989
vt 0.1424430012702942 0.9041619896888733
vt 0.1424430012702942 0.9041619896888733
vt 0.12447299808263779 0.8375779986381531
vt 0.18590399622917175 0.8324819803237915
vt 0.18590399622917175 0.8324819803237915
vt 0.2485859990119934 0.8346390128135681
vt 0.23771099746227264 0.9011690020561218
vt 0.23771099746227264 0.9011690020561218
vt 0.18844899535179138 0.902754008769989
vt 0.18590399622917175 0.8324819803237915
vt 0.2730160057544708 0.840300977230072
vt 0.29744699597358704 0.8459630012512207
vt 0.27578601241111755 0.903963029384613
vt 0.27578601241111755 0.903963029384613
vt 0.2567479908466339 0.9025660157203674
vt 0.2730160057544708 0.840300977230072
vt 0.31922799348831177 0.857213020324707
vt 0.3410100042819977 0.8684639930725098
vt 0.31132298707962036 0.923005998134613
vt 0.31132298707962036 0.923005998134613
vt 0.29355400800704956 0.9134839773178101
vt 0.31922799348831177 0.857213020324707
vt 0.37189099192619324 0.8948869705200195
vt 0.32802900671958923 0.948881983757019
vt 0.31132298707962036 0.923005998134613
vt 0.31132298707962036 0.923005998134613
vt 0.3410100042819977 0.8684639930725098
vt 0.37189099192619324 0.8948869705200195
vt 0.07529199868440628 0.9316200017929077
vt 0.056756000965833664 0.9603899717330933
vt 0.005698000080883503 0.9071660041809082
vt 0.005698000080883503 0.9071660041809082
vt 0.035314999520778656 0.87711501121521
vt 0.07529199868440628 0.9316200017929077
vt 0.07529199868440628 0.9316200017929077
vt 0.035314999520778656 0.87711501121521
vt 0.05453699827194214 0.8640850186347961
vt 0.05453699827194214 0.8640850186347961
vt 0.09081000089645386 0.9192020297050476
vt 0.07529199868440628 0.9316200017929077
vt 0.12447299808263779 0.8375779986381531
vt 0.1424430012702942 0.9041619896888733
vt 0.10632900148630142 0.9067839980125427
vt 0.10632900148630142 0.9067839980125427
vt 0.07375899702310562 0.8510540127754211
vt 0.12447299808263779 0.8375779986381531
vt 0.2818399965763092 0.9329820275306702
vt 0.2965709865093231 0.941332995891571
vt 0.2550320029258728 0.9514679908752441
vt 0.2550320029258728 0.9514679908752441
vt 0.2671090066432953 0.9246309995651245
vt 0.2818399965763092 0.9329820275306702
vt 0.18979400396347046 0.9276739954948425
vt 0.1911109983921051 0.9588289856910706
vt 0.1632480025291443 0.9583140015602112
vt 0.1632480025291443 0.9583140015602112
vt 0.15004000067710876 0.9281269907951355
vt 0.18979400396347046 0.9276739954948425
vt 0.16019199788570404 0.9907220005989075
vt 0.1632480025291443 0.9583140015602112
vt 0.1911109983921051 0.9588289856910706
vt 0.1911109983921051 0.9588289856910706
vt 0.19162799417972565 0.9907220005989075
vt 0.16019199788570404 0.9907220005989075
vt 0.25033900141716003 0.9255790114402771
vt 0.2671090066432953 0.9246309995651245
vt 0.2550320029258728 0.9514679908752441
vt 0.2550320029258728 0.9514679908752441
vt 0.23891699314117432 0.9541119933128357
vt 0.25033900141716003 0.9255790114402771
vt 0.2619760036468506 0.9825159907341003
vt 0.24418599903583527 0.9854649901390076
vt 0.23891699314117432 0.9541119933128357
vt 0.23891699314117432 0.9541119933128357
vt 0.2550320029258728 0.9514679908752441
vt 0.2619760036468506 0.9825159907341003
vt 0.2794730067253113 0.5219659805297852
vt 0.2761150002479553 0.4322890043258667
vt 0.4054250121116638 0.4379560053348541
vt 0.4054250121116638 0.4379560053348541
vt 0.4089930057525635 0.5224689841270447
vt 0.2794730067253113 0.5219659805297852
vt 0.2761150002479553 0.4322890043258667
vt 0.2677220106124878 0.33514800667762756
vt 0.4002000093460083 0.3449319899082184
vt 0.4002000093460083 0.3449319899082184
vt 0.4054250121116638 0.4379560053348541
vt 0.2761150002479553 0.4322890043258667
vt 0.27539700269699097 0.28616800904273987
vt 0.273591011762619 0.25446200370788574
vt 0.4028150141239166 0.2629860043525696
vt 0.4028150141239166 0.2629860043525696
vt 0.4049980044364929 0.29201799631118774
vt 0.27539700269699097 0.28616800904273987
vt 0.2744489908218384 0.21128100156784058
vt 0.40490400791168213 0.2090339958667755
vt 0.4038600027561188 0.23601000010967255
vt 0.4038600027561188 0.23601000010967255
vt 0.2740199863910675 0.23287099599838257
vt 0.2744489908218384 0.21128100156784058
vt 0.39961400628089905 0.032239001244306564
vt 0.4003100097179413 0.08448299765586853
vt 0.2556450068950653 0.07606499642133713
vt 0.2556450068950653 0.07606499642133713
vt 0.253383994102478 0.0287260003387928
vt 0.39961400628089905 0.032239001244306564
vt 0.41353198885917664 0.649167001247406
vt 0.4182850122451782 0.7017059922218323
vt 0.2847850024700165 0.7099199891090393
vt 0.2847850024700165 0.7099199891090393
vt 0.28166499733924866 0.6554110050201416
vt 0.41353198885917664 0.649167001247406
vt 0.4121040105819702 0.6218180060386658
vt 0.41353198885917664 0.649167001247406
vt 0.28166499733924866 0.6554110050201416
vt 0.28166499733924866 0.6554110050201416
vt 0.28070199489593506 0.6271669864654541
vt 0.4121040105819702 0.6218180060386658
vt 0.27960601449012756 0.5604439973831177
vt 0.2794730067253113 0.5219659805297852
vt 0.4089930057525635 0.5224689841270447
vt 0.4089930057525635 0.5224689841270447
vt 0.40983399748802185 0.5584700107574463
vt 0.27960601449012756 0.5604439973831177
vt 0.4054250121116638 0.4379560053348541
vt 0.4002000093460083 0.3449319899082184
vt 0.4620400071144104 0.3845759928226471
vt 0.4620400071144104 0.3845759928226471
vt 0.4653330147266388 0.4413360059261322
vt 0.4054250121116638 0.4379560053348541
vt 0.4049980044364929 0.29201799631118774
vt 0.4028150141239166 0.2629860043525696
vt 0.4633199870586395 0.26823100447654724
vt 0.4633199870586395 0.26823100447654724
vt 0.4654980003833771 0.29670000076293945
vt 0.4049980044364929 0.29201799631118774
vt 0.46587398648262024 0.2147749960422516
vt 0.4645969867706299 0.24150300025939941
vt 0.4038600027561188 0.23601000010967255
vt 0.4038600027561188 0.23601000010967255
vt 0.40490400791168213 0.2090339958667755
vt 0.46587398648262024 0.2147749960422516
vt 0.40822499990463257 0.15903499722480774
vt 0.46725600957870483 0.16587500274181366
vt 0.46587398648262024 0.2147749960422516
vt 0.46587398648262024 0.2147749960422516
vt 0.40490400791168213 0.2090339958667755
vt 0.40822499990463257 0.15903499722480774
vt 0.4737530052661896 0.6462339758872986
vt 0.4792320132255554 0.6975769996643066
vt 0.4182850122451782 0.7017059922218323
vt 0.4182850122451782 0.7017059922218323
vt 0.41353198885917664 0.649167001247406
vt 0.4737530052661896 0.6462339758872986
vt 0.47186800837516785 0.6192640066146851
vt 0.4737530052661896 0.6462339758872986
vt 0.41353198885917664 0.649167001247406
vt 0.41353198885917664 0.649167001247406
vt 0.4121040105819702 0.6218180060386658
vt 0.47186800837516785 0.6192640066146851
vt 0.40983399748802185 0.5584700107574463
vt 0.4089930057525635 0.5224689841270447
vt 0.468858003616333 0.5228300094604492
vt 0.468858003616333 0.5228300094604492
vt 0.4694199860095978 0.557561993598938
vt 0.40983399748802185 0.5584700107574463
vt 0.4089930057525635 0.5224689841270447
vt 0.4054250121116638 0.4379560053348541
vt 0.4653330147266388 0.4413360059261322
vt 0.4653330147266388 0.4413360059261322
vt 0.468858003616333 0.5228300094604492
vt 0.4089930057525635 0.5224689841270447
vt 0.5278409719467163 0.41521498560905457
vt 0.5262839794158936 0.33048099279403687
vt 0.5588520169258118 0.3284069895744324
vt 0.5588520169258118 0.3284069895744324
vt 0.5663229823112488 0.4116710126399994
vt 0.5278409719467163 0.41521498560905457
vt 0.5246760249137878 0.3024890124797821
vt 0.5230680108070374 0.2744959890842438
vt 0.5519070029258728 0.2741039991378784
vt 0.5519070029258728 0.2741039991378784
vt 0.5553799867630005 0.3012549877166748
vt 0.5246760249137878 0.3024890124797821
vt 0.5263869762420654 0.22065900266170502
vt 0.5517339706420898 0.2207610011100769
vt 0.5518209934234619 0.24743199348449707
vt 0.5518209934234619 0.24743199348449707
vt 0.524728000164032 0.2475779950618744
vt 0.5263869762420654 0.22065900266170502
vt 0.5266680121421814 0.17190499603748322
vt 0.5513619780540466 0.17342999577522278
vt 0.5517339706420898 0.2207610011100769
vt 0.5517339706420898 0.2207610011100769
vt 0.5263869762420654 0.22065900266170502
vt 0.5266680121421814 0.17190499603748322
vt 0.5953710079193115 0.6849660277366638
vt 0.5410320162773132 0.6922469735145569
vt 0.5336809754371643 0.6425909996032715
vt 0.5336809754371643 0.6425909996032715
vt 0.5852180123329163 0.6366050243377686
vt 0.5953710079193115 0.6849660277366638
vt 0.5806819796562195 0.6113240122795105
vt 0.5852180123329163 0.6366050243377686
vt 0.5336809754371643 0.6425909996032715
vt 0.5336809754371643 0.6425909996032715
vt 0.5310479998588562 0.6165900230407715
vt 0.5806819796562195 0.6113240122795105
vt 0.5508880019187927 0.536607027053833
vt 0.5738109946250916 0.5370219945907593
vt 0.5761460065841675 0.5860430002212524
vt 0.5761460065841675 0.5860430002212524
vt 0.5284140110015869 0.5905900001525879
vt 0.5508880019187927 0.536607027053833
vt 0.5278409719467163 0.41521498560905457
vt 0.5663229823112488 0.4116710126399994
vt 0.5727599859237671 0.4885619878768921
vt 0.5727599859237671 0.4885619878768921
vt 0.52885901927948 0.49316900968551636
vt 0.5278409719467163 0.41521498560905457
vt 0.46865999698638916 0.3566170036792755
vt 0.4071809947490692 0.3210510015487671
vt 0.4676760137081146 0.32516899704933167
vt 0.4875819981098175 0.38078799843788147
vt 0.5262839794158936 0.33048099279403687
vt 0.5278409719467163 0.41521498560905457
vt 0.5278409719467163 0.41521498560905457
vt 0.5022439956665039 0.41334399580955505
vt 0.4875819981098175 0.38078799843788147
vt 0.5112249851226807 0.45452600717544556
vt 0.5022439956665039 0.41334399580955505
vt 0.5278409719467163 0.41521498560905457
vt 0.5278409719467163 0.41521498560905457
vt 0.52885901927948 0.49316900968551636
vt 0.5112249851226807 0.45452600717544556
vt 0.5515649914741516 0.5056179761886597
vt 0.52885901927948 0.49316900968551636
vt 0.5727599859237671 0.4885619878768921
vt 0.5727599859237671 0.4885619878768921
vt 0.5744540095329285 0.5053420066833496
vt 0.5515649914741516 0.5056179761886597
vt 0.6037150025367737 0.4999690055847168
vt 0.5744540095329285 0.5053420066833496
vt 0.5727599859237671 0.4885619878768921
vt 0.5727599859237671 0.4885619878768921
vt 0.6280369758605957 0.48331499099731445
vt 0.6037150025367737 0.4999690055847168
vt 0.4875819981098175 0.38078799843788147
vt 0.46865999698638916 0.3566170036792755
vt 0.4676760137081146 0.32516899704933167
vt 0.4676760137081146 0.32516899704933167
vt 0.5262839794158936 0.33048099279403687
vt 0.4875819981098175 0.38078799843788147
vt 0.468858003616333 0.5228300094604492
vt 0.5116609930992126 0.4845620095729828
vt 0.5291190147399902 0.5236690044403076
vt 0.5508880019187927 0.536607027053833
vt 0.5284140110015869 0.5905900001525879
vt 0.5287669897079468 0.557129979133606
vt 0.5287669897079468 0.557129979133606
vt 0.5291190147399902 0.5236690044403076
vt 0.5508880019187927 0.536607027053833
vt 0.5761460065841675 0.5860430002212524
vt 0.5738109946250916 0.5370219945907593
vt 0.6038540005683899 0.5322840213775635
vt 0.6038540005683899 0.5322840213775635
vt 0.6362689733505249 0.5809419751167297
vt 0.5761460065841675 0.5860430002212524
vt 0.6852880120277405 0.3798539936542511
vt 0.9082850217819214 0.2840220034122467
vt 0.9279739856719971 0.33104100823402405
vt 0.9279739856719971 0.33104100823402405
vt 0.7134209871292114 0.4469969868659973
vt 0.6852880120277405 0.3798539936542511
vt 0.6587769985198975 0.31426098942756653
vt 0.8866519927978516 0.23731300234794617
vt 0.9082850217819214 0.2840220034122467
vt 0.9082850217819214 0.2840220034122467
vt 0.6852880120277405 0.3798539936542511
vt 0.6587769985198975 0.31426098942756653
vt 0.6483219861984253 0.29025301337242126
vt 0.6378669738769531 0.2662459909915924
vt 0.8725690245628357 0.2004079967737198
vt 0.8725690245628357 0.2004079967737198
vt 0.879610002040863 0.21886000037193298
vt 0.6483219861984253 0.29025301337242126
vt 0.6317629814147949 0.21664799749851227
vt 0.8620290160179138 0.16218499839305878
vt 0.8672990202903748 0.18129600584506989
vt 0.8672990202903748 0.18129600584506989
vt 0.634814977645874 0.24144700169563293
vt 0.6317629814147949 0.21664799749851227
vt 0.6260600090026855 0.17197300493717194
vt 0.8569849729537964 0.12772800028324127
vt 0.8620290160179138 0.16218499839305878
vt 0.8620290160179138 0.16218499839305878
vt 0.6317629814147949 0.21664799749851227
vt 0.6260600090026855 0.17197300493717194
vt 0.9763399958610535 0.5089020133018494
vt 0.9907730221748352 0.5397869944572449
vt 0.7709190249443054 0.6402360200881958
vt 0.7709190249443054 0.6402360200881958
vt 0.7545220255851746 0.5978590250015259
vt 0.9763399958610535 0.5089020133018494
vt 0.9763399958610535 0.5089020133018494
vt 0.7545220255851746 0.5978590250015259
vt 0.745913028717041 0.5753790140151978
vt 0.745913028717041 0.5753790140151978
vt 0.9700700044631958 0.49110400676727295
vt 0.9763399958610535 0.5089020133018494
vt 0.7242730259895325 0.4944159984588623
vt 0.9569479823112488 0.4346559941768646
vt 0.963798999786377 0.47330600023269653
vt 0.963798999786377 0.47330600023269653
vt 0.7373039722442627 0.5528990030288696
vt 0.7242730259895325 0.4944159984588623
vt 0.08838299661874771 0.2029539942741394
vt 0.08445800095796585 0.22432799637317657
vt 0.048757001757621765 0.20534199476242065
vt 0.048757001757621765 0.20534199476242065
vt 0.051493000239133835 0.18039900064468384
vt 0.08838299661874771 0.2029539942741394
vt 0.0719510018825531 0.2802630066871643
vt 0.043278999626636505 0.2977069914340973
vt 0.050609998404979706 0.26857998967170715
vt 0.050609998404979706 0.26857998967170715
vt 0.08053400367498398 0.24570199847221375
vt 0.0719510018825531 0.2802630066871643
vt 0.04980099946260452 0.43204501271247864
vt 0.06003899872303009 0.5220990180969238
vt 0.033459000289440155 0.5100119709968567
vt 0.033459000289440155 0.5100119709968567
vt 0.024640999734401703 0.4341450035572052
vt 0.04980099946260452 0.43204501271247864
vt 0.08257299661636353 0.12772800028324127
vt 0.08838299661874771 0.2029539942741394
vt 0.051493000239133835 0.18039900064468384
vt 0.051493000239133835 0.18039900064468384
vt 0.049557000398635864 0.13333800435066223
vt 0.08257299661636353 0.12772800028324127
vt 0.06003899872303009 0.5220990180969238
vt 0.06873799860477448 0.5623819828033447
vt 0.03972899913787842 0.5444869995117188
vt 0.03972899913787842 0.5444869995117188
vt 0.033459000289440155 0.5100119709968567
vt 0.06003899872303009 0.5220990180969238
vt 0.08466999977827072 0.6618260145187378
vt 0.04947600141167641 0.6701110005378723
vt 0.045708999037742615 0.645999014377594
vt 0.045708999037742615 0.645999014377594
vt 0.0810530036687851 0.6322460174560547
vt 0.08466999977827072 0.6618260145187378
vt 0.08664300292730331 0.7191579937934875
vt 0.05195299908518791 0.7169430255889893
vt 0.04947600141167641 0.6701110005378723
vt 0.04947600141167641 0.6701110005378723
vt 0.08466999977827072 0.6618260145187378
vt 0.08664300292730331 0.7191579937934875
vt 0.04980099946260452 0.43204501271247864
vt 0.024640999734401703 0.4341450035572052
vt 0.02082899957895279 0.3505840003490448
vt 0.02082899957895279 0.3505840003490448
vt 0.045722998678684235 0.33196499943733215
vt 0.04980099946260452 0.43204501271247864
vt 0.051493000239133835 0.18039900064468384
vt 0.048757001757621765 0.20534199476242065
vt 0.03250499814748764 0.20200400054454803
vt 0.03250499814748764 0.20200400054454803
vt 0.0346359983086586 0.17870299518108368
vt 0.051493000239133835 0.18039900064468384
vt 0.043278999626636505 0.2977069914340973
vt 0.02789199911057949 0.29446300864219666
vt 0.0344339981675148 0.2665089964866638
vt 0.0344339981675148 0.2665089964866638
vt 0.050609998404979706 0.26857998967170715
vt 0.043278999626636505 0.2977069914340973
vt 0.024640999734401703 0.4341450035572052
vt 0.033459000289440155 0.5100119709968567
vt 0.01849300041794777 0.5106920003890991
vt 0.01849300041794777 0.5106920003890991
vt 0.010192000307142735 0.4354110062122345
vt 0.024640999734401703 0.4341450035572052
vt 0.049557000398635864 0.13333800435066223
vt 0.051493000239133835 0.18039900064468384
vt 0.0346359983086586 0.17870299518108368
vt 0.0346359983086586 0.17870299518108368
vt 0.03311099857091904 0.13473999500274658
vt 0.049557000398635864 0.13333800435066223
vt 0.033459000289440155 0.5100119709968567
vt 0.03972899913787842 0.5444869995117188
vt 0.02377299964427948 0.5449280142784119
vt 0.02377299964427948 0.5449280142784119
vt 0.01849300041794777 0.5106920003890991
vt 0.033459000289440155 0.5100119709968567
vt 0.04947600141167641 0.6701110005378723
vt 0.03258100152015686 0.6731259822845459
vt 0.029229000210762024 0.6505069732666016
vt 0.029229000210762024 0.6505069732666016
vt 0.045708999037742615 0.645999014377594
vt 0.04947600141167641 0.6701110005378723
vt 0.05195299908518791 0.7169430255889893
vt 0.03496300056576729 0.7170199751853943
vt 0.03258100152015686 0.6731259822845459
vt 0.03258100152015686 0.6731259822845459
vt 0.04947600141167641 0.6701110005378723
vt 0.05195299908518791 0.7169430255889893
vt 0.024640999734401703 0.4341450035572052
vt 0.010192000307142735 0.4354110062122345
vt 0.005508000031113625 0.35516300797462463
vt 0.005508000031113625 0.35516300797462463
vt 0.02082899957895279 0.3505840003490448
vt 0.024640999734401703 0.4341450035572052
vt 0.27881699800491333 0.1350259929895401
vt 0.19090400636196136 0.16594800353050232
vt 0.1875779926776886 0.13124899566173553
vt 0.1875779926776886 0.13124899566173553
vt 0.269120991230011 0.11197599768638611
vt 0.27881699800491333 0.1350259929895401
vt 0.01939699985086918 0.11380500346422195
vt 0.015289999544620514 0.07265699654817581
vt 0.0862869992852211 0.07178600132465363
vt 0.0862869992852211 0.07178600132465363
vt 0.09514100104570389 0.1134909987449646
vt 0.01939699985086918 0.11380500346422195
vt 0.4003100097179413 0.08448299765586853
vt 0.27881699800491333 0.1350259929895401
vt 0.269120991230011 0.11197599768638611
vt 0.08838299661874771 0.2029539942741394
vt 0.1813250035047531 0.2091210037469864
vt 0.17920799553394318 0.22980999946594238
vt 0.17920799553394318 0.22980999946594238
vt 0.08445800095796585 0.22432799637317657
vt 0.08838299661874771 0.2029539942741394
vt 0.19090400636196136 0.16594800353050232
vt 0.1009569987654686 0.19457100331783295
vt 0.10442200303077698 0.1523910015821457
vt 0.10442200303077698 0.1523910015821457
vt 0.1875779926776886 0.13124899566173553
vt 0.19090400636196136 0.16594800353050232
vt 0.17836199700832367 0.03172200173139572
vt 0.1832139939069748 0.0795930027961731
vt 0.11010199785232544 0.09048400074243546
vt 0.11010199785232544 0.09048400074243546
vt 0.10442999750375748 0.040713999420404434
vt 0.17836199700832367 0.03172200173139572
vt 0.08664300292730331 0.7191579937934875
vt 0.08466999977827072 0.6618260145187378
vt 0.18293599784374237 0.6593980193138123
vt 0.18293599784374237 0.6593980193138123
vt 0.18615199625492096 0.7152789831161499
vt 0.08664300292730331 0.7191579937934875
vt 0.08466999977827072 0.6618260145187378
vt 0.0810530036687851 0.6322460174560547
vt 0.18109899759292603 0.6304979920387268
vt 0.18109899759292603 0.6304979920387268
vt 0.18293599784374237 0.6593980193138123
vt 0.08466999977827072 0.6618260145187378
vt 0.170196995139122 0.5227389931678772
vt 0.17472900450229645 0.5621690154075623
vt 0.06873799860477448 0.5623819828033447
vt 0.06873799860477448 0.5623819828033447
vt 0.06003899872303009 0.5220990180969238
vt 0.170196995139122 0.5227389931678772
vt 0.16487599909305573 0.43037599325180054
vt 0.170196995139122 0.5227389931678772
vt 0.06003899872303009 0.5220990180969238
vt 0.06003899872303009 0.5220990180969238
vt 0.04980099946260452 0.43204501271247864
vt 0.16487599909305573 0.43037599325180054
vt 0.15694700181484222 0.33196499943733215
vt 0.16487599909305573 0.43037599325180054
vt 0.04980099946260452 0.43204501271247864
vt 0.04980099946260452 0.43204501271247864
vt 0.045722998678684235 0.33196499943733215
vt 0.15694700181484222 0.33196499943733215
vt 0.08053400367498398 0.24570199847221375
vt 0.17709100246429443 0.25049901008605957
vt 0.17360299825668335 0.2835719883441925
vt 0.17360299825668335 0.2835719883441925
vt 0.0719510018825531 0.2802630066871643
vt 0.08053400367498398 0.24570199847221375
vt 0.015289999544620514 0.07265699654817581
vt 0.009655999951064587 0.01610800065100193
vt 0.05951099842786789 0.01594099961221218
vt 0.05951099842786789 0.01594099961221218
vt 0.0862869992852211 0.07178600132465363
vt 0.015289999544620514 0.07265699654817581
vt 0.1875779926776886 0.13124899566173553
vt 0.10442200303077698 0.1523910015821457
vt 0.11010199785232544 0.09048400074243546
vt 0.11010199785232544 0.09048400074243546
vt 0.1832139939069748 0.0795930027961731
vt 0.1875779926776886 0.13124899566173553
vt 0.1875779926776886 0.13124899566173553
vt 0.1832139939069748 0.0795930027961731
vt 0.2556450068950653 0.07606499642133713
vt 0.2556450068950653 0.07606499642133713
vt 0.269120991230011 0.11197599768638611
vt 0.1875779926776886 0.13124899566173553
vt 0.4003100097179413 0.08448299765586853
vt 0.269120991230011 0.11197599768638611
vt 0.2556450068950653 0.07606499642133713
vt 0.4974380135536194 0.8035069704055786
vt 0.5141990184783936 0.8569869995117188
vt 0.4816640019416809 0.8648459911346436
vt 0.4816640019416809 0.8648459911346436
vt 0.47237399220466614 0.8096969723701477
vt 0.4974380135536194 0.8035069704055786
vt 0.5213800072669983 0.7941020131111145
vt 0.5453259944915771 0.8449959754943848
vt 0.5141990184783936 0.8569869995117188
vt 0.5141990184783936 0.8569869995117188
vt 0.4974380135536194 0.8035069704055786
vt 0.5213800072669983 0.7941020131111145
vt 0.5437629818916321 0.7817000150680542
vt 0.5744529962539673 0.8290169835090637
vt 0.5453259944915771 0.8449959754943848
vt 0.5453259944915771 0.8449959754943848
vt 0.5213800072669983 0.7941020131111145
vt 0.5437629818916321 0.7817000150680542
vt 0.564624011516571 0.7664160132408142
vt 0.601161003112793 0.8093010187149048
vt 0.5744529962539673 0.8290169835090637
vt 0.5744529962539673 0.8290169835090637
vt 0.5437629818916321 0.7817000150680542
vt 0.564624011516571 0.7664160132408142
vt 0.5833370089530945 0.7485449910163879
vt 0.6249600052833557 0.7861260175704956
vt 0.601161003112793 0.8093010187149048
vt 0.601161003112793 0.8093010187149048
vt 0.564624011516571 0.7664160132408142
vt 0.5833370089530945 0.7485449910163879
vt 0.32741400599479675 0.7670760154724121
vt 0.2921139895915985 0.8107360005378723
vt 0.267179012298584 0.7876740097999573
vt 0.267179012298584 0.7876740097999573
vt 0.308351993560791 0.7489089965820312
vt 0.32741400599479675 0.7670760154724121
vt 0.34880900382995605 0.7823780179023743
vt 0.3195529878139496 0.8303099870681763
vt 0.2921139895915985 0.8107360005378723
vt 0.2921139895915985 0.8107360005378723
vt 0.32741400599479675 0.7670760154724121
vt 0.34880900382995605 0.7823780179023743
vt 0.37200498580932617 0.7946929931640625
vt 0.3495340049266815 0.8461019992828369
vt 0.3195529878139496 0.8303099870681763
vt 0.3195529878139496 0.8303099870681763
vt 0.34880900382995605 0.7823780179023743
vt 0.37200498580932617 0.7946929931640625
vt 0.3965190052986145 0.803862988948822
vt 0.3808610141277313 0.8579540252685547
vt 0.3495340049266815 0.8461019992828369
vt 0.3495340049266815 0.8461019992828369
vt 0.37200498580932617 0.7946929931640625
vt 0.3965190052986145 0.803862988948822
vt 0.4220539927482605 0.8094919919967651
vt 0.4138309955596924 0.8657619953155518
vt 0.3808610141277313 0.8579540252685547
vt 0.3808610141277313 0.8579540252685547
vt 0.3965190052986145 0.803862988948822
vt 0.4220539927482605 0.8094919919967651
vt 0.44701600074768066 0.8142160177230835
vt 0.44859498739242554 0.8682219982147217
vt 0.4138309955596924 0.8657619953155518
vt 0.4138309955596924 0.8657619953155518
vt 0.4220539927482605 0.8094919919967651
vt 0.44701600074768066 0.8142160177230835
vt 0.47237399220466614 0.8096969723701477
vt 0.4816640019416809 0.8648459911346436
vt 0.44859498739242554 0.8682219982147217
vt 0.44859498739242554 0.8682219982147217
vt 0.44701600074768066 0.8142160177230835
vt 0.47237399220466614 0.8096969723701477
vt 0.4912180006504059 0.7915279865264893
vt 0.47237399220466614 0.8096969723701477
vt 0.44791701436042786 0.7658860087394714
vt 0.4983780086040497 0.7665479779243469
vt 0.4912180006504059 0.7915279865264893
vt 0.44791701436042786 0.7658860087394714
vt 0.4918760061264038 0.7413390278816223
vt 0.4983780086040497 0.7665479779243469
vt 0.44791701436042786 0.7658860087394714
vt 0.47356900572776794 0.722698986530304
vt 0.4918760061264038 0.7413390278816223
vt 0.44791701436042786 0.7658860087394714
vt 0.4484109878540039 0.7157620191574097
vt 0.47356900572776794 0.722698986530304
vt 0.44791701436042786 0.7658860087394714
vt 0.4231649935245514 0.7223560214042664
vt 0.4484109878540039 0.7157620191574097
vt 0.44791701436042786 0.7658860087394714
vt 0.4045889973640442 0.7407310009002686
vt 0.4231649935245514 0.7223560214042664
vt 0.44791701436042786 0.7658860087394714
vt 0.39754998683929443 0.765995979309082
vt 0.4045889973640442 0.7407310009002686
vt 0.44791701436042786 0.7658860087394714
vt 0.40400800108909607 0.7912030220031738
vt 0.39754998683929443 0.765995979309082
vt 0.44791701436042786 0.7658860087394714
vt 0.4220539927482605 0.8094919919967651
vt 0.40400800108909607 0.7912030220031738
vt 0.44791701436042786 0.7658860087394714
vt 0.44701600074768066 0.8142160177230835
vt 0.4220539927482605 0.8094919919967651
vt 0.44791701436042786 0.7658860087394714
vt 0.47237399220466614 0.8096969723701477
vt 0.44701600074768066 0.8142160177230835
vt 0.44791701436042786 0.7658860087394714
vt 0.29355400800704956 0.9134839773178101
vt 0.2818399965763092 0.9329820275306702
vt 0.2671090066432953 0.9246309995651245
vt 0.2671090066432953 0.9246309995651245
vt 0.27578601241111755 0.903963029384613
vt 0.29355400800704956 0.9134839773178101
vt 0.29744699597358704 0.8459630012512207
vt 0.31922799348831177 0.857213020324707
vt 0.29355400800704956 0.9134839773178101
vt 0.29355400800704956 0.9134839773178101
vt 0.27578601241111755 0.903963029384613
vt 0.29744699597358704 0.8459630012512207
vt 0.634814977645874 0.24144700169563293
vt 0.8672990202903748 0.18129600584506989
vt 0.8725690245628357 0.2004079967737198
vt 0.8725690245628357 0.2004079967737198
vt 0.6378669738769531 0.2662459909915924
vt 0.634814977645874 0.24144700169563293
vt 0.5893319845199585 0.2726610004901886
vt 0.5867400169372559 0.24649100005626678
vt 0.634814977645874 0.24144700169563293
vt 0.634814977645874 0.24144700169563293
vt 0.6378669738769531 0.2662459909915924
vt 0.5893319845199585 0.2726610004901886
vt 0.5867400169372559 0.24649100005626678
vt 0.5893319845199585 0.2726610004901886
vt 0.5519070029258728 0.2741039991378784
vt 0.5519070029258728 0.2741039991378784
vt 0.5518209934234619 0.24743199348449707
vt 0.5867400169372559 0.24649100005626678
vt 0.524728000164032 0.2475779950618744
vt 0.5518209934234619 0.24743199348449707
vt 0.5519070029258728 0.2741039991378784
vt 0.5519070029258728 0.2741039991378784
vt 0.5230680108070374 0.2744959890842438
vt 0.524728000164032 0.2475779950618744
vt 0.524728000164032 0.2475779950618744
vt 0.5230680108070374 0.2744959890842438
vt 0.4633199870586395 0.26823100447654724
vt 0.4633199870586395 0.26823100447654724
vt 0.4645969867706299 0.24150300025939941
vt 0.524728000164032 0.2475779950618744
vt 0.4645969867706299 0.24150300025939941
vt 0.4633199870586395 0.26823100447654724
vt 0.4028150141239166 0.2629860043525696
vt 0.4028150141239166 0.2629860043525696
vt 0.4038600027561188 0.23601000010967255
vt 0.4645969867706299 0.24150300025939941
vt 0.4038600027561188 0.23601000010967255
vt 0.4028150141239166 0.2629860043525696
vt 0.273591011762619 0.25446200370788574
vt 0.273591011762619 0.25446200370788574
vt 0.2740199863910675 0.23287099599838257
vt 0.4038600027561188 0.23601000010967255
vt 0.17920799553394318 0.22980999946594238
vt 0.2740199863910675 0.23287099599838257
vt 0.273591011762619 0.25446200370788574
vt 0.273591011762619 0.25446200370788574
vt 0.17709100246429443 0.25049901008605957
vt 0.17920799553394318 0.22980999946594238
vt 0.08445800095796585 0.22432799637317657
vt 0.17920799553394318 0.22980999946594238
vt 0.17709100246429443 0.25049901008605957
vt 0.17709100246429443 0.25049901008605957
vt 0.08053400367498398 0.24570199847221375
vt 0.08445800095796585 0.22432799637317657
vt 0.08445800095796585 0.22432799637317657
vt 0.08053400367498398 0.24570199847221375
vt 0.04602000117301941 0.23028500378131866
vt 0.04602000117301941 0.23028500378131866
vt 0.048757001757621765 0.20534199476242065
vt 0.08445800095796585 0.22432799637317657
vt 0.048757001757621765 0.20534199476242065
vt 0.04602000117301941 0.23028500378131866
vt 0.030372999608516693 0.2253050059080124
vt 0.030372999608516693 0.2253050059080124
vt 0.03250499814748764 0.20200400054454803
vt 0.048757001757621765 0.20534199476242065
vt 0.9697989821434021 0.6625459790229797
vt 0.9697949886322021 0.6255220174789429
vt 0.9959390163421631 0.635828971862793
vt 0.9959390163421631 0.635828971862793
vt 0.995947003364563 0.6706460118293762
vt 0.9697989821434021 0.6625459790229797
vt 0.9698100090026855 0.803371012210846
vt 0.9698020219802856 0.6995700001716614
vt 0.9959549903869629 0.7054629921913147
vt 0.9959549903869629 0.7054629921913147
vt 0.9959530234336853 0.8033699989318848
vt 0.9698100090026855 0.803371012210846
vt 0.9698100090026855 0.803371012210846
vt 0.9959530234336853 0.8033699989318848
vt 0.9959650039672852 0.8932290077209473
vt 0.9959650039672852 0.8932290077209473
vt 0.9698150157928467 0.897570013999939
vt 0.9698100090026855 0.803371012210846
vt 0.9698150157928467 0.897570013999939
vt 0.9959650039672852 0.8932290077209473
vt 0.995959997177124 0.9339410066604614
vt 0.995959997177124 0.9339410066604614
vt 0.9698129892349243 0.9403110146522522
vt 0.9698150157928467 0.897570013999939
vt 0.045708999037742615 0.645999014377594
vt 0.029229000210762024 0.6505069732666016
vt 0.0258760005235672 0.6278889775276184
vt 0.0258760005235672 0.6278889775276184
vt 0.04194299876689911 0.6218870282173157
vt 0.045708999037742615 0.645999014377594
vt 0.0810530036687851 0.6322460174560547
vt 0.045708999037742615 0.645999014377594
vt 0.04194299876689911 0.6218870282173157
vt 0.04194299876689911 0.6218870282173157
vt 0.07743600010871887 0.6026660203933716
vt 0.0810530036687851 0.6322460174560547
vt 0.0810530036687851 0.6322460174560547
vt 0.07743600010871887 0.6026660203933716
vt 0.1792609989643097 0.6015980243682861
vt 0.1792609989643097 0.6015980243682861
vt 0.18109899759292603 0.6304979920387268
vt 0.0810530036687851 0.6322460174560547
vt 0.18109899759292603 0.6304979920387268
vt 0.1792609989643097 0.6015980243682861
vt 0.27973899245262146 0.5989230275154114
vt 0.27973899245262146 0.5989230275154114
vt 0.28070199489593506 0.6271669864654541
vt 0.18109899759292603 0.6304979920387268
vt 0.4106749892234802 0.5944700241088867
vt 0.4121040105819702 0.6218180060386658
vt 0.28070199489593506 0.6271669864654541
vt 0.28070199489593506 0.6271669864654541
vt 0.27973899245262146 0.5989230275154114
vt 0.4106749892234802 0.5944700241088867
vt 0.46998199820518494 0.5922949910163879
vt 0.47186800837516785 0.6192640066146851
vt 0.4121040105819702 0.6218180060386658
vt 0.4121040105819702 0.6218180060386658
vt 0.4106749892234802 0.5944700241088867
vt 0.46998199820518494 0.5922949910163879
vt 0.47186800837516785 0.6192640066146851
vt 0.46998199820518494 0.5922949910163879
vt 0.5284140110015869 0.5905900001525879
vt 0.5284140110015869 0.5905900001525879
vt 0.5310479998588562 0.6165900230407715
vt 0.47186800837516785 0.6192640066146851
vt 0.5761460065841675 0.5860430002212524
vt 0.5806819796562195 0.6113240122795105
vt 0.5310479998588562 0.6165900230407715
vt 0.5310479998588562 0.6165900230407715
vt 0.5284140110015869 0.5905900001525879
vt 0.5761460065841675 0.5860430002212524
vt 0.5806819796562195 0.6113240122795105
vt 0.5761460065841675 0.5860430002212524
vt 0.6362689733505249 0.5809419751167297
vt 0.6362689733505249 0.5809419751167297
vt 0.6435040235519409 0.6043440103530884
vt 0.5806819796562195 0.6113240122795105
vt 0.6435040235519409 0.6043440103530884
vt 0.6362689733505249 0.5809419751167297
vt 0.7373039722442627 0.5528990030288696
vt 0.7373039722442627 0.5528990030288696
vt 0.745913028717041 0.5753790140151978
vt 0.6435040235519409 0.6043440103530884
vt 0.9700700044631958 0.49110400676727295
vt 0.745913028717041 0.5753790140151978
vt 0.7373039722442627 0.5528990030288696
vt 0.7373039722442627 0.5528990030288696
vt 0.963798999786377 0.47330600023269653
vt 0.9700700044631958 0.49110400676727295
vt 0.09081000089645386 0.9192020297050476
vt 0.05453699827194214 0.8640850186347961
vt 0.07375899702310562 0.8510540127754211
vt 0.07375899702310562 0.8510540127754211
vt 0.10632900148630142 0.9067839980125427
vt 0.09081000089645386 0.9192020297050476
vt 0.09081000089645386 0.9192020297050476
vt 0.10632900148630142 0.9067839980125427
vt 0.11769399791955948 0.9283149838447571
vt 0.11769399791955948 0.9283149838447571
vt 0.10639200359582901 0.9387180209159851
vt 0.09081000089645386 0.9192020297050476
vt 0.11769399791955948 0.9283149838447571
vt 0.10632900148630142 0.9067839980125427
vt 0.09081000089645386 0.9192020297050476
vt 0.09081000089645386 0.9192020297050476
vt 0.10639200359582901 0.9387180209159851
vt 0.11769399791955948 0.9283149838447571
vt 0.07375899702310562 0.8510540127754211
vt 0.05453699827194214 0.8640850186347961
vt 0.09081000089645386 0.9192020297050476
vt 0.09081000089645386 0.9192020297050476
vt 0.10632900148630142 0.9067839980125427
vt 0.07375899702310562 0.8510540127754211
vt 0.7373039722442627 0.5528990030288696
vt 0.745913028717041 0.5753790140151978
vt 0.9700700044631958 0.49110400676727295
vt 0.9700700044631958 0.49110400676727295
vt 0.963798999786377 0.47330600023269653
vt 0.7373039722442627 0.5528990030288696
vt 0.6435040235519409 0.6043440103530884
vt 0.745913028717041 0.5753790140151978
vt 0.7373039722442627 0.5528990030288696
vt 0.7373039722442627 0.5528990030288696
vt 0.6362689733505249 0.5809419751167297
vt 0.6435040235519409 0.6043440103530884
vt 0.5806819796562195 0.6113240122795105
vt 0.6435040235519409 0.6043440103530884
vt 0.6362689733505249 0.5809419751167297
vt 0.6362689733505249 0.5809419751167297
vt 0.5761460065841675 0.5860430002212524
vt 0.5806819796562195 0.6113240122795105
vt 0.5761460065841675 0.5860430002212524
vt 0.5284140110015869 0.5905900001525879
vt 0.5310479998588562 0.6165900230407715
vt 0.5310479998588562 0.6165900230407715
vt 0.5806819796562195 0.6113240122795105
vt 0.5761460065841675 0.5860430002212524
vt 0.47186800837516785 0.6192640066146851
vt 0.5310479998588562 0.6165900230407715
vt 0.5284140110015869 0.5905900001525879
vt 0.5284140110015869 0.5905900001525879
vt 0.46998199820518494 0.5922949910163879
vt 0.47186800837516785 0.6192640066146851
vt 0.46998199820518494 0.5922949910163879
vt 0.4106749892234802 0.5944700241088867
vt 0.4121040105819702 0.6218180060386658
vt 0.4121040105819702 0.6218180060386658
vt 0.47186800837516785 0.6192640066146851
vt 0.46998199820518494 0.5922949910163879
vt 0.4106749892234802 0.5944700241088867
vt 0.27973899245262146 0.5989230275154114
vt 0.28070199489593506 0.6271669864654541
vt 0.28070199489593506 0.6271669864654541
vt 0.4121040105819702 0.6218180060386658
vt 0.4106749892234802 0.5944700241088867
vt 0.18109899759292603 0.6304979920387268
vt 0.28070199489593506 0.6271669864654541
vt 0.27973899245262146 0.5989230275154114
vt 0.27973899245262146 0.5989230275154114
vt 0.1792609989643097 0.6015980243682861
vt 0.18109899759292603 0.6304979920387268
vt 0.0810530036687851 0.6322460174560547
vt 0.18109899759292603 0.6304979920387268
vt 0.1792609989643097 0.6015980243682861
vt 0.1792609989643097 0.6015980243682861
vt 0.07743600010871887 0.6026660203933716
vt 0.0810530036687851 0.6322460174560547
vt 0.04194299876689911 0.6218870282173157
vt 0.045708999037742615 0.645999014377594
vt 0.0810530036687851 0.6322460174560547
vt 0.0810530036687851 0.6322460174560547
vt 0.07743600010871887 0.6026660203933716
vt 0.04194299876689911 0.6218870282173157
vt 0.0258760005235672 0.6278889775276184
vt 0.029229000210762024 0.6505069732666016
vt 0.045708999037742615 0.645999014377594
vt 0.045708999037742615 0.645999014377594
vt 0.04194299876689911 0.6218870282173157
vt 0.0258760005235672 0.6278889775276184
vt 0.8124359846115112 0.897570013999939
vt 0.8124390244483948 0.9403110146522522
vt 0.7862920165061951 0.9339410066604614
vt 0.7862920165061951 0.9339410066604614
vt 0.7862859964370728 0.8932290077209473
vt 0.8124359846115112 0.897570013999939
vt 0.8124409914016724 0.803371012210846
vt 0.8124359846115112 0.897570013999939
vt 0.7862859964370728 0.8932290077209473
vt 0.7862859964370728 0.8932290077209473
vt 0.7862989902496338 0.8033699989318848
vt 0.8124409914016724 0.803371012210846
vt 0.8124409914016724 0.803371012210846
vt 0.7862989902496338 0.8033699989318848
vt 0.786296010017395 0.7054629921913147
vt 0.786296010017395 0.7054629921913147
vt 0.8124499917030334 0.6995700001716614
vt 0.8124409914016724 0.803371012210846
vt 0.8124529719352722 0.6625459790229797
vt 0.7863039970397949 0.6706460118293762
vt 0.786312997341156 0.635828971862793
vt 0.786312997341156 0.635828971862793
vt 0.8124560117721558 0.6255220174789429
vt 0.8124529719352722 0.6625459790229797
vt 0.048757001757621765 0.20534199476242065
vt 0.03250499814748764 0.20200400054454803
vt 0.030372999608516693 0.2253050059080124
vt 0.030372999608516693 0.2253050059080124
vt 0.04602000117301941 0.23028500378131866
vt 0.048757001757621765 0.20534199476242065
vt 0.08445800095796585 0.22432799637317657
vt 0.048757001757621765 0.20534199476242065
vt 0.04602000117301941 0.23028500378131866
vt 0.04602000117301941 0.23028500378131866
vt 0.08053400367498398 0.24570199847221375
vt 0.08445800095796585 0.22432799637317657
vt 0.08445800095796585 0.22432799637317657
vt 0.08053400367498398 0.24570199847221375
vt 0.17709100246429443 0.25049901008605957
vt 0.17709100246429443 0.25049901008605957
vt 0.17920799553394318 0.22980999946594238
vt 0.08445800095796585 0.22432799637317657
vt 0.17920799553394318 0.22980999946594238
vt 0.17709100246429443 0.25049901008605957
vt 0.273591011762619 0.25446200370788574
vt 0.273591011762619 0.25446200370788574
vt 0.2740199863910675 0.23287099599838257
vt 0.17920799553394318 0.22980999946594238
vt 0.2740199863910675 0.23287099599838257
vt 0.273591011762619 0.25446200370788574
vt 0.4028150141239166 0.2629860043525696
vt 0.4028150141239166 0.2629860043525696
vt 0.4038600027561188 0.23601000010967255
vt 0.2740199863910675 0.23287099599838257
vt 0.4645969867706299 0.24150300025939941
vt 0.4038600027561188 0.23601000010967255
vt 0.4028150141239166 0.2629860043525696
vt 0.4028150141239166 0.2629860043525696
vt 0.4633199870586395 0.26823100447654724
vt 0.4645969867706299 0.24150300025939941
vt 0.524728000164032 0.2475779950618744
vt 0.4645969867706299 0.24150300025939941
vt 0.4633199870586395 0.26823100447654724
vt 0.4633199870586395 0.26823100447654724
vt 0.5230680108070374 0.2744959890842438
vt 0.524728000164032 0.2475779950618744
vt 0.524728000164032 0.2475779950618744
vt 0.5230680108070374 0.2744959890842438
vt 0.5519070029258728 0.2741039991378784
vt 0.5519070029258728 0.2741039991378784
vt 0.5518209934234619 0.24743199348449707
vt 0.524728000164032 0.2475779950618744
vt 0.5867400169372559 0.24649100005626678
vt 0.5518209934234619 0.24743199348449707
vt 0.5519070029258728 0.2741039991378784
vt 0.5519070029258728 0.2741039991378784
vt 0.5893319845199585 0.2726610004901886
vt 0.5867400169372559 0.24649100005626678
vt 0.5893319845199585 0.2726610004901886
vt 0.6378669738769531 0.2662459909915924
vt 0.634814977645874 0.24144700169563293
vt 0.634814977645874 0.24144700169563293
vt 0.5867400169372559 0.24649100005626678
vt 0.5893319845199585 0.2726610004901886
vt 0.8725690245628357 0.2004079967737198
vt 0.8672990202903748 0.18129600584506989
vt 0.634814977645874 0.24144700169563293
vt 0.634814977645874 0.24144700169563293
vt 0.6378669738769531 0.2662459909915924
vt 0.8725690245628357 0.2004079967737198
vt 0.29744699597358704 0.8459630012512207
vt 0.27578601241111755 0.903963029384613
vt 0.29355400800704956 0.9134839773178101
vt 0.29355400800704956 0.9134839773178101
vt 0.31922799348831177 0.857213020324707
vt 0.29744699597358704 0.8459630012512207
vt 0.2671090066432953 0.9246309995651245
vt 0.2818399965763092 0.9329820275306702
vt 0.29355400800704956 0.9134839773178101
vt 0.29355400800704956 0.9134839773178101
vt 0.27578601241111755 0.903963029384613
vt 0.2671090066432953 0.9246309995651245
vt 0.46998199820518494 0.5922949910163879
vt 0.4694199860095978 0.557561993598938
vt 0.5287669897079468 0.557129979133606
vt 0.5287669897079468 0.557129979133606
vt 0.5284140110015869 0.5905900001525879
vt 0.46998199820518494 0.5922949910163879
vt 0.4106749892234802 0.5944700241088867
vt 0.40983399748802185 0.5584700107574463
vt 0.4694199860095978 0.557561993598938
vt 0.4694199860095978 0.557561993598938
vt 0.46998199820518494 0.5922949910163879
vt 0.4106749892234802 0.5944700241088867
vt 0.27973899245262146 0.5989230275154114
vt 0.27960601449012756 0.5604439973831177
vt 0.40983399748802185 0.5584700107574463
vt 0.40983399748802185 0.5584700107574463
vt 0.4106749892234802 0.5944700241088867
vt 0.27973899245262146 0.5989230275154114
vt 0.27960601449012756 0.5604439973831177
vt 0.27973899245262146 0.5989230275154114
vt 0.1792609989643097 0.6015980243682861
vt 0.1792609989643097 0.6015980243682861
vt 0.17472900450229645 0.5621690154075623
vt 0.27960601449012756 0.5604439973831177
vt 0.17472900450229645 0.5621690154075623
vt 0.1792609989643097 0.6015980243682861
vt 0.07743600010871887 0.6026660203933716
vt 0.07743600010871887 0.6026660203933716
vt 0.06873799860477448 0.5623819828033447
vt 0.17472900450229645 0.5621690154075623
vt 0.06873799860477448 0.5623819828033447
vt 0.07743600010871887 0.6026660203933716
vt 0.04600000008940697 0.5789620280265808
vt 0.04600000008940697 0.5789620280265808
vt 0.03972899913787842 0.5444869995117188
vt 0.06873799860477448 0.5623819828033447
vt 0.03972899913787842 0.5444869995117188
vt 0.04600000008940697 0.5789620280265808
vt 0.029052000492811203 0.5791640281677246
vt 0.029052000492811203 0.5791640281677246
vt 0.02377299964427948 0.5449280142784119
vt 0.03972899913787842 0.5444869995117188
vt 0.9698129892349243 0.9403110146522522
vt 0.995959997177124 0.9339410066604614
vt 0.9959539771080017 0.9746519923210144
vt 0.9959539771080017 0.9746519923210144
vt 0.9698100090026855 0.9830510020256042
vt 0.9698129892349243 0.9403110146522522
vt 0.9436659812927246 0.946681022644043
vt 0.9698129892349243 0.9403110146522522
vt 0.9698100090026855 0.9830510020256042
vt 0.9698100090026855 0.9830510020256042
vt 0.9436669945716858 0.9914500117301941
vt 0.9436659812927246 0.946681022644043
vt 0.8913679718971252 0.9494950175285339
vt 0.9436659812927246 0.946681022644043
vt 0.9436669945716858 0.9914500117301941
vt 0.9436669945716858 0.9914500117301941
vt 0.8913540244102478 0.9970809817314148
vt 0.8913679718971252 0.9494950175285339
vt 0.8385840058326721 0.9914500117301941
vt 0.8385850191116333 0.946681022644043
vt 0.8908830285072327 0.9494950175285339
vt 0.8908830285072327 0.9494950175285339
vt 0.8908969759941101 0.9970809817314148
vt 0.8385840058326721 0.9914500117301941
vt 0.8124409914016724 0.9830510020256042
vt 0.8124390244483948 0.9403110146522522
vt 0.8385850191116333 0.946681022644043
vt 0.8385850191116333 0.946681022644043
vt 0.8385840058326721 0.9914500117301941
vt 0.8124409914016724 0.9830510020256042
vt 0.8124390244483948 0.9403110146522522
vt 0.8124409914016724 0.9830510020256042
vt 0.7862970232963562 0.9746519923210144
vt 0.7862970232963562 0.9746519923210144
vt 0.7862920165061951 0.9339410066604614
vt 0.8124390244483948 0.9403110146522522
vt 0.03972899913787842 0.5444869995117188
vt 0.02377299964427948 0.5449280142784119
vt 0.029052000492811203 0.5791640281677246
vt 0.029052000492811203 0.5791640281677246
vt 0.04600000008940697 0.5789620280265808
vt 0.03972899913787842 0.5444869995117188
vt 0.06873799860477448 0.5623819828033447
vt 0.03972899913787842 0.5444869995117188
vt 0.04600000008940697 0.5789620280265808
vt 0.04600000008940697 0.5789620280265808
vt 0.07743600010871887 0.6026660203933716
vt 0.06873799860477448 0.5623819828033447
vt 0.17472900450229645 0.5621690154075623
vt 0.06873799860477448 0.5623819828033447
vt 0.07743600010871887 0.6026660203933716
vt 0.07743600010871887 0.6026660203933716
vt 0.1792609989643097 0.6015980243682861
vt 0.17472900450229645 0.5621690154075623
vt 0.27960601449012756 0.5604439973831177
vt 0.17472900450229645 0.5621690154075623
vt 0.1792609989643097 0.6015980243682861
vt 0.1792609989643097 0.6015980243682861
vt 0.27973899245262146 0.5989230275154114
vt 0.27960601449012756 0.5604439973831177
vt 0.27973899245262146 0.5989230275154114
vt 0.4106749892234802 0.5944700241088867
vt 0.40983399748802185 0.5584700107574463
vt 0.40983399748802185 0.5584700107574463
vt 0.27960601449012756 0.5604439973831177
vt 0.27973899245262146 0.5989230275154114
vt 0.4106749892234802 0.5944700241088867
vt 0.46998199820518494 0.5922949910163879
vt 0.4694199860095978 0.557561993598938
vt 0.4694199860095978 0.557561993598938
vt 0.40983399748802185 0.5584700107574463
vt 0.4106749892234802 0.5944700241088867
vt 0.46998199820518494 0.5922949910163879
vt 0.5284140110015869 0.5905900001525879
vt 0.5287669897079468 0.557129979133606
vt 0.5287669897079468 0.557129979133606
vt 0.4694199860095978 0.557561993598938
vt 0.46998199820518494 0.5922949910163879
vt 0.06336899846792221 0.3148239850997925
vt 0.03594699874520302 0.3268339931964874
vt 0.043278999626636505 0.2977069914340973
vt 0.043278999626636505 0.2977069914340973
vt 0.0719510018825531 0.2802630066871643
vt 0.06336899846792221 0.3148239850997925
vt 0.043278999626636505 0.2977069914340973
vt 0.03594699874520302 0.3268339931964874
vt 0.02135000005364418 0.3224160075187683
vt 0.02135000005364418 0.3224160075187683
vt 0.02789199911057949 0.29446300864219666
vt 0.043278999626636505 0.2977069914340973
vt 0.9698020219802856 0.6995700001716614
vt 0.9697989821434021 0.6625459790229797
vt 0.995947003364563 0.6706460118293762
vt 0.995947003364563 0.6706460118293762
vt 0.9959549903869629 0.7054629921913147
vt 0.9698020219802856 0.6995700001716614
vt 0.9436479806900024 0.6936759948730469
vt 0.9436500072479248 0.6544449925422668
vt 0.9697989821434021 0.6625459790229797
vt 0.9697989821434021 0.6625459790229797
vt 0.9698020219802856 0.6995700001716614
vt 0.9436479806900024 0.6936759948730469
vt 0.8913630247116089 0.693681001663208
vt 0.8913580179214478 0.6520259976387024
vt 0.9436500072479248 0.6544449925422668
vt 0.9436500072479248 0.6544449925422668
vt 0.9436479806900024 0.6936759948730469
vt 0.8913630247116089 0.693681001663208
vt 0.8908889889717102 0.693681001663208
vt 0.8386030197143555 0.6936759948730469
vt 0.8386009931564331 0.6544449925422668
vt 0.8386009931564331 0.6544449925422668
vt 0.8908929824829102 0.6520259976387024
vt 0.8908889889717102 0.693681001663208
vt 0.8386030197143555 0.6936759948730469
vt 0.8124499917030334 0.6995700001716614
vt 0.8124529719352722 0.6625459790229797
vt 0.8124529719352722 0.6625459790229797
vt 0.8386009931564331 0.6544449925422668
vt 0.8386030197143555 0.6936759948730469
vt 0.7863039970397949 0.6706460118293762
vt 0.8124529719352722 0.6625459790229797
vt 0.8124499917030334 0.6995700001716614
vt 0.8124499917030334 0.6995700001716614
vt 0.786296010017395 0.7054629921913147
vt 0.7863039970397949 0.6706460118293762
vt 0.02789199911057949 0.29446300864219666
vt 0.02135000005364418 0.3224160075187683
vt 0.03594699874520302 0.3268339931964874
vt 0.03594699874520302 0.3268339931964874
vt 0.043278999626636505 0.2977069914340973
vt 0.02789199911057949 0.29446300864219666
vt 0.043278999626636505 0.2977069914340973
vt 0.03594699874520302 0.3268339931964874
vt 0.06336899846792221 0.3148239850997925
vt 0.06336899846792221 0.3148239850997925
vt 0.0719510018825531 0.2802630066871643
vt 0.043278999626636505 0.2977069914340973
vt 0.0719510018825531 0.2802630066871643
vt 0.06336899846792221 0.3148239850997925
vt 0.17011499404907227 0.31664401292800903
vt 0.17011499404907227 0.31664401292800903
vt 0.17360299825668335 0.2835719883441925
vt 0.0719510018825531 0.2802630066871643
vt 0.2772029936313629 0.317874014377594
vt 0.27539700269699097 0.28616800904273987
vt 0.17360299825668335 0.2835719883441925
vt 0.17360299825668335 0.2835719883441925
vt 0.17011499404907227 0.31664401292800903
vt 0.2772029936313629 0.317874014377594
vt 0.2772029936313629 0.317874014377594
vt 0.4071809947490692 0.3210510015487671
vt 0.4049980044364929 0.29201799631118774
vt 0.4049980044364929 0.29201799631118774
vt 0.27539700269699097 0.28616800904273987
vt 0.2772029936313629 0.317874014377594
vt 0.4071809947490692 0.3210510015487671
vt 0.4676760137081146 0.32516899704933167
vt 0.4654980003833771 0.29670000076293945
vt 0.4654980003833771 0.29670000076293945
vt 0.4049980044364929 0.29201799631118774
vt 0.4071809947490692 0.3210510015487671
vt 0.4676760137081146 0.32516899704933167
vt 0.5262839794158936 0.33048099279403687
vt 0.5246760249137878 0.3024890124797821
vt 0.5246760249137878 0.3024890124797821
vt 0.4654980003833771 0.29670000076293945
vt 0.4676760137081146 0.32516899704933167
vt 0.5262839794158936 0.33048099279403687
vt 0.5588520169258118 0.3284069895744324
vt 0.5553799867630005 0.3012549877166748
vt 0.5553799867630005 0.3012549877166748
vt 0.5246760249137878 0.3024890124797821
vt 0.5262839794158936 0.33048099279403687
vt 0.5588520169258118 0.3284069895744324
vt 0.6003479957580566 0.3264029920101166
vt 0.5948399901390076 0.2995319962501526
vt 0.5948399901390076 0.2995319962501526
vt 0.5553799867630005 0.3012549877166748
vt 0.5588520169258118 0.3284069895744324
vt 0.6003479957580566 0.3264029920101166
vt 0.6587769985198975 0.31426098942756653
vt 0.6483219861984253 0.29025301337242126
vt 0.6483219861984253 0.29025301337242126
vt 0.5948399901390076 0.2995319962501526
vt 0.6003479957580566 0.3264029920101166
vt 0.6587769985198975 0.31426098942756653
vt 0.8866519927978516 0.23731300234794617
vt 0.879610002040863 0.21886000037193298
vt 0.879610002040863 0.21886000037193298
vt 0.6483219861984253 0.29025301337242126
vt 0.6587769985198975 0.31426098942756653
vt 0.2485859990119934 0.8346390128135681
vt 0.23771099746227264 0.9011690020561218
vt 0.2567479908466339 0.9025660157203674
vt 0.2567479908466339 0.9025660157203674
vt 0.2730160057544708 0.840300977230072
vt 0.2485859990119934 0.8346390128135681
vt 0.23771099746227264 0.9011690020561218
vt 0.23356899619102478 0.9265260100364685
vt 0.25033900141716003 0.9255790114402771
vt 0.25033900141716003 0.9255790114402771
vt 0.2567479908466339 0.9025660157203674
vt 0.23771099746227264 0.9011690020561218
vt 0.23356899619102478 0.9265260100364685
vt 0.22280099987983704 0.9567570090293884
vt 0.23891699314117432 0.9541119933128357
vt 0.23891699314117432 0.9541119933128357
vt 0.25033900141716003 0.9255790114402771
vt 0.23356899619102478 0.9265260100364685
vt 0.23891699314117432 0.9541119933128357
vt 0.22280099987983704 0.9567570090293884
vt 0.22639499604701996 0.988415002822876
vt 0.22639499604701996 0.988415002822876
vt 0.24418599903583527 0.9854649901390076
vt 0.23891699314117432 0.9541119933128357
vt 0.24418599903583527 0.9854649901390076
vt 0.22639499604701996 0.988415002822876
vt 0.22280099987983704 0.9567570090293884
vt 0.22280099987983704 0.9567570090293884
vt 0.23891699314117432 0.9541119933128357
vt 0.24418599903583527 0.9854649901390076
vt 0.23356899619102478 0.9265260100364685
vt 0.25033900141716003 0.9255790114402771
vt 0.23891699314117432 0.9541119933128357
vt 0.23891699314117432 0.9541119933128357
vt 0.22280099987983704 0.9567570090293884
vt 0.23356899619102478 0.9265260100364685
vt 0.23771099746227264 0.9011690020561218
vt 0.2567479908466339 0.9025660157203674
vt 0.25033900141716003 0.9255790114402771
vt 0.25033900141716003 0.9255790114402771
vt 0.23356899619102478 0.9265260100364685
vt 0.23771099746227264 0.9011690020561218
vt 0.2485859990119934 0.8346390128135681
vt 0.2730160057544708 0.840300977230072
vt 0.2567479908466339 0.9025660157203674
vt 0.2567479908466339 0.9025660157203674
vt 0.23771099746227264 0.9011690020561218
vt 0.2485859990119934 0.8346390128135681
vt 0.6587769985198975 0.31426098942756653
vt 0.6483219861984253 0.29025301337242126
vt 0.879610002040863 0.21886000037193298
vt 0.879610002040863 0.21886000037193298
vt 0.8866519927978516 0.23731300234794617
vt 0.6587769985198975 0.31426098942756653
vt 0.6003479957580566 0.3264029920101166
vt 0.5948399901390076 0.2995319962501526
vt 0.6483219861984253 0.29025301337242126
vt 0.6483219861984253 0.29025301337242126
vt 0.6587769985198975 0.31426098942756653
vt 0.6003479957580566 0.3264029920101166
vt 0.5588520169258118 0.3284069895744324
vt 0.5553799867630005 0.3012549877166748
vt 0.5948399901390076 0.2995319962501526
vt 0.5948399901390076 0.2995319962501526
vt 0.6003479957580566 0.3264029920101166
vt 0.5588520169258118 0.3284069895744324
vt 0.5262839794158936 0.33048099279403687
vt 0.5246760249137878 0.3024890124797821
vt 0.5553799867630005 0.3012549877166748
vt 0.5553799867630005 0.3012549877166748
vt 0.5588520169258118 0.3284069895744324
vt 0.5262839794158936 0.33048099279403687
vt 0.4676760137081146 0.32516899704933167
vt 0.4654980003833771 0.29670000076293945
vt 0.5246760249137878 0.3024890124797821
vt 0.5246760249137878 0.3024890124797821
vt 0.5262839794158936 0.33048099279403687
vt 0.4676760137081146 0.32516899704933167
vt 0.4071809947490692 0.3210510015487671
vt 0.4049980044364929 0.29201799631118774
vt 0.4654980003833771 0.29670000076293945
vt 0.4654980003833771 0.29670000076293945
vt 0.4676760137081146 0.32516899704933167
vt 0.4071809947490692 0.3210510015487671
vt 0.2772029936313629 0.317874014377594
vt 0.27539700269699097 0.28616800904273987
vt 0.4049980044364929 0.29201799631118774
vt 0.4049980044364929 0.29201799631118774
vt 0.4071809947490692 0.3210510015487671
vt 0.2772029936313629 0.317874014377594
vt 0.17360299825668335 0.2835719883441925
vt 0.27539700269699097 0.28616800904273987
vt 0.2772029936313629 0.317874014377594
vt 0.2772029936313629 0.317874014377594
vt 0.17011499404907227 0.31664401292800903
vt 0.17360299825668335 0.2835719883441925
vt 0.0719510018825531 0.2802630066871643
vt 0.17360299825668335 0.2835719883441925
vt 0.17011499404907227 0.31664401292800903
vt 0.17011499404907227 0.31664401292800903
vt 0.06336899846792221 0.3148239850997925
vt 0.0719510018825531 0.2802630066871643

f 1/1/1 2/2/2 3/3/3
f 4/4/4 5/5/5 6/6/6
f 7/7/7 8/8/8 9/9/9
f 10/10/10 11/11/11 12/12/12
f 13/13/13 14/14/14 15/15/15
f 16/16/16 17/17/17 18/18/18
f 19/19/19 20/20/20 21/21/21
f 22/22/22 23/23/23 24/24/24
f 25/25/25 26/26/26 27/27/27
f 28/28/28 29/29/29 30/30/30
f 31/31/31 32/32/32 33/33/33
f 34/34/34 35/35/35 36/36/36
f 37/37/37 38/38/38 39/39/39
f 40/40/40 41/41/41 42/42/42
f 43/43/43 44/44/44 45/45/45
f 46/46/46 47/47/47 48/48/48
f 49/49/49 50/50/50 51/51/51
f 52/52/52 53/53/53 54/54/54
f 55/55/55 56/56/56 57/57/57
f 58/58/58 59/59/59 60/60/60
f 61/61/61 62/62/62 63/63/63
f 64/64/64 65/65/65 66/66/66
f 67/67/67 68/68/68 69/69/69
f 70/70/70 71/71/71 72/72/72
f 73/73/73 74/74/74 75/75/75
f 76/76/76 77/77/77 78/78/78
f 79/79/79 80/80/80 81/81/81
f 82/82/82 83/83/83 84/84/84
f 85/85/85 86/86/86 87/87/87
f 88/88/88 89/89/89 90/90/90
f 91/91/91 92/92/92 93/93/93
f 94/94/94 95/95/95 96/96/96
f 97/97/97 98/98/98 99/99/99
f 100/100/100 101/101/101 102/102/102
f 103/103/103 104/104/104 105/105/105
f 106/106/106 107/107/107 108/108/108
f 109/109/109 110/110/110 111/111/111
f 112/112/112 113/113/113 114/114/114
f 115/115/115 116/116/116 117/117/117
f 118/118/118 119/119/119 120/120/120
f 121/121/121 122/122/122 123/123/123
f 124/124/124 125/125/125 126/126/126
f 127/127/127 128/128/128 129/129/129
f 130/130/130 131/131/131 132/132/132
f 133/133/133 134/134/134 135/135/135
f 136/136/136 137/137/137 138/138/138
f 139/139/139 140/140/140 141/141/141
f 142/142/142 143/143/143 144/144/144
f 145/145/145 146/146/146 147/147/147
f 148/148/148 149/149/149 150/150/150
f 151/151/151 152/152/152 153/153/153
f 154/154/154 155/155/155 156/156/156
f 157/157/157 158/158/158 159/159/159
f 160/160/160 161/161/161 162/162/162
f 163/163/163 164/164/164 165/165/165
f 166/166/166 167/167/167 168/168/168
f 169/169/169 170/170/170 171/171/171
f 172/172/172 173/173/173 174/174/174
f 175/175/175 176/176/176 177/177/177
f 178/178/178 179/179/179 180/180/180
f 181/181/181 182/182/182 183/183/183
f 184/184/184 185/185/185 186/186/186
f 187/187/187 188/188/188 189/189/189
f 190/190/190 191/191/191 192/192/192
f 193/193/193 194/194/194 195/195/195
f 196/196/196 197/197/197 198/198/198
f 199/199/199 200/200/200 201/201/201
f 202/202/202 203/203/203 204/204/204
f 205/205/205 206/206/206 207/207/207
f 208/208/208 209/209/209 210/210/210
f 211/211/211 212/212/212 213/213/213
f 214/214/214 215/215/215 216/216/216
f 217/217/217 218/218/218 219/219/219
f 220/220/220 221/221/221 222/222/222
f 223/223/223 224/224/224 225/225/225
f 226/226/226 227/227/227 228/228/228
f 229/229/229 230/230/230 231/231/231
f 232/232/232 233/233/233 234/234/234
f 235/235/235 236/236/236 237/237/237
f 238/238/238 239/239/239 240/240/240
f 241/241/241 242/242/242 243/243/243
f 244/244/244 245/245/245 246/246/246
f 247/247/247 248/248/248 249/249/249
f 250/250/250 251/251/251 252/252/252
f 253/253/253 254/254/254 255/255/255
f 256/256/256 257/257/257 258/258/258
f 259/259/259 260/260/260 261/261/261
f 262/262/262 263/263/263 264/264/264
f 265/265/265 266/266/266 267/267/267
f 268/268/268 269/269/269 270/270/270
f 271/271/271 272/272/272 273/273/273
f 274/274/274 275/275/275 276/276/276
f 277/277/277 278/278/278 279/279/279
f 280/280/280 281/281/281 282/282/282
f 283/283/283 284/284/284 285/285/285
f 286/286/286 287/287/287 288/288/288
f 289/289/289 290/290/290 291/291/291
f 292/292/292 293/293/293 294/294/294
f 295/295/295 296/296/296 297/297/297
f 298/298/298 299/299/299 300/300/300
f 301/301/301 302/302/302 303/303/303
f 304/304/304 305/305/305 306/306/306
f 307/307/307 308/308/308 309/309/309
f 310/310/310 311/311/311 312/312/312
f 313/313/313 314/314/314 315/315/315
f 316/316/316 317/317/317 318/318/318
f 319/319/319 320/320/320 321/321/321
f 322/322/322 323/323/323 324/324/324
f 325/325/325 326/326/326 327/327/327
f 328/328/328 329/329/329 330/330/330
f 331/331/331 332/332/332 333/333/333
f 334/334/334 335/335/335 336/336/336
f 337/337/337 338/338/338 339/339/339
f 340/340/340 341/341/341 342/342/342
f 343/343/343 344/344/344 345/345/345
f 346/346/346 347/347/347 348/348/348
f 349/349/349 350/350/350 351/351/351
f 352/352/352 353/353/353 354/354/354
f 355/355/355 356/356/356 357/357/357
f 358/358/358 359/359/359 360/360/360
f 361/361/361 362/362/362 363/363/363
f 364/364/364 365/365/365 366/366/366
f 367/367/367 368/368/368 369/369/369
f 370/370/370 371/371/371 372/372/372
f 373/373/373 374/374/374 375/375/375
f 376/376/376 377/377/377 378/378/378
f 379/379/379 380/380/380 381/381/381
f 382/382/382 383/383/383 384/384/384
f 385/385/385 386/386/386 387/387/387
f 388/388/388 389/389/389 390/390/390
f 391/391/391 392/392/392 393/393/393
f 394/394/394 395/395/395 396/396/396
f 397/397/397 398/398/398 399/399/399
f 400/400/400 401/401/401 402/402/402
f 403/403/403 404/404/404 405/405/405
f 406/406/406 407/407/407 408/408/408
f 409/409/409 410/410/410 411/411/411
f 412/412/412 413/413/413 414/414/414
f 415/415/415 416/416/416 417/417/417
f 418/418/418 419/419/419 420/420/420
f 421/421/421 422/422/422 423/423/423
f 424/424/424 425/425/425 426/426/426
f 427/427/427 428/428/428 429/429/429
f 430/430/430 431/431/431 432/432/432
f 433/433/433 434/434/434 435/435/435
f 436/436/436 437/437/437 438/438/438
f 439/439/439 440/440/440 441/441/441
f 442/442/442 443/443/443 444/444/444
f 445/445/445 446/446/446 447/447/447
f 448/448/448 449/449/449 450/450/450
f 451/451/451 452/452/452 453/453/453
f 454/454/454 455/455/455 456/456/456
f 457/457/457 458/458/458 459/459/459
f 460/460/460 461/461/461 462/462/462
f 463/463/463 464/464/464 465/465/465
f 466/466/466 467/467/467 468/468/468
f 469/469/469 470/470/470 471/471/471
f 472/472/472 473/473/473 474/474/474
f 475/475/475 476/476/476 477/477/477
f 478/478/478 479/479/479 480/480/480
f 481/481/481 482/482/482 483/483/483
f 484/484/484 485/485/485 486/486/486
f 487/487/487 488/488/488 489/489/489
f 490/490/490 491/491/491 492/492/492
f 493/493/493 494/494/494 495/495/495
f 496/496/496 497/497/497 498/498/498
f 499/499/499 500/500/500 501/501/501
f 502/502/502 503/503/503 504/504/504
f 505/505/505 506/506/506 507/507/507
f 508/508/508 509/509/509 510/510/510
f 511/511/511 512/512/512 513/513/513
f 514/514/514 515/515/515 516/516/516
f 517/517/517 518/518/518 519/519/519
f 520/520/520 521/521/521 522/522/522
f 523/523/523 524/524/524 525/525/525
f 526/526/526 527/527/527 528/528/528
f 529/529/529 530/530/530 531/531/531
f 532/532/532 533/533/533 534/534/534
f 535/535/535 536/536/536 537/537/537
f 538/538/538 539/539/539 540/540/540
f 541/541/541 542/542/542 543/543/543
f 544/544/544 545/545/545 546/546/546
f 547/547/547 548/548/548 549/549/549
f 550/550/550 551/551/551 552/552/552
f 553/553/553 554/554/554 555/555/555
f 556/556/556 557/557/557 558/558/558
f 559/559/559 560/560/560 561/561/561
f 562/562/562 563/563/563 564/564/564
f 565/565/565 566/566/566 567/567/567
f 568/568/568 569/569/569 570/570/570
f 571/571/571 572/572/572 573/573/573
f 574/574/574 575/575/575 576/576/576
f 577/577/577 578/578/578 579/579/579
f 580/580/580 581/581/581 582/582/582
f 583/583/583 584/584/584 585/585/585
f 586/586/586 587/587/587 588/588/588
f 589/589/589 590/590/590 591/591/591
f 592/592/592 593/593/593 594/594/594
f 595/595/595 596/596/596 597/597/597
f 598/598/598 599/599/599 600/600/600
f 601/601/601 602/602/602 603/603/603
f 604/604/604 605/605/605 606/606/606
f 607/607/607 608/608/608 609/609/609
f 610/610/610 611/611/611 612/612/612
f 613/613/613 614/614/614 615/615/615
f 616/616/616 617/617/617 618/618/618
f 619/619/619 620/620/620 621/621/621
f 622/622/622 623/623/623 624/624/624
f 625/625/625 626/626/626 627/627/627
f 628/628/628 629/629/629 630/630/630
f 631/631/631 632/632/632 633/633/633
f 634/634/634 635/635/635 636/636/636
f 637/637/637 638/638/638 639/639/639
f 640/640/640 641/641/641 642/642/642
f 643/643/643 644/644/644 645/645/645
f 646/646/646 647/647/647 648/648/648
f 649/649/649 650/650/650 651/651/651
f 652/652/652 653/653/653 654/654/654
f 655/655/655 656/656/656 657/657/657
f 658/658/658 659/659/659 660/660/660
f 661/661/661 662/662/662 663/663/663
f 664/664/664 665/665/665 666/666/666
f 667/667/667 668/668/668 669/669/669
f 670/670/670 671/671/671 672/672/672
f 673/673/673 674/674/674 675/675/675
f 676/676/676 677/677/677 678/678/678
f 679/679/679 680/680/680 681/681/681
f 682/682/682 683/683/683 684/684/684
f 685/685/685 686/686/686 687/687/687
f 688/688/688 689/689/689 690/690/690
f 691/691/691 692/692/692 693/693/693
f 694/694/694 695/695/695 696/696/696
f 697/697/697 698/698/698 699/699/699
f 700/700/700 701/701/701 702/702/702
f 703/703/703 704/704/704 705/705/705
f 706/706/706 707/707/707 708/708/708
f 709/709/709 710/710/710 711/711/711
f 712/712/712 713/713/713 714/714/714
f 715/715/715 716/716/716 717/717/717
f 718/718/718 719/719/719 720/720/720
f 721/721/721 722/722/722 723/723/723
f 724/724/724 725/725/725 726/726/726
f 727/727/727 728/728/728 729/729/729
f 730/730/730 731/731/731 732/732/732
f 733/733/733 734/734/734 735/735/735
f 736/736/736 737/737/737 738/738/738
f 739/739/739 740/740/740 741/741/741
f 742/742/742 743/743/743 744/744/744
f 745/745/745 746/746/746 747/747/747
f 748/748/748 749/749/749 750/750/750
f 751/751/751 752/752/752 753/753/753
f 754/754/754 755/755/755 756/756/756
f 757/757/757 758/758/758 759/759/759
f 760/760/760 761/761/761 762/762/762
f 763/763/763 764/764/764 765/765/765
f 766/766/766 767/767/767 768/768/768
f 769/769/769 770/770/770 771/771/771
f 772/772/772 773/773/773 774/774/774
f 775/775/775 776/776/776 777/777/777
f 778/778/778 779/779/779 780/780/780
f 781/781/781 782/782/782 783/783/783
f 784/784/784 785/785/785 786/786/786
f 787/787/787 788/788/788 789/789/789
f 790/790/790 791/791/791 792/792/792
f 793/793/793 794/794/794 795/795/795
f 796/796/796 797/797/797 798/798/798
f 799/799/799 800/800/800 801/801/801
f 802/802/802 803/803/803 804/804/804
f 805/805/805 806/806/806 807/807/807
f 808/808/808 809/809/809 810/810/810
f 811/811/811 812/812/812 813/813/813
f 814/814/814 815/815/815 816/816/816
f 817/817/817 818/818/818 819/819/819
f 820/820/820 821/821/821 822/822/822
f 823/823/823 824/824/824 825/825/825
f 826/826/826 827/827/827 828/828/828
f 829/829/829 830/830/830 831/831/831
f 832/832/832 833/833/833 834/834/834
f 835/835/835 836/836/836 837/837/837
f 838/838/838 839/839/839 840/840/840
f 841/841/841 842/842/842 843/843/843
f 844/844/844 845/845/845 846/846/846
f 847/847/847 848/848/848 849/849/849
f 850/850/850 851/851/851 852/852/852
f 853/853/853 854/854/854 855/855/855
f 856/856/856 857/857/857 858/858/858
f 859/859/859 860/860/860 861/861/861
f 862/862/862 863/863/863 864/864/864
f 865/865/865 866/866/866 867/867/867
f 868/868/868 869/869/869 870/870/870
f 871/871/871 872/872/872 873/873/873
f 874/874/874 875/875/875 876/876/876
f 877/877/877 878/878/878 879/879/879
f 880/880/880 881/881/881 882/882/882
f 883/883/883 884/884/884 885/885/885
f 886/886/886 887/887/887 888/888/888
f 889/889/889 890/890/890 891/891/891
f 892/892/892 893/893/893 894/894/894
f 895/895/895 896/896/896 897/897/897
f 898/898/898 899/899/899 900/900/900
f 901/901/901 902/902/902 903/903/903
f 904/904/904 905/905/905 906/906/906
f 907/907/907 908/908/908 909/909/909
f 910/910/910 911/911/911 912/912/912
f 913/913/913 914/914/914 915/915/915
f 916/916/916 917/917/917 918/918/918
f 919/919/919 920/920/920 921/921/921
f 922/922/922 923/923/923 924/924/924
f 925/925/925 926/926/926 927/927/927
f 928/928/928 929/929/929 930/930/930
f 931/931/931 932/932/932 933/933/933
f 934/934/934 935/935/935 936/936/936
f 937/937/937 938/938/938 939/939/939
f 940/940/940 941/941/941 942/942/942
f 943/943/943 944/944/944 945/945/945
f 946/946/946 947/947/947 948/948/948
f 949/949/949 950/950/950 951/951/951
f 952/952/952 953/953/953 954/954/954
f 955/955/955 956/956/956 957/957/957
f 958/958/958 959/959/959 960/960/960
f 961/961/961 962/962/962 963/963/963
f 964/964/964 965/965/965 966/966/966
f 967/967/967 968/968/968 969/969/969
f 970/970/970 971/971/971 972/972/972
f 973/973/973 974/974/974 975/975/975
f 976/976/976 977/977/977 978/978/978
f 979/979/979 980/980/980 981/981/981
f 982/982/982 983/983/983 984/984/984
f 985/985/985 986/986/986 987/987/987
f 988/988/988 989/989/989 990/990/990
f 991/991/991 992/992/992 993/993/993
f 994/994/994 995/995/995 996/996/996
f 997/997/997 998/998/998 999/999/999
f 1000/1000/1000 1001/1001/1001 1002/1002/1002
f 1003/1003/1003 1004/1004/1004 1005/1005/1005
f 1006/1006/1006 1007/1007/1007 1008/1008/1008
f 1009/1009/1009 1010/1010/1010 1011/1011/1011
f 1012/1012/1012 1013/1013/1013 1014/1014/1014
f 1015/1015/1015 1016/1016/1016 1017/1017/1017
f 1018/1018/1018 1019/1019/1019 1020/1020/1020
f 1021/1021/1021 1022/1022/1022 1023/1023/1023
f 1024/1024/1024 1025/1025/1025 1026/1026/1026
f 1027/1027/1027 1028/1028/1028 1029/1029/1029
f 1030/1030/1030 1031/1031/1031 1032/1032/1032
f 1033/1033/1033 1034/1034/1034 1035/1035/1035
f 1036/1036/1036 1037/1037/1037 1038/1038/1038
f 1039/1039/1039 1040/1040/1040 1041/1041/1041
f 1042/1042/1042 1043/1043/1043 1044/1044/1044
f 1045/1045/1045 1046/1046/1046 1047/1047/1047
f 1048/1048/1048 1049/1049/1049 1050/1050/1050
f 1051/1051/1051 1052/1052/1052 1053/1053/1053
f 1054/1054/1054 1055/1055/1055 1056/1056/1056
f 1057/1057/1057 1058/1058/1058 1059/1059/1059
f 1060/1060/1060 1061/1061/1061 1062/1062/1062
f 1063/1063/1063 1064/1064/1064 1065/1065/1065
f 1066/1066/1066 1067/1067/1067 1068/1068/1068
f 1069/1069/1069 1070/1070/1070 1071/1071/1071
f 1072/1072/1072 1073/1073/1073 1074/1074/1074
f 1075/1075/1075 1076/1076/1076 1077/1077/1077
f 1078/1078/1078 1079/1079/1079 1080/1080/1080
f 1081/1081/1081 1082/1082/1082 1083/1083/1083
f 1084/1084/1084 1085/1085/1085 1086/1086/1086
f 1087/1087/1087 1088/1088/1088 1089/1089/1089
f 1090/1090/1090 1091/1091/1091 1092/1092/1092
f 1093/1093/1093 1094/1094/1094 1095/1095/1095
f 1096/1096/1096 1097/1097/1097 1098/1098/1098
f 1099/1099/1099 1100/1100/1100 1101/1101/1101
f 1102/1102/1102 1103/1103/1103 1104/1104/1104
f 1105/1105/1105 1106/1106/1106 1107/1107/1107
f 1108/1108/1108 1109/1109/1109 1110/1110/1110
f 1111/1111/1111 1112/1112/1112 1113/1113/1113
f 1114/1114/1114 1115/1115/1115 1116/1116/1116
f 1117/1117/1117 1118/1118/1118 1119/1119/1119
f 1120/1120/1120 1121/1121/1121 1122/1122/1122
f 1123/1123/1123 1124/1124/1124 1125/1125/1125
f 1126/1126/1126 1127/1127/1127 1128/1128/1128
f 1129/1129/1129 1130/1130/1130 1131/1131/1131
f 1132/1132/1132 1133/1133/1133 1134/1134/1134
f 1135/1135/1135 1136/1136/1136 1137/1137/1137
f 1138/1138/1138 1139/1139/1139 1140/1140/1140
f 1141/1141/1141 1142/1142/1142 1143/1143/1143
f 1144/1144/1144 1145/1145/1145 1146/1146/1146
f 1147/1147/1147 1148/1148/1148 1149/1149/1149
f 1150/1150/1150 1151/1151/1151 1152/1152/1152
f 1153/1153/1153 1154/1154/1154 1155/1155/1155
f 1156/1156/1156 1157/1157/1157 1158/1158/1158
f 1159/1159/1159 1160/1160/1160 1161/1161/1161
f 1162/1162/1162 1163/1163/1163 1164/1164/1164
f 1165/1165/1165 1166/1166/1166 1167/1167/1167
f 1168/1168/1168 1169/1169/1169 1170/1170/1170
f 1171/1171/1171 1172/1172/1172 1173/1173/1173
f 1174/1174/1174 1175/1175/1175 1176/1176/1176
f 1177/1177/1177 1178/1178/1178 1179/1179/1179
f 1180/1180/1180 1181/1181/1181 1182/1182/1182
f 1183/1183/1183 1184/1184/1184 1185/1185/1185
f 1186/1186/1186 1187/1187/1187 1188/1188/1188
f 1189/1189/1189 1190/1190/1190 1191/1191/1191
f 1192/1192/1192 1193/1193/1193 1194/1194/1194
f 1195/1195/1195 1196/1196/1196 1197/1197/1197
f 1198/1198/1198 1199/1199/1199 1200/1200/1200
f 1201/1201/1201 1202/1202/1202 1203/1203/1203
f 1204/1204/1204 1205/1205/1205 1206/1206/1206
f 1207/1207/1207 1208/1208/1208 1209/1209/1209
f 1210/1210/1210 1211/1211/1211 1212/1212/1212
f 1213/1213/1213 1214/1214/1214 1215/1215/1215
f 1216/1216/1216 1217/1217/1217 1218/1218/1218
f 1219/1219/1219 1220/1220/1220 1221/1221/1221
f 1222/1222/1222 1223/1223/1223 1224/1224/1224
f 1225/1225/1225 1226/1226/1226 1227/1227/1227
f 1228/1228/1228 1229/1229/1229 1230/1230/1230
f 1231/1231/1231 1232/1232/1232 1233/1233/1233
f 1234/1234/1234 1235/1235/1235 1236/1236/1236
f 1237/1237/1237 1238/1238/1238 1239/1239/1239
f 1240/1240/1240 1241/1241/1241 1242/1242/1242
f 1243/1243/1243 1244/1244/1244 1245/1245/1245
f 1246/1246/1246 1247/1247/1247 1248/1248/1248
f 1249/1249/1249 1250/1250/1250 1251/1251/1251
f 1252/1252/1252 1253/1253/1253 1254/1254/1254
f 1255/1255/1255 1256/1256/1256 1257/1257/1257
f 1258/1258/1258 1259/1259/1259 1260/1260/1260
f 1261/1261/1261 1262/1262/1262 1263/1263/1263
f 1264/1264/1264 1265/1265/1265 1266/1266/1266
f 1267/1267/1267 1268/1268/1268 1269/1269/1269
f 1270/1270/1270 1271/1271/1271 1272/1272/1272
f 1273/1273/1273 1274/1274/1274 1275/1275/1275
f 1276/1276/1276 1277/1277/1277 1278/1278/1278
f 1279/1279/1279 1280/1280/1280 1281/1281/1281
f 1282/1282/1282 1283/1283/1283 1284/1284/1284
f 1285/1285/1285 1286/1286/1286 1287/1287/1287
f 1288/1288/1288 1289/1289/1289 1290/1290/1290
f 1291/1291/1291 1292/1292/1292 1293/1293/1293
f 1294/1294/1294 1295/1295/1295 1296/1296/1296
f 1297/1297/1297 1298/1298/1298 1299/1299/1299
f 1300/1300/1300 1301/1301/1301 1302/1302/1302
f 1303/1303/1303 1304/1304/1304 1305/1305/1305
f 1306/1306/1306 1307/1307/1307 1308/1308/1308
f 1309/1309/1309 1310/1310/1310 1311/1311/1311
f 1312/1312/1312 1313/1313/1313 1314/1314/1314
f 1315/1315/1315 1316/1316/1316 1317/1317/1317
f 1318/1318/1318 1319/1319/1319 1320/1320/1320
f 1321/1321/1321 1322/1322/1322 1323/1323/1323
f 1324/1324/1324 1325/1325/1325 1326/1326/1326
f 1327/1327/1327 1328/1328/1328 1329/1329/1329
f 1330/1330/1330 1331/1331/1331 1332/1332/1332
f 1333/1333/1333 1334/1334/1334 1335/1335/1335
f 1336/1336/1336 1337/1337/1337 1338/1338/1338
f 1339/1339/1339 1340/1340/1340 1341/1341/1341
f 1342/1342/1342 1343/1343/1343 1344/1344/1344
f 1345/1345/1345 1346/1346/1346 1347/1347/1347
f 1348/1348/1348 1349/1349/1349 1350/1350/1350
f 1351/1351/1351 1352/1352/1352 1353/1353/1353
f 1354/1354/1354 1355/1355/1355 1356/1356/1356
f 1357/1357/1357 1358/1358/1358 1359/1359/1359
f 1360/1360/1360 1361/1361/1361 1362/1362/1362
f 1363/1363/1363 1364/1364/1364 1365/1365/1365
f 1366/1366/1366 1367/1367/1367 1368/1368/1368
f 1369/1369/1369 1370/1370/1370 1371/1371/1371
f 1372/1372/1372 1373/1373/1373 1374/1374/1374
f 1375/1375/1375 1376/1376/1376 1377/1377/1377
f 1378/1378/1378 1379/1379/1379 1380/1380/1380
f 1381/1381/1381 1382/1382/1382 1383/1383/1383
f 1384/1384/1384 1385/1385/1385 1386/1386/1386
f 1387/1387/1387 1388/1388/1388 1389/1389/1389
f 1390/1390/1390 1391/1391/1391 1392/1392/1392
f 1393/1393/1393 1394/1394/1394 1395/1395/1395
f 1396/1396/1396 1397/1397/1397 1398/1398/1398
f 1399/1399/1399 1400/1400/1400 1401/1401/1401
f 1402/1402/1402 1403/1403/1403 1404/1404/1404
f 1405/1405/1405 1406/1406/1406 1407/1407/1407
f 1408/1408/1408 1409/1409/1409 1410/1410/1410
f 1411/1411/1411 1412/1412/1412 1413/1413/1413
f 1414/1414/1414 1415/1415/1415 1416/1416/1416
f 1417/1417/1417 1418/1418/1418 1419/1419/1419
f 1420/1420/1420 1421/1421/1421 1422/1422/1422
f 1423/1423/1423 1424/1424/1424 1425/1425/1425
f 1426/1426/1426 1427/1427/1427 1428/1428/1428
f 1429/1429/1429 1430/1430/1430 1431/1431/1431
f 1432/1432/1432 1433/1433/1433 1434/1434/1434
f 1435/1435/1435 1436/1436/1436 1437/1437/1437
f 1438/1438/1438 1439/1439/1439 1440/1440/1440
f 1441/1441/1441 1442/1442/1442 1443/1443/1443
f 1444/1444/1444 1445/1445/1445 1446/1446/1446
f 1447/1447/1447 1448/1448/1448 1449/1449/1449
f 1450/1450/1450 1451/1451/1451 1452/1452/1452
f 1453/1453/1453 1454/1454/1454 1455/1455/1455
f 1456/1456/1456 1457/1457/1457 1458/1458/1458
f 1459/1459/1459 1460/1460/1460 1461/1461/1461
f 1462/1462/1462 1463/1463/1463 1464/1464/1464
f 1465/1465/1465 1466/1466/1466 1467/1467/1467
f 1468/1468/1468 1469/1469/1469 1470/1470/1470
f 1471/1471/1471 1472/1472/1472 1473/1473/1473
f 1474/1474/1474 1475/1475/1475 1476/1476/1476
f 1477/1477/1477 1478/1478/1478 1479/1479/1479
f 1480/1480/1480 1481/1481/1481 1482/1482/1482
f 1483/1483/1483 1484/1484/1484 1485/1485/1485
f 1486/1486/1486 1487/1487/1487 1488/1488/1488
f 1489/1489/1489 1490/1490/1490 1491/1491/1491
f 1492/1492/1492 1493/1493/1493 1494/1494/1494
f 1495/1495/1495 1496/1496/1496 1497/1497/1497
f 1498/1498/1498 1499/1499/1499 1500/1500/1500
f 1501/1501/1501 1502/1502/1502 1503/1503/1503
f 1504/1504/1504 1505/1505/1505 1506/1506/1506
f 1507/1507/1507 1508/1508/1508 1509/1509/1509
f 1510/1510/1510 1511/1511/1511 1512/1512/1512
f 1513/1513/1513 1514/1514/1514 1515/1515/1515
f 1516/1516/1516 1517/1517/1517 1518/1518/1518
f 1519/1519/1519 1520/1520/1520 1521/1521/1521
f 1522/1522/1522 1523/1523/1523 1524/1524/1524
f 1525/1525/1525 1526/1526/1526 1527/1527/1527
f 1528/1528/1528 1529/1529/1529 1530/1530/1530
f 1531/1531/1531 1532/1532/1532 1533/1533/1533
f 1534/1534/1534 1535/1535/1535 1536/1536/1536
f 1537/1537/1537 1538/1538/1538 1539/1539/1539
f 1540/1540/1540 1541/1541/1541 1542/1542/1542
f 1543/1543/1543 1544/1544/1544 1545/1545/1545
f 1546/1546/1546 1547/1547/1547 1548/1548/1548
f 1549/1549/1549 1550/1550/1550 1551/1551/1551
f 1552/1552/1552 1553/1553/1553 1554/1554/1554
f 1555/1555/1555 1556/1556/1556 1557/1557/1557
f 1558/1558/1558 1559/1559/1559 1560/1560/1560
f 1561/1561/1561 1562/1562/1562 1563/1563/1563
f 1564/1564/1564 1565/1565/1565 1566/1566/1566
f 1567/1567/1567 1568/1568/1568 1569/1569/1569
f 1570/1570/1570 1571/1571/1571 1572/1572/1572
f 1573/1573/1573 1574/1574/1574 1575/1575/1575
f 1576/1576/1576 1577/1577/1577 1578/1578/1578
f 1579/1579/1579 1580/1580/1580 1581/1581/1581
f 1582/1582/1582 1583/1583/1583 1584/1584/1584
f 1585/1585/1585 1586/1586/1586 1587/1587/1587
f 1588/1588/1588 1589/1589/1589 1590/1590/1590
f 1591/1591/1591 1592/1592/1592 1593/1593/1593
f 1594/1594/1594 1595/1595/1595 1596/1596/1596
f 1597/1597/1597 1598/1598/1598 1599/1599/1599
f 1600/1600/1600 1601/1601/1601 1602/1602/1602
f 1603/1603/1603 1604/1604/1604 1605/1605/1605
f 1606/1606/1606 1607/1607/1607 1608/1608/1608
f 1609/1609/1609 1610/1610/1610 1611/1611/1611
f 1612/1612/1612 1613/1613/1613 1614/1614/1614
f 1615/1615/1615 1616/1616/1616 1617/1617/1617
f 1618/1618/1618 1619/1619/1619 1620/1620/1620
f 1621/1621/1621 1622/1622/1622 1623/1623/1623
f 1624/1624/1624 1625/1625/1625 1626/1626/1626
f 1627/1627/1627 1628/1628/1628 1629/1629/1629
f 1630/1630/1630 1631/1631/1631 1632/1632/1632
f 1633/1633/1633 1634/1634/1634 1635/1635/1635
f 1636/1636/1636 1637/1637/1637 1638/1638/1638
f 1639/1639/1639 1640/1640/1640 1641/1641/1641
f 1642/1642/1642 1643/1643/1643 1644/1644/1644
f 1645/1645/1645 1646/1646/1646 1647/1647/1647
f 1648/1648/1648 1649/1649/1649 1650/1650/1650
f 1651/1651/1651 1652/1652/1652 1653/1653/1653
f 1654/1654/1654 1655/1655/1655 1656/1656/1656
f 1657/1657/1657 1658/1658/1658 1659/1659/1659
f 1660/1660/1660 1661/1661/1661 1662/1662/1662
f 1663/1663/1663 1664/1664/1664 1665/1665/1665
f 1666/1666/1666 1667/1667/1667 1668/1668/1668
f 1669/1669/1669 1670/1670/1670 1671/1671/1671
f 1672/1672/1672 1673/1673/1673 1674/1674/1674
f 1675/1675/1675 1676/1676/1676 1677/1677/1677
f 1678/1678/1678 1679/1679/1679 1680/1680/1680
f 1681/1681/1681 1682/1682/1682 1683/1683/1683
f 1684/1684/1684 1685/1685/1685 1686/1686/1686
f 1687/1687/1687 1688/1688/1688 1689/1689/1689
f 1690/1690/1690 1691/1691/1691 1692/1692/1692
f 1693/1693/1693 1694/1694/1694 1695/1695/1695
f 1696/1696/1696 1697/1697/1697 1698/1698/1698
f 1699/1699/1699 1700/1700/1700 1701/1701/1701
f 1702/1702/1702 1703/1703/1703 1704/1704/1704
f 1705/1705/1705 1706/1706/1706 1707/1707/1707
f 1708/1708/1708 1709/1709/1709 1710/1710/1710
f 1711/1711/1711 1712/1712/1712 1713/1713/1713
f 1714/1714/1714 1715/1715/1715 1716/1716/1716
f 1717/1717/1717 1718/1718/1718 1719/1719/1719
f 1720/1720/1720 1721/1721/1721 1722/1722/1722
f 1723/1723/1723 1724/1724/1724 1725/1725/1725
f 1726/1726/1726 1727/1727/1727 1728/1728/1728
f 1729/1729/1729 1730/1730/1730 1731/1731/1731
f 1732/1732/1732 1733/1733/1733 1734/1734/1734
f 1735/1735/1735 1736/1736/1736 1737/1737/1737
f 1738/1738/1738 1739/1739/1739 1740/1740/1740
f 1741/1741/1741 1742/1742/1742 1743/1743/1743
f 1744/1744/1744 1745/1745/1745 1746/1746/1746
f 1747/1747/1747 1748/1748/1748 1749/1749/1749
f 1750/1750/1750 1751/1751/1751 1752/1752/1752
f 1753/1753/1753 1754/1754/1754 1755/1755/1755
f 1756/1756/1756 1757/1757/1757 1758/1758/1758
f 1759/1759/1759 1760/1760/1760 1761/1761/1761
f 1762/1762/1762 1763/1763/1763 1764/1764/1764
f 1765/1765/1765 1766/1766/1766 1767/1767/1767
f 1768/1768/1768 1769/1769/1769 1770/1770/1770
f 1771/1771/1771 1772/1772/1772 1773/1773/1773
f 1774/1774/1774 1775/1775/1775 1776/1776/1776
f 1777/1777/1777 1778/1778/1778 1779/1779/1779
f 1780/1780/1780 1781/1781/1781 1782/1782/1782
f 1783/1783/1783 1784/1784/1784 1785/1785/1785
f 1786/1786/1786 1787/1787/1787 1788/1788/1788
f 1789/1789/1789 1790/1790/1790 1791/1791/1791
f 1792/1792/1792 1793/1793/1793 1794/1794/1794
f 1795/1795/1795 1796/1796/1796 1797/1797/1797
f 1798/1798/1798 1799/1799/1799 1800/1800/1800
f 1801/1801/1801 1802/1802/1802 1803/1803/1803
f 1804/1804/1804 1805/1805/1805 1806/1806/1806
f 1807/1807/1807 1808/1808/1808 1809/1809/1809
f 1810/1810/1810 1811/1811/1811 1812/1812/1812
f 1813/1813/1813 1814/1814/1814 1815/1815/1815
f 1816/1816/1816 1817/1817/1817 1818/1818/1818
f 1819/1819/1819 1820/1820/1820 1821/1821/1821
f 1822/1822/1822 1823/1823/1823 1824/1824/1824
f 1825/1825/1825 1826/1826/1826 1827/1827/1827
f 1828/1828/1828 1829/1829/1829 1830/1830/1830
f 1831/1831/1831 1832/1832/1832 1833/1833/1833
f 1834/1834/1834 1835/1835/1835 1836/1836/1836
f 1837/1837/1837 1838/1838/1838 1839/1839/1839
f 1840/1840/1840 1841/1841/1841 1842/1842/1842
f 1843/1843/1843 1844/1844/1844 1845/1845/1845
f 1846/1846/1846 1847/1847/1847 1848/1848/1848
f 1849/1849/1849 1850/1850/1850 1851/1851/1851
f 1852/1852/1852 1853/1853/1853 1854/1854/1854
f 1855/1855/1855 1856/1856/1856 1857/1857/1857
f 1858/1858/1858 1859/1859/1859 1860/1860/1860
f 1861/1861/1861 1862/1862/1862 1863/1863/1863
f 1864/1864/1864 1865/1865/1865 1866/1866/1866
f 1867/1867/1867 1868/1868/1868 1869/1869/1869
f 1870/1870/1870 1871/1871/1871 1872/1872/1872
f 1873/1873/1873 1874/1874/1874 1875/1875/1875
f 1876/1876/1876 1877/1877/1877 1878/1878/1878
f 1879/1879/1879 1880/1880/1880 1881/1881/1881
f 1882/1882/1882 1883/1883/1883 1884/1884/1884
f 1885/1885/1885 1886/1886/1886 1887/1887/1887
f 1888/1888/1888 1889/1889/1889 1890/1890/1890
f 1891/1891/1891 1892/1892/1892 1893/1893/1893
f 1894/1894/1894 1895/1895/1895 1896/1896/1896
f 1897/1897/1897 1898/1898/1898 1899/1899/1899
f 1900/1900/1900 1901/1901/1901 1902/1902/1902
f 1903/1903/1903 1904/1904/1904 1905/1905/1905
f 1906/1906/1906 1907/1907/1907 1908/1908/1908
f 1909/1909/1909 1910/1910/1910 1911/1911/1911
f 1912/1912/1912 1913/1913/1913 1914/1914/1914
f 1915/1915/1915 1916/1916/1916 1917/1917/1917
f 1918/1918/1918 1919/1919/1919 1920/1920/1920
f 1921/1921/1921 1922/1922/1922 1923/1923/1923
f 1924/1924/1924 1925/1925/1925 1926/1926/1926
f 1927/1927/1927 1928/1928/1928 1929/1929/1929
f 1930/1930/1930 1931/1931/1931 1932/1932/1932
f 1933/1933/1933 1934/1934/1934 1935/1935/1935
f 1936/1936/1936 1937/1937/1937 1938/1938/1938
f 1939/1939/1939 1940/1940/1940 1941/1941/1941
f 1942/1942/1942 1943/1943/1943 1944/1944/1944
f 1945/1945/1945 1946/1946/1946 1947/1947/1947
f 1948/1948/1948 1949/1949/1949 1950/1950/1950
f 1951/1951/1951 1952/1952/1952 1953/1953/1953
f 1954/1954/1954 1955/1955/1955 1956/1956/1956
f 1957/1957/1957 1958/1958/1958 1959/1959/1959
f 1960/1960/1960 1961/1961/1961 1962/1962/1962
f 1963/1963/1963 1964/1964/1964 1965/1965/1965
f 1966/1966/1966 1967/1967/1967 1968/1968/1968
f 1969/1969/1969 1970/1970/1970 1971/1971/1971
f 1972/1972/1972 1973/1973/1973 1974/1974/1974
f 1975/1975/1975 1976/1976/1976 1977/1977/1977
f 1978/1978/1978 1979/1979/1979 1980/1980/1980
f 1981/1981/1981 1982/1982/1982 1983/1983/1983
f 1984/1984/1984 1985/1985/1985 1986/1986/1986
f 1987/1987/1987 1988/1988/1988 1989/1989/1989
f 1990/1990/1990 1991/1991/1991 1992/1992/1992
f 1993/1993/1993 1994/1994/1994 1995/1995/1995
f 1996/1996/1996 1997/1997/1997 1998/1998/1998
f 1999/1999/1999 2000/2000/2000 2001/2001/2001
f 2002/2002/2002 2003/2003/2003 2004/2004/2004
f 2005/2005/2005 2006/2006/2006 2007/2007/2007
f 2008/2008/2008 2009/2009/2009 2010/2010/2010
f 2011/2011/2011 2012/2012/2012 2013/2013/2013
f 2014/2014/2014 2015/2015/2015 2016/2016/2016
f 2017/2017/2017 2018/2018/2018 2019/2019/2019
f 2020/2020/2020 2021/2021/2021 2022/2022/2022
f 2023/2023/2023 2024/2024/2024 2025/2025/2025
f 2026/2026/2026 2027/2027/2027 2028/2028/2028
f 2029/2029/2029 2030/2030/2030 2031/2031/2031
f 2032/2032/2032 2033/2033/2033 2034/2034/2034
f 2035/2035/2035 2036/2036/2036 2037/2037/2037
f 2038/2038/2038 2039/2039/2039 2040/2040/2040
f 2041/2041/2041 2042/2042/2042 2043/2043/2043
f 2044/2044/2044 2045/2045/2045 2046/2046/2046
f 2047/2047/2047 2048/2048/2048 2049/2049/2049
f 2050/2050/2050 2051/2051/2051 2052/2052/2052
f 2053/2053/2053 2054/2054/2054 2055/2055/2055
f 2056/2056/2056 2057/2057/2057 2058/2058/2058
f 2059/2059/2059 2060/2060/2060 2061/2061/2061
f 2062/2062/2062 2063/2063/2063 2064/2064/2064
f 2065/2065/2065 2066/2066/2066 2067/2067/2067
f 2068/2068/2068 2069/2069/2069 2070/2070/2070
f 2071/2071/2071 2072/2072/2072 2073/2073/2073
f 2074/2074/2074 2075/2075/2075 2076/2076/2076
f 2077/2077/2077 2078/2078/2078 2079/2079/2079
f 2080/2080/2080 2081/2081/2081 2082/2082/2082
f 2083/2083/2083 2084/2084/2084 2085/2085/2085
f 2086/2086/2086 2087/2087/2087 2088/2088/2088
f 2089/2089/2089 2090/2090/2090 2091/2091/2091
f 2092/2092/2092 2093/2093/2093 2094/2094/2094
f 2095/2095/2095 2096/2096/2096 2097/2097/2097
f 2098/2098/2098 2099/2099/2099 2100/2100/2100
f 2101/2101/2101 2102/2102/2102 2103/2103/2103
f 2104/2104/2104 2105/2105/2105 2106/2106/2106
f 2107/2107/2107 2108/2108/2108 2109/2109/2109
f 2110/2110/2110 2111/2111/2111 2112/2112/2112
f 2113/2113/2113 2114/2114/2114 2115/2115/2115
f 2116/2116/2116 2117/2117/2117 2118/2118/2118
f 2119/2119/2119 2120/2120/2120 2121/2121/2121
f 2122/2122/2122 2123/2123/2123 2124/2124/2124
f 2125/2125/2125 2126/2126/2126 2127/2127/2127
f 2128/2128/2128 2129/2129/2129 2130/2130/2130
f 2131/2131/2131 2132/2132/2132 2133/2133/2133
f 2134/2134/2134 2135/2135/2135 2136/2136/2136
f 2137/2137/2137 2138/2138/2138 2139/2139/2139
f 2140/2140/2140 2141/2141/2141 2142/2142/2142
f 2143/2143/2143 2144/2144/2144 2145/2145/2145
f 2146/2146/2146 2147/2147/2147 2148/2148/2148
f 2149/2149/2149 2150/2150/2150 2151/2151/2151
f 2152/2152/2152 2153/2153/2153 2154/2154/2154
f 2155/2155/2155 2156/2156/2156 2157/2157/2157
f 2158/2158/2158 2159/2159/2159 2160/2160/2160
f 2161/2161/2161 2162/2162/2162 2163/2163/2163
f 2164/2164/2164 2165/2165/2165 2166/2166/2166
f 2167/2167/2167 2168/2168/2168 2169/2169/2169
f 2170/2170/2170 2171/2171/2171 2172/2172/2172
f 2173/2173/2173 2174/2174/2174 2175/2175/2175
f 2176/2176/2176 2177/2177/2177 2178/2178/2178
f 2179/2179/2179 2180/2180/2180 2181/2181/2181
f 2182/2182/2182 2183/2183/2183 2184/2184/2184
f 2185/2185/2185 2186/2186/2186 2187/2187/2187
f 2188/2188/2188 2189/2189/2189 2190/2190/2190
f 2191/2191/2191 2192/2192/2192 2193/2193/2193
f 2194/2194/2194 2195/2195/2195 2196/2196/2196
f 2197/2197/2197 2198/2198/2198 2199/2199/2199
f 2200/2200/2200 2201/2201/2201 2202/2202/2202
f 2203/2203/2203 2204/2204/2204 2205/2205/2205
f 2206/2206/2206 2207/2207/2207 2208/2208/2208
f 2209/2209/2209 2210/2210/2210 2211/2211/2211
f 2212/2212/2212 2213/2213/2213 2214/2214/2214
f 2215/2215/2215 2216/2216/2216 2217/2217/2217
f 2218/2218/2218 2219/2219/2219 2220/2220/2220
f 2221/2221/2221 2222/2222/2222 2223/2223/2223
f 2224/2224/2224 2225/2225/2225 2226/2226/2226
f 2227/2227/2227 2228/2228/2228 2229/2229/2229
f 2230/2230/2230 2231/2231/2231 2232/2232/2232
f 2233/2233/2233 2234/2234/2234 2235/2235/2235
f 2236/2236/2236 2237/2237/2237 2238/2238/2238
f 2239/2239/2239 2240/2240/2240 2241/2241/2241
f 2242/2242/2242 2243/2243/2243 2244/2244/2244
f 2245/2245/2245 2246/2246/2246 2247/2247/2247
f 2248/2248/2248 2249/2249/2249 2250/2250/2250
f 2251/2251/2251 2252/2252/2252 2253/2253/2253
f 2254/2254/2254 2255/2255/2255 2256/2256/2256
f 2257/2257/2257 2258/2258/2258 2259/2259/2259
f 2260/2260/2260 2261/2261/2261 2262/2262/2262
f 2263/2263/2263 2264/2264/2264 2265/2265/2265
f 2266/2266/2266 2267/2267/2267 2268/2268/2268
f 2269/2269/2269 2270/2270/2270 2271/2271/2271
f 2272/2272/2272 2273/2273/2273 2274/2274/2274
f 2275/2275/2275 2276/2276/2276 2277/2277/2277
f 2278/2278/2278 2279/2279/2279 2280/2280/2280
f 2281/2281/2281 2282/2282/2282 2283/2283/2283
f 2284/2284/2284 2285/2285/2285 2286/2286/2286
f 2287/2287/2287 2288/2288/2288 2289/2289/2289
f 2290/2290/2290 2291/2291/2291 2292/2292/2292
f 2293/2293/2293 2294/2294/2294 2295/2295/2295
f 2296/2296/2296 2297/2297/2297 2298/2298/2298
f 2299/2299/2299 2300/2300/2300 2301/2301/2301
f 2302/2302/2302 2303/2303/2303 2304/2304/2304
f 2305/2305/2305 2306/2306/2306 2307/2307/2307
f 2308/2308/2308 2309/2309/2309 2310/2310/2310
f 2311/2311/2311 2312/2312/2312 2313/2313/2313
f 2314/2314/2314 2315/2315/2315 2316/2316/2316
f 2317/2317/2317 2318/2318/2318 2319/2319/2319
f 2320/2320/2320 2321/2321/2321 2322/2322/2322
f 2323/2323/2323 2324/2324/2324 2325/2325/2325
f 2326/2326/2326 2327/2327/2327 2328/2328/2328
f 2329/2329/2329 2330/2330/2330 2331/2331/2331
f 2332/2332/2332 2333/2333/2333 2334/2334/2334
f 2335/2335/2335 2336/2336/2336 2337/2337/2337
f 2338/2338/2338 2339/2339/2339 2340/2340/2340
f 2341/2341/2341 2342/2342/2342 2343/2343/2343
f 2344/2344/2344 2345/2345/2345 2346/2346/2346
f 2347/2347/2347 2348/2348/2348 2349/2349/2349
f 2350/2350/2350 2351/2351/2351 2352/2352/2352
f 2353/2353/2353 2354/2354/2354 2355/2355/2355
f 2356/2356/2356 2357/2357/2357 2358/2358/2358
f 2359/2359/2359 2360/2360/2360 2361/2361/2361
f 2362/2362/2362 2363/2363/2363 2364/2364/2364
f 2365/2365/2365 2366/2366/2366 2367/2367/2367
f 2368/2368/2368 2369/2369/2369 2370/2370/2370
f 2371/2371/2371 2372/2372/2372 2373/2373/2373
f 2374/2374/2374 2375/2375/2375 2376/2376/2376
f 2377/2377/2377 2378/2378/2378 2379/2379/2379
f 2380/2380/2380 2381/2381/2381 2382/2382/2382
f 2383/2383/2383 2384/2384/2384 2385/2385/2385
f 2386/2386/2386 2387/2387/2387 2388/2388/2388
f 2389/2389/2389 2390/2390/2390 2391/2391/2391
f 2392/2392/2392 2393/2393/2393 2394/2394/2394
f 2395/2395/2395 2396/2396/2396 2397/2397/2397
f 2398/2398/2398 2399/2399/2399 2400/2400/2400
f 2401/2401/2401 2402/2402/2402 2403/2403/2403
f 2404/2404/2404 2405/2405/2405 2406/2406/2406
f 2407/2407/2407 2408/2408/2408 2409/2409/2409
f 2410/2410/2410 2411/2411/2411 2412/2412/2412
f 2413/2413/2413 2414/2414/2414 2415/2415/2415
f 2416/2416/2416 2417/2417/2417 2418/2418/2418
f 2419/2419/2419 2420/2420/2420 2421/2421/2421
f 2422/2422/2422 2423/2423/2423 2424/2424/2424
f 2425/2425/2425 2426/2426/2426 2427/2427/2427
f 2428/2428/2428 2429/2429/2429 2430/2430/2430
f 2431/2431/2431 2432/2432/2432 2433/2433/2433
f 2434/2434/2434 2435/2435/2435 2436/2436/2436
f 2437/2437/2437 2438/2438/2438 2439/2439/2439
f 2440/2440/2440 2441/2441/2441 2442/2442/2442
f 2443/2443/2443 2444/2444/2444 2445/2445/2445
f 2446/2446/2446 2447/2447/2447 2448/2448/2448
f 2449/2449/2449 2450/2450/2450 2451/2451/2451
f 2452/2452/2452 2453/2453/2453 2454/2454/2454
f 2455/2455/2455 2456/2456/2456 2457/2457/2457
f 2458/2458/2458 2459/2459/2459 2460/2460/2460
f 2461/2461/2461 2462/2462/2462 2463/2463/2463
f 2464/2464/2464 2465/2465/2465 2466/2466/2466
f 2467/2467/2467 2468/2468/2468 2469/2469/2469
f 2470/2470/2470 2471/2471/2471 2472/2472/2472
f 2473/2473/2473 2474/2474/2474 2475/2475/2475
f 2476/2476/2476 2477/2477/2477 2478/2478/2478
f 2479/2479/2479 2480/2480/2480 2481/2481/2481
f 2482/2482/2482 2483/2483/2483 2484/2484/2484
f 2485/2485/2485 2486/2486/2486 2487/2487/2487
f 2488/2488/2488 2489/2489/2489 2490/2490/2490
f 2491/2491/2491 2492/2492/2492 2493/2493/2493
f 2494/2494/2494 2495/2495/2495 2496/2496/2496
f 2497/2497/2497 2498/2498/2498 2499/2499/2499
f 2500/2500/2500 2501/2501/2501 2502/2502/2502
f 2503/2503/2503 2504/2504/2504 2505/2505/2505
f 2506/2506/2506 2507/2507/2507 2508/2508/2508
f 2509/2509/2509 2510/2510/2510 2511/2511/2511
f 2512/2512/2512 2513/2513/2513 2514/2514/2514
f 2515/2515/2515 2516/2516/2516 2517/2517/2517
f 2518/2518/2518 2519/2519/2519 2520/2520/2520
f 2521/2521/2521 2522/2522/2522 2523/2523/2523
f 2524/2524/2524 2525/2525/2525 2526/2526/2526
f 2527/2527/2527 2528/2528/2528 2529/2529/2529
f 2530/2530/2530 2531/2531/2531 2532/2532/2532
f 2533/2533/2533 2534/2534/2534 2535/2535/2535
f 2536/2536/2536 2537/2537/2537 2538/2538/2538
f 2539/2539/2539 2540/2540/2540 2541/2541/2541
f 2542/2542/2542 2543/2543/2543 2544/2544/2544
f 2545/2545/2545 2546/2546/2546 2547/2547/2547
f 2548/2548/2548 2549/2549/2549 2550/2550/2550
f 2551/2551/2551 2552/2552/2552 2553/2553/2553
f 2554/2554/2554 2555/2555/2555 2556/2556/2556
f 2557/2557/2557 2558/2558/2558 2559/2559/2559
f 2560/2560/2560 2561/2561/2561 2562/2562/2562
f 2563/2563/2563 2564/2564/2564 2565/2565/2565
f 2566/2566/2566 2567/2567/2567 2568/2568/2568
f 2569/2569/2569 2570/2570/2570 2571/2571/2571
f 2572/2572/2572 2573/2573/2573 2574/2574/2574